snapshot_utc,yard_id,sale_date,state,city,location,sale_epoch_ms
2026-09-08T12:27:15Z,309,2026-09-14,CA,Adelanto,CA - Adelanto,1789412400000
2026-09-08T12:27:15Z,309,,CA,Adelanto,CA - Adelanto,
2026-09-08T12:27:15Z,308,2026-09-08,WI,Madison South,WI - Madison South,1788886800000
2026-09-08T12:27:15Z,308,2026-09-15,WI,Madison South,WI - Madison South,1789491600000
2026-09-08T12:27:15Z,308,,WI,Madison South,WI - Madison South,
2026-09-08T12:27:15Z,336,2026-09-08,UT,Salt Lake City,UT - Salt Lake City,1788890400000
2026-09-08T12:27:15Z,336,2026-09-11,UT,Salt Lake City,UT - Salt Lake City,1789149600000
2026-09-08T12:27:15Z,336,,UT,Salt Lake City,UT - Salt Lake City,
2026-09-08T12:27:15Z,335,2026-09-08,FL,Tampa North,FL - Tampa North,1788876000000
2026-09-08T12:27:15Z,335,2026-09-11,FL,Tampa North,FL - Tampa North,1789135200000
2026-09-08T12:27:15Z,335,,FL,Tampa North,FL - Tampa North,
2026-09-08T12:27:15Z,338,2026-09-14,NC,Lumberton,NC - Lumberton,1789394400000
2026-09-08T12:27:15Z,338,,NC,Lumberton,NC - Lumberton,
2026-09-08T12:27:15Z,337,2026-09-08,WA,Spanaway,WA - Spanaway,1788894000000
2026-09-08T12:27:15Z,337,2026-09-11,WA,Spanaway,WA - Spanaway,1789153200000
2026-09-08T12:27:15Z,337,,WA,Spanaway,WA - Spanaway,
2026-09-08T12:27:15Z,339,2026-09-09,WI,Milwaukee North,WI - Milwaukee North,1788973200000
2026-09-08T12:27:15Z,339,,WI,Milwaukee North,WI - Milwaukee North,
2026-09-08T12:27:15Z,204,2026-09-10,AB,Edmonton,AB - Edmonton,1789063200000
2026-09-08T12:27:15Z,204,2026-09-17,AB,Edmonton,AB - Edmonton,1789668000000
2026-09-08T12:27:15Z,204,,AB,Edmonton,AB - Edmonton,
2026-09-08T12:27:15Z,203,2026-09-08,AB,Calgary,AB - Calgary,1788890400000
2026-09-08T12:27:15Z,203,2026-09-15,AB,Calgary,AB - Calgary,1789495200000
2026-09-08T12:27:15Z,203,,AB,Calgary,AB - Calgary,
2026-09-08T12:27:15Z,326,2026-09-09,MS,Grenada,MS - Grenada,1788973200000
2026-09-08T12:27:15Z,326,2026-09-16,MS,Grenada,MS - Grenada,1789578000000
2026-09-08T12:27:15Z,326,,MS,Grenada,MS - Grenada,
2026-09-08T12:27:15Z,205,2026-09-08,QC,Montreal,QC - Montreal,1788883200000
2026-09-08T12:27:15Z,205,2026-09-15,QC,Montreal,QC - Montreal,1789488000000
2026-09-08T12:27:15Z,205,,QC,Montreal,QC - Montreal,
2026-09-08T12:27:15Z,328,2026-09-09,WY,Casper,WY - Casper,1788976800000
2026-09-08T12:27:15Z,328,2026-09-16,WY,Casper,WY - Casper,1789581600000
2026-09-08T12:27:15Z,328,,WY,Casper,WY - Casper,
2026-09-08T12:27:15Z,916,2026-09-09,AL,Cusseta,AL - Cusseta,1788973200000
2026-09-08T12:27:15Z,916,,AL,Cusseta,AL - Cusseta,
2026-09-08T12:27:15Z,350,2026-09-10,CT,Hartford Springfield,CT - Hartford Springfield,1789048800000
2026-09-08T12:27:15Z,350,,CT,Hartford Springfield,CT - Hartford Springfield,
2026-09-08T12:27:15Z,81,2026-09-09,IL,Chicago South,IL - Chicago South,1788973200000
2026-09-08T12:27:15Z,81,2026-09-11,IL,Chicago South,IL - Chicago South,1789146000000
2026-09-08T12:27:15Z,81,,IL,Chicago South,IL - Chicago South,
2026-09-08T12:27:15Z,82,2026-09-11,VA,Danville,VA - Danville,1789135200000
2026-09-08T12:27:15Z,82,,VA,Danville,VA - Danville,
2026-09-08T12:27:15Z,110,2026-09-14,HI,Honolulu,HI - Honolulu,1789423200000
2026-09-08T12:27:15Z,110,,HI,Honolulu,HI - Honolulu,
2026-09-08T12:27:15Z,80,2026-09-08,MN,Minneapolis North,MN - Minneapolis North,1788886800000
2026-09-08T12:27:15Z,80,2026-09-10,MN,Minneapolis North,MN - Minneapolis North,1789059600000
2026-09-08T12:27:15Z,80,,MN,Minneapolis North,MN - Minneapolis North,
2026-09-08T12:27:15Z,112,2026-09-08,OH,Cleveland West,OH - Cleveland West,1788876000000
2026-09-08T12:27:15Z,112,2026-09-10,OH,Cleveland West,OH - Cleveland West,1789048800000
2026-09-08T12:27:15Z,112,,OH,Cleveland West,OH - Cleveland West,
2026-09-08T12:27:15Z,111,2026-09-09,OH,Cleveland East,OH - Cleveland East,1788962400000
2026-09-08T12:27:15Z,111,2026-09-16,OH,Cleveland East,OH - Cleveland East,1789567200000
2026-09-08T12:27:15Z,111,,OH,Cleveland East,OH - Cleveland East,
2026-09-08T12:27:15Z,114,2026-09-08,TN,Knoxville,TN - Knoxville,1788876000000
2026-09-08T12:27:15Z,114,2026-09-10,TN,Knoxville,TN - Knoxville,1789048800000
2026-09-08T12:27:15Z,114,,TN,Knoxville,TN - Knoxville,
2026-09-08T12:27:15Z,356,2026-09-10,NC,Concord,NC - Concord,1789048800000
2026-09-08T12:27:15Z,356,,NC,Concord,NC - Concord,
2026-09-08T12:27:15Z,113,2026-09-08,AK,Anchorage,AK - Anchorage,1788897600000
2026-09-08T12:27:15Z,113,2026-09-15,AK,Anchorage,AK - Anchorage,1789502400000
2026-09-08T12:27:15Z,113,,AK,Anchorage,AK - Anchorage,
2026-09-08T12:27:15Z,89,2026-09-10,WV,Charleston,WV - Charleston,1789048800000
2026-09-08T12:27:15Z,89,,WV,Charleston,WV - Charleston,
2026-09-08T12:27:15Z,116,2026-09-09,WA,Spokane,WA - Spokane,1788980400000
2026-09-08T12:27:15Z,116,2026-09-16,WA,Spokane,WA - Spokane,1789585200000
2026-09-08T12:27:15Z,116,,WA,Spokane,WA - Spokane,
2026-09-08T12:27:15Z,115,2026-09-14,KY,Lexington East,KY - Lexington East,1789394400000
2026-09-08T12:27:15Z,115,,KY,Lexington East,KY - Lexington East,
2026-09-08T12:27:15Z,357,2026-09-08,TX,Houston East,TX - Houston East,1788886800000
2026-09-08T12:27:15Z,357,2026-09-10,TX,Houston East,TX - Houston East,1789059600000
2026-09-08T12:27:15Z,357,,TX,Houston East,TX - Houston East,
2026-09-08T12:27:15Z,118,2026-09-09,CO,Colorado Springs,CO - Colorado Springs,1788976800000
2026-09-08T12:27:15Z,118,2026-09-14,CO,Colorado Springs,CO - Colorado Springs,1789408800000
2026-09-08T12:27:15Z,118,,CO,Colorado Springs,CO - Colorado Springs,
2026-09-08T12:27:15Z,87,2026-09-08,GA,Savannah,GA - Savannah,1788876000000
2026-09-08T12:27:15Z,87,2026-09-10,GA,Savannah,GA - Savannah,1789048800000
2026-09-08T12:27:15Z,87,,GA,Savannah,GA - Savannah,
2026-09-08T12:27:15Z,117,2026-09-11,FL,Tallahassee,FL - Tallahassee,1789135200000
2026-09-08T12:27:15Z,117,,FL,Tallahassee,FL - Tallahassee,
2026-09-08T12:27:15Z,359,2026-09-08,GA,Augusta,GA - Augusta,1788876000000
2026-09-08T12:27:15Z,359,2026-09-15,GA,Augusta,GA - Augusta,1789480800000
2026-09-08T12:27:15Z,359,,GA,Augusta,GA - Augusta,
2026-09-08T12:27:15Z,88,2026-09-08,GA,Tifton,GA - Tifton,1788876000000
2026-09-08T12:27:15Z,88,2026-09-15,GA,Tifton,GA - Tifton,1789480800000
2026-09-08T12:27:15Z,88,,GA,Tifton,GA - Tifton,
2026-09-08T12:27:15Z,85,2026-09-09,PA,Pittsburgh South,PA - Pittsburgh South,1788962400000
2026-09-08T12:27:15Z,85,2026-09-16,PA,Pittsburgh South,PA - Pittsburgh South,1789567200000
2026-09-08T12:27:15Z,85,,PA,Pittsburgh South,PA - Pittsburgh South,
2026-09-08T12:27:15Z,86,2026-09-09,FL,Ft. Pierce,FL - Ft. Pierce,1788962400000
2026-09-08T12:27:15Z,86,2026-09-16,FL,Ft. Pierce,FL - Ft. Pierce,1789567200000
2026-09-08T12:27:15Z,86,,FL,Ft. Pierce,FL - Ft. Pierce,
2026-09-08T12:27:15Z,83,2026-09-09,KY,Lexington West,KY - Lexington West,1788962400000
2026-09-08T12:27:15Z,83,2026-09-16,KY,Lexington West,KY - Lexington West,1789567200000
2026-09-08T12:27:15Z,83,,KY,Lexington West,KY - Lexington West,
2026-09-08T12:27:15Z,84,2026-09-10,LA,Shreveport,LA - Shreveport,1789059600000
2026-09-08T12:27:15Z,84,2026-09-17,LA,Shreveport,LA - Shreveport,1789664400000
2026-09-08T12:27:15Z,84,,LA,Shreveport,LA - Shreveport,
2026-09-08T12:27:15Z,92,2026-09-09,MO,Springfield,MO - Springfield,1788973200000
2026-09-08T12:27:15Z,92,2026-09-14,MO,Springfield,MO - Springfield,1789405200000
2026-09-08T12:27:15Z,92,,MO,Springfield,MO - Springfield,
2026-09-08T12:27:15Z,93,2026-09-11,AZ,Tucson,AZ - Tucson,1789149600000
2026-09-08T12:27:15Z,93,,AZ,Tucson,AZ - Tucson,
2026-09-08T12:27:15Z,341,2026-09-10,AL,Dothan,AL - Dothan,1789059600000
2026-09-08T12:27:15Z,341,2026-09-17,AL,Dothan,AL - Dothan,1789664400000
2026-09-08T12:27:15Z,341,,AL,Dothan,AL - Dothan,
2026-09-08T12:27:15Z,90,2026-09-10,ME,Lyman,ME - Lyman,1789048800000
2026-09-08T12:27:15Z,90,,ME,Lyman,ME - Lyman,
2026-09-08T12:27:15Z,340,2026-09-09,NC,Gastonia,NC - Gastonia,1788962400000
2026-09-08T12:27:15Z,340,2026-09-16,NC,Gastonia,NC - Gastonia,1789567200000
2026-09-08T12:27:15Z,340,,NC,Gastonia,NC - Gastonia,
2026-09-08T12:27:15Z,91,2026-09-08,NJ,Somerville,NJ - Somerville,1788876000000
2026-09-08T12:27:15Z,91,2026-09-11,NJ,Somerville,NJ - Somerville,1789135200000
2026-09-08T12:27:15Z,91,,NJ,Somerville,NJ - Somerville,
2026-09-08T12:27:15Z,343,2026-09-11,CA,Redding,CA - Redding,1789153200000
2026-09-08T12:27:15Z,343,2026-09-18,CA,Redding,CA - Redding,1789758000000
2026-09-08T12:27:15Z,343,,CA,Redding,CA - Redding,
2026-09-08T12:27:15Z,101,2026-09-14,VA,Richmond East,VA - Richmond East,1789394400000
2026-09-08T12:27:15Z,101,,VA,Richmond East,VA - Richmond East,
2026-09-08T12:27:15Z,100,2026-09-10,NV,Reno,NV - Reno,1789066800000
2026-09-08T12:27:15Z,100,2026-09-17,NV,Reno,NV - Reno,1789671600000
2026-09-08T12:27:15Z,100,,NV,Reno,NV - Reno,
2026-09-08T12:27:15Z,342,2026-09-08,MD,Baltimore East,MD - Baltimore East,1788876000000
2026-09-08T12:27:15Z,342,2026-09-10,MD,Baltimore East,MD - Baltimore East,1789048800000
2026-09-08T12:27:15Z,342,,MD,Baltimore East,MD - Baltimore East,
2026-09-08T12:27:15Z,103,2026-09-11,MI,Lansing,MI - Lansing,1789135200000
2026-09-08T12:27:15Z,103,,MI,Lansing,MI - Lansing,
2026-09-08T12:27:15Z,345,2026-09-10,KY,Earlington,KY - Earlington,1789059600000
2026-09-08T12:27:15Z,345,,KY,Earlington,KY - Earlington,
2026-09-08T12:27:15Z,344,2026-09-14,NY,Buffalo,NY - Buffalo,1789394400000
2026-09-08T12:27:15Z,344,,NY,Buffalo,NY - Buffalo,
2026-09-08T12:27:15Z,102,2026-09-14,MD,Baltimore,MD - Baltimore,1789394400000
2026-09-08T12:27:15Z,102,,MD,Baltimore,MD - Baltimore,
2026-09-08T12:27:15Z,105,2026-09-09,FL,Miami Central,FL - Miami Central,1788962400000
2026-09-08T12:27:15Z,105,2026-09-14,FL,Miami Central,FL - Miami Central,1789394400000
2026-09-08T12:27:15Z,105,,FL,Miami Central,FL - Miami Central,
2026-09-08T12:27:15Z,104,2026-09-08,OR,Eugene,OR - Eugene,1788894000000
2026-09-08T12:27:15Z,104,2026-09-15,OR,Eugene,OR - Eugene,1789498800000
2026-09-08T12:27:15Z,104,,OR,Eugene,OR - Eugene,
2026-09-08T12:27:15Z,98,2026-09-08,TX,Ft. Worth,TX - Ft. Worth,1788886800000
2026-09-08T12:27:15Z,98,2026-09-11,TX,Ft. Worth,TX - Ft. Worth,1789146000000
2026-09-08T12:27:15Z,98,,TX,Ft. Worth,TX - Ft. Worth,
2026-09-08T12:27:15Z,107,2026-09-09,GA,Atlanta East,GA - Atlanta East,1788962400000
2026-09-08T12:27:15Z,107,2026-09-14,GA,Atlanta East,GA - Atlanta East,1789394400000
2026-09-08T12:27:15Z,107,,GA,Atlanta East,GA - Atlanta East,
2026-09-08T12:27:15Z,348,2026-09-08,FL,Punta Gorda,FL - Punta Gorda,1788876000000
2026-09-08T12:27:15Z,348,2026-09-11,FL,Punta Gorda,FL - Punta Gorda,1789135200000
2026-09-08T12:27:15Z,348,,FL,Punta Gorda,FL - Punta Gorda,
2026-09-08T12:27:15Z,106,2026-09-08,MT,Helena,MT - Helena,1788890400000
2026-09-08T12:27:15Z,106,2026-09-15,MT,Helena,MT - Helena,1789495200000
2026-09-08T12:27:15Z,106,,MT,Helena,MT - Helena,
2026-09-08T12:27:15Z,96,2026-09-08,TX,Corpus Christi,TX - Corpus Christi,1788886800000
2026-09-08T12:27:15Z,96,2026-09-15,TX,Corpus Christi,TX - Corpus Christi,1789491600000
2026-09-08T12:27:15Z,96,,TX,Corpus Christi,TX - Corpus Christi,
2026-09-08T12:27:15Z,108,2026-09-08,FL,Ocala,FL - Ocala,1788876000000
2026-09-08T12:27:15Z,108,2026-09-15,FL,Ocala,FL - Ocala,1789480800000
2026-09-08T12:27:15Z,108,,FL,Ocala,FL - Ocala,
2026-09-08T12:27:15Z,97,2026-09-08,CA,Rancho Cucamonga,CA - Rancho Cucamonga,1788894000000
2026-09-08T12:27:15Z,97,2026-09-10,CA,Rancho Cucamonga,CA - Rancho Cucamonga,1789066800000
2026-09-08T12:27:15Z,97,,CA,Rancho Cucamonga,CA - Rancho Cucamonga,
2026-09-08T12:27:15Z,94,2026-09-09,NY,Albany,NY - Albany,1788962400000
2026-09-08T12:27:15Z,94,2026-09-14,NY,Albany,NY - Albany,1789394400000
2026-09-08T12:27:15Z,94,,NY,Albany,NY - Albany,
2026-09-08T12:27:15Z,95,2026-09-08,TX,Amarillo,TX - Amarillo,1788886800000
2026-09-08T12:27:15Z,95,2026-09-15,TX,Amarillo,TX - Amarillo,1789491600000
2026-09-08T12:27:15Z,95,,TX,Amarillo,TX - Amarillo,
2026-09-08T12:27:15Z,130,2026-09-08,DE,Seaford,DE - Seaford,1788876000000
2026-09-08T12:27:15Z,130,2026-09-15,DE,Seaford,DE - Seaford,1789480800000
2026-09-08T12:27:15Z,130,,DE,Seaford,DE - Seaford,
2026-09-08T12:27:15Z,371,2026-09-14,WI,Milwaukee South,WI - Milwaukee South,1789405200000
2026-09-08T12:27:15Z,371,,WI,Milwaukee South,WI - Milwaukee South,
2026-09-08T12:27:15Z,373,2026-09-08,NC,Lagrange,NC - Lagrange,1788876000000
2026-09-08T12:27:15Z,373,2026-09-15,NC,Lagrange,NC - Lagrange,1789480800000
2026-09-08T12:27:15Z,373,,NC,Lagrange,NC - Lagrange,
2026-09-08T12:27:15Z,376,2026-09-08,OH,Akron,OH - Akron,1788876000000
2026-09-08T12:27:15Z,376,2026-09-11,OH,Akron,OH - Akron,1789135200000
2026-09-08T12:27:15Z,376,,OH,Akron,OH - Akron,
2026-09-08T12:27:15Z,134,2026-09-14,OR,Portland South,OR - Portland South,1789412400000
2026-09-08T12:27:15Z,134,2026-09-21,OR,Portland South,OR - Portland South,1790017200000
2026-09-08T12:27:15Z,134,,OR,Portland South,OR - Portland South,
2026-09-08T12:27:15Z,133,2026-09-09,NV,Las Vegas West,NV - Las Vegas West,1788980400000
2026-09-08T12:27:15Z,133,2026-09-14,NV,Las Vegas West,NV - Las Vegas West,1789412400000
2026-09-08T12:27:15Z,133,,NV,Las Vegas West,NV - Las Vegas West,
2026-09-08T12:27:15Z,136,2026-09-08,AL,Birmingham,AL - Birmingham,1788886800000
2026-09-08T12:27:15Z,136,2026-09-15,AL,Birmingham,AL - Birmingham,1789491600000
2026-09-08T12:27:15Z,136,,AL,Birmingham,AL - Birmingham,
2026-09-08T12:27:15Z,135,2026-09-09,NJ,Trenton,NJ - Trenton,1788962400000
2026-09-08T12:27:15Z,135,2026-09-14,NJ,Trenton,NJ - Trenton,1789394400000
2026-09-08T12:27:15Z,135,,NJ,Trenton,NJ - Trenton,
2026-09-08T12:27:15Z,138,2026-09-11,KY,Walton,KY - Walton,1789135200000
2026-09-08T12:27:15Z,138,,KY,Walton,KY - Walton,
2026-09-08T12:27:15Z,139,2026-09-11,VA,Richmond,VA - Richmond,1789135200000
2026-09-08T12:27:15Z,139,2026-09-18,VA,Richmond,VA - Richmond,1789740000000
2026-09-08T12:27:15Z,139,,VA,Richmond,VA - Richmond,
2026-09-08T12:27:15Z,370,2026-09-14,IN,Dyer,IN - Dyer,1789405200000
2026-09-08T12:27:15Z,370,2026-10-05,IN,Dyer,IN - Dyer,1791219600000
2026-09-08T12:27:15Z,370,,IN,Dyer,IN - Dyer,
2026-09-08T12:27:15Z,361,2026-09-09,MA,Freetown,MA - Freetown,1788962400000
2026-09-08T12:27:15Z,361,2026-09-16,MA,Freetown,MA - Freetown,1789567200000
2026-09-08T12:27:15Z,361,,MA,Freetown,MA - Freetown,
2026-09-08T12:27:15Z,360,2026-09-14,IN,Fort Wayne,IN - Fort Wayne,1789394400000
2026-09-08T12:27:15Z,360,2026-09-21,IN,Fort Wayne,IN - Fort Wayne,1789999200000
2026-09-08T12:27:15Z,360,,IN,Fort Wayne,IN - Fort Wayne,
2026-09-08T12:27:15Z,363,2026-09-14,ND,Bismarck,ND - Bismarck,1789412400000
2026-09-08T12:27:15Z,363,,ND,Bismarck,ND - Bismarck,
2026-09-08T12:27:15Z,362,2026-09-08,AZ,Phoenix North,AZ - Phoenix North,1788890400000
2026-09-08T12:27:15Z,362,2026-09-10,AZ,Phoenix North,AZ - Phoenix North,1789063200000
2026-09-08T12:27:15Z,362,,AZ,Phoenix North,AZ - Phoenix North,
2026-09-08T12:27:15Z,120,2026-09-08,CO,Denver Central,CO - Denver Central,1788890400000
2026-09-08T12:27:15Z,120,2026-09-10,CO,Denver Central,CO - Denver Central,1789063200000
2026-09-08T12:27:15Z,120,,CO,Denver Central,CO - Denver Central,
2026-09-08T12:27:15Z,123,2026-09-08,NE,Lincoln,NE - Lincoln,1788886800000
2026-09-08T12:27:15Z,123,2026-09-15,NE,Lincoln,NE - Lincoln,1789491600000
2026-09-08T12:27:15Z,123,,NE,Lincoln,NE - Lincoln,
2026-09-08T12:27:15Z,1,2026-09-11,CA,Vallejo,CA - Vallejo,1789153200000
2026-09-08T12:27:15Z,1,,CA,Vallejo,CA - Vallejo,
2026-09-08T12:27:15Z,2,2026-09-08,CA,Sacramento,CA - Sacramento,1788894000000
2026-09-08T12:27:15Z,2,2026-09-10,CA,Sacramento,CA - Sacramento,1789066800000
2026-09-08T12:27:15Z,2,,CA,Sacramento,CA - Sacramento,
2026-09-08T12:27:15Z,122,2026-09-14,MT,Billings,MT - Billings,1789408800000
2026-09-08T12:27:15Z,122,,MT,Billings,MT - Billings,
2026-09-08T12:27:15Z,367,2026-09-09,CA,Mentone,CA - Mentone,1788980400000
2026-09-08T12:27:15Z,367,2026-09-16,CA,Mentone,CA - Mentone,1789585200000
2026-09-08T12:27:15Z,367,,CA,Mentone,CA - Mentone,
2026-09-08T12:27:15Z,3,2026-09-08,CA,Hayward,CA - Hayward,1788894000000
2026-09-08T12:27:15Z,3,2026-09-10,CA,Hayward,CA - Hayward,1789066800000
2026-09-08T12:27:15Z,3,,CA,Hayward,CA - Hayward,
2026-09-08T12:27:15Z,125,2026-09-08,MO,Columbia,MO - Columbia,1788886800000
2026-09-08T12:27:15Z,125,2026-09-15,MO,Columbia,MO - Columbia,1789491600000
2026-09-08T12:27:15Z,125,,MO,Columbia,MO - Columbia,
2026-09-08T12:27:15Z,4,2026-09-08,CA,Fresno,CA - Fresno,1788894000000
2026-09-08T12:27:15Z,4,2026-09-10,CA,Fresno,CA - Fresno,1789066800000
2026-09-08T12:27:15Z,4,,CA,Fresno,CA - Fresno,
2026-09-08T12:27:15Z,366,2026-09-08,FL,Clewiston,FL - Clewiston,1788876000000
2026-09-08T12:27:15Z,366,2026-09-14,FL,Clewiston,FL - Clewiston,1789394400000
2026-09-08T12:27:15Z,366,,FL,Clewiston,FL - Clewiston,
2026-09-08T12:27:15Z,5,2026-09-11,CA,Bakersfield,CA - Bakersfield,1789153200000
2026-09-08T12:27:15Z,5,,CA,Bakersfield,CA - Bakersfield,
2026-09-08T12:27:15Z,127,2026-09-08,PA,York Haven,PA - York Haven,1788876000000
2026-09-08T12:27:15Z,127,2026-09-10,PA,York Haven,PA - York Haven,1789048800000
2026-09-08T12:27:15Z,127,,PA,York Haven,PA - York Haven,
2026-09-08T12:27:15Z,369,2026-09-08,KS,Kansas City,KS - Kansas City,1788886800000
2026-09-08T12:27:15Z,369,2026-09-10,KS,Kansas City,KS - Kansas City,1789059600000
2026-09-08T12:27:15Z,369,,KS,Kansas City,KS - Kansas City,
2026-09-08T12:27:15Z,6,2026-09-08,CA,San Jose,CA - San Jose,1788894000000
2026-09-08T12:27:15Z,6,2026-09-10,CA,San Jose,CA - San Jose,1789066800000
2026-09-08T12:27:15Z,6,,CA,San Jose,CA - San Jose,
2026-09-08T12:27:15Z,368,2026-09-11,NC,Raleigh North,NC - Raleigh North,1789135200000
2026-09-08T12:27:15Z,368,,NC,Raleigh North,NC - Raleigh North,
2026-09-08T12:27:15Z,129,2026-09-10,PA,Altoona,PA - Altoona,1789048800000
2026-09-08T12:27:15Z,129,2026-09-17,PA,Altoona,PA - Altoona,1789653600000
2026-09-08T12:27:15Z,129,,PA,Altoona,PA - Altoona,
2026-09-08T12:27:15Z,7,2026-09-08,CA,San Bernardino,CA - San Bernardino,1788894000000
2026-09-08T12:27:15Z,7,2026-09-10,CA,San Bernardino,CA - San Bernardino,1789066800000
2026-09-08T12:27:15Z,7,,CA,San Bernardino,CA - San Bernardino,
2026-09-08T12:27:15Z,128,2026-09-11,PA,Chambersburg,PA - Chambersburg,1789135200000
2026-09-08T12:27:15Z,128,2026-09-18,PA,Chambersburg,PA - Chambersburg,1789740000000
2026-09-08T12:27:15Z,128,,PA,Chambersburg,PA - Chambersburg,
2026-09-08T12:27:15Z,9,2026-09-09,OR,Portland North,OR - Portland North,1788980400000
2026-09-08T12:27:15Z,9,,OR,Portland North,OR - Portland North,
2026-09-08T12:27:15Z,838,2026-09-09,,Rental Vehicle Sale,Rental Vehicle Sale,1788969600000
2026-09-08T12:27:15Z,838,,,Rental Vehicle Sale,Rental Vehicle Sale,
2026-09-08T12:27:15Z,47,2026-09-09,AZ,Phoenix,AZ - Phoenix,1788976800000
2026-09-08T12:27:15Z,47,2026-09-14,AZ,Phoenix,AZ - Phoenix,1789408800000
2026-09-08T12:27:15Z,47,,AZ,Phoenix,AZ - Phoenix,
2026-09-08T12:27:15Z,48,2026-09-14,WA,North Seattle,WA - North Seattle,1789412400000
2026-09-08T12:27:15Z,48,,WA,North Seattle,WA - North Seattle,
2026-09-08T12:27:15Z,161,2026-09-09,MI,Kincheloe,MI - Kincheloe,1788962400000
2026-09-08T12:27:15Z,161,,MI,Kincheloe,MI - Kincheloe,
2026-09-08T12:27:15Z,160,2026-09-11,MI,Ionia,MI - Ionia,1789135200000
2026-09-08T12:27:15Z,160,,MI,Ionia,MI - Ionia,
2026-09-08T12:27:15Z,394,2026-09-10,TX,North Austin,TX - North Austin,1789059600000
2026-09-08T12:27:15Z,394,2026-09-17,TX,North Austin,TX - North Austin,1789664400000
2026-09-08T12:27:15Z,394,,TX,North Austin,TX - North Austin,
2026-09-08T12:27:15Z,151,2026-09-08,CA,Antelope,CA - Antelope,1788894000000
2026-09-08T12:27:15Z,151,2026-09-10,CA,Antelope,CA - Antelope,1789066800000
2026-09-08T12:27:15Z,151,,CA,Antelope,CA - Antelope,
2026-09-08T12:27:15Z,154,2026-09-09,NC,Mebane,NC - Mebane,1788962400000
2026-09-08T12:27:15Z,154,2026-09-16,NC,Mebane,NC - Mebane,1789567200000
2026-09-08T12:27:15Z,154,,NC,Mebane,NC - Mebane,
2026-09-08T12:27:15Z,396,2026-09-08,SD,Rapid City,SD - Rapid City,1788890400000
2026-09-08T12:27:15Z,396,2026-09-15,SD,Rapid City,SD - Rapid City,1789495200000
2026-09-08T12:27:15Z,396,,SD,Rapid City,SD - Rapid City,
2026-09-08T12:27:15Z,395,2026-09-08,VT,Rutland,VT - Rutland,1788876000000
2026-09-08T12:27:15Z,395,2026-09-14,VT,Rutland,VT - Rutland,1789394400000
2026-09-08T12:27:15Z,395,,VT,Rutland,VT - Rutland,
2026-09-08T12:27:15Z,153,2026-09-09,FL,Orlando North,FL - Orlando North,1788962400000
2026-09-08T12:27:15Z,153,2026-09-14,FL,Orlando North,FL - Orlando North,1789394400000
2026-09-08T12:27:15Z,153,,FL,Orlando North,FL - Orlando North,
2026-09-08T12:27:15Z,156,2026-09-14,IL,Wheeling,IL - Wheeling,1789405200000
2026-09-08T12:27:15Z,156,,IL,Wheeling,IL - Wheeling,
2026-09-08T12:27:15Z,398,2026-09-09,IA,Cedar Rapids,IA - Cedar Rapids,1788973200000
2026-09-08T12:27:15Z,398,2026-09-16,IA,Cedar Rapids,IA - Cedar Rapids,1789578000000
2026-09-08T12:27:15Z,398,,IA,Cedar Rapids,IA - Cedar Rapids,
2026-09-08T12:27:15Z,155,2026-09-08,NH,Candia,NH - Candia,1788876000000
2026-09-08T12:27:15Z,155,2026-09-10,NH,Candia,NH - Candia,1789048800000
2026-09-08T12:27:15Z,155,,NH,Candia,NH - Candia,
2026-09-08T12:27:15Z,157,2026-09-09,GA,Atlanta North,GA - Atlanta North,1788962400000
2026-09-08T12:27:15Z,157,2026-09-16,GA,Atlanta North,GA - Atlanta North,1789567200000
2026-09-08T12:27:15Z,157,,GA,Atlanta North,GA - Atlanta North,
2026-09-08T12:27:15Z,45,2026-09-11,TX,El Paso,TX - El Paso,1789149600000
2026-09-08T12:27:15Z,45,2026-09-18,TX,El Paso,TX - El Paso,1789754400000
2026-09-08T12:27:15Z,45,,TX,El Paso,TX - El Paso,
2026-09-08T12:27:15Z,159,2026-09-09,MI,Flint,MI - Flint,1788962400000
2026-09-08T12:27:15Z,159,2026-09-16,MI,Flint,MI - Flint,1789567200000
2026-09-08T12:27:15Z,159,,MI,Flint,MI - Flint,
2026-09-08T12:27:15Z,43,2026-09-08,CA,Van Nuys,CA - Van Nuys,1788894000000
2026-09-08T12:27:15Z,43,2026-09-11,CA,Van Nuys,CA - Van Nuys,1789153200000
2026-09-08T12:27:15Z,43,,CA,Van Nuys,CA - Van Nuys,
2026-09-08T12:27:15Z,833,2026-09-08,,"Heavy Truck, Trailer, Rv Clean Title Sale","Heavy Truck, Trailer, Rv Clean Title Sale",1788883200000
2026-09-08T12:27:15Z,833,2026-09-15,,"Heavy Truck, Trailer, Rv Clean Title Sale","Heavy Truck, Trailer, Rv Clean Title Sale",1789488000000
2026-09-08T12:27:15Z,833,,,"Heavy Truck, Trailer, Rv Clean Title Sale","Heavy Truck, Trailer, Rv Clean Title Sale",
2026-09-08T12:27:15Z,832,2026-09-08,,Medium Duty Clean Title Sale,Medium Duty Clean Title Sale,1788883200000
2026-09-08T12:27:15Z,832,2026-09-14,,Medium Duty Clean Title Sale,Medium Duty Clean Title Sale,1789401600000
2026-09-08T12:27:15Z,832,,,Medium Duty Clean Title Sale,Medium Duty Clean Title Sale,
2026-09-08T12:27:15Z,44,2026-09-08,IN,Indianapolis,IN - Indianapolis,1788876000000
2026-09-08T12:27:15Z,44,2026-09-11,IN,Indianapolis,IN - Indianapolis,1789135200000
2026-09-08T12:27:15Z,44,,IN,Indianapolis,IN - Indianapolis,
2026-09-08T12:27:15Z,835,2026-09-09,,Medium Duty Specialty Sale,Medium Duty Specialty Sale,1788969600000
2026-09-08T12:27:15Z,835,2026-09-16,,Medium Duty Specialty Sale,Medium Duty Specialty Sale,1789574400000
2026-09-08T12:27:15Z,835,,,Medium Duty Specialty Sale,Medium Duty Specialty Sale,
2026-09-08T12:27:15Z,41,2026-09-14,NC,China Grove,NC - China Grove,1789394400000
2026-09-08T12:27:15Z,41,,NC,China Grove,NC - China Grove,
2026-09-08T12:27:15Z,837,2026-09-11,,Equipment Specialty Sale,Equipment Specialty Sale,1789142400000
2026-09-08T12:27:15Z,837,2026-09-18,,Equipment Specialty Sale,Equipment Specialty Sale,1789747200000
2026-09-08T12:27:15Z,837,,,Equipment Specialty Sale,Equipment Specialty Sale,
2026-09-08T12:27:15Z,40,2026-09-11,MS,Jackson,MS - Jackson,1789146000000
2026-09-08T12:27:15Z,40,,MS,Jackson,MS - Jackson,
2026-09-08T12:27:15Z,836,2026-09-10,,"Heavy Truck, Trailer, Rv Specialty Sale","Heavy Truck, Trailer, Rv Specialty Sale",1789056000000
2026-09-08T12:27:15Z,836,2026-09-17,,"Heavy Truck, Trailer, Rv Specialty Sale","Heavy Truck, Trailer, Rv Specialty Sale",1789660800000
2026-09-08T12:27:15Z,836,,,"Heavy Truck, Trailer, Rv Specialty Sale","Heavy Truck, Trailer, Rv Specialty Sale",
2026-09-08T12:27:15Z,58,2026-09-14,AL,Mobile,AL - Mobile,1789405200000
2026-09-08T12:27:15Z,58,2026-09-21,AL,Mobile,AL - Mobile,1790010000000
2026-09-08T12:27:15Z,58,,AL,Mobile,AL - Mobile,
2026-09-08T12:27:15Z,59,2026-09-08,CA,San Diego,CA - San Diego,1788894000000
2026-09-08T12:27:15Z,59,2026-09-11,CA,San Diego,CA - San Diego,1789153200000
2026-09-08T12:27:15Z,59,,CA,San Diego,CA - San Diego,
2026-09-08T12:27:15Z,141,2026-09-14,MO,Sikeston,MO - Sikeston,1789405200000
2026-09-08T12:27:15Z,141,2026-09-28,MO,Sikeston,MO - Sikeston,1790614800000
2026-09-08T12:27:15Z,141,,MO,Sikeston,MO - Sikeston,
2026-09-08T12:27:15Z,140,2026-09-09,AR,Fayetteville,AR - Fayetteville,1788973200000
2026-09-08T12:27:15Z,140,2026-09-14,AR,Fayetteville,AR - Fayetteville,1789405200000
2026-09-08T12:27:15Z,140,,AR,Fayetteville,AR - Fayetteville,
2026-09-08T12:27:15Z,385,2026-09-10,MI,Wayland,MI - Wayland,1789048800000
2026-09-08T12:27:15Z,385,,MI,Wayland,MI - Wayland,
2026-09-08T12:27:15Z,143,2026-09-08,KY,Louisville,KY - Louisville,1788876000000
2026-09-08T12:27:15Z,143,2026-09-10,KY,Louisville,KY - Louisville,1789048800000
2026-09-08T12:27:15Z,143,,KY,Louisville,KY - Louisville,
2026-09-08T12:27:15Z,142,2026-09-09,PA,Scranton,PA - Scranton,1788962400000
2026-09-08T12:27:15Z,142,2026-09-16,PA,Scranton,PA - Scranton,1789567200000
2026-09-08T12:27:15Z,142,,PA,Scranton,PA - Scranton,
2026-09-08T12:27:15Z,384,2026-09-09,ME,Windham,ME - Windham,1788962400000
2026-09-08T12:27:15Z,384,2026-09-11,ME,Windham,ME - Windham,1789135200000
2026-09-08T12:27:15Z,384,,ME,Windham,ME - Windham,
2026-09-08T12:27:15Z,145,2026-09-10,AL,Montgomery,AL - Montgomery,1789059600000
2026-09-08T12:27:15Z,145,,AL,Montgomery,AL - Montgomery,
2026-09-08T12:27:15Z,386,2026-09-08,LA,Vinton,LA - Vinton,1788886800000
2026-09-08T12:27:15Z,386,2026-09-14,LA,Vinton,LA - Vinton,1789405200000
2026-09-08T12:27:15Z,386,,LA,Vinton,LA - Vinton,
2026-09-08T12:27:15Z,144,2026-09-09,SC,Spartanburg,SC - Spartanburg,1788962400000
2026-09-08T12:27:15Z,144,2026-09-14,SC,Spartanburg,SC - Spartanburg,1789394400000
2026-09-08T12:27:15Z,144,,SC,Spartanburg,SC - Spartanburg,
2026-09-08T12:27:15Z,146,2026-09-08,GA,Atlanta South,GA - Atlanta South,1788876000000
2026-09-08T12:27:15Z,146,2026-09-10,GA,Atlanta South,GA - Atlanta South,1789048800000
2026-09-08T12:27:15Z,146,,GA,Atlanta South,GA - Atlanta South,
2026-09-08T12:27:15Z,56,2026-09-11,SC,Columbia,SC - Columbia,1789135200000
2026-09-08T12:27:15Z,56,2026-09-18,SC,Columbia,SC - Columbia,1789740000000
2026-09-08T12:27:15Z,56,,SC,Columbia,SC - Columbia,
2026-09-08T12:27:15Z,149,2026-09-09,MA,West Warren,MA - West Warren,1788962400000
2026-09-08T12:27:15Z,149,2026-09-16,MA,West Warren,MA - West Warren,1789567200000
2026-09-08T12:27:15Z,149,,MA,West Warren,MA - West Warren,
2026-09-08T12:27:15Z,57,2026-09-08,NV,Las Vegas,NV - Las Vegas,1788894000000
2026-09-08T12:27:15Z,57,2026-09-10,NV,Las Vegas,NV - Las Vegas,1789066800000
2026-09-08T12:27:15Z,57,,NV,Las Vegas,NV - Las Vegas,
2026-09-08T12:27:15Z,148,2026-09-09,FL,Miami South,FL - Miami South,1788962400000
2026-09-08T12:27:15Z,148,2026-09-16,FL,Miami South,FL - Miami South,1789567200000
2026-09-08T12:27:15Z,148,,FL,Miami South,FL - Miami South,
2026-09-08T12:27:15Z,54,2026-09-08,NC,Raleigh,NC - Raleigh,1788876000000
2026-09-08T12:27:15Z,54,2026-09-10,NC,Raleigh,NC - Raleigh,1789048800000
2026-09-08T12:27:15Z,54,,NC,Raleigh,NC - Raleigh,
2026-09-08T12:27:15Z,55,2026-09-08,FL,Orlando South,FL - Orlando South,1788876000000
2026-09-08T12:27:15Z,55,2026-09-10,FL,Orlando South,FL - Orlando South,1789048800000
2026-09-08T12:27:15Z,55,,FL,Orlando South,FL - Orlando South,
2026-09-08T12:27:15Z,52,2026-09-14,MN,St. Cloud,MN - St. Cloud,1789405200000
2026-09-08T12:27:15Z,52,,MN,St. Cloud,MN - St. Cloud,
2026-09-08T12:27:15Z,53,2026-09-09,MA,North Boston,MA - North Boston,1788962400000
2026-09-08T12:27:15Z,53,2026-09-10,MA,North Boston,MA - North Boston,1789048800000
2026-09-08T12:27:15Z,53,,MA,North Boston,MA - North Boston,
2026-09-08T12:27:15Z,50,2026-09-08,LA,Baton Rouge,LA - Baton Rouge,1788886800000
2026-09-08T12:27:15Z,50,2026-09-11,LA,Baton Rouge,LA - Baton Rouge,1789146000000
2026-09-08T12:27:15Z,50,,LA,Baton Rouge,LA - Baton Rouge,
2026-09-08T12:27:15Z,51,2026-09-14,IL,Peoria,IL - Peoria,1789405200000
2026-09-08T12:27:15Z,51,,IL,Peoria,IL - Peoria,
2026-09-08T12:27:15Z,69,2026-09-08,NJ,Glassboro West,NJ - Glassboro West,1788876000000
2026-09-08T12:27:15Z,69,2026-09-15,NJ,Glassboro West,NJ - Glassboro West,1789480800000
2026-09-08T12:27:15Z,69,,NJ,Glassboro West,NJ - Glassboro West,
2026-09-08T12:27:15Z,181,2026-09-08,TX,Dallas South,TX - Dallas South,1788886800000
2026-09-08T12:27:15Z,181,2026-09-10,TX,Dallas South,TX - Dallas South,1789059600000
2026-09-08T12:27:15Z,181,,TX,Dallas South,TX - Dallas South,
2026-09-08T12:27:15Z,180,2026-09-09,CA,Sun Valley,CA - Sun Valley,1788980400000
2026-09-08T12:27:15Z,180,2026-09-14,CA,Sun Valley,CA - Sun Valley,1789412400000
2026-09-08T12:27:15Z,180,,CA,Sun Valley,CA - Sun Valley,
2026-09-08T12:27:15Z,182,2026-09-09,TX,Waco,TX - Waco,1788973200000
2026-09-08T12:27:15Z,182,2026-09-16,TX,Waco,TX - Waco,1789578000000
2026-09-08T12:27:15Z,182,,TX,Waco,TX - Waco,
2026-09-08T12:27:15Z,174,2026-09-09,PA,Pittsburgh West,PA - Pittsburgh West,1788962400000
2026-09-08T12:27:15Z,174,2026-09-16,PA,Pittsburgh West,PA - Pittsburgh West,1789567200000
2026-09-08T12:27:15Z,174,,PA,Pittsburgh West,PA - Pittsburgh West,
2026-09-08T12:27:15Z,295,2026-09-10,,Atlantic Canada Auction,Atlantic Canada Auction,1789056000000
2026-09-08T12:27:15Z,295,2026-09-17,,Atlantic Canada Auction,Atlantic Canada Auction,1789660800000
2026-09-08T12:27:15Z,295,,,Atlantic Canada Auction,Atlantic Canada Auction,
2026-09-08T12:27:15Z,60,2026-09-11,IA,Des Moines,IA - Des Moines,1789146000000
2026-09-08T12:27:15Z,60,2026-09-25,IA,Des Moines,IA - Des Moines,1790355600000
2026-09-08T12:27:15Z,60,,IA,Des Moines,IA - Des Moines,
2026-09-08T12:27:15Z,173,2026-09-14,GA,Fairburn,GA - Fairburn,1789394400000
2026-09-08T12:27:15Z,173,,GA,Fairburn,GA - Fairburn,
2026-09-08T12:27:15Z,294,2026-09-08,,Ontario Auction,Ontario Auction,1788876000000
2026-09-08T12:27:15Z,294,2026-09-10,,Ontario Auction,Ontario Auction,1789048800000
2026-09-08T12:27:15Z,294,,,Ontario Auction,Ontario Auction,
2026-09-08T12:27:15Z,175,2026-09-10,GA,Cartersville,GA - Cartersville,1789048800000
2026-09-08T12:27:15Z,175,2026-09-17,GA,Cartersville,GA - Cartersville,1789653600000
2026-09-08T12:27:15Z,175,,GA,Cartersville,GA - Cartersville,
2026-09-08T12:27:15Z,850,2026-09-11,,Connecticut Friday Sale,Connecticut Friday Sale,1789153200000
2026-09-08T12:27:15Z,850,,,Connecticut Friday Sale,Connecticut Friday Sale,
2026-09-08T12:27:15Z,67,2026-09-09,KS,Wichita,KS - Wichita,1788973200000
2026-09-08T12:27:15Z,67,2026-09-14,KS,Wichita,KS - Wichita,1789405200000
2026-09-08T12:27:15Z,67,,KS,Wichita,KS - Wichita,
2026-09-08T12:27:15Z,68,2026-09-08,CO,Denver,CO - Denver,1788890400000
2026-09-08T12:27:15Z,68,2026-09-10,CO,Denver,CO - Denver,1789063200000
2026-09-08T12:27:15Z,68,,CO,Denver,CO - Denver,
2026-09-08T12:27:15Z,65,2026-09-09,TX,McAllen,TX - McAllen,1788973200000
2026-09-08T12:27:15Z,65,2026-09-16,TX,McAllen,TX - McAllen,1789578000000
2026-09-08T12:27:15Z,65,,TX,McAllen,TX - McAllen,
2026-09-08T12:27:15Z,855,2026-09-08,,Wholesale Auction,Wholesale Auction,1788883200000
2026-09-08T12:27:15Z,855,2026-09-10,,Wholesale Auction,Wholesale Auction,1789056000000
2026-09-08T12:27:15Z,855,,,Wholesale Auction,Wholesale Auction,
2026-09-08T12:27:15Z,66,2026-09-09,AL,Tanner,AL - Tanner,1788973200000
2026-09-08T12:27:15Z,66,2026-09-16,AL,Tanner,AL - Tanner,1789578000000
2026-09-08T12:27:15Z,66,,AL,Tanner,AL - Tanner,
2026-09-08T12:27:15Z,63,2026-09-09,TN,Nashville,TN - Nashville,1788973200000
2026-09-08T12:27:15Z,63,2026-09-14,TN,Nashville,TN - Nashville,1789405200000
2026-09-08T12:27:15Z,63,,TN,Nashville,TN - Nashville,
2026-09-08T12:27:15Z,61,2026-09-08,MI,Detroit,MI - Detroit,1788876000000
2026-09-08T12:27:15Z,61,2026-09-11,MI,Detroit,MI - Detroit,1789135200000
2026-09-08T12:27:15Z,61,,MI,Detroit,MI - Detroit,
2026-09-08T12:27:15Z,62,2026-09-10,TX,Austin,TX - Austin,1789059600000
2026-09-08T12:27:15Z,62,2026-09-17,TX,Austin,TX - Austin,1789664400000
2026-09-08T12:27:15Z,62,,TX,Austin,TX - Austin,
2026-09-08T12:27:15Z,170,2026-09-08,IN,Cicero,IN - Cicero,1788876000000
2026-09-08T12:27:15Z,170,2026-09-15,IN,Cicero,IN - Cicero,1789480800000
2026-09-08T12:27:15Z,170,,IN,Cicero,IN - Cicero,
2026-09-08T12:27:15Z,292,2026-09-09,,Wholesale Auction Canada,Wholesale Auction Canada,1788973200000
2026-09-08T12:27:15Z,292,2026-09-16,,Wholesale Auction Canada,Wholesale Auction Canada,1789578000000
2026-09-08T12:27:15Z,292,,,Wholesale Auction Canada,Wholesale Auction Canada,
2026-09-08T12:27:15Z,163,2026-09-09,FL,Jacksonville North,FL - Jacksonville North,1788962400000
2026-09-08T12:27:15Z,163,2026-09-14,FL,Jacksonville North,FL - Jacksonville North,1789394400000
2026-09-08T12:27:15Z,163,,FL,Jacksonville North,FL - Jacksonville North,
2026-09-08T12:27:15Z,70,2026-09-08,FL,West Palm Beach,FL - West Palm Beach,1788876000000
2026-09-08T12:27:15Z,70,2026-09-10,FL,West Palm Beach,FL - West Palm Beach,1789048800000
2026-09-08T12:27:15Z,70,,FL,West Palm Beach,FL - West Palm Beach,
2026-09-08T12:27:15Z,71,2026-09-11,WA,Pasco,WA - Pasco,1789153200000
2026-09-08T12:27:15Z,71,,WA,Pasco,WA - Pasco,
2026-09-08T12:27:15Z,162,2026-09-08,VA,Hampton,VA - Hampton,1788876000000
2026-09-08T12:27:15Z,162,2026-09-15,VA,Hampton,VA - Hampton,1789480800000
2026-09-08T12:27:15Z,162,,VA,Hampton,VA - Hampton,
2026-09-08T12:27:15Z,164,2026-09-09,PA,Philadelphia East,PA - Philadelphia East,1788962400000
2026-09-08T12:27:15Z,164,2026-09-14,PA,Philadelphia East,PA - Philadelphia East,1789394400000
2026-09-08T12:27:15Z,164,,PA,Philadelphia East,PA - Philadelphia East,
2026-09-08T12:27:15Z,166,2026-09-09,OH,Dayton,OH - Dayton,1788962400000
2026-09-08T12:27:15Z,166,2026-09-11,OH,Dayton,OH - Dayton,1789135200000
2026-09-08T12:27:15Z,166,,OH,Dayton,OH - Dayton,
2026-09-08T12:27:15Z,169,2026-09-09,IA,Davenport,IA - Davenport,1788973200000
2026-09-08T12:27:15Z,169,2026-09-16,IA,Davenport,IA - Davenport,1789578000000
2026-09-08T12:27:15Z,169,,IA,Davenport,IA - Davenport,
2026-09-08T12:27:15Z,78,2026-09-09,CA,Martinez,CA - Martinez,1788980400000
2026-09-08T12:27:15Z,78,2026-09-14,CA,Martinez,CA - Martinez,1789412400000
2026-09-08T12:27:15Z,78,,CA,Martinez,CA - Martinez,
2026-09-08T12:27:15Z,841,2026-09-10,,CrashedToys Powersport Auction,CrashedToys Powersport Auction,1789059600000
2026-09-08T12:27:15Z,841,,,CrashedToys Powersport Auction,CrashedToys Powersport Auction,
2026-09-08T12:27:15Z,79,2026-09-09,LA,New Orleans,LA - New Orleans,1788973200000
2026-09-08T12:27:15Z,79,2026-09-16,LA,New Orleans,LA - New Orleans,1789578000000
2026-09-08T12:27:15Z,79,,LA,New Orleans,LA - New Orleans,
2026-09-08T12:27:15Z,76,2026-09-08,PA,Harrisburg,PA - Harrisburg,1788876000000
2026-09-08T12:27:15Z,76,2026-09-15,PA,Harrisburg,PA - Harrisburg,1789480800000
2026-09-08T12:27:15Z,76,,PA,Harrisburg,PA - Harrisburg,
2026-09-08T12:27:15Z,74,2026-09-10,TX,San Antonio,TX - San Antonio,1789059600000
2026-09-08T12:27:15Z,74,2026-09-17,TX,San Antonio,TX - San Antonio,1789664400000
2026-09-08T12:27:15Z,74,,TX,San Antonio,TX - San Antonio,
2026-09-08T12:27:15Z,75,2026-09-08,NM,Albuquerque,NM - Albuquerque,1788890400000
2026-09-08T12:27:15Z,75,2026-09-10,NM,Albuquerque,NM - Albuquerque,1789063200000
2026-09-08T12:27:15Z,75,,NM,Albuquerque,NM - Albuquerque,
2026-09-08T12:27:15Z,72,2026-09-10,ID,Boise,ID - Boise,1789063200000
2026-09-08T12:27:15Z,72,2026-09-17,ID,Boise,ID - Boise,1789668000000
2026-09-08T12:27:15Z,72,,ID,Boise,ID - Boise,
2026-09-08T12:27:15Z,73,2026-09-11,TX,Abilene,TX - Abilene,1789146000000
2026-09-08T12:27:15Z,73,2026-09-18,TX,Abilene,TX - Abilene,1789750800000
2026-09-08T12:27:15Z,73,,TX,Abilene,TX - Abilene,
2026-09-08T12:27:15Z,196,2026-09-09,NC,Mocksville,NC - Mocksville,1788962400000
2026-09-08T12:27:15Z,196,,NC,Mocksville,NC - Mocksville,
2026-09-08T12:27:15Z,197,2026-09-09,SC,North Charleston,SC - North Charleston,1788962400000
2026-09-08T12:27:15Z,197,2026-09-14,SC,North Charleston,SC - North Charleston,1789394400000
2026-09-08T12:27:15Z,197,,SC,North Charleston,SC - North Charleston,
2026-09-08T12:27:15Z,199,2026-09-08,RI,Exeter,RI - Exeter,1788876000000
2026-09-08T12:27:15Z,199,2026-09-10,RI,Exeter,RI - Exeter,1789048800000
2026-09-08T12:27:15Z,199,,RI,Exeter,RI - Exeter,
2026-09-08T12:27:15Z,18,2026-09-08,OK,Oklahoma City,OK - Oklahoma City,1788886800000
2026-09-08T12:27:15Z,18,2026-09-10,OK,Oklahoma City,OK - Oklahoma City,1789059600000
2026-09-08T12:27:15Z,18,,OK,Oklahoma City,OK - Oklahoma City,
2026-09-08T12:27:15Z,19,2026-09-09,OK,Tulsa,OK - Tulsa,1788973200000
2026-09-08T12:27:15Z,19,2026-09-11,OK,Tulsa,OK - Tulsa,1789146000000
2026-09-08T12:27:15Z,19,,OK,Tulsa,OK - Tulsa,
2026-09-08T12:27:15Z,16,2026-09-14,CA,So Sacramento,CA - So Sacramento,1789412400000
2026-09-08T12:27:15Z,16,,CA,So Sacramento,CA - So Sacramento,
2026-09-08T12:27:15Z,14,2026-09-14,TX,Longview,TX - Longview,1789405200000
2026-09-08T12:27:15Z,14,,TX,Longview,TX - Longview,
2026-09-08T12:27:15Z,15,2026-09-08,GA,Atlanta West,GA - Atlanta West,1788876000000
2026-09-08T12:27:15Z,15,2026-09-11,GA,Atlanta West,GA - Atlanta West,1789135200000
2026-09-08T12:27:15Z,15,,GA,Atlanta West,GA - Atlanta West,
2026-09-08T12:27:15Z,190,2026-09-10,CA,Napa,CA - Napa,1789066800000
2026-09-08T12:27:15Z,190,2026-09-14,CA,Napa,CA - Napa,1789412400000
2026-09-08T12:27:15Z,190,,CA,Napa,CA - Napa,
2026-09-08T12:27:15Z,191,2026-09-14,WI,Appleton,WI - Appleton,1789405200000
2026-09-08T12:27:15Z,191,,WI,Appleton,WI - Appleton,
2026-09-08T12:27:15Z,194,2026-09-09,VA,Fredericksburg,VA - Fredericksburg,1788962400000
2026-09-08T12:27:15Z,194,2026-09-16,VA,Fredericksburg,VA - Fredericksburg,1789567200000
2026-09-08T12:27:15Z,194,,VA,Fredericksburg,VA - Fredericksburg,
2026-09-08T12:27:15Z,193,2026-09-09,CO,Denver South,CO - Denver South,1788976800000
2026-09-08T12:27:15Z,193,2026-09-14,CO,Denver South,CO - Denver South,1789408800000
2026-09-08T12:27:15Z,193,,CO,Denver South,CO - Denver South,
2026-09-08T12:27:15Z,185,2026-09-09,TX,Andrews,TX - Andrews,1788973200000
2026-09-08T12:27:15Z,185,2026-09-16,TX,Andrews,TX - Andrews,1789578000000
2026-09-08T12:27:15Z,185,,TX,Andrews,TX - Andrews,
2026-09-08T12:27:15Z,184,2026-09-08,AL,Mobile South,AL - Mobile South,1788886800000
2026-09-08T12:27:15Z,184,2026-09-15,AL,Mobile South,AL - Mobile South,1789491600000
2026-09-08T12:27:15Z,184,,AL,Mobile South,AL - Mobile South,
2026-09-08T12:27:15Z,187,2026-09-10,GA,Macon,GA - Macon,1789048800000
2026-09-08T12:27:15Z,187,,GA,Macon,GA - Macon,
2026-09-08T12:27:15Z,186,2026-09-09,CA,Long Beach,CA - Long Beach,1788980400000
2026-09-08T12:27:15Z,186,2026-09-11,CA,Long Beach,CA - Long Beach,1789153200000
2026-09-08T12:27:15Z,186,,CA,Long Beach,CA - Long Beach,
2026-09-08T12:27:15Z,189,2026-09-09,IL,Southern Illinois,IL - Southern Illinois,1788973200000
2026-09-08T12:27:15Z,189,2026-09-14,IL,Southern Illinois,IL - Southern Illinois,1789405200000
2026-09-08T12:27:15Z,189,,IL,Southern Illinois,IL - Southern Illinois,
2026-09-08T12:27:15Z,188,2026-09-14,UT,Ogden,UT - Ogden,1789408800000
2026-09-08T12:27:15Z,188,,UT,Ogden,UT - Ogden,
2026-09-08T12:27:15Z,12,2026-09-08,TX,Dallas,TX - Dallas,1788886800000
2026-09-08T12:27:15Z,12,2026-09-10,TX,Dallas,TX - Dallas,1789059600000
2026-09-08T12:27:15Z,12,,TX,Dallas,TX - Dallas,
2026-09-08T12:27:15Z,13,2026-09-14,TX,Lufkin,TX - Lufkin,1789405200000
2026-09-08T12:27:15Z,13,2026-10-05,TX,Lufkin,TX - Lufkin,1791219600000
2026-09-08T12:27:15Z,13,,TX,Lufkin,TX - Lufkin,
2026-09-08T12:27:15Z,10,2026-09-08,CA,Los Angeles,CA - Los Angeles,1788894000000
2026-09-08T12:27:15Z,10,2026-09-10,CA,Los Angeles,CA - Los Angeles,1789066800000
2026-09-08T12:27:15Z,10,,CA,Los Angeles,CA - Los Angeles,
2026-09-08T12:27:15Z,11,2026-09-08,TX,Houston,TX - Houston,1788886800000
2026-09-08T12:27:15Z,11,2026-09-11,TX,Houston,TX - Houston,1789146000000
2026-09-08T12:27:15Z,11,,TX,Houston,TX - Houston,
2026-09-08T12:27:15Z,29,2026-09-08,OH,Columbus,OH - Columbus,1788876000000
2026-09-08T12:27:15Z,29,2026-09-11,OH,Columbus,OH - Columbus,1789135200000
2026-09-08T12:27:15Z,29,,OH,Columbus,OH - Columbus,
2026-09-08T12:27:15Z,27,2026-09-08,MA,South Boston,MA - South Boston,1788876000000
2026-09-08T12:27:15Z,27,2026-09-10,MA,South Boston,MA - South Boston,1789048800000
2026-09-08T12:27:15Z,27,,MA,South Boston,MA - South Boston,
2026-09-08T12:27:15Z,28,2026-09-10,PA,Pittsburgh North,PA - Pittsburgh North,1789048800000
2026-09-08T12:27:15Z,28,,PA,Pittsburgh North,PA - Pittsburgh North,
2026-09-08T12:27:15Z,25,2026-09-09,NY,Syracuse,NY - Syracuse,1788962400000
2026-09-08T12:27:15Z,25,2026-09-14,NY,Syracuse,NY - Syracuse,1789394400000
2026-09-08T12:27:15Z,25,,NY,Syracuse,NY - Syracuse,
2026-09-08T12:27:15Z,26,2026-09-08,PA,Philadelphia,PA - Philadelphia,1788876000000
2026-09-08T12:27:15Z,26,2026-09-11,PA,Philadelphia,PA - Philadelphia,1789135200000
2026-09-08T12:27:15Z,26,,PA,Philadelphia,PA - Philadelphia,
2026-09-08T12:27:15Z,23,2026-09-08,CT,Hartford,CT - Hartford,1788876000000
2026-09-08T12:27:15Z,23,2026-09-11,CT,Hartford,CT - Hartford,1789135200000
2026-09-08T12:27:15Z,23,,CT,Hartford,CT - Hartford,
2026-09-08T12:27:15Z,24,2026-09-08,NY,Newburgh,NY - Newburgh,1788876000000
2026-09-08T12:27:15Z,24,2026-09-10,NY,Newburgh,NY - Newburgh,1789048800000
2026-09-08T12:27:15Z,24,,NY,Newburgh,NY - Newburgh,
2026-09-08T12:27:15Z,21,2026-09-09,AR,Little Rock,AR - Little Rock,1788973200000
2026-09-08T12:27:15Z,21,2026-09-14,AR,Little Rock,AR - Little Rock,1789405200000
2026-09-08T12:27:15Z,21,,AR,Little Rock,AR - Little Rock,
2026-09-08T12:27:15Z,22,2026-09-08,TN,Memphis,TN - Memphis,1788886800000
2026-09-08T12:27:15Z,22,2026-09-10,TN,Memphis,TN - Memphis,1789059600000
2026-09-08T12:27:15Z,22,,TN,Memphis,TN - Memphis,
2026-09-08T12:27:15Z,20,2026-09-08,MO,St. Louis,MO - St. Louis,1788886800000
2026-09-08T12:27:15Z,20,2026-09-11,MO,St. Louis,MO - St. Louis,1789146000000
2026-09-08T12:27:15Z,20,,MO,St. Louis,MO - St. Louis,
2026-09-08T12:27:15Z,36,2026-09-08,IL,Chicago North,IL - Chicago North,1788886800000
2026-09-08T12:27:15Z,36,2026-09-10,IL,Chicago North,IL - Chicago North,1789059600000
2026-09-08T12:27:15Z,36,,IL,Chicago North,IL - Chicago North,
2026-09-08T12:27:15Z,37,2026-09-08,MN,Minneapolis,MN - Minneapolis,1788886800000
2026-09-08T12:27:15Z,37,2026-09-10,MN,Minneapolis,MN - Minneapolis,1789059600000
2026-09-08T12:27:15Z,37,,MN,Minneapolis,MN - Minneapolis,
2026-09-08T12:27:15Z,880,2026-09-08,*NCS,Eastern Region,*NCS - Eastern Region,1788915600000
2026-09-08T12:27:15Z,880,2026-09-09,*NCS,Eastern Region,*NCS - Eastern Region,1789002000000
2026-09-08T12:27:15Z,880,,*NCS,Eastern Region,*NCS - Eastern Region,
2026-09-08T12:27:15Z,882,2026-09-08,*NCS,Mountain Region,*NCS - Mountain Region,1788915600000
2026-09-08T12:27:15Z,882,2026-09-09,*NCS,Mountain Region,*NCS - Mountain Region,1789002000000
2026-09-08T12:27:15Z,882,,*NCS,Mountain Region,*NCS - Mountain Region,
2026-09-08T12:27:15Z,881,2026-09-08,*NCS,Central Region,*NCS - Central Region,1788915600000
2026-09-08T12:27:15Z,881,2026-09-09,*NCS,Central Region,*NCS - Central Region,1789002000000
2026-09-08T12:27:15Z,881,,*NCS,Central Region,*NCS - Central Region,
2026-09-08T12:27:15Z,883,2026-09-08,*NCS,Pacific Region,*NCS - Pacific Region,1788915600000
2026-09-08T12:27:15Z,883,2026-09-09,*NCS,Pacific Region,*NCS - Pacific Region,1789002000000
2026-09-08T12:27:15Z,883,,*NCS,Pacific Region,*NCS - Pacific Region,
2026-09-08T12:27:15Z,34,2026-09-08,FL,Tampa South,FL - Tampa South,1788876000000
2026-09-08T12:27:15Z,34,2026-09-11,FL,Tampa South,FL - Tampa South,1789135200000
2026-09-08T12:27:15Z,34,,FL,Tampa South,FL - Tampa South,
2026-09-08T12:27:15Z,35,2026-09-14,NY,Rochester,NY - Rochester,1789394400000
2026-09-08T12:27:15Z,35,2026-09-21,NY,Rochester,NY - Rochester,1789999200000
2026-09-08T12:27:15Z,35,,NY,Rochester,NY - Rochester,
2026-09-08T12:27:15Z,32,2026-09-08,DC,Washington DC,DC - Washington DC,1788876000000
2026-09-08T12:27:15Z,32,2026-09-11,DC,Washington DC,DC - Washington DC,1789135200000
2026-09-08T12:27:15Z,32,,DC,Washington DC,DC - Washington DC,
2026-09-08T12:27:15Z,33,2026-09-08,FL,Miami North,FL - Miami North,1788876000000
2026-09-08T12:27:15Z,33,2026-09-11,FL,Miami North,FL - Miami North,1789135200000
2026-09-08T12:27:15Z,33,,FL,Miami North,FL - Miami North,
2026-09-08T12:27:15Z,30,2026-09-09,NY,Long Island,NY - Long Island,1788962400000
2026-09-08T12:27:15Z,30,2026-09-11,NY,Long Island,NY - Long Island,1789135200000
2026-09-08T12:27:15Z,30,,NY,Long Island,NY - Long Island,
2026-09-08T12:27:15Z,31,2026-09-08,NJ,Glassboro East,NJ - Glassboro East,1788876000000
2026-09-08T12:27:15Z,31,2026-09-10,NJ,Glassboro East,NJ - Glassboro East,1789048800000
2026-09-08T12:27:15Z,31,,NJ,Glassboro East,NJ - Glassboro East,
2026-09-08T13:19:49Z,309,2026-09-14,CA,Adelanto,CA - Adelanto,1789412400000
2026-09-08T13:19:49Z,309,,CA,Adelanto,CA - Adelanto,
2026-09-08T13:19:49Z,308,2026-09-08,WI,Madison South,WI - Madison South,1788886800000
2026-09-08T13:19:49Z,308,2026-09-15,WI,Madison South,WI - Madison South,1789491600000
2026-09-08T13:19:49Z,308,,WI,Madison South,WI - Madison South,
2026-09-08T13:19:49Z,336,2026-09-08,UT,Salt Lake City,UT - Salt Lake City,1788890400000
2026-09-08T13:19:49Z,336,2026-09-11,UT,Salt Lake City,UT - Salt Lake City,1789149600000
2026-09-08T13:19:49Z,336,,UT,Salt Lake City,UT - Salt Lake City,
2026-09-08T13:19:49Z,335,2026-09-08,FL,Tampa North,FL - Tampa North,1788876000000
2026-09-08T13:19:49Z,335,2026-09-11,FL,Tampa North,FL - Tampa North,1789135200000
2026-09-08T13:19:49Z,335,,FL,Tampa North,FL - Tampa North,
2026-09-08T13:19:49Z,338,2026-09-14,NC,Lumberton,NC - Lumberton,1789394400000
2026-09-08T13:19:49Z,338,,NC,Lumberton,NC - Lumberton,
2026-09-08T13:19:49Z,337,2026-09-08,WA,Spanaway,WA - Spanaway,1788894000000
2026-09-08T13:19:49Z,337,2026-09-11,WA,Spanaway,WA - Spanaway,1789153200000
2026-09-08T13:19:49Z,337,,WA,Spanaway,WA - Spanaway,
2026-09-08T13:19:49Z,339,2026-09-09,WI,Milwaukee North,WI - Milwaukee North,1788973200000
2026-09-08T13:19:49Z,339,,WI,Milwaukee North,WI - Milwaukee North,
2026-09-08T13:19:49Z,204,2026-09-10,AB,Edmonton,AB - Edmonton,1789063200000
2026-09-08T13:19:49Z,204,2026-09-17,AB,Edmonton,AB - Edmonton,1789668000000
2026-09-08T13:19:49Z,204,,AB,Edmonton,AB - Edmonton,
2026-09-08T13:19:49Z,203,2026-09-08,AB,Calgary,AB - Calgary,1788890400000
2026-09-08T13:19:49Z,203,2026-09-15,AB,Calgary,AB - Calgary,1789495200000
2026-09-08T13:19:49Z,203,,AB,Calgary,AB - Calgary,
2026-09-08T13:19:49Z,326,2026-09-09,MS,Grenada,MS - Grenada,1788973200000
2026-09-08T13:19:49Z,326,2026-09-16,MS,Grenada,MS - Grenada,1789578000000
2026-09-08T13:19:49Z,326,,MS,Grenada,MS - Grenada,
2026-09-08T13:19:49Z,205,2026-09-08,QC,Montreal,QC - Montreal,1788883200000
2026-09-08T13:19:49Z,205,2026-09-15,QC,Montreal,QC - Montreal,1789488000000
2026-09-08T13:19:49Z,205,,QC,Montreal,QC - Montreal,
2026-09-08T13:19:49Z,328,2026-09-09,WY,Casper,WY - Casper,1788976800000
2026-09-08T13:19:49Z,328,2026-09-16,WY,Casper,WY - Casper,1789581600000
2026-09-08T13:19:49Z,328,,WY,Casper,WY - Casper,
2026-09-08T13:19:49Z,916,2026-09-09,AL,Cusseta,AL - Cusseta,1788973200000
2026-09-08T13:19:49Z,916,,AL,Cusseta,AL - Cusseta,
2026-09-08T13:19:49Z,350,2026-09-10,CT,Hartford Springfield,CT - Hartford Springfield,1789048800000
2026-09-08T13:19:49Z,350,,CT,Hartford Springfield,CT - Hartford Springfield,
2026-09-08T13:19:49Z,81,2026-09-09,IL,Chicago South,IL - Chicago South,1788973200000
2026-09-08T13:19:49Z,81,2026-09-11,IL,Chicago South,IL - Chicago South,1789146000000
2026-09-08T13:19:49Z,81,,IL,Chicago South,IL - Chicago South,
2026-09-08T13:19:49Z,82,2026-09-11,VA,Danville,VA - Danville,1789135200000
2026-09-08T13:19:49Z,82,,VA,Danville,VA - Danville,
2026-09-08T13:19:49Z,110,2026-09-14,HI,Honolulu,HI - Honolulu,1789423200000
2026-09-08T13:19:49Z,110,,HI,Honolulu,HI - Honolulu,
2026-09-08T13:19:49Z,80,2026-09-08,MN,Minneapolis North,MN - Minneapolis North,1788886800000
2026-09-08T13:19:49Z,80,2026-09-10,MN,Minneapolis North,MN - Minneapolis North,1789059600000
2026-09-08T13:19:49Z,80,,MN,Minneapolis North,MN - Minneapolis North,
2026-09-08T13:19:49Z,112,2026-09-08,OH,Cleveland West,OH - Cleveland West,1788876000000
2026-09-08T13:19:49Z,112,2026-09-10,OH,Cleveland West,OH - Cleveland West,1789048800000
2026-09-08T13:19:49Z,112,,OH,Cleveland West,OH - Cleveland West,
2026-09-08T13:19:49Z,111,2026-09-09,OH,Cleveland East,OH - Cleveland East,1788962400000
2026-09-08T13:19:49Z,111,2026-09-16,OH,Cleveland East,OH - Cleveland East,1789567200000
2026-09-08T13:19:49Z,111,,OH,Cleveland East,OH - Cleveland East,
2026-09-08T13:19:49Z,114,2026-09-08,TN,Knoxville,TN - Knoxville,1788876000000
2026-09-08T13:19:49Z,114,2026-09-10,TN,Knoxville,TN - Knoxville,1789048800000
2026-09-08T13:19:49Z,114,,TN,Knoxville,TN - Knoxville,
2026-09-08T13:19:49Z,356,2026-09-10,NC,Concord,NC - Concord,1789048800000
2026-09-08T13:19:49Z,356,,NC,Concord,NC - Concord,
2026-09-08T13:19:49Z,113,2026-09-08,AK,Anchorage,AK - Anchorage,1788897600000
2026-09-08T13:19:49Z,113,2026-09-15,AK,Anchorage,AK - Anchorage,1789502400000
2026-09-08T13:19:49Z,113,,AK,Anchorage,AK - Anchorage,
2026-09-08T13:19:49Z,89,2026-09-10,WV,Charleston,WV - Charleston,1789048800000
2026-09-08T13:19:49Z,89,,WV,Charleston,WV - Charleston,
2026-09-08T13:19:49Z,116,2026-09-09,WA,Spokane,WA - Spokane,1788980400000
2026-09-08T13:19:49Z,116,2026-09-16,WA,Spokane,WA - Spokane,1789585200000
2026-09-08T13:19:49Z,116,,WA,Spokane,WA - Spokane,
2026-09-08T13:19:49Z,115,2026-09-14,KY,Lexington East,KY - Lexington East,1789394400000
2026-09-08T13:19:49Z,115,,KY,Lexington East,KY - Lexington East,
2026-09-08T13:19:49Z,357,2026-09-08,TX,Houston East,TX - Houston East,1788886800000
2026-09-08T13:19:49Z,357,2026-09-10,TX,Houston East,TX - Houston East,1789059600000
2026-09-08T13:19:49Z,357,,TX,Houston East,TX - Houston East,
2026-09-08T13:19:49Z,118,2026-09-09,CO,Colorado Springs,CO - Colorado Springs,1788976800000
2026-09-08T13:19:49Z,118,2026-09-14,CO,Colorado Springs,CO - Colorado Springs,1789408800000
2026-09-08T13:19:49Z,118,,CO,Colorado Springs,CO - Colorado Springs,
2026-09-08T13:19:49Z,87,2026-09-08,GA,Savannah,GA - Savannah,1788876000000
2026-09-08T13:19:49Z,87,2026-09-10,GA,Savannah,GA - Savannah,1789048800000
2026-09-08T13:19:49Z,87,,GA,Savannah,GA - Savannah,
2026-09-08T13:19:49Z,117,2026-09-11,FL,Tallahassee,FL - Tallahassee,1789135200000
2026-09-08T13:19:49Z,117,,FL,Tallahassee,FL - Tallahassee,
2026-09-08T13:19:49Z,359,2026-09-08,GA,Augusta,GA - Augusta,1788876000000
2026-09-08T13:19:49Z,359,2026-09-15,GA,Augusta,GA - Augusta,1789480800000
2026-09-08T13:19:49Z,359,,GA,Augusta,GA - Augusta,
2026-09-08T13:19:49Z,88,2026-09-08,GA,Tifton,GA - Tifton,1788876000000
2026-09-08T13:19:49Z,88,2026-09-15,GA,Tifton,GA - Tifton,1789480800000
2026-09-08T13:19:49Z,88,,GA,Tifton,GA - Tifton,
2026-09-08T13:19:49Z,85,2026-09-09,PA,Pittsburgh South,PA - Pittsburgh South,1788962400000
2026-09-08T13:19:49Z,85,2026-09-16,PA,Pittsburgh South,PA - Pittsburgh South,1789567200000
2026-09-08T13:19:49Z,85,,PA,Pittsburgh South,PA - Pittsburgh South,
2026-09-08T13:19:49Z,86,2026-09-09,FL,Ft. Pierce,FL - Ft. Pierce,1788962400000
2026-09-08T13:19:49Z,86,2026-09-16,FL,Ft. Pierce,FL - Ft. Pierce,1789567200000
2026-09-08T13:19:49Z,86,,FL,Ft. Pierce,FL - Ft. Pierce,
2026-09-08T13:19:49Z,83,2026-09-09,KY,Lexington West,KY - Lexington West,1788962400000
2026-09-08T13:19:49Z,83,2026-09-16,KY,Lexington West,KY - Lexington West,1789567200000
2026-09-08T13:19:49Z,83,,KY,Lexington West,KY - Lexington West,
2026-09-08T13:19:49Z,84,2026-09-10,LA,Shreveport,LA - Shreveport,1789059600000
2026-09-08T13:19:49Z,84,2026-09-17,LA,Shreveport,LA - Shreveport,1789664400000
2026-09-08T13:19:49Z,84,,LA,Shreveport,LA - Shreveport,
2026-09-08T13:19:49Z,92,2026-09-09,MO,Springfield,MO - Springfield,1788973200000
2026-09-08T13:19:49Z,92,2026-09-14,MO,Springfield,MO - Springfield,1789405200000
2026-09-08T13:19:49Z,92,,MO,Springfield,MO - Springfield,
2026-09-08T13:19:49Z,93,2026-09-11,AZ,Tucson,AZ - Tucson,1789149600000
2026-09-08T13:19:49Z,93,,AZ,Tucson,AZ - Tucson,
2026-09-08T13:19:49Z,341,2026-09-10,AL,Dothan,AL - Dothan,1789059600000
2026-09-08T13:19:49Z,341,2026-09-17,AL,Dothan,AL - Dothan,1789664400000
2026-09-08T13:19:49Z,341,,AL,Dothan,AL - Dothan,
2026-09-08T13:19:49Z,90,2026-09-10,ME,Lyman,ME - Lyman,1789048800000
2026-09-08T13:19:49Z,90,,ME,Lyman,ME - Lyman,
2026-09-08T13:19:49Z,340,2026-09-09,NC,Gastonia,NC - Gastonia,1788962400000
2026-09-08T13:19:49Z,340,2026-09-16,NC,Gastonia,NC - Gastonia,1789567200000
2026-09-08T13:19:49Z,340,,NC,Gastonia,NC - Gastonia,
2026-09-08T13:19:49Z,91,2026-09-08,NJ,Somerville,NJ - Somerville,1788876000000
2026-09-08T13:19:49Z,91,2026-09-11,NJ,Somerville,NJ - Somerville,1789135200000
2026-09-08T13:19:49Z,91,,NJ,Somerville,NJ - Somerville,
2026-09-08T13:19:49Z,343,2026-09-11,CA,Redding,CA - Redding,1789153200000
2026-09-08T13:19:49Z,343,2026-09-18,CA,Redding,CA - Redding,1789758000000
2026-09-08T13:19:49Z,343,,CA,Redding,CA - Redding,
2026-09-08T13:19:49Z,101,2026-09-14,VA,Richmond East,VA - Richmond East,1789394400000
2026-09-08T13:19:49Z,101,,VA,Richmond East,VA - Richmond East,
2026-09-08T13:19:49Z,100,2026-09-10,NV,Reno,NV - Reno,1789066800000
2026-09-08T13:19:49Z,100,2026-09-17,NV,Reno,NV - Reno,1789671600000
2026-09-08T13:19:49Z,100,,NV,Reno,NV - Reno,
2026-09-08T13:19:49Z,342,2026-09-08,MD,Baltimore East,MD - Baltimore East,1788876000000
2026-09-08T13:19:49Z,342,2026-09-10,MD,Baltimore East,MD - Baltimore East,1789048800000
2026-09-08T13:19:49Z,342,,MD,Baltimore East,MD - Baltimore East,
2026-09-08T13:19:49Z,103,2026-09-11,MI,Lansing,MI - Lansing,1789135200000
2026-09-08T13:19:49Z,103,,MI,Lansing,MI - Lansing,
2026-09-08T13:19:49Z,345,2026-09-10,KY,Earlington,KY - Earlington,1789059600000
2026-09-08T13:19:49Z,345,,KY,Earlington,KY - Earlington,
2026-09-08T13:19:49Z,344,2026-09-14,NY,Buffalo,NY - Buffalo,1789394400000
2026-09-08T13:19:49Z,344,,NY,Buffalo,NY - Buffalo,
2026-09-08T13:19:49Z,102,2026-09-14,MD,Baltimore,MD - Baltimore,1789394400000
2026-09-08T13:19:49Z,102,,MD,Baltimore,MD - Baltimore,
2026-09-08T13:19:49Z,105,2026-09-09,FL,Miami Central,FL - Miami Central,1788962400000
2026-09-08T13:19:49Z,105,2026-09-14,FL,Miami Central,FL - Miami Central,1789394400000
2026-09-08T13:19:49Z,105,,FL,Miami Central,FL - Miami Central,
2026-09-08T13:19:49Z,104,2026-09-08,OR,Eugene,OR - Eugene,1788894000000
2026-09-08T13:19:49Z,104,2026-09-15,OR,Eugene,OR - Eugene,1789498800000
2026-09-08T13:19:49Z,104,,OR,Eugene,OR - Eugene,
2026-09-08T13:19:49Z,98,2026-09-08,TX,Ft. Worth,TX - Ft. Worth,1788886800000
2026-09-08T13:19:49Z,98,2026-09-11,TX,Ft. Worth,TX - Ft. Worth,1789146000000
2026-09-08T13:19:49Z,98,,TX,Ft. Worth,TX - Ft. Worth,
2026-09-08T13:19:49Z,107,2026-09-09,GA,Atlanta East,GA - Atlanta East,1788962400000
2026-09-08T13:19:49Z,107,2026-09-14,GA,Atlanta East,GA - Atlanta East,1789394400000
2026-09-08T13:19:49Z,107,,GA,Atlanta East,GA - Atlanta East,
2026-09-08T13:19:49Z,348,2026-09-08,FL,Punta Gorda,FL - Punta Gorda,1788876000000
2026-09-08T13:19:49Z,348,2026-09-11,FL,Punta Gorda,FL - Punta Gorda,1789135200000
2026-09-08T13:19:49Z,348,,FL,Punta Gorda,FL - Punta Gorda,
2026-09-08T13:19:49Z,106,2026-09-08,MT,Helena,MT - Helena,1788890400000
2026-09-08T13:19:49Z,106,2026-09-15,MT,Helena,MT - Helena,1789495200000
2026-09-08T13:19:49Z,106,,MT,Helena,MT - Helena,
2026-09-08T13:19:49Z,96,2026-09-08,TX,Corpus Christi,TX - Corpus Christi,1788886800000
2026-09-08T13:19:49Z,96,2026-09-15,TX,Corpus Christi,TX - Corpus Christi,1789491600000
2026-09-08T13:19:49Z,96,,TX,Corpus Christi,TX - Corpus Christi,
2026-09-08T13:19:49Z,108,2026-09-08,FL,Ocala,FL - Ocala,1788876000000
2026-09-08T13:19:49Z,108,2026-09-15,FL,Ocala,FL - Ocala,1789480800000
2026-09-08T13:19:49Z,108,,FL,Ocala,FL - Ocala,
2026-09-08T13:19:49Z,97,2026-09-08,CA,Rancho Cucamonga,CA - Rancho Cucamonga,1788894000000
2026-09-08T13:19:49Z,97,2026-09-10,CA,Rancho Cucamonga,CA - Rancho Cucamonga,1789066800000
2026-09-08T13:19:49Z,97,,CA,Rancho Cucamonga,CA - Rancho Cucamonga,
2026-09-08T13:19:49Z,94,2026-09-09,NY,Albany,NY - Albany,1788962400000
2026-09-08T13:19:49Z,94,2026-09-14,NY,Albany,NY - Albany,1789394400000
2026-09-08T13:19:49Z,94,,NY,Albany,NY - Albany,
2026-09-08T13:19:49Z,95,2026-09-08,TX,Amarillo,TX - Amarillo,1788886800000
2026-09-08T13:19:49Z,95,2026-09-15,TX,Amarillo,TX - Amarillo,1789491600000
2026-09-08T13:19:49Z,95,,TX,Amarillo,TX - Amarillo,
2026-09-08T13:19:49Z,130,2026-09-08,DE,Seaford,DE - Seaford,1788876000000
2026-09-08T13:19:49Z,130,2026-09-15,DE,Seaford,DE - Seaford,1789480800000
2026-09-08T13:19:49Z,130,,DE,Seaford,DE - Seaford,
2026-09-08T13:19:49Z,371,2026-09-14,WI,Milwaukee South,WI - Milwaukee South,1789405200000
2026-09-08T13:19:49Z,371,,WI,Milwaukee South,WI - Milwaukee South,
2026-09-08T13:19:49Z,373,2026-09-08,NC,Lagrange,NC - Lagrange,1788876000000
2026-09-08T13:19:49Z,373,2026-09-15,NC,Lagrange,NC - Lagrange,1789480800000
2026-09-08T13:19:49Z,373,,NC,Lagrange,NC - Lagrange,
2026-09-08T13:19:49Z,376,2026-09-08,OH,Akron,OH - Akron,1788876000000
2026-09-08T13:19:49Z,376,2026-09-11,OH,Akron,OH - Akron,1789135200000
2026-09-08T13:19:49Z,376,,OH,Akron,OH - Akron,
2026-09-08T13:19:49Z,134,2026-09-14,OR,Portland South,OR - Portland South,1789412400000
2026-09-08T13:19:49Z,134,2026-09-21,OR,Portland South,OR - Portland South,1790017200000
2026-09-08T13:19:49Z,134,,OR,Portland South,OR - Portland South,
2026-09-08T13:19:49Z,133,2026-09-09,NV,Las Vegas West,NV - Las Vegas West,1788980400000
2026-09-08T13:19:49Z,133,2026-09-14,NV,Las Vegas West,NV - Las Vegas West,1789412400000
2026-09-08T13:19:49Z,133,,NV,Las Vegas West,NV - Las Vegas West,
2026-09-08T13:19:49Z,136,2026-09-08,AL,Birmingham,AL - Birmingham,1788886800000
2026-09-08T13:19:49Z,136,2026-09-15,AL,Birmingham,AL - Birmingham,1789491600000
2026-09-08T13:19:49Z,136,,AL,Birmingham,AL - Birmingham,
2026-09-08T13:19:49Z,135,2026-09-09,NJ,Trenton,NJ - Trenton,1788962400000
2026-09-08T13:19:49Z,135,2026-09-14,NJ,Trenton,NJ - Trenton,1789394400000
2026-09-08T13:19:49Z,135,,NJ,Trenton,NJ - Trenton,
2026-09-08T13:19:49Z,138,2026-09-11,KY,Walton,KY - Walton,1789135200000
2026-09-08T13:19:49Z,138,,KY,Walton,KY - Walton,
2026-09-08T13:19:49Z,139,2026-09-11,VA,Richmond,VA - Richmond,1789135200000
2026-09-08T13:19:49Z,139,2026-09-18,VA,Richmond,VA - Richmond,1789740000000
2026-09-08T13:19:49Z,139,,VA,Richmond,VA - Richmond,
2026-09-08T13:19:49Z,370,2026-09-14,IN,Dyer,IN - Dyer,1789405200000
2026-09-08T13:19:49Z,370,2026-10-05,IN,Dyer,IN - Dyer,1791219600000
2026-09-08T13:19:49Z,370,,IN,Dyer,IN - Dyer,
2026-09-08T13:19:49Z,361,2026-09-09,MA,Freetown,MA - Freetown,1788962400000
2026-09-08T13:19:49Z,361,2026-09-16,MA,Freetown,MA - Freetown,1789567200000
2026-09-08T13:19:49Z,361,,MA,Freetown,MA - Freetown,
2026-09-08T13:19:49Z,360,2026-09-14,IN,Fort Wayne,IN - Fort Wayne,1789394400000
2026-09-08T13:19:49Z,360,2026-09-21,IN,Fort Wayne,IN - Fort Wayne,1789999200000
2026-09-08T13:19:49Z,360,,IN,Fort Wayne,IN - Fort Wayne,
2026-09-08T13:19:49Z,363,2026-09-14,ND,Bismarck,ND - Bismarck,1789412400000
2026-09-08T13:19:49Z,363,,ND,Bismarck,ND - Bismarck,
2026-09-08T13:19:49Z,362,2026-09-08,AZ,Phoenix North,AZ - Phoenix North,1788890400000
2026-09-08T13:19:49Z,362,2026-09-10,AZ,Phoenix North,AZ - Phoenix North,1789063200000
2026-09-08T13:19:49Z,362,,AZ,Phoenix North,AZ - Phoenix North,
2026-09-08T13:19:49Z,120,2026-09-08,CO,Denver Central,CO - Denver Central,1788890400000
2026-09-08T13:19:49Z,120,2026-09-10,CO,Denver Central,CO - Denver Central,1789063200000
2026-09-08T13:19:49Z,120,,CO,Denver Central,CO - Denver Central,
2026-09-08T13:19:49Z,123,2026-09-08,NE,Lincoln,NE - Lincoln,1788886800000
2026-09-08T13:19:49Z,123,2026-09-15,NE,Lincoln,NE - Lincoln,1789491600000
2026-09-08T13:19:49Z,123,,NE,Lincoln,NE - Lincoln,
2026-09-08T13:19:49Z,1,2026-09-11,CA,Vallejo,CA - Vallejo,1789153200000
2026-09-08T13:19:49Z,1,,CA,Vallejo,CA - Vallejo,
2026-09-08T13:19:49Z,2,2026-09-08,CA,Sacramento,CA - Sacramento,1788894000000
2026-09-08T13:19:49Z,2,2026-09-10,CA,Sacramento,CA - Sacramento,1789066800000
2026-09-08T13:19:49Z,2,,CA,Sacramento,CA - Sacramento,
2026-09-08T13:19:49Z,122,2026-09-14,MT,Billings,MT - Billings,1789408800000
2026-09-08T13:19:49Z,122,,MT,Billings,MT - Billings,
2026-09-08T13:19:49Z,367,2026-09-09,CA,Mentone,CA - Mentone,1788980400000
2026-09-08T13:19:49Z,367,2026-09-16,CA,Mentone,CA - Mentone,1789585200000
2026-09-08T13:19:49Z,367,,CA,Mentone,CA - Mentone,
2026-09-08T13:19:49Z,3,2026-09-08,CA,Hayward,CA - Hayward,1788894000000
2026-09-08T13:19:49Z,3,2026-09-10,CA,Hayward,CA - Hayward,1789066800000
2026-09-08T13:19:49Z,3,,CA,Hayward,CA - Hayward,
2026-09-08T13:19:49Z,125,2026-09-08,MO,Columbia,MO - Columbia,1788886800000
2026-09-08T13:19:49Z,125,2026-09-15,MO,Columbia,MO - Columbia,1789491600000
2026-09-08T13:19:49Z,125,,MO,Columbia,MO - Columbia,
2026-09-08T13:19:49Z,4,2026-09-08,CA,Fresno,CA - Fresno,1788894000000
2026-09-08T13:19:49Z,4,2026-09-10,CA,Fresno,CA - Fresno,1789066800000
2026-09-08T13:19:49Z,4,,CA,Fresno,CA - Fresno,
2026-09-08T13:19:49Z,366,2026-09-08,FL,Clewiston,FL - Clewiston,1788876000000
2026-09-08T13:19:49Z,366,2026-09-14,FL,Clewiston,FL - Clewiston,1789394400000
2026-09-08T13:19:49Z,366,,FL,Clewiston,FL - Clewiston,
2026-09-08T13:19:49Z,5,2026-09-11,CA,Bakersfield,CA - Bakersfield,1789153200000
2026-09-08T13:19:49Z,5,,CA,Bakersfield,CA - Bakersfield,
2026-09-08T13:19:49Z,127,2026-09-08,PA,York Haven,PA - York Haven,1788876000000
2026-09-08T13:19:49Z,127,2026-09-10,PA,York Haven,PA - York Haven,1789048800000
2026-09-08T13:19:49Z,127,,PA,York Haven,PA - York Haven,
2026-09-08T13:19:49Z,369,2026-09-08,KS,Kansas City,KS - Kansas City,1788886800000
2026-09-08T13:19:49Z,369,2026-09-10,KS,Kansas City,KS - Kansas City,1789059600000
2026-09-08T13:19:49Z,369,,KS,Kansas City,KS - Kansas City,
2026-09-08T13:19:49Z,6,2026-09-08,CA,San Jose,CA - San Jose,1788894000000
2026-09-08T13:19:49Z,6,2026-09-10,CA,San Jose,CA - San Jose,1789066800000
2026-09-08T13:19:49Z,6,,CA,San Jose,CA - San Jose,
2026-09-08T13:19:49Z,368,2026-09-11,NC,Raleigh North,NC - Raleigh North,1789135200000
2026-09-08T13:19:49Z,368,,NC,Raleigh North,NC - Raleigh North,
2026-09-08T13:19:49Z,129,2026-09-10,PA,Altoona,PA - Altoona,1789048800000
2026-09-08T13:19:49Z,129,2026-09-17,PA,Altoona,PA - Altoona,1789653600000
2026-09-08T13:19:49Z,129,,PA,Altoona,PA - Altoona,
2026-09-08T13:19:49Z,7,2026-09-08,CA,San Bernardino,CA - San Bernardino,1788894000000
2026-09-08T13:19:49Z,7,2026-09-10,CA,San Bernardino,CA - San Bernardino,1789066800000
2026-09-08T13:19:49Z,7,,CA,San Bernardino,CA - San Bernardino,
2026-09-08T13:19:49Z,128,2026-09-11,PA,Chambersburg,PA - Chambersburg,1789135200000
2026-09-08T13:19:49Z,128,2026-09-18,PA,Chambersburg,PA - Chambersburg,1789740000000
2026-09-08T13:19:49Z,128,,PA,Chambersburg,PA - Chambersburg,
2026-09-08T13:19:49Z,9,2026-09-09,OR,Portland North,OR - Portland North,1788980400000
2026-09-08T13:19:49Z,9,,OR,Portland North,OR - Portland North,
2026-09-08T13:19:49Z,838,2026-09-09,,Rental Vehicle Sale,Rental Vehicle Sale,1788969600000
2026-09-08T13:19:49Z,838,,,Rental Vehicle Sale,Rental Vehicle Sale,
2026-09-08T13:19:49Z,47,2026-09-09,AZ,Phoenix,AZ - Phoenix,1788976800000
2026-09-08T13:19:49Z,47,2026-09-14,AZ,Phoenix,AZ - Phoenix,1789408800000
2026-09-08T13:19:49Z,47,,AZ,Phoenix,AZ - Phoenix,
2026-09-08T13:19:49Z,48,2026-09-14,WA,North Seattle,WA - North Seattle,1789412400000
2026-09-08T13:19:49Z,48,,WA,North Seattle,WA - North Seattle,
2026-09-08T13:19:49Z,161,2026-09-09,MI,Kincheloe,MI - Kincheloe,1788962400000
2026-09-08T13:19:49Z,161,,MI,Kincheloe,MI - Kincheloe,
2026-09-08T13:19:49Z,160,2026-09-11,MI,Ionia,MI - Ionia,1789135200000
2026-09-08T13:19:49Z,160,,MI,Ionia,MI - Ionia,
2026-09-08T13:19:49Z,394,2026-09-10,TX,North Austin,TX - North Austin,1789059600000
2026-09-08T13:19:49Z,394,2026-09-17,TX,North Austin,TX - North Austin,1789664400000
2026-09-08T13:19:49Z,394,,TX,North Austin,TX - North Austin,
2026-09-08T13:19:49Z,151,2026-09-08,CA,Antelope,CA - Antelope,1788894000000
2026-09-08T13:19:49Z,151,2026-09-10,CA,Antelope,CA - Antelope,1789066800000
2026-09-08T13:19:49Z,151,,CA,Antelope,CA - Antelope,
2026-09-08T13:19:49Z,154,2026-09-09,NC,Mebane,NC - Mebane,1788962400000
2026-09-08T13:19:49Z,154,2026-09-16,NC,Mebane,NC - Mebane,1789567200000
2026-09-08T13:19:49Z,154,,NC,Mebane,NC - Mebane,
2026-09-08T13:19:49Z,396,2026-09-08,SD,Rapid City,SD - Rapid City,1788890400000
2026-09-08T13:19:49Z,396,2026-09-15,SD,Rapid City,SD - Rapid City,1789495200000
2026-09-08T13:19:49Z,396,,SD,Rapid City,SD - Rapid City,
2026-09-08T13:19:49Z,395,2026-09-08,VT,Rutland,VT - Rutland,1788876000000
2026-09-08T13:19:49Z,395,2026-09-14,VT,Rutland,VT - Rutland,1789394400000
2026-09-08T13:19:49Z,395,,VT,Rutland,VT - Rutland,
2026-09-08T13:19:49Z,153,2026-09-09,FL,Orlando North,FL - Orlando North,1788962400000
2026-09-08T13:19:49Z,153,2026-09-14,FL,Orlando North,FL - Orlando North,1789394400000
2026-09-08T13:19:49Z,153,,FL,Orlando North,FL - Orlando North,
2026-09-08T13:19:49Z,156,2026-09-14,IL,Wheeling,IL - Wheeling,1789405200000
2026-09-08T13:19:49Z,156,,IL,Wheeling,IL - Wheeling,
2026-09-08T13:19:49Z,398,2026-09-09,IA,Cedar Rapids,IA - Cedar Rapids,1788973200000
2026-09-08T13:19:49Z,398,2026-09-16,IA,Cedar Rapids,IA - Cedar Rapids,1789578000000
2026-09-08T13:19:49Z,398,,IA,Cedar Rapids,IA - Cedar Rapids,
2026-09-08T13:19:49Z,155,2026-09-08,NH,Candia,NH - Candia,1788876000000
2026-09-08T13:19:49Z,155,2026-09-10,NH,Candia,NH - Candia,1789048800000
2026-09-08T13:19:49Z,155,,NH,Candia,NH - Candia,
2026-09-08T13:19:49Z,157,2026-09-09,GA,Atlanta North,GA - Atlanta North,1788962400000
2026-09-08T13:19:49Z,157,2026-09-16,GA,Atlanta North,GA - Atlanta North,1789567200000
2026-09-08T13:19:49Z,157,,GA,Atlanta North,GA - Atlanta North,
2026-09-08T13:19:49Z,45,2026-09-11,TX,El Paso,TX - El Paso,1789149600000
2026-09-08T13:19:49Z,45,2026-09-18,TX,El Paso,TX - El Paso,1789754400000
2026-09-08T13:19:49Z,45,,TX,El Paso,TX - El Paso,
2026-09-08T13:19:49Z,159,2026-09-09,MI,Flint,MI - Flint,1788962400000
2026-09-08T13:19:49Z,159,2026-09-16,MI,Flint,MI - Flint,1789567200000
2026-09-08T13:19:49Z,159,,MI,Flint,MI - Flint,
2026-09-08T13:19:49Z,43,2026-09-08,CA,Van Nuys,CA - Van Nuys,1788894000000
2026-09-08T13:19:49Z,43,2026-09-11,CA,Van Nuys,CA - Van Nuys,1789153200000
2026-09-08T13:19:49Z,43,,CA,Van Nuys,CA - Van Nuys,
2026-09-08T13:19:49Z,833,2026-09-08,,"Heavy Truck, Trailer, Rv Clean Title Sale","Heavy Truck, Trailer, Rv Clean Title Sale",1788883200000
2026-09-08T13:19:49Z,833,2026-09-15,,"Heavy Truck, Trailer, Rv Clean Title Sale","Heavy Truck, Trailer, Rv Clean Title Sale",1789488000000
2026-09-08T13:19:49Z,833,,,"Heavy Truck, Trailer, Rv Clean Title Sale","Heavy Truck, Trailer, Rv Clean Title Sale",
2026-09-08T13:19:49Z,832,2026-09-08,,Medium Duty Clean Title Sale,Medium Duty Clean Title Sale,1788883200000
2026-09-08T13:19:49Z,832,2026-09-14,,Medium Duty Clean Title Sale,Medium Duty Clean Title Sale,1789401600000
2026-09-08T13:19:49Z,832,,,Medium Duty Clean Title Sale,Medium Duty Clean Title Sale,
2026-09-08T13:19:49Z,44,2026-09-08,IN,Indianapolis,IN - Indianapolis,1788876000000
2026-09-08T13:19:49Z,44,2026-09-11,IN,Indianapolis,IN - Indianapolis,1789135200000
2026-09-08T13:19:49Z,44,,IN,Indianapolis,IN - Indianapolis,
2026-09-08T13:19:49Z,835,2026-09-09,,Medium Duty Specialty Sale,Medium Duty Specialty Sale,1788969600000
2026-09-08T13:19:49Z,835,2026-09-16,,Medium Duty Specialty Sale,Medium Duty Specialty Sale,1789574400000
2026-09-08T13:19:49Z,835,,,Medium Duty Specialty Sale,Medium Duty Specialty Sale,
2026-09-08T13:19:49Z,41,2026-09-14,NC,China Grove,NC - China Grove,1789394400000
2026-09-08T13:19:49Z,41,,NC,China Grove,NC - China Grove,
2026-09-08T13:19:49Z,837,2026-09-11,,Equipment Specialty Sale,Equipment Specialty Sale,1789142400000
2026-09-08T13:19:49Z,837,2026-09-18,,Equipment Specialty Sale,Equipment Specialty Sale,1789747200000
2026-09-08T13:19:49Z,837,,,Equipment Specialty Sale,Equipment Specialty Sale,
2026-09-08T13:19:49Z,40,2026-09-11,MS,Jackson,MS - Jackson,1789146000000
2026-09-08T13:19:49Z,40,,MS,Jackson,MS - Jackson,
2026-09-08T13:19:49Z,836,2026-09-10,,"Heavy Truck, Trailer, Rv Specialty Sale","Heavy Truck, Trailer, Rv Specialty Sale",1789056000000
2026-09-08T13:19:49Z,836,2026-09-17,,"Heavy Truck, Trailer, Rv Specialty Sale","Heavy Truck, Trailer, Rv Specialty Sale",1789660800000
2026-09-08T13:19:49Z,836,,,"Heavy Truck, Trailer, Rv Specialty Sale","Heavy Truck, Trailer, Rv Specialty Sale",
2026-09-08T13:19:49Z,58,2026-09-14,AL,Mobile,AL - Mobile,1789405200000
2026-09-08T13:19:49Z,58,2026-09-21,AL,Mobile,AL - Mobile,1790010000000
2026-09-08T13:19:49Z,58,,AL,Mobile,AL - Mobile,
2026-09-08T13:19:49Z,59,2026-09-08,CA,San Diego,CA - San Diego,1788894000000
2026-09-08T13:19:49Z,59,2026-09-11,CA,San Diego,CA - San Diego,1789153200000
2026-09-08T13:19:49Z,59,,CA,San Diego,CA - San Diego,
2026-09-08T13:19:49Z,141,2026-09-14,MO,Sikeston,MO - Sikeston,1789405200000
2026-09-08T13:19:49Z,141,2026-09-28,MO,Sikeston,MO - Sikeston,1790614800000
2026-09-08T13:19:49Z,141,,MO,Sikeston,MO - Sikeston,
2026-09-08T13:19:49Z,140,2026-09-09,AR,Fayetteville,AR - Fayetteville,1788973200000
2026-09-08T13:19:49Z,140,2026-09-14,AR,Fayetteville,AR - Fayetteville,1789405200000
2026-09-08T13:19:49Z,140,,AR,Fayetteville,AR - Fayetteville,
2026-09-08T13:19:49Z,385,2026-09-10,MI,Wayland,MI - Wayland,1789048800000
2026-09-08T13:19:49Z,385,,MI,Wayland,MI - Wayland,
2026-09-08T13:19:49Z,143,2026-09-08,KY,Louisville,KY - Louisville,1788876000000
2026-09-08T13:19:49Z,143,2026-09-10,KY,Louisville,KY - Louisville,1789048800000
2026-09-08T13:19:49Z,143,,KY,Louisville,KY - Louisville,
2026-09-08T13:19:49Z,142,2026-09-09,PA,Scranton,PA - Scranton,1788962400000
2026-09-08T13:19:49Z,142,2026-09-16,PA,Scranton,PA - Scranton,1789567200000
2026-09-08T13:19:49Z,142,,PA,Scranton,PA - Scranton,
2026-09-08T13:19:49Z,384,2026-09-09,ME,Windham,ME - Windham,1788962400000
2026-09-08T13:19:49Z,384,2026-09-11,ME,Windham,ME - Windham,1789135200000
2026-09-08T13:19:49Z,384,,ME,Windham,ME - Windham,
2026-09-08T13:19:49Z,145,2026-09-10,AL,Montgomery,AL - Montgomery,1789059600000
2026-09-08T13:19:49Z,145,,AL,Montgomery,AL - Montgomery,
2026-09-08T13:19:49Z,386,2026-09-08,LA,Vinton,LA - Vinton,1788886800000
2026-09-08T13:19:49Z,386,2026-09-14,LA,Vinton,LA - Vinton,1789405200000
2026-09-08T13:19:49Z,386,,LA,Vinton,LA - Vinton,
2026-09-08T13:19:49Z,144,2026-09-09,SC,Spartanburg,SC - Spartanburg,1788962400000
2026-09-08T13:19:49Z,144,2026-09-14,SC,Spartanburg,SC - Spartanburg,1789394400000
2026-09-08T13:19:49Z,144,,SC,Spartanburg,SC - Spartanburg,
2026-09-08T13:19:49Z,146,2026-09-08,GA,Atlanta South,GA - Atlanta South,1788876000000
2026-09-08T13:19:49Z,146,2026-09-10,GA,Atlanta South,GA - Atlanta South,1789048800000
2026-09-08T13:19:49Z,146,,GA,Atlanta South,GA - Atlanta South,
2026-09-08T13:19:49Z,56,2026-09-11,SC,Columbia,SC - Columbia,1789135200000
2026-09-08T13:19:49Z,56,2026-09-18,SC,Columbia,SC - Columbia,1789740000000
2026-09-08T13:19:49Z,56,,SC,Columbia,SC - Columbia,
2026-09-08T13:19:49Z,149,2026-09-09,MA,West Warren,MA - West Warren,1788962400000
2026-09-08T13:19:49Z,149,2026-09-16,MA,West Warren,MA - West Warren,1789567200000
2026-09-08T13:19:49Z,149,,MA,West Warren,MA - West Warren,
2026-09-08T13:19:49Z,57,2026-09-08,NV,Las Vegas,NV - Las Vegas,1788894000000
2026-09-08T13:19:49Z,57,2026-09-10,NV,Las Vegas,NV - Las Vegas,1789066800000
2026-09-08T13:19:49Z,57,,NV,Las Vegas,NV - Las Vegas,
2026-09-08T13:19:49Z,148,2026-09-09,FL,Miami South,FL - Miami South,1788962400000
2026-09-08T13:19:49Z,148,2026-09-16,FL,Miami South,FL - Miami South,1789567200000
2026-09-08T13:19:49Z,148,,FL,Miami South,FL - Miami South,
2026-09-08T13:19:49Z,54,2026-09-08,NC,Raleigh,NC - Raleigh,1788876000000
2026-09-08T13:19:49Z,54,2026-09-10,NC,Raleigh,NC - Raleigh,1789048800000
2026-09-08T13:19:49Z,54,,NC,Raleigh,NC - Raleigh,
2026-09-08T13:19:49Z,55,2026-09-08,FL,Orlando South,FL - Orlando South,1788876000000
2026-09-08T13:19:49Z,55,2026-09-10,FL,Orlando South,FL - Orlando South,1789048800000
2026-09-08T13:19:49Z,55,,FL,Orlando South,FL - Orlando South,
2026-09-08T13:19:49Z,52,2026-09-14,MN,St. Cloud,MN - St. Cloud,1789405200000
2026-09-08T13:19:49Z,52,,MN,St. Cloud,MN - St. Cloud,
2026-09-08T13:19:49Z,53,2026-09-09,MA,North Boston,MA - North Boston,1788962400000
2026-09-08T13:19:49Z,53,2026-09-10,MA,North Boston,MA - North Boston,1789048800000
2026-09-08T13:19:49Z,53,,MA,North Boston,MA - North Boston,
2026-09-08T13:19:49Z,50,2026-09-08,LA,Baton Rouge,LA - Baton Rouge,1788886800000
2026-09-08T13:19:49Z,50,2026-09-11,LA,Baton Rouge,LA - Baton Rouge,1789146000000
2026-09-08T13:19:49Z,50,,LA,Baton Rouge,LA - Baton Rouge,
2026-09-08T13:19:49Z,51,2026-09-14,IL,Peoria,IL - Peoria,1789405200000
2026-09-08T13:19:49Z,51,,IL,Peoria,IL - Peoria,
2026-09-08T13:19:49Z,69,2026-09-08,NJ,Glassboro West,NJ - Glassboro West,1788876000000
2026-09-08T13:19:49Z,69,2026-09-15,NJ,Glassboro West,NJ - Glassboro West,1789480800000
2026-09-08T13:19:49Z,69,,NJ,Glassboro West,NJ - Glassboro West,
2026-09-08T13:19:49Z,181,2026-09-08,TX,Dallas South,TX - Dallas South,1788886800000
2026-09-08T13:19:49Z,181,2026-09-10,TX,Dallas South,TX - Dallas South,1789059600000
2026-09-08T13:19:49Z,181,,TX,Dallas South,TX - Dallas South,
2026-09-08T13:19:49Z,180,2026-09-09,CA,Sun Valley,CA - Sun Valley,1788980400000
2026-09-08T13:19:49Z,180,2026-09-14,CA,Sun Valley,CA - Sun Valley,1789412400000
2026-09-08T13:19:49Z,180,,CA,Sun Valley,CA - Sun Valley,
2026-09-08T13:19:49Z,182,2026-09-09,TX,Waco,TX - Waco,1788973200000
2026-09-08T13:19:49Z,182,2026-09-16,TX,Waco,TX - Waco,1789578000000
2026-09-08T13:19:49Z,182,,TX,Waco,TX - Waco,
2026-09-08T13:19:49Z,174,2026-09-09,PA,Pittsburgh West,PA - Pittsburgh West,1788962400000
2026-09-08T13:19:49Z,174,2026-09-16,PA,Pittsburgh West,PA - Pittsburgh West,1789567200000
2026-09-08T13:19:49Z,174,,PA,Pittsburgh West,PA - Pittsburgh West,
2026-09-08T13:19:49Z,295,2026-09-10,,Atlantic Canada Auction,Atlantic Canada Auction,1789056000000
2026-09-08T13:19:49Z,295,2026-09-17,,Atlantic Canada Auction,Atlantic Canada Auction,1789660800000
2026-09-08T13:19:49Z,295,,,Atlantic Canada Auction,Atlantic Canada Auction,
2026-09-08T13:19:49Z,60,2026-09-11,IA,Des Moines,IA - Des Moines,1789146000000
2026-09-08T13:19:49Z,60,2026-09-25,IA,Des Moines,IA - Des Moines,1790355600000
2026-09-08T13:19:49Z,60,,IA,Des Moines,IA - Des Moines,
2026-09-08T13:19:49Z,173,2026-09-14,GA,Fairburn,GA - Fairburn,1789394400000
2026-09-08T13:19:49Z,173,,GA,Fairburn,GA - Fairburn,
2026-09-08T13:19:49Z,294,2026-09-08,,Ontario Auction,Ontario Auction,1788876000000
2026-09-08T13:19:49Z,294,2026-09-10,,Ontario Auction,Ontario Auction,1789048800000
2026-09-08T13:19:49Z,294,,,Ontario Auction,Ontario Auction,
2026-09-08T13:19:49Z,175,2026-09-10,GA,Cartersville,GA - Cartersville,1789048800000
2026-09-08T13:19:49Z,175,2026-09-17,GA,Cartersville,GA - Cartersville,1789653600000
2026-09-08T13:19:49Z,175,,GA,Cartersville,GA - Cartersville,
2026-09-08T13:19:49Z,850,2026-09-11,,Connecticut Friday Sale,Connecticut Friday Sale,1789153200000
2026-09-08T13:19:49Z,850,,,Connecticut Friday Sale,Connecticut Friday Sale,
2026-09-08T13:19:49Z,67,2026-09-09,KS,Wichita,KS - Wichita,1788973200000
2026-09-08T13:19:49Z,67,2026-09-14,KS,Wichita,KS - Wichita,1789405200000
2026-09-08T13:19:49Z,67,,KS,Wichita,KS - Wichita,
2026-09-08T13:19:49Z,68,2026-09-08,CO,Denver,CO - Denver,1788890400000
2026-09-08T13:19:49Z,68,2026-09-10,CO,Denver,CO - Denver,1789063200000
2026-09-08T13:19:49Z,68,,CO,Denver,CO - Denver,
2026-09-08T13:19:49Z,65,2026-09-09,TX,McAllen,TX - McAllen,1788973200000
2026-09-08T13:19:49Z,65,2026-09-16,TX,McAllen,TX - McAllen,1789578000000
2026-09-08T13:19:49Z,65,,TX,McAllen,TX - McAllen,
2026-09-08T13:19:49Z,855,2026-09-08,,Wholesale Auction,Wholesale Auction,1788883200000
2026-09-08T13:19:49Z,855,2026-09-10,,Wholesale Auction,Wholesale Auction,1789056000000
2026-09-08T13:19:49Z,855,,,Wholesale Auction,Wholesale Auction,
2026-09-08T13:19:49Z,66,2026-09-09,AL,Tanner,AL - Tanner,1788973200000
2026-09-08T13:19:49Z,66,2026-09-16,AL,Tanner,AL - Tanner,1789578000000
2026-09-08T13:19:49Z,66,,AL,Tanner,AL - Tanner,
2026-09-08T13:19:49Z,63,2026-09-09,TN,Nashville,TN - Nashville,1788973200000
2026-09-08T13:19:49Z,63,2026-09-14,TN,Nashville,TN - Nashville,1789405200000
2026-09-08T13:19:49Z,63,,TN,Nashville,TN - Nashville,
2026-09-08T13:19:49Z,61,2026-09-08,MI,Detroit,MI - Detroit,1788876000000
2026-09-08T13:19:49Z,61,2026-09-11,MI,Detroit,MI - Detroit,1789135200000
2026-09-08T13:19:49Z,61,,MI,Detroit,MI - Detroit,
2026-09-08T13:19:49Z,62,2026-09-10,TX,Austin,TX - Austin,1789059600000
2026-09-08T13:19:49Z,62,2026-09-17,TX,Austin,TX - Austin,1789664400000
2026-09-08T13:19:49Z,62,,TX,Austin,TX - Austin,
2026-09-08T13:19:49Z,170,2026-09-08,IN,Cicero,IN - Cicero,1788876000000
2026-09-08T13:19:49Z,170,2026-09-15,IN,Cicero,IN - Cicero,1789480800000
2026-09-08T13:19:49Z,170,,IN,Cicero,IN - Cicero,
2026-09-08T13:19:49Z,292,2026-09-09,,Wholesale Auction Canada,Wholesale Auction Canada,1788973200000
2026-09-08T13:19:49Z,292,2026-09-16,,Wholesale Auction Canada,Wholesale Auction Canada,1789578000000
2026-09-08T13:19:49Z,292,,,Wholesale Auction Canada,Wholesale Auction Canada,
2026-09-08T13:19:49Z,163,2026-09-09,FL,Jacksonville North,FL - Jacksonville North,1788962400000
2026-09-08T13:19:49Z,163,2026-09-14,FL,Jacksonville North,FL - Jacksonville North,1789394400000
2026-09-08T13:19:49Z,163,,FL,Jacksonville North,FL - Jacksonville North,
2026-09-08T13:19:49Z,70,2026-09-08,FL,West Palm Beach,FL - West Palm Beach,1788876000000
2026-09-08T13:19:49Z,70,2026-09-10,FL,West Palm Beach,FL - West Palm Beach,1789048800000
2026-09-08T13:19:49Z,70,,FL,West Palm Beach,FL - West Palm Beach,
2026-09-08T13:19:49Z,71,2026-09-11,WA,Pasco,WA - Pasco,1789153200000
2026-09-08T13:19:49Z,71,,WA,Pasco,WA - Pasco,
2026-09-08T13:19:49Z,162,2026-09-08,VA,Hampton,VA - Hampton,1788876000000
2026-09-08T13:19:49Z,162,2026-09-15,VA,Hampton,VA - Hampton,1789480800000
2026-09-08T13:19:49Z,162,,VA,Hampton,VA - Hampton,
2026-09-08T13:19:49Z,164,2026-09-09,PA,Philadelphia East,PA - Philadelphia East,1788962400000
2026-09-08T13:19:49Z,164,2026-09-14,PA,Philadelphia East,PA - Philadelphia East,1789394400000
2026-09-08T13:19:49Z,164,,PA,Philadelphia East,PA - Philadelphia East,
2026-09-08T13:19:49Z,166,2026-09-09,OH,Dayton,OH - Dayton,1788962400000
2026-09-08T13:19:49Z,166,2026-09-11,OH,Dayton,OH - Dayton,1789135200000
2026-09-08T13:19:49Z,166,,OH,Dayton,OH - Dayton,
2026-09-08T13:19:49Z,169,2026-09-09,IA,Davenport,IA - Davenport,1788973200000
2026-09-08T13:19:49Z,169,2026-09-16,IA,Davenport,IA - Davenport,1789578000000
2026-09-08T13:19:49Z,169,,IA,Davenport,IA - Davenport,
2026-09-08T13:19:49Z,78,2026-09-09,CA,Martinez,CA - Martinez,1788980400000
2026-09-08T13:19:49Z,78,2026-09-14,CA,Martinez,CA - Martinez,1789412400000
2026-09-08T13:19:49Z,78,,CA,Martinez,CA - Martinez,
2026-09-08T13:19:49Z,841,2026-09-10,,CrashedToys Powersport Auction,CrashedToys Powersport Auction,1789059600000
2026-09-08T13:19:49Z,841,,,CrashedToys Powersport Auction,CrashedToys Powersport Auction,
2026-09-08T13:19:49Z,79,2026-09-09,LA,New Orleans,LA - New Orleans,1788973200000
2026-09-08T13:19:49Z,79,2026-09-16,LA,New Orleans,LA - New Orleans,1789578000000
2026-09-08T13:19:49Z,79,,LA,New Orleans,LA - New Orleans,
2026-09-08T13:19:49Z,76,2026-09-08,PA,Harrisburg,PA - Harrisburg,1788876000000
2026-09-08T13:19:49Z,76,2026-09-15,PA,Harrisburg,PA - Harrisburg,1789480800000
2026-09-08T13:19:49Z,76,,PA,Harrisburg,PA - Harrisburg,
2026-09-08T13:19:49Z,74,2026-09-10,TX,San Antonio,TX - San Antonio,1789059600000
2026-09-08T13:19:49Z,74,2026-09-17,TX,San Antonio,TX - San Antonio,1789664400000
2026-09-08T13:19:49Z,74,,TX,San Antonio,TX - San Antonio,
2026-09-08T13:19:49Z,75,2026-09-08,NM,Albuquerque,NM - Albuquerque,1788890400000
2026-09-08T13:19:49Z,75,2026-09-10,NM,Albuquerque,NM - Albuquerque,1789063200000
2026-09-08T13:19:49Z,75,,NM,Albuquerque,NM - Albuquerque,
2026-09-08T13:19:49Z,72,2026-09-10,ID,Boise,ID - Boise,1789063200000
2026-09-08T13:19:49Z,72,2026-09-17,ID,Boise,ID - Boise,1789668000000
2026-09-08T13:19:49Z,72,,ID,Boise,ID - Boise,
2026-09-08T13:19:49Z,73,2026-09-11,TX,Abilene,TX - Abilene,1789146000000
2026-09-08T13:19:49Z,73,2026-09-18,TX,Abilene,TX - Abilene,1789750800000
2026-09-08T13:19:49Z,73,,TX,Abilene,TX - Abilene,
2026-09-08T13:19:49Z,196,2026-09-09,NC,Mocksville,NC - Mocksville,1788962400000
2026-09-08T13:19:49Z,196,,NC,Mocksville,NC - Mocksville,
2026-09-08T13:19:49Z,197,2026-09-09,SC,North Charleston,SC - North Charleston,1788962400000
2026-09-08T13:19:49Z,197,2026-09-14,SC,North Charleston,SC - North Charleston,1789394400000
2026-09-08T13:19:49Z,197,,SC,North Charleston,SC - North Charleston,
2026-09-08T13:19:49Z,199,2026-09-08,RI,Exeter,RI - Exeter,1788876000000
2026-09-08T13:19:49Z,199,2026-09-10,RI,Exeter,RI - Exeter,1789048800000
2026-09-08T13:19:49Z,199,,RI,Exeter,RI - Exeter,
2026-09-08T13:19:49Z,18,2026-09-08,OK,Oklahoma City,OK - Oklahoma City,1788886800000
2026-09-08T13:19:49Z,18,2026-09-10,OK,Oklahoma City,OK - Oklahoma City,1789059600000
2026-09-08T13:19:49Z,18,,OK,Oklahoma City,OK - Oklahoma City,
2026-09-08T13:19:49Z,19,2026-09-09,OK,Tulsa,OK - Tulsa,1788973200000
2026-09-08T13:19:49Z,19,2026-09-11,OK,Tulsa,OK - Tulsa,1789146000000
2026-09-08T13:19:49Z,19,,OK,Tulsa,OK - Tulsa,
2026-09-08T13:19:49Z,16,2026-09-14,CA,So Sacramento,CA - So Sacramento,1789412400000
2026-09-08T13:19:49Z,16,,CA,So Sacramento,CA - So Sacramento,
2026-09-08T13:19:49Z,14,2026-09-14,TX,Longview,TX - Longview,1789405200000
2026-09-08T13:19:49Z,14,,TX,Longview,TX - Longview,
2026-09-08T13:19:49Z,15,2026-09-08,GA,Atlanta West,GA - Atlanta West,1788876000000
2026-09-08T13:19:49Z,15,2026-09-11,GA,Atlanta West,GA - Atlanta West,1789135200000
2026-09-08T13:19:49Z,15,,GA,Atlanta West,GA - Atlanta West,
2026-09-08T13:19:49Z,190,2026-09-10,CA,Napa,CA - Napa,1789066800000
2026-09-08T13:19:49Z,190,2026-09-14,CA,Napa,CA - Napa,1789412400000
2026-09-08T13:19:49Z,190,,CA,Napa,CA - Napa,
2026-09-08T13:19:49Z,191,2026-09-14,WI,Appleton,WI - Appleton,1789405200000
2026-09-08T13:19:49Z,191,,WI,Appleton,WI - Appleton,
2026-09-08T13:19:49Z,194,2026-09-09,VA,Fredericksburg,VA - Fredericksburg,1788962400000
2026-09-08T13:19:49Z,194,2026-09-16,VA,Fredericksburg,VA - Fredericksburg,1789567200000
2026-09-08T13:19:49Z,194,,VA,Fredericksburg,VA - Fredericksburg,
2026-09-08T13:19:49Z,193,2026-09-09,CO,Denver South,CO - Denver South,1788976800000
2026-09-08T13:19:49Z,193,2026-09-14,CO,Denver South,CO - Denver South,1789408800000
2026-09-08T13:19:49Z,193,,CO,Denver South,CO - Denver South,
2026-09-08T13:19:49Z,185,2026-09-09,TX,Andrews,TX - Andrews,1788973200000
2026-09-08T13:19:49Z,185,2026-09-16,TX,Andrews,TX - Andrews,1789578000000
2026-09-08T13:19:49Z,185,,TX,Andrews,TX - Andrews,
2026-09-08T13:19:49Z,184,2026-09-08,AL,Mobile South,AL - Mobile South,1788886800000
2026-09-08T13:19:49Z,184,2026-09-15,AL,Mobile South,AL - Mobile South,1789491600000
2026-09-08T13:19:49Z,184,,AL,Mobile South,AL - Mobile South,
2026-09-08T13:19:49Z,187,2026-09-10,GA,Macon,GA - Macon,1789048800000
2026-09-08T13:19:49Z,187,,GA,Macon,GA - Macon,
2026-09-08T13:19:49Z,186,2026-09-09,CA,Long Beach,CA - Long Beach,1788980400000
2026-09-08T13:19:49Z,186,2026-09-11,CA,Long Beach,CA - Long Beach,1789153200000
2026-09-08T13:19:49Z,186,,CA,Long Beach,CA - Long Beach,
2026-09-08T13:19:49Z,189,2026-09-09,IL,Southern Illinois,IL - Southern Illinois,1788973200000
2026-09-08T13:19:49Z,189,2026-09-14,IL,Southern Illinois,IL - Southern Illinois,1789405200000
2026-09-08T13:19:49Z,189,,IL,Southern Illinois,IL - Southern Illinois,
2026-09-08T13:19:49Z,188,2026-09-14,UT,Ogden,UT - Ogden,1789408800000
2026-09-08T13:19:49Z,188,,UT,Ogden,UT - Ogden,
2026-09-08T13:19:49Z,12,2026-09-08,TX,Dallas,TX - Dallas,1788886800000
2026-09-08T13:19:49Z,12,2026-09-10,TX,Dallas,TX - Dallas,1789059600000
2026-09-08T13:19:49Z,12,,TX,Dallas,TX - Dallas,
2026-09-08T13:19:49Z,13,2026-09-14,TX,Lufkin,TX - Lufkin,1789405200000
2026-09-08T13:19:49Z,13,2026-10-05,TX,Lufkin,TX - Lufkin,1791219600000
2026-09-08T13:19:49Z,13,,TX,Lufkin,TX - Lufkin,
2026-09-08T13:19:49Z,10,2026-09-08,CA,Los Angeles,CA - Los Angeles,1788894000000
2026-09-08T13:19:49Z,10,2026-09-10,CA,Los Angeles,CA - Los Angeles,1789066800000
2026-09-08T13:19:49Z,10,,CA,Los Angeles,CA - Los Angeles,
2026-09-08T13:19:49Z,11,2026-09-08,TX,Houston,TX - Houston,1788886800000
2026-09-08T13:19:49Z,11,2026-09-11,TX,Houston,TX - Houston,1789146000000
2026-09-08T13:19:49Z,11,,TX,Houston,TX - Houston,
2026-09-08T13:19:49Z,29,2026-09-08,OH,Columbus,OH - Columbus,1788876000000
2026-09-08T13:19:49Z,29,2026-09-11,OH,Columbus,OH - Columbus,1789135200000
2026-09-08T13:19:49Z,29,,OH,Columbus,OH - Columbus,
2026-09-08T13:19:49Z,27,2026-09-08,MA,South Boston,MA - South Boston,1788876000000
2026-09-08T13:19:49Z,27,2026-09-10,MA,South Boston,MA - South Boston,1789048800000
2026-09-08T13:19:49Z,27,,MA,South Boston,MA - South Boston,
2026-09-08T13:19:49Z,28,2026-09-10,PA,Pittsburgh North,PA - Pittsburgh North,1789048800000
2026-09-08T13:19:49Z,28,,PA,Pittsburgh North,PA - Pittsburgh North,
2026-09-08T13:19:49Z,25,2026-09-09,NY,Syracuse,NY - Syracuse,1788962400000
2026-09-08T13:19:49Z,25,2026-09-14,NY,Syracuse,NY - Syracuse,1789394400000
2026-09-08T13:19:49Z,25,,NY,Syracuse,NY - Syracuse,
2026-09-08T13:19:49Z,26,2026-09-08,PA,Philadelphia,PA - Philadelphia,1788876000000
2026-09-08T13:19:49Z,26,2026-09-11,PA,Philadelphia,PA - Philadelphia,1789135200000
2026-09-08T13:19:49Z,26,,PA,Philadelphia,PA - Philadelphia,
2026-09-08T13:19:49Z,23,2026-09-08,CT,Hartford,CT - Hartford,1788876000000
2026-09-08T13:19:49Z,23,2026-09-11,CT,Hartford,CT - Hartford,1789135200000
2026-09-08T13:19:49Z,23,,CT,Hartford,CT - Hartford,
2026-09-08T13:19:49Z,24,2026-09-08,NY,Newburgh,NY - Newburgh,1788876000000
2026-09-08T13:19:49Z,24,2026-09-10,NY,Newburgh,NY - Newburgh,1789048800000
2026-09-08T13:19:49Z,24,,NY,Newburgh,NY - Newburgh,
2026-09-08T13:19:49Z,21,2026-09-09,AR,Little Rock,AR - Little Rock,1788973200000
2026-09-08T13:19:49Z,21,2026-09-14,AR,Little Rock,AR - Little Rock,1789405200000
2026-09-08T13:19:49Z,21,,AR,Little Rock,AR - Little Rock,
2026-09-08T13:19:49Z,22,2026-09-08,TN,Memphis,TN - Memphis,1788886800000
2026-09-08T13:19:49Z,22,2026-09-10,TN,Memphis,TN - Memphis,1789059600000
2026-09-08T13:19:49Z,22,,TN,Memphis,TN - Memphis,
2026-09-08T13:19:49Z,20,2026-09-08,MO,St. Louis,MO - St. Louis,1788886800000
2026-09-08T13:19:49Z,20,2026-09-11,MO,St. Louis,MO - St. Louis,1789146000000
2026-09-08T13:19:49Z,20,,MO,St. Louis,MO - St. Louis,
2026-09-08T13:19:49Z,36,2026-09-08,IL,Chicago North,IL - Chicago North,1788886800000
2026-09-08T13:19:49Z,36,2026-09-10,IL,Chicago North,IL - Chicago North,1789059600000
2026-09-08T13:19:49Z,36,,IL,Chicago North,IL - Chicago North,
2026-09-08T13:19:49Z,37,2026-09-08,MN,Minneapolis,MN - Minneapolis,1788886800000
2026-09-08T13:19:49Z,37,2026-09-10,MN,Minneapolis,MN - Minneapolis,1789059600000
2026-09-08T13:19:49Z,37,,MN,Minneapolis,MN - Minneapolis,
2026-09-08T13:19:49Z,880,2026-09-08,*NCS,Eastern Region,*NCS - Eastern Region,1788915600000
2026-09-08T13:19:49Z,880,2026-09-09,*NCS,Eastern Region,*NCS - Eastern Region,1789002000000
2026-09-08T13:19:49Z,880,,*NCS,Eastern Region,*NCS - Eastern Region,
2026-09-08T13:19:49Z,882,2026-09-08,*NCS,Mountain Region,*NCS - Mountain Region,1788915600000
2026-09-08T13:19:49Z,882,2026-09-09,*NCS,Mountain Region,*NCS - Mountain Region,1789002000000
2026-09-08T13:19:49Z,882,,*NCS,Mountain Region,*NCS - Mountain Region,
2026-09-08T13:19:49Z,881,2026-09-08,*NCS,Central Region,*NCS - Central Region,1788915600000
2026-09-08T13:19:49Z,881,2026-09-09,*NCS,Central Region,*NCS - Central Region,1789002000000
2026-09-08T13:19:49Z,881,,*NCS,Central Region,*NCS - Central Region,
2026-09-08T13:19:49Z,883,2026-09-08,*NCS,Pacific Region,*NCS - Pacific Region,1788915600000
2026-09-08T13:19:49Z,883,2026-09-09,*NCS,Pacific Region,*NCS - Pacific Region,1789002000000
2026-09-08T13:19:49Z,883,,*NCS,Pacific Region,*NCS - Pacific Region,
2026-09-08T13:19:49Z,34,2026-09-08,FL,Tampa South,FL - Tampa South,1788876000000
2026-09-08T13:19:49Z,34,2026-09-11,FL,Tampa South,FL - Tampa South,1789135200000
2026-09-08T13:19:49Z,34,,FL,Tampa South,FL - Tampa South,
2026-09-08T13:19:49Z,35,2026-09-14,NY,Rochester,NY - Rochester,1789394400000
2026-09-08T13:19:49Z,35,2026-09-21,NY,Rochester,NY - Rochester,1789999200000
2026-09-08T13:19:49Z,35,,NY,Rochester,NY - Rochester,
2026-09-08T13:19:49Z,32,2026-09-08,DC,Washington DC,DC - Washington DC,1788876000000
2026-09-08T13:19:49Z,32,2026-09-11,DC,Washington DC,DC - Washington DC,1789135200000
2026-09-08T13:19:49Z,32,,DC,Washington DC,DC - Washington DC,
2026-09-08T13:19:49Z,33,2026-09-08,FL,Miami North,FL - Miami North,1788876000000
2026-09-08T13:19:49Z,33,2026-09-11,FL,Miami North,FL - Miami North,1789135200000
2026-09-08T13:19:49Z,33,,FL,Miami North,FL - Miami North,
2026-09-08T13:19:49Z,30,2026-09-09,NY,Long Island,NY - Long Island,1788962400000
2026-09-08T13:19:49Z,30,2026-09-11,NY,Long Island,NY - Long Island,1789135200000
2026-09-08T13:19:49Z,30,,NY,Long Island,NY - Long Island,
2026-09-08T13:19:49Z,31,2026-09-08,NJ,Glassboro East,NJ - Glassboro East,1788876000000
2026-09-08T13:19:49Z,31,2026-09-10,NJ,Glassboro East,NJ - Glassboro East,1789048800000
2026-09-08T13:19:49Z,31,,NJ,Glassboro East,NJ - Glassboro East,
2026-09-09T13:30:53Z,309,2026-09-14,CA,Adelanto,CA - Adelanto,1789412400000
2026-09-09T13:30:53Z,309,,CA,Adelanto,CA - Adelanto,
2026-09-09T13:30:53Z,308,2026-09-15,WI,Madison South,WI - Madison South,1789491600000
2026-09-09T13:30:53Z,308,,WI,Madison South,WI - Madison South,
2026-09-09T13:30:53Z,336,2026-09-11,UT,Salt Lake City,UT - Salt Lake City,1789149600000
2026-09-09T13:30:53Z,336,2026-09-15,UT,Salt Lake City,UT - Salt Lake City,1789495200000
2026-09-09T13:30:53Z,336,,UT,Salt Lake City,UT - Salt Lake City,
2026-09-09T13:30:53Z,335,2026-09-11,FL,Tampa North,FL - Tampa North,1789135200000
2026-09-09T13:30:53Z,335,2026-09-15,FL,Tampa North,FL - Tampa North,1789480800000
2026-09-09T13:30:53Z,335,,FL,Tampa North,FL - Tampa North,
2026-09-09T13:30:53Z,338,2026-09-14,NC,Lumberton,NC - Lumberton,1789394400000
2026-09-09T13:30:53Z,338,,NC,Lumberton,NC - Lumberton,
2026-09-09T13:30:53Z,337,2026-09-08,WA,Spanaway,WA - Spanaway,1788894000000
2026-09-09T13:30:53Z,337,2026-09-11,WA,Spanaway,WA - Spanaway,1789153200000
2026-09-09T13:30:53Z,337,,WA,Spanaway,WA - Spanaway,
2026-09-09T13:30:53Z,339,2026-09-09,WI,Milwaukee North,WI - Milwaukee North,1788973200000
2026-09-09T13:30:53Z,339,,WI,Milwaukee North,WI - Milwaukee North,
2026-09-09T13:30:53Z,204,2026-09-10,AB,Edmonton,AB - Edmonton,1789063200000
2026-09-09T13:30:53Z,204,2026-09-17,AB,Edmonton,AB - Edmonton,1789668000000
2026-09-09T13:30:53Z,204,,AB,Edmonton,AB - Edmonton,
2026-09-09T13:30:53Z,203,2026-09-15,AB,Calgary,AB - Calgary,1789495200000
2026-09-09T13:30:53Z,203,2026-09-29,AB,Calgary,AB - Calgary,1790704800000
2026-09-09T13:30:53Z,203,,AB,Calgary,AB - Calgary,
2026-09-09T13:30:53Z,326,2026-09-09,MS,Grenada,MS - Grenada,1788973200000
2026-09-09T13:30:53Z,326,2026-09-16,MS,Grenada,MS - Grenada,1789578000000
2026-09-09T13:30:53Z,326,,MS,Grenada,MS - Grenada,
2026-09-09T13:30:53Z,205,2026-09-15,QC,Montreal,QC - Montreal,1789488000000
2026-09-09T13:30:53Z,205,,QC,Montreal,QC - Montreal,
2026-09-09T13:30:53Z,328,2026-09-09,WY,Casper,WY - Casper,1788976800000
2026-09-09T13:30:53Z,328,2026-09-16,WY,Casper,WY - Casper,1789581600000
2026-09-09T13:30:53Z,328,,WY,Casper,WY - Casper,
2026-09-09T13:30:53Z,916,2026-09-09,AL,Cusseta,AL - Cusseta,1788973200000
2026-09-09T13:30:53Z,916,2026-09-16,AL,Cusseta,AL - Cusseta,1789578000000
2026-09-09T13:30:53Z,916,,AL,Cusseta,AL - Cusseta,
2026-09-09T13:30:53Z,350,2026-09-10,CT,Hartford Springfield,CT - Hartford Springfield,1789048800000
2026-09-09T13:30:53Z,350,2026-09-17,CT,Hartford Springfield,CT - Hartford Springfield,1789653600000
2026-09-09T13:30:53Z,350,,CT,Hartford Springfield,CT - Hartford Springfield,
2026-09-09T13:30:53Z,81,2026-09-09,IL,Chicago South,IL - Chicago South,1788973200000
2026-09-09T13:30:53Z,81,2026-09-11,IL,Chicago South,IL - Chicago South,1789146000000
2026-09-09T13:30:53Z,81,,IL,Chicago South,IL - Chicago South,
2026-09-09T13:30:53Z,82,2026-09-11,VA,Danville,VA - Danville,1789135200000
2026-09-09T13:30:53Z,82,,VA,Danville,VA - Danville,
2026-09-09T13:30:53Z,110,2026-09-14,HI,Honolulu,HI - Honolulu,1789423200000
2026-09-09T13:30:53Z,110,,HI,Honolulu,HI - Honolulu,
2026-09-09T13:30:53Z,80,2026-09-10,MN,Minneapolis North,MN - Minneapolis North,1789059600000
2026-09-09T13:30:53Z,80,2026-09-15,MN,Minneapolis North,MN - Minneapolis North,1789491600000
2026-09-09T13:30:53Z,80,,MN,Minneapolis North,MN - Minneapolis North,
2026-09-09T13:30:53Z,112,2026-09-10,OH,Cleveland West,OH - Cleveland West,1789048800000
2026-09-09T13:30:53Z,112,2026-09-14,OH,Cleveland West,OH - Cleveland West,1789394400000
2026-09-09T13:30:53Z,112,,OH,Cleveland West,OH - Cleveland West,
2026-09-09T13:30:53Z,111,2026-09-09,OH,Cleveland East,OH - Cleveland East,1788962400000
2026-09-09T13:30:53Z,111,2026-09-16,OH,Cleveland East,OH - Cleveland East,1789567200000
2026-09-09T13:30:53Z,111,,OH,Cleveland East,OH - Cleveland East,
2026-09-09T13:30:53Z,114,2026-09-10,TN,Knoxville,TN - Knoxville,1789048800000
2026-09-09T13:30:53Z,114,2026-09-15,TN,Knoxville,TN - Knoxville,1789480800000
2026-09-09T13:30:53Z,114,,TN,Knoxville,TN - Knoxville,
2026-09-09T13:30:53Z,356,2026-09-10,NC,Concord,NC - Concord,1789048800000
2026-09-09T13:30:53Z,356,2026-09-17,NC,Concord,NC - Concord,1789653600000
2026-09-09T13:30:53Z,356,,NC,Concord,NC - Concord,
2026-09-09T13:30:53Z,113,2026-09-08,AK,Anchorage,AK - Anchorage,1788897600000
2026-09-09T13:30:53Z,113,2026-09-15,AK,Anchorage,AK - Anchorage,1789502400000
2026-09-09T13:30:53Z,113,,AK,Anchorage,AK - Anchorage,
2026-09-09T13:30:53Z,89,2026-09-10,WV,Charleston,WV - Charleston,1789048800000
2026-09-09T13:30:53Z,89,2026-09-17,WV,Charleston,WV - Charleston,1789653600000
2026-09-09T13:30:53Z,89,,WV,Charleston,WV - Charleston,
2026-09-09T13:30:53Z,116,2026-09-09,WA,Spokane,WA - Spokane,1788980400000
2026-09-09T13:30:53Z,116,2026-09-16,WA,Spokane,WA - Spokane,1789585200000
2026-09-09T13:30:53Z,116,,WA,Spokane,WA - Spokane,
2026-09-09T13:30:53Z,115,2026-09-14,KY,Lexington East,KY - Lexington East,1789394400000
2026-09-09T13:30:53Z,115,,KY,Lexington East,KY - Lexington East,
2026-09-09T13:30:53Z,357,2026-09-10,TX,Houston East,TX - Houston East,1789059600000
2026-09-09T13:30:53Z,357,2026-09-14,TX,Houston East,TX - Houston East,1789405200000
2026-09-09T13:30:53Z,357,,TX,Houston East,TX - Houston East,
2026-09-09T13:30:53Z,118,2026-09-09,CO,Colorado Springs,CO - Colorado Springs,1788976800000
2026-09-09T13:30:53Z,118,2026-09-14,CO,Colorado Springs,CO - Colorado Springs,1789408800000
2026-09-09T13:30:53Z,118,,CO,Colorado Springs,CO - Colorado Springs,
2026-09-09T13:30:53Z,87,2026-09-10,GA,Savannah,GA - Savannah,1789048800000
2026-09-09T13:30:53Z,87,2026-09-14,GA,Savannah,GA - Savannah,1789394400000
2026-09-09T13:30:53Z,87,,GA,Savannah,GA - Savannah,
2026-09-09T13:30:53Z,117,2026-09-11,FL,Tallahassee,FL - Tallahassee,1789135200000
2026-09-09T13:30:53Z,117,,FL,Tallahassee,FL - Tallahassee,
2026-09-09T13:30:53Z,359,2026-09-15,GA,Augusta,GA - Augusta,1789480800000
2026-09-09T13:30:53Z,359,,GA,Augusta,GA - Augusta,
2026-09-09T13:30:53Z,88,2026-09-15,GA,Tifton,GA - Tifton,1789480800000
2026-09-09T13:30:53Z,88,,GA,Tifton,GA - Tifton,
2026-09-09T13:30:53Z,85,2026-09-09,PA,Pittsburgh South,PA - Pittsburgh South,1788962400000
2026-09-09T13:30:53Z,85,2026-09-16,PA,Pittsburgh South,PA - Pittsburgh South,1789567200000
2026-09-09T13:30:53Z,85,,PA,Pittsburgh South,PA - Pittsburgh South,
2026-09-09T13:30:53Z,86,2026-09-09,FL,Ft. Pierce,FL - Ft. Pierce,1788962400000
2026-09-09T13:30:53Z,86,2026-09-16,FL,Ft. Pierce,FL - Ft. Pierce,1789567200000
2026-09-09T13:30:53Z,86,,FL,Ft. Pierce,FL - Ft. Pierce,
2026-09-09T13:30:53Z,83,2026-09-09,KY,Lexington West,KY - Lexington West,1788962400000
2026-09-09T13:30:53Z,83,2026-09-16,KY,Lexington West,KY - Lexington West,1789567200000
2026-09-09T13:30:53Z,83,,KY,Lexington West,KY - Lexington West,
2026-09-09T13:30:53Z,84,2026-09-10,LA,Shreveport,LA - Shreveport,1789059600000
2026-09-09T13:30:53Z,84,2026-09-17,LA,Shreveport,LA - Shreveport,1789664400000
2026-09-09T13:30:53Z,84,,LA,Shreveport,LA - Shreveport,
2026-09-09T13:30:53Z,92,2026-09-09,MO,Springfield,MO - Springfield,1788973200000
2026-09-09T13:30:53Z,92,2026-09-14,MO,Springfield,MO - Springfield,1789405200000
2026-09-09T13:30:53Z,92,,MO,Springfield,MO - Springfield,
2026-09-09T13:30:53Z,93,2026-09-11,AZ,Tucson,AZ - Tucson,1789149600000
2026-09-09T13:30:53Z,93,,AZ,Tucson,AZ - Tucson,
2026-09-09T13:30:53Z,341,2026-09-10,AL,Dothan,AL - Dothan,1789059600000
2026-09-09T13:30:53Z,341,2026-09-17,AL,Dothan,AL - Dothan,1789664400000
2026-09-09T13:30:53Z,341,,AL,Dothan,AL - Dothan,
2026-09-09T13:30:53Z,90,2026-09-10,ME,Lyman,ME - Lyman,1789048800000
2026-09-09T13:30:53Z,90,2026-09-17,ME,Lyman,ME - Lyman,1789653600000
2026-09-09T13:30:53Z,90,,ME,Lyman,ME - Lyman,
2026-09-09T13:30:53Z,340,2026-09-09,NC,Gastonia,NC - Gastonia,1788962400000
2026-09-09T13:30:53Z,340,2026-09-16,NC,Gastonia,NC - Gastonia,1789567200000
2026-09-09T13:30:53Z,340,,NC,Gastonia,NC - Gastonia,
2026-09-09T13:30:53Z,91,2026-09-11,NJ,Somerville,NJ - Somerville,1789135200000
2026-09-09T13:30:53Z,91,2026-09-15,NJ,Somerville,NJ - Somerville,1789480800000
2026-09-09T13:30:53Z,91,,NJ,Somerville,NJ - Somerville,
2026-09-09T13:30:53Z,343,2026-09-11,CA,Redding,CA - Redding,1789153200000
2026-09-09T13:30:53Z,343,2026-09-18,CA,Redding,CA - Redding,1789758000000
2026-09-09T13:30:53Z,343,,CA,Redding,CA - Redding,
2026-09-09T13:30:53Z,101,2026-09-14,VA,Richmond East,VA - Richmond East,1789394400000
2026-09-09T13:30:53Z,101,,VA,Richmond East,VA - Richmond East,
2026-09-09T13:30:53Z,100,2026-09-10,NV,Reno,NV - Reno,1789066800000
2026-09-09T13:30:53Z,100,2026-09-17,NV,Reno,NV - Reno,1789671600000
2026-09-09T13:30:53Z,100,,NV,Reno,NV - Reno,
2026-09-09T13:30:53Z,342,2026-09-10,MD,Baltimore East,MD - Baltimore East,1789048800000
2026-09-09T13:30:53Z,342,2026-09-15,MD,Baltimore East,MD - Baltimore East,1789480800000
2026-09-09T13:30:53Z,342,,MD,Baltimore East,MD - Baltimore East,
2026-09-09T13:30:53Z,103,2026-09-11,MI,Lansing,MI - Lansing,1789135200000
2026-09-09T13:30:53Z,103,,MI,Lansing,MI - Lansing,
2026-09-09T13:30:53Z,345,2026-09-10,KY,Earlington,KY - Earlington,1789059600000
2026-09-09T13:30:53Z,345,2026-09-17,KY,Earlington,KY - Earlington,1789664400000
2026-09-09T13:30:53Z,345,,KY,Earlington,KY - Earlington,
2026-09-09T13:30:53Z,344,2026-09-14,NY,Buffalo,NY - Buffalo,1789394400000
2026-09-09T13:30:53Z,344,,NY,Buffalo,NY - Buffalo,
2026-09-09T13:30:53Z,102,2026-09-14,MD,Baltimore,MD - Baltimore,1789394400000
2026-09-09T13:30:53Z,102,,MD,Baltimore,MD - Baltimore,
2026-09-09T13:30:53Z,105,2026-09-09,FL,Miami Central,FL - Miami Central,1788962400000
2026-09-09T13:30:53Z,105,2026-09-14,FL,Miami Central,FL - Miami Central,1789394400000
2026-09-09T13:30:53Z,105,,FL,Miami Central,FL - Miami Central,
2026-09-09T13:30:53Z,104,2026-09-15,OR,Eugene,OR - Eugene,1789498800000
2026-09-09T13:30:53Z,104,2026-09-22,OR,Eugene,OR - Eugene,1790103600000
2026-09-09T13:30:53Z,104,,OR,Eugene,OR - Eugene,
2026-09-09T13:30:53Z,98,2026-09-11,TX,Ft. Worth,TX - Ft. Worth,1789146000000
2026-09-09T13:30:53Z,98,2026-09-15,TX,Ft. Worth,TX - Ft. Worth,1789491600000
2026-09-09T13:30:53Z,98,,TX,Ft. Worth,TX - Ft. Worth,
2026-09-09T13:30:53Z,107,2026-09-09,GA,Atlanta East,GA - Atlanta East,1788962400000
2026-09-09T13:30:53Z,107,2026-09-14,GA,Atlanta East,GA - Atlanta East,1789394400000
2026-09-09T13:30:53Z,107,,GA,Atlanta East,GA - Atlanta East,
2026-09-09T13:30:53Z,348,2026-09-11,FL,Punta Gorda,FL - Punta Gorda,1789135200000
2026-09-09T13:30:53Z,348,2026-09-15,FL,Punta Gorda,FL - Punta Gorda,1789480800000
2026-09-09T13:30:53Z,348,,FL,Punta Gorda,FL - Punta Gorda,
2026-09-09T13:30:53Z,106,2026-09-15,MT,Helena,MT - Helena,1789495200000
2026-09-09T13:30:53Z,106,,MT,Helena,MT - Helena,
2026-09-09T13:30:53Z,96,2026-09-15,TX,Corpus Christi,TX - Corpus Christi,1789491600000
2026-09-09T13:30:53Z,96,,TX,Corpus Christi,TX - Corpus Christi,
2026-09-09T13:30:53Z,108,2026-09-15,FL,Ocala,FL - Ocala,1789480800000
2026-09-09T13:30:53Z,108,,FL,Ocala,FL - Ocala,
2026-09-09T13:30:53Z,97,2026-09-10,CA,Rancho Cucamonga,CA - Rancho Cucamonga,1789066800000
2026-09-09T13:30:53Z,97,2026-09-15,CA,Rancho Cucamonga,CA - Rancho Cucamonga,1789498800000
2026-09-09T13:30:53Z,97,,CA,Rancho Cucamonga,CA - Rancho Cucamonga,
2026-09-09T13:30:53Z,94,2026-09-09,NY,Albany,NY - Albany,1788962400000
2026-09-09T13:30:53Z,94,2026-09-14,NY,Albany,NY - Albany,1789394400000
2026-09-09T13:30:53Z,94,,NY,Albany,NY - Albany,
2026-09-09T13:30:53Z,95,2026-09-15,TX,Amarillo,TX - Amarillo,1789491600000
2026-09-09T13:30:53Z,95,2026-09-22,TX,Amarillo,TX - Amarillo,1790096400000
2026-09-09T13:30:53Z,95,,TX,Amarillo,TX - Amarillo,
2026-09-09T13:30:53Z,130,2026-09-15,DE,Seaford,DE - Seaford,1789480800000
2026-09-09T13:30:53Z,130,,DE,Seaford,DE - Seaford,
2026-09-09T13:30:53Z,371,2026-09-14,WI,Milwaukee South,WI - Milwaukee South,1789405200000
2026-09-09T13:30:53Z,371,,WI,Milwaukee South,WI - Milwaukee South,
2026-09-09T13:30:53Z,373,2026-09-15,NC,Lagrange,NC - Lagrange,1789480800000
2026-09-09T13:30:53Z,373,,NC,Lagrange,NC - Lagrange,
2026-09-09T13:30:53Z,376,2026-09-11,OH,Akron,OH - Akron,1789135200000
2026-09-09T13:30:53Z,376,2026-09-15,OH,Akron,OH - Akron,1789480800000
2026-09-09T13:30:53Z,376,,OH,Akron,OH - Akron,
2026-09-09T13:30:53Z,134,2026-09-14,OR,Portland South,OR - Portland South,1789412400000
2026-09-09T13:30:53Z,134,2026-09-21,OR,Portland South,OR - Portland South,1790017200000
2026-09-09T13:30:53Z,134,,OR,Portland South,OR - Portland South,
2026-09-09T13:30:53Z,133,2026-09-09,NV,Las Vegas West,NV - Las Vegas West,1788980400000
2026-09-09T13:30:53Z,133,2026-09-14,NV,Las Vegas West,NV - Las Vegas West,1789412400000
2026-09-09T13:30:53Z,133,,NV,Las Vegas West,NV - Las Vegas West,
2026-09-09T13:30:53Z,136,2026-09-15,AL,Birmingham,AL - Birmingham,1789491600000
2026-09-09T13:30:53Z,136,2026-09-22,AL,Birmingham,AL - Birmingham,1790096400000
2026-09-09T13:30:53Z,136,,AL,Birmingham,AL - Birmingham,
2026-09-09T13:30:53Z,135,2026-09-09,NJ,Trenton,NJ - Trenton,1788962400000
2026-09-09T13:30:53Z,135,2026-09-14,NJ,Trenton,NJ - Trenton,1789394400000
2026-09-09T13:30:53Z,135,,NJ,Trenton,NJ - Trenton,
2026-09-09T13:30:53Z,138,2026-09-11,KY,Walton,KY - Walton,1789135200000
2026-09-09T13:30:53Z,138,,KY,Walton,KY - Walton,
2026-09-09T13:30:53Z,139,2026-09-11,VA,Richmond,VA - Richmond,1789135200000
2026-09-09T13:30:53Z,139,2026-09-18,VA,Richmond,VA - Richmond,1789740000000
2026-09-09T13:30:53Z,139,,VA,Richmond,VA - Richmond,
2026-09-09T13:30:53Z,370,2026-09-14,IN,Dyer,IN - Dyer,1789405200000
2026-09-09T13:30:53Z,370,2026-10-05,IN,Dyer,IN - Dyer,1791219600000
2026-09-09T13:30:53Z,370,,IN,Dyer,IN - Dyer,
2026-09-09T13:30:53Z,361,2026-09-09,MA,Freetown,MA - Freetown,1788962400000
2026-09-09T13:30:53Z,361,,MA,Freetown,MA - Freetown,
2026-09-09T13:30:53Z,360,2026-09-14,IN,Fort Wayne,IN - Fort Wayne,1789394400000
2026-09-09T13:30:53Z,360,2026-09-21,IN,Fort Wayne,IN - Fort Wayne,1789999200000
2026-09-09T13:30:53Z,360,,IN,Fort Wayne,IN - Fort Wayne,
2026-09-09T13:30:53Z,363,2026-09-14,ND,Bismarck,ND - Bismarck,1789412400000
2026-09-09T13:30:53Z,363,,ND,Bismarck,ND - Bismarck,
2026-09-09T13:30:53Z,362,2026-09-10,AZ,Phoenix North,AZ - Phoenix North,1789063200000
2026-09-09T13:30:53Z,362,2026-09-15,AZ,Phoenix North,AZ - Phoenix North,1789495200000
2026-09-09T13:30:53Z,362,,AZ,Phoenix North,AZ - Phoenix North,
2026-09-09T13:30:53Z,120,2026-09-10,CO,Denver Central,CO - Denver Central,1789063200000
2026-09-09T13:30:53Z,120,2026-09-15,CO,Denver Central,CO - Denver Central,1789495200000
2026-09-09T13:30:53Z,120,,CO,Denver Central,CO - Denver Central,
2026-09-09T13:30:53Z,123,2026-09-15,NE,Lincoln,NE - Lincoln,1789491600000
2026-09-09T13:30:53Z,123,,NE,Lincoln,NE - Lincoln,
2026-09-09T13:30:53Z,1,2026-09-11,CA,Vallejo,CA - Vallejo,1789153200000
2026-09-09T13:30:53Z,1,,CA,Vallejo,CA - Vallejo,
2026-09-09T13:30:53Z,2,2026-09-08,CA,Sacramento,CA - Sacramento,1788894000000
2026-09-09T13:30:53Z,2,2026-09-10,CA,Sacramento,CA - Sacramento,1789066800000
2026-09-09T13:30:53Z,2,,CA,Sacramento,CA - Sacramento,
2026-09-09T13:30:53Z,122,2026-09-14,MT,Billings,MT - Billings,1789408800000
2026-09-09T13:30:53Z,122,,MT,Billings,MT - Billings,
2026-09-09T13:30:53Z,367,2026-09-09,CA,Mentone,CA - Mentone,1788980400000
2026-09-09T13:30:53Z,367,2026-09-16,CA,Mentone,CA - Mentone,1789585200000
2026-09-09T13:30:53Z,367,,CA,Mentone,CA - Mentone,
2026-09-09T13:30:53Z,3,2026-09-08,CA,Hayward,CA - Hayward,1788894000000
2026-09-09T13:30:53Z,3,2026-09-10,CA,Hayward,CA - Hayward,1789066800000
2026-09-09T13:30:53Z,3,,CA,Hayward,CA - Hayward,
2026-09-09T13:30:53Z,125,2026-09-15,MO,Columbia,MO - Columbia,1789491600000
2026-09-09T13:30:53Z,125,,MO,Columbia,MO - Columbia,
2026-09-09T13:30:53Z,4,2026-09-10,CA,Fresno,CA - Fresno,1789066800000
2026-09-09T13:30:53Z,4,2026-09-14,CA,Fresno,CA - Fresno,1789412400000
2026-09-09T13:30:53Z,4,,CA,Fresno,CA - Fresno,
2026-09-09T13:30:53Z,366,2026-09-14,FL,Clewiston,FL - Clewiston,1789394400000
2026-09-09T13:30:53Z,366,,FL,Clewiston,FL - Clewiston,
2026-09-09T13:30:53Z,5,2026-09-11,CA,Bakersfield,CA - Bakersfield,1789153200000
2026-09-09T13:30:53Z,5,,CA,Bakersfield,CA - Bakersfield,
2026-09-09T13:30:53Z,127,2026-09-10,PA,York Haven,PA - York Haven,1789048800000
2026-09-09T13:30:53Z,127,2026-09-14,PA,York Haven,PA - York Haven,1789394400000
2026-09-09T13:30:53Z,127,,PA,York Haven,PA - York Haven,
2026-09-09T13:30:53Z,369,2026-09-10,KS,Kansas City,KS - Kansas City,1789059600000
2026-09-09T13:30:53Z,369,2026-09-15,KS,Kansas City,KS - Kansas City,1789491600000
2026-09-09T13:30:53Z,369,,KS,Kansas City,KS - Kansas City,
2026-09-09T13:30:53Z,6,2026-09-10,CA,San Jose,CA - San Jose,1789066800000
2026-09-09T13:30:53Z,6,2026-09-15,CA,San Jose,CA - San Jose,1789498800000
2026-09-09T13:30:53Z,6,,CA,San Jose,CA - San Jose,
2026-09-09T13:30:53Z,368,2026-09-11,NC,Raleigh North,NC - Raleigh North,1789135200000
2026-09-09T13:30:53Z,368,,NC,Raleigh North,NC - Raleigh North,
2026-09-09T13:30:53Z,129,2026-09-10,PA,Altoona,PA - Altoona,1789048800000
2026-09-09T13:30:53Z,129,2026-09-17,PA,Altoona,PA - Altoona,1789653600000
2026-09-09T13:30:53Z,129,,PA,Altoona,PA - Altoona,
2026-09-09T13:30:53Z,7,2026-09-10,CA,San Bernardino,CA - San Bernardino,1789066800000
2026-09-09T13:30:53Z,7,2026-09-14,CA,San Bernardino,CA - San Bernardino,1789412400000
2026-09-09T13:30:53Z,7,,CA,San Bernardino,CA - San Bernardino,
2026-09-09T13:30:53Z,128,2026-09-11,PA,Chambersburg,PA - Chambersburg,1789135200000
2026-09-09T13:30:53Z,128,2026-09-18,PA,Chambersburg,PA - Chambersburg,1789740000000
2026-09-09T13:30:53Z,128,,PA,Chambersburg,PA - Chambersburg,
2026-09-09T13:30:53Z,9,2026-09-09,OR,Portland North,OR - Portland North,1788980400000
2026-09-09T13:30:53Z,9,2026-09-14,OR,Portland North,OR - Portland North,1789412400000
2026-09-09T13:30:53Z,9,,OR,Portland North,OR - Portland North,
2026-09-09T13:30:53Z,838,2026-09-09,,Rental Vehicle Sale,Rental Vehicle Sale,1788969600000
2026-09-09T13:30:53Z,838,2026-09-14,,Rental Vehicle Sale,Rental Vehicle Sale,1789401600000
2026-09-09T13:30:53Z,838,,,Rental Vehicle Sale,Rental Vehicle Sale,
2026-09-09T13:30:53Z,47,2026-09-09,AZ,Phoenix,AZ - Phoenix,1788976800000
2026-09-09T13:30:53Z,47,2026-09-14,AZ,Phoenix,AZ - Phoenix,1789408800000
2026-09-09T13:30:53Z,47,,AZ,Phoenix,AZ - Phoenix,
2026-09-09T13:30:53Z,48,2026-09-14,WA,North Seattle,WA - North Seattle,1789412400000
2026-09-09T13:30:53Z,48,,WA,North Seattle,WA - North Seattle,
2026-09-09T13:30:53Z,161,2026-09-09,MI,Kincheloe,MI - Kincheloe,1788962400000
2026-09-09T13:30:53Z,161,2026-09-16,MI,Kincheloe,MI - Kincheloe,1789567200000
2026-09-09T13:30:53Z,161,,MI,Kincheloe,MI - Kincheloe,
2026-09-09T13:30:53Z,160,2026-09-11,MI,Ionia,MI - Ionia,1789135200000
2026-09-09T13:30:53Z,160,,MI,Ionia,MI - Ionia,
2026-09-09T13:30:53Z,394,2026-09-10,TX,North Austin,TX - North Austin,1789059600000
2026-09-09T13:30:53Z,394,2026-09-17,TX,North Austin,TX - North Austin,1789664400000
2026-09-09T13:30:53Z,394,,TX,North Austin,TX - North Austin,
2026-09-09T13:30:53Z,151,2026-09-10,CA,Antelope,CA - Antelope,1789066800000
2026-09-09T13:30:53Z,151,2026-09-15,CA,Antelope,CA - Antelope,1789498800000
2026-09-09T13:30:53Z,151,,CA,Antelope,CA - Antelope,
2026-09-09T13:30:53Z,154,2026-09-09,NC,Mebane,NC - Mebane,1788962400000
2026-09-09T13:30:53Z,154,2026-09-16,NC,Mebane,NC - Mebane,1789567200000
2026-09-09T13:30:53Z,154,,NC,Mebane,NC - Mebane,
2026-09-09T13:30:53Z,396,2026-09-15,SD,Rapid City,SD - Rapid City,1789495200000
2026-09-09T13:30:53Z,396,,SD,Rapid City,SD - Rapid City,
2026-09-09T13:30:53Z,395,2026-09-14,VT,Rutland,VT - Rutland,1789394400000
2026-09-09T13:30:53Z,395,,VT,Rutland,VT - Rutland,
2026-09-09T13:30:53Z,153,2026-09-09,FL,Orlando North,FL - Orlando North,1788962400000
2026-09-09T13:30:53Z,153,2026-09-14,FL,Orlando North,FL - Orlando North,1789394400000
2026-09-09T13:30:53Z,153,,FL,Orlando North,FL - Orlando North,
2026-09-09T13:30:53Z,156,2026-09-14,IL,Wheeling,IL - Wheeling,1789405200000
2026-09-09T13:30:53Z,156,,IL,Wheeling,IL - Wheeling,
2026-09-09T13:30:53Z,398,2026-09-09,IA,Cedar Rapids,IA - Cedar Rapids,1788973200000
2026-09-09T13:30:53Z,398,2026-09-16,IA,Cedar Rapids,IA - Cedar Rapids,1789578000000
2026-09-09T13:30:53Z,398,,IA,Cedar Rapids,IA - Cedar Rapids,
2026-09-09T13:30:53Z,155,2026-09-10,NH,Candia,NH - Candia,1789048800000
2026-09-09T13:30:53Z,155,2026-09-15,NH,Candia,NH - Candia,1789480800000
2026-09-09T13:30:53Z,155,,NH,Candia,NH - Candia,
2026-09-09T13:30:53Z,157,2026-09-09,GA,Atlanta North,GA - Atlanta North,1788962400000
2026-09-09T13:30:53Z,157,2026-09-16,GA,Atlanta North,GA - Atlanta North,1789567200000
2026-09-09T13:30:53Z,157,,GA,Atlanta North,GA - Atlanta North,
2026-09-09T13:30:53Z,45,2026-09-11,TX,El Paso,TX - El Paso,1789149600000
2026-09-09T13:30:53Z,45,2026-09-18,TX,El Paso,TX - El Paso,1789754400000
2026-09-09T13:30:53Z,45,,TX,El Paso,TX - El Paso,
2026-09-09T13:30:53Z,159,2026-09-09,MI,Flint,MI - Flint,1788962400000
2026-09-09T13:30:53Z,159,2026-09-16,MI,Flint,MI - Flint,1789567200000
2026-09-09T13:30:53Z,159,,MI,Flint,MI - Flint,
2026-09-09T13:30:53Z,43,2026-09-08,CA,Van Nuys,CA - Van Nuys,1788894000000
2026-09-09T13:30:53Z,43,2026-09-11,CA,Van Nuys,CA - Van Nuys,1789153200000
2026-09-09T13:30:53Z,43,,CA,Van Nuys,CA - Van Nuys,
2026-09-09T13:30:53Z,833,2026-09-15,,"Heavy Truck, Trailer, Rv Clean Title Sale","Heavy Truck, Trailer, Rv Clean Title Sale",1789488000000
2026-09-09T13:30:53Z,833,2026-09-22,,"Heavy Truck, Trailer, Rv Clean Title Sale","Heavy Truck, Trailer, Rv Clean Title Sale",1790092800000
2026-09-09T13:30:53Z,833,,,"Heavy Truck, Trailer, Rv Clean Title Sale","Heavy Truck, Trailer, Rv Clean Title Sale",
2026-09-09T13:30:53Z,832,2026-09-14,,Medium Duty Clean Title Sale,Medium Duty Clean Title Sale,1789401600000
2026-09-09T13:30:53Z,832,2026-09-21,,Medium Duty Clean Title Sale,Medium Duty Clean Title Sale,1790006400000
2026-09-09T13:30:53Z,832,,,Medium Duty Clean Title Sale,Medium Duty Clean Title Sale,
2026-09-09T13:30:53Z,44,2026-09-11,IN,Indianapolis,IN - Indianapolis,1789135200000
2026-09-09T13:30:53Z,44,2026-09-15,IN,Indianapolis,IN - Indianapolis,1789480800000
2026-09-09T13:30:53Z,44,,IN,Indianapolis,IN - Indianapolis,
2026-09-09T13:30:53Z,835,2026-09-09,,Medium Duty Specialty Sale,Medium Duty Specialty Sale,1788969600000
2026-09-09T13:30:53Z,835,2026-09-16,,Medium Duty Specialty Sale,Medium Duty Specialty Sale,1789574400000
2026-09-09T13:30:53Z,835,,,Medium Duty Specialty Sale,Medium Duty Specialty Sale,
2026-09-09T13:30:53Z,41,2026-09-14,NC,China Grove,NC - China Grove,1789394400000
2026-09-09T13:30:53Z,41,,NC,China Grove,NC - China Grove,
2026-09-09T13:30:53Z,837,2026-09-11,,Equipment Specialty Sale,Equipment Specialty Sale,1789142400000
2026-09-09T13:30:53Z,837,2026-09-18,,Equipment Specialty Sale,Equipment Specialty Sale,1789747200000
2026-09-09T13:30:53Z,837,,,Equipment Specialty Sale,Equipment Specialty Sale,
2026-09-09T13:30:53Z,40,2026-09-11,MS,Jackson,MS - Jackson,1789146000000
2026-09-09T13:30:53Z,40,,MS,Jackson,MS - Jackson,
2026-09-09T13:30:53Z,836,2026-09-10,,"Heavy Truck, Trailer, Rv Specialty Sale","Heavy Truck, Trailer, Rv Specialty Sale",1789056000000
2026-09-09T13:30:53Z,836,2026-09-17,,"Heavy Truck, Trailer, Rv Specialty Sale","Heavy Truck, Trailer, Rv Specialty Sale",1789660800000
2026-09-09T13:30:53Z,836,,,"Heavy Truck, Trailer, Rv Specialty Sale","Heavy Truck, Trailer, Rv Specialty Sale",
2026-09-09T13:30:53Z,58,2026-09-14,AL,Mobile,AL - Mobile,1789405200000
2026-09-09T13:30:53Z,58,2026-09-21,AL,Mobile,AL - Mobile,1790010000000
2026-09-09T13:30:53Z,58,,AL,Mobile,AL - Mobile,
2026-09-09T13:30:53Z,59,2026-09-11,CA,San Diego,CA - San Diego,1789153200000
2026-09-09T13:30:53Z,59,2026-09-15,CA,San Diego,CA - San Diego,1789498800000
2026-09-09T13:30:53Z,59,,CA,San Diego,CA - San Diego,
2026-09-09T13:30:53Z,141,2026-09-14,MO,Sikeston,MO - Sikeston,1789405200000
2026-09-09T13:30:53Z,141,2026-09-28,MO,Sikeston,MO - Sikeston,1790614800000
2026-09-09T13:30:53Z,141,,MO,Sikeston,MO - Sikeston,
2026-09-09T13:30:53Z,140,2026-09-09,AR,Fayetteville,AR - Fayetteville,1788973200000
2026-09-09T13:30:53Z,140,2026-09-14,AR,Fayetteville,AR - Fayetteville,1789405200000
2026-09-09T13:30:53Z,140,,AR,Fayetteville,AR - Fayetteville,
2026-09-09T13:30:53Z,385,2026-09-10,MI,Wayland,MI - Wayland,1789048800000
2026-09-09T13:30:53Z,385,2026-09-17,MI,Wayland,MI - Wayland,1789653600000
2026-09-09T13:30:53Z,385,,MI,Wayland,MI - Wayland,
2026-09-09T13:30:53Z,143,2026-09-10,KY,Louisville,KY - Louisville,1789048800000
2026-09-09T13:30:53Z,143,2026-09-14,KY,Louisville,KY - Louisville,1789394400000
2026-09-09T13:30:53Z,143,,KY,Louisville,KY - Louisville,
2026-09-09T13:30:53Z,142,2026-09-09,PA,Scranton,PA - Scranton,1788962400000
2026-09-09T13:30:53Z,142,2026-09-16,PA,Scranton,PA - Scranton,1789567200000
2026-09-09T13:30:53Z,142,,PA,Scranton,PA - Scranton,
2026-09-09T13:30:53Z,384,2026-09-09,ME,Windham,ME - Windham,1788962400000
2026-09-09T13:30:53Z,384,2026-09-11,ME,Windham,ME - Windham,1789135200000
2026-09-09T13:30:53Z,384,,ME,Windham,ME - Windham,
2026-09-09T13:30:53Z,145,2026-09-10,AL,Montgomery,AL - Montgomery,1789059600000
2026-09-09T13:30:53Z,145,2026-09-17,AL,Montgomery,AL - Montgomery,1789664400000
2026-09-09T13:30:53Z,145,,AL,Montgomery,AL - Montgomery,
2026-09-09T13:30:53Z,386,2026-09-14,LA,Vinton,LA - Vinton,1789405200000
2026-09-09T13:30:53Z,386,,LA,Vinton,LA - Vinton,
2026-09-09T13:30:53Z,144,2026-09-09,SC,Spartanburg,SC - Spartanburg,1788962400000
2026-09-09T13:30:53Z,144,2026-09-14,SC,Spartanburg,SC - Spartanburg,1789394400000
2026-09-09T13:30:53Z,144,,SC,Spartanburg,SC - Spartanburg,
2026-09-09T13:30:53Z,146,2026-09-10,GA,Atlanta South,GA - Atlanta South,1789048800000
2026-09-09T13:30:53Z,146,2026-09-15,GA,Atlanta South,GA - Atlanta South,1789480800000
2026-09-09T13:30:53Z,146,,GA,Atlanta South,GA - Atlanta South,
2026-09-09T13:30:53Z,56,2026-09-11,SC,Columbia,SC - Columbia,1789135200000
2026-09-09T13:30:53Z,56,2026-09-18,SC,Columbia,SC - Columbia,1789740000000
2026-09-09T13:30:53Z,56,,SC,Columbia,SC - Columbia,
2026-09-09T13:30:53Z,149,2026-09-09,MA,West Warren,MA - West Warren,1788962400000
2026-09-09T13:30:53Z,149,2026-09-16,MA,West Warren,MA - West Warren,1789567200000
2026-09-09T13:30:53Z,149,,MA,West Warren,MA - West Warren,
2026-09-09T13:30:53Z,57,2026-09-08,NV,Las Vegas,NV - Las Vegas,1788894000000
2026-09-09T13:30:53Z,57,2026-09-10,NV,Las Vegas,NV - Las Vegas,1789066800000
2026-09-09T13:30:53Z,57,,NV,Las Vegas,NV - Las Vegas,
2026-09-09T13:30:53Z,148,2026-09-09,FL,Miami South,FL - Miami South,1788962400000
2026-09-09T13:30:53Z,148,2026-09-16,FL,Miami South,FL - Miami South,1789567200000
2026-09-09T13:30:53Z,148,,FL,Miami South,FL - Miami South,
2026-09-09T13:30:53Z,54,2026-09-10,NC,Raleigh,NC - Raleigh,1789048800000
2026-09-09T13:30:53Z,54,2026-09-15,NC,Raleigh,NC - Raleigh,1789480800000
2026-09-09T13:30:53Z,54,,NC,Raleigh,NC - Raleigh,
2026-09-09T13:30:53Z,55,2026-09-10,FL,Orlando South,FL - Orlando South,1789048800000
2026-09-09T13:30:53Z,55,2026-09-15,FL,Orlando South,FL - Orlando South,1789480800000
2026-09-09T13:30:53Z,55,,FL,Orlando South,FL - Orlando South,
2026-09-09T13:30:53Z,52,2026-09-14,MN,St. Cloud,MN - St. Cloud,1789405200000
2026-09-09T13:30:53Z,52,,MN,St. Cloud,MN - St. Cloud,
2026-09-09T13:30:53Z,53,2026-09-09,MA,North Boston,MA - North Boston,1788962400000
2026-09-09T13:30:53Z,53,2026-09-10,MA,North Boston,MA - North Boston,1789048800000
2026-09-09T13:30:53Z,53,,MA,North Boston,MA - North Boston,
2026-09-09T13:30:53Z,50,2026-09-11,LA,Baton Rouge,LA - Baton Rouge,1789146000000
2026-09-09T13:30:53Z,50,2026-09-15,LA,Baton Rouge,LA - Baton Rouge,1789491600000
2026-09-09T13:30:53Z,50,,LA,Baton Rouge,LA - Baton Rouge,
2026-09-09T13:30:53Z,51,2026-09-14,IL,Peoria,IL - Peoria,1789405200000
2026-09-09T13:30:53Z,51,,IL,Peoria,IL - Peoria,
2026-09-09T13:30:53Z,69,2026-09-15,NJ,Glassboro West,NJ - Glassboro West,1789480800000
2026-09-09T13:30:53Z,69,,NJ,Glassboro West,NJ - Glassboro West,
2026-09-09T13:30:53Z,181,2026-09-10,TX,Dallas South,TX - Dallas South,1789059600000
2026-09-09T13:30:53Z,181,2026-09-14,TX,Dallas South,TX - Dallas South,1789405200000
2026-09-09T13:30:53Z,181,,TX,Dallas South,TX - Dallas South,
2026-09-09T13:30:53Z,180,2026-09-09,CA,Sun Valley,CA - Sun Valley,1788980400000
2026-09-09T13:30:53Z,180,2026-09-14,CA,Sun Valley,CA - Sun Valley,1789412400000
2026-09-09T13:30:53Z,180,,CA,Sun Valley,CA - Sun Valley,
2026-09-09T13:30:53Z,182,2026-09-09,TX,Waco,TX - Waco,1788973200000
2026-09-09T13:30:53Z,182,2026-09-16,TX,Waco,TX - Waco,1789578000000
2026-09-09T13:30:53Z,182,,TX,Waco,TX - Waco,
2026-09-09T13:30:53Z,174,2026-09-09,PA,Pittsburgh West,PA - Pittsburgh West,1788962400000
2026-09-09T13:30:53Z,174,2026-09-16,PA,Pittsburgh West,PA - Pittsburgh West,1789567200000
2026-09-09T13:30:53Z,174,,PA,Pittsburgh West,PA - Pittsburgh West,
2026-09-09T13:30:53Z,295,2026-09-10,,Atlantic Canada Auction,Atlantic Canada Auction,1789056000000
2026-09-09T13:30:53Z,295,2026-09-17,,Atlantic Canada Auction,Atlantic Canada Auction,1789660800000
2026-09-09T13:30:53Z,295,,,Atlantic Canada Auction,Atlantic Canada Auction,
2026-09-09T13:30:53Z,60,2026-09-11,IA,Des Moines,IA - Des Moines,1789146000000
2026-09-09T13:30:53Z,60,2026-09-25,IA,Des Moines,IA - Des Moines,1790355600000
2026-09-09T13:30:53Z,60,,IA,Des Moines,IA - Des Moines,
2026-09-09T13:30:53Z,173,2026-09-14,GA,Fairburn,GA - Fairburn,1789394400000
2026-09-09T13:30:53Z,173,,GA,Fairburn,GA - Fairburn,
2026-09-09T13:30:53Z,294,2026-09-10,,Ontario Auction,Ontario Auction,1789048800000
2026-09-09T13:30:53Z,294,2026-09-15,,Ontario Auction,Ontario Auction,1789480800000
2026-09-09T13:30:53Z,294,,,Ontario Auction,Ontario Auction,
2026-09-09T13:30:53Z,175,2026-09-10,GA,Cartersville,GA - Cartersville,1789048800000
2026-09-09T13:30:53Z,175,2026-09-17,GA,Cartersville,GA - Cartersville,1789653600000
2026-09-09T13:30:53Z,175,,GA,Cartersville,GA - Cartersville,
2026-09-09T13:30:53Z,850,,,Connecticut Friday Sale,Connecticut Friday Sale,
2026-09-09T13:30:53Z,67,2026-09-09,KS,Wichita,KS - Wichita,1788973200000
2026-09-09T13:30:53Z,67,2026-09-14,KS,Wichita,KS - Wichita,1789405200000
2026-09-09T13:30:53Z,67,,KS,Wichita,KS - Wichita,
2026-09-09T13:30:53Z,68,2026-09-10,CO,Denver,CO - Denver,1789063200000
2026-09-09T13:30:53Z,68,2026-09-15,CO,Denver,CO - Denver,1789495200000
2026-09-09T13:30:53Z,68,,CO,Denver,CO - Denver,
2026-09-09T13:30:53Z,65,2026-09-09,TX,McAllen,TX - McAllen,1788973200000
2026-09-09T13:30:53Z,65,2026-09-16,TX,McAllen,TX - McAllen,1789578000000
2026-09-09T13:30:53Z,65,,TX,McAllen,TX - McAllen,
2026-09-09T13:30:53Z,855,2026-09-10,,Wholesale Auction,Wholesale Auction,1789056000000
2026-09-09T13:30:53Z,855,2026-09-15,,Wholesale Auction,Wholesale Auction,1789488000000
2026-09-09T13:30:53Z,855,,,Wholesale Auction,Wholesale Auction,
2026-09-09T13:30:53Z,66,2026-09-09,AL,Tanner,AL - Tanner,1788973200000
2026-09-09T13:30:53Z,66,2026-09-16,AL,Tanner,AL - Tanner,1789578000000
2026-09-09T13:30:53Z,66,,AL,Tanner,AL - Tanner,
2026-09-09T13:30:53Z,63,2026-09-09,TN,Nashville,TN - Nashville,1788973200000
2026-09-09T13:30:53Z,63,2026-09-14,TN,Nashville,TN - Nashville,1789405200000
2026-09-09T13:30:53Z,63,,TN,Nashville,TN - Nashville,
2026-09-09T13:30:53Z,61,2026-09-11,MI,Detroit,MI - Detroit,1789135200000
2026-09-09T13:30:53Z,61,2026-09-15,MI,Detroit,MI - Detroit,1789480800000
2026-09-09T13:30:53Z,61,,MI,Detroit,MI - Detroit,
2026-09-09T13:30:53Z,62,2026-09-10,TX,Austin,TX - Austin,1789059600000
2026-09-09T13:30:53Z,62,2026-09-17,TX,Austin,TX - Austin,1789664400000
2026-09-09T13:30:53Z,62,,TX,Austin,TX - Austin,
2026-09-09T13:30:53Z,170,2026-09-15,IN,Cicero,IN - Cicero,1789480800000
2026-09-09T13:30:53Z,170,2026-10-06,IN,Cicero,IN - Cicero,1791295200000
2026-09-09T13:30:53Z,170,,IN,Cicero,IN - Cicero,
2026-09-09T13:30:53Z,292,2026-09-09,,Wholesale Auction Canada,Wholesale Auction Canada,1788973200000
2026-09-09T13:30:53Z,292,2026-09-16,,Wholesale Auction Canada,Wholesale Auction Canada,1789578000000
2026-09-09T13:30:53Z,292,,,Wholesale Auction Canada,Wholesale Auction Canada,
2026-09-09T13:30:53Z,163,2026-09-09,FL,Jacksonville North,FL - Jacksonville North,1788962400000
2026-09-09T13:30:53Z,163,2026-09-14,FL,Jacksonville North,FL - Jacksonville North,1789394400000
2026-09-09T13:30:53Z,163,,FL,Jacksonville North,FL - Jacksonville North,
2026-09-09T13:30:53Z,70,2026-09-10,FL,West Palm Beach,FL - West Palm Beach,1789048800000
2026-09-09T13:30:53Z,70,2026-09-15,FL,West Palm Beach,FL - West Palm Beach,1789480800000
2026-09-09T13:30:53Z,70,,FL,West Palm Beach,FL - West Palm Beach,
2026-09-09T13:30:53Z,71,2026-09-11,WA,Pasco,WA - Pasco,1789153200000
2026-09-09T13:30:53Z,71,,WA,Pasco,WA - Pasco,
2026-09-09T13:30:53Z,162,2026-09-15,VA,Hampton,VA - Hampton,1789480800000
2026-09-09T13:30:53Z,162,,VA,Hampton,VA - Hampton,
2026-09-09T13:30:53Z,164,2026-09-09,PA,Philadelphia East,PA - Philadelphia East,1788962400000
2026-09-09T13:30:53Z,164,2026-09-14,PA,Philadelphia East,PA - Philadelphia East,1789394400000
2026-09-09T13:30:53Z,164,,PA,Philadelphia East,PA - Philadelphia East,
2026-09-09T13:30:53Z,166,2026-09-09,OH,Dayton,OH - Dayton,1788962400000
2026-09-09T13:30:53Z,166,2026-09-11,OH,Dayton,OH - Dayton,1789135200000
2026-09-09T13:30:53Z,166,,OH,Dayton,OH - Dayton,
2026-09-09T13:30:53Z,169,2026-09-09,IA,Davenport,IA - Davenport,1788973200000
2026-09-09T13:30:53Z,169,2026-09-16,IA,Davenport,IA - Davenport,1789578000000
2026-09-09T13:30:53Z,169,,IA,Davenport,IA - Davenport,
2026-09-09T13:30:53Z,78,2026-09-09,CA,Martinez,CA - Martinez,1788980400000
2026-09-09T13:30:53Z,78,2026-09-14,CA,Martinez,CA - Martinez,1789412400000
2026-09-09T13:30:53Z,78,,CA,Martinez,CA - Martinez,
2026-09-09T13:30:53Z,841,2026-09-10,,CrashedToys Powersport Auction,CrashedToys Powersport Auction,1789059600000
2026-09-09T13:30:53Z,841,2026-09-17,,CrashedToys Powersport Auction,CrashedToys Powersport Auction,1789664400000
2026-09-09T13:30:53Z,841,,,CrashedToys Powersport Auction,CrashedToys Powersport Auction,
2026-09-09T13:30:53Z,79,2026-09-09,LA,New Orleans,LA - New Orleans,1788973200000
2026-09-09T13:30:53Z,79,2026-09-16,LA,New Orleans,LA - New Orleans,1789578000000
2026-09-09T13:30:53Z,79,,LA,New Orleans,LA - New Orleans,
2026-09-09T13:30:53Z,76,2026-09-15,PA,Harrisburg,PA - Harrisburg,1789480800000
2026-09-09T13:30:53Z,76,,PA,Harrisburg,PA - Harrisburg,
2026-09-09T13:30:53Z,74,2026-09-10,TX,San Antonio,TX - San Antonio,1789059600000
2026-09-09T13:30:53Z,74,2026-09-17,TX,San Antonio,TX - San Antonio,1789664400000
2026-09-09T13:30:53Z,74,,TX,San Antonio,TX - San Antonio,
2026-09-09T13:30:53Z,75,2026-09-10,NM,Albuquerque,NM - Albuquerque,1789063200000
2026-09-09T13:30:53Z,75,2026-09-14,NM,Albuquerque,NM - Albuquerque,1789408800000
2026-09-09T13:30:53Z,75,,NM,Albuquerque,NM - Albuquerque,
2026-09-09T13:30:53Z,72,2026-09-10,ID,Boise,ID - Boise,1789063200000
2026-09-09T13:30:53Z,72,2026-09-17,ID,Boise,ID - Boise,1789668000000
2026-09-09T13:30:53Z,72,,ID,Boise,ID - Boise,
2026-09-09T13:30:53Z,73,2026-09-11,TX,Abilene,TX - Abilene,1789146000000
2026-09-09T13:30:53Z,73,2026-09-18,TX,Abilene,TX - Abilene,1789750800000
2026-09-09T13:30:53Z,73,,TX,Abilene,TX - Abilene,
2026-09-09T13:30:53Z,196,2026-09-09,NC,Mocksville,NC - Mocksville,1788962400000
2026-09-09T13:30:53Z,196,2026-09-16,NC,Mocksville,NC - Mocksville,1789567200000
2026-09-09T13:30:53Z,196,,NC,Mocksville,NC - Mocksville,
2026-09-09T13:30:53Z,197,2026-09-09,SC,North Charleston,SC - North Charleston,1788962400000
2026-09-09T13:30:53Z,197,2026-09-14,SC,North Charleston,SC - North Charleston,1789394400000
2026-09-09T13:30:53Z,197,,SC,North Charleston,SC - North Charleston,
2026-09-09T13:30:53Z,199,2026-09-10,RI,Exeter,RI - Exeter,1789048800000
2026-09-09T13:30:53Z,199,2026-09-15,RI,Exeter,RI - Exeter,1789480800000
2026-09-09T13:30:53Z,199,,RI,Exeter,RI - Exeter,
2026-09-09T13:30:53Z,18,2026-09-10,OK,Oklahoma City,OK - Oklahoma City,1789059600000
2026-09-09T13:30:53Z,18,2026-09-15,OK,Oklahoma City,OK - Oklahoma City,1789491600000
2026-09-09T13:30:53Z,18,,OK,Oklahoma City,OK - Oklahoma City,
2026-09-09T13:30:53Z,19,2026-09-09,OK,Tulsa,OK - Tulsa,1788973200000
2026-09-09T13:30:53Z,19,2026-09-11,OK,Tulsa,OK - Tulsa,1789146000000
2026-09-09T13:30:53Z,19,,OK,Tulsa,OK - Tulsa,
2026-09-09T13:30:53Z,16,2026-09-14,CA,So Sacramento,CA - So Sacramento,1789412400000
2026-09-09T13:30:53Z,16,,CA,So Sacramento,CA - So Sacramento,
2026-09-09T13:30:53Z,14,2026-09-14,TX,Longview,TX - Longview,1789405200000
2026-09-09T13:30:53Z,14,2026-09-28,TX,Longview,TX - Longview,1790614800000
2026-09-09T13:30:53Z,14,,TX,Longview,TX - Longview,
2026-09-09T13:30:53Z,15,2026-09-11,GA,Atlanta West,GA - Atlanta West,1789135200000
2026-09-09T13:30:53Z,15,2026-09-15,GA,Atlanta West,GA - Atlanta West,1789480800000
2026-09-09T13:30:53Z,15,,GA,Atlanta West,GA - Atlanta West,
2026-09-09T13:30:53Z,190,2026-09-10,CA,Napa,CA - Napa,1789066800000
2026-09-09T13:30:53Z,190,2026-09-14,CA,Napa,CA - Napa,1789412400000
2026-09-09T13:30:53Z,190,,CA,Napa,CA - Napa,
2026-09-09T13:30:53Z,191,2026-09-14,WI,Appleton,WI - Appleton,1789405200000
2026-09-09T13:30:53Z,191,,WI,Appleton,WI - Appleton,
2026-09-09T13:30:53Z,194,2026-09-09,VA,Fredericksburg,VA - Fredericksburg,1788962400000
2026-09-09T13:30:53Z,194,2026-09-16,VA,Fredericksburg,VA - Fredericksburg,1789567200000
2026-09-09T13:30:53Z,194,,VA,Fredericksburg,VA - Fredericksburg,
2026-09-09T13:30:53Z,193,2026-09-09,CO,Denver South,CO - Denver South,1788976800000
2026-09-09T13:30:53Z,193,2026-09-14,CO,Denver South,CO - Denver South,1789408800000
2026-09-09T13:30:53Z,193,,CO,Denver South,CO - Denver South,
2026-09-09T13:30:53Z,185,2026-09-09,TX,Andrews,TX - Andrews,1788973200000
2026-09-09T13:30:53Z,185,2026-09-16,TX,Andrews,TX - Andrews,1789578000000
2026-09-09T13:30:53Z,185,,TX,Andrews,TX - Andrews,
2026-09-09T13:30:53Z,184,2026-09-15,AL,Mobile South,AL - Mobile South,1789491600000
2026-09-09T13:30:53Z,184,2026-09-22,AL,Mobile South,AL - Mobile South,1790096400000
2026-09-09T13:30:53Z,184,,AL,Mobile South,AL - Mobile South,
2026-09-09T13:30:53Z,187,2026-09-10,GA,Macon,GA - Macon,1789048800000
2026-09-09T13:30:53Z,187,2026-09-17,GA,Macon,GA - Macon,1789653600000
2026-09-09T13:30:53Z,187,,GA,Macon,GA - Macon,
2026-09-09T13:30:53Z,186,2026-09-09,CA,Long Beach,CA - Long Beach,1788980400000
2026-09-09T13:30:53Z,186,2026-09-11,CA,Long Beach,CA - Long Beach,1789153200000
2026-09-09T13:30:53Z,186,,CA,Long Beach,CA - Long Beach,
2026-09-09T13:30:53Z,189,2026-09-09,IL,Southern Illinois,IL - Southern Illinois,1788973200000
2026-09-09T13:30:53Z,189,2026-09-14,IL,Southern Illinois,IL - Southern Illinois,1789405200000
2026-09-09T13:30:53Z,189,,IL,Southern Illinois,IL - Southern Illinois,
2026-09-09T13:30:53Z,188,2026-09-14,UT,Ogden,UT - Ogden,1789408800000
2026-09-09T13:30:53Z,188,,UT,Ogden,UT - Ogden,
2026-09-09T13:30:53Z,12,2026-09-10,TX,Dallas,TX - Dallas,1789059600000
2026-09-09T13:30:53Z,12,2026-09-14,TX,Dallas,TX - Dallas,1789405200000
2026-09-09T13:30:53Z,12,,TX,Dallas,TX - Dallas,
2026-09-09T13:30:53Z,13,2026-09-14,TX,Lufkin,TX - Lufkin,1789405200000
2026-09-09T13:30:53Z,13,2026-10-05,TX,Lufkin,TX - Lufkin,1791219600000
2026-09-09T13:30:53Z,13,,TX,Lufkin,TX - Lufkin,
2026-09-09T13:30:53Z,10,2026-09-08,CA,Los Angeles,CA - Los Angeles,1788894000000
2026-09-09T13:30:53Z,10,2026-09-10,CA,Los Angeles,CA - Los Angeles,1789066800000
2026-09-09T13:30:53Z,10,,CA,Los Angeles,CA - Los Angeles,
2026-09-09T13:30:53Z,11,2026-09-11,TX,Houston,TX - Houston,1789146000000
2026-09-09T13:30:53Z,11,2026-09-15,TX,Houston,TX - Houston,1789491600000
2026-09-09T13:30:53Z,11,,TX,Houston,TX - Houston,
2026-09-09T13:30:53Z,29,2026-09-11,OH,Columbus,OH - Columbus,1789135200000
2026-09-09T13:30:53Z,29,2026-09-15,OH,Columbus,OH - Columbus,1789480800000
2026-09-09T13:30:53Z,29,,OH,Columbus,OH - Columbus,
2026-09-09T13:30:53Z,27,2026-09-10,MA,South Boston,MA - South Boston,1789048800000
2026-09-09T13:30:53Z,27,2026-09-14,MA,South Boston,MA - South Boston,1789394400000
2026-09-09T13:30:53Z,27,,MA,South Boston,MA - South Boston,
2026-09-09T13:30:53Z,28,2026-09-10,PA,Pittsburgh North,PA - Pittsburgh North,1789048800000
2026-09-09T13:30:53Z,28,2026-09-17,PA,Pittsburgh North,PA - Pittsburgh North,1789653600000
2026-09-09T13:30:53Z,28,,PA,Pittsburgh North,PA - Pittsburgh North,
2026-09-09T13:30:53Z,25,2026-09-09,NY,Syracuse,NY - Syracuse,1788962400000
2026-09-09T13:30:53Z,25,2026-09-14,NY,Syracuse,NY - Syracuse,1789394400000
2026-09-09T13:30:53Z,25,,NY,Syracuse,NY - Syracuse,
2026-09-09T13:30:53Z,26,2026-09-11,PA,Philadelphia,PA - Philadelphia,1789135200000
2026-09-09T13:30:53Z,26,2026-09-15,PA,Philadelphia,PA - Philadelphia,1789480800000
2026-09-09T13:30:53Z,26,,PA,Philadelphia,PA - Philadelphia,
2026-09-09T13:30:53Z,23,2026-09-11,CT,Hartford,CT - Hartford,1789135200000
2026-09-09T13:30:53Z,23,2026-09-15,CT,Hartford,CT - Hartford,1789480800000
2026-09-09T13:30:53Z,23,,CT,Hartford,CT - Hartford,
2026-09-09T13:30:53Z,24,2026-09-10,NY,Newburgh,NY - Newburgh,1789048800000
2026-09-09T13:30:53Z,24,2026-09-14,NY,Newburgh,NY - Newburgh,1789394400000
2026-09-09T13:30:53Z,24,,NY,Newburgh,NY - Newburgh,
2026-09-09T13:30:53Z,21,2026-09-09,AR,Little Rock,AR - Little Rock,1788973200000
2026-09-09T13:30:53Z,21,2026-09-14,AR,Little Rock,AR - Little Rock,1789405200000
2026-09-09T13:30:53Z,21,,AR,Little Rock,AR - Little Rock,
2026-09-09T13:30:53Z,22,2026-09-10,TN,Memphis,TN - Memphis,1789059600000
2026-09-09T13:30:53Z,22,2026-09-15,TN,Memphis,TN - Memphis,1789491600000
2026-09-09T13:30:53Z,22,,TN,Memphis,TN - Memphis,
2026-09-09T13:30:53Z,20,2026-09-11,MO,St. Louis,MO - St. Louis,1789146000000
2026-09-09T13:30:53Z,20,2026-09-15,MO,St. Louis,MO - St. Louis,1789491600000
2026-09-09T13:30:53Z,20,,MO,St. Louis,MO - St. Louis,
2026-09-09T13:30:53Z,36,2026-09-10,IL,Chicago North,IL - Chicago North,1789059600000
2026-09-09T13:30:53Z,36,2026-09-15,IL,Chicago North,IL - Chicago North,1789491600000
2026-09-09T13:30:53Z,36,,IL,Chicago North,IL - Chicago North,
2026-09-09T13:30:53Z,37,2026-09-10,MN,Minneapolis,MN - Minneapolis,1789059600000
2026-09-09T13:30:53Z,37,2026-09-15,MN,Minneapolis,MN - Minneapolis,1789491600000
2026-09-09T13:30:53Z,37,,MN,Minneapolis,MN - Minneapolis,
2026-09-09T13:30:53Z,880,2026-09-08,*NCS,Eastern Region,*NCS - Eastern Region,1788915600000
2026-09-09T13:30:53Z,880,2026-09-09,*NCS,Eastern Region,*NCS - Eastern Region,1789002000000
2026-09-09T13:30:53Z,880,,*NCS,Eastern Region,*NCS - Eastern Region,
2026-09-09T13:30:53Z,882,2026-09-08,*NCS,Mountain Region,*NCS - Mountain Region,1788915600000
2026-09-09T13:30:53Z,882,2026-09-09,*NCS,Mountain Region,*NCS - Mountain Region,1789002000000
2026-09-09T13:30:53Z,882,,*NCS,Mountain Region,*NCS - Mountain Region,
2026-09-09T13:30:53Z,881,2026-09-08,*NCS,Central Region,*NCS - Central Region,1788915600000
2026-09-09T13:30:53Z,881,2026-09-09,*NCS,Central Region,*NCS - Central Region,1789002000000
2026-09-09T13:30:53Z,881,,*NCS,Central Region,*NCS - Central Region,
2026-09-09T13:30:53Z,883,2026-09-08,*NCS,Pacific Region,*NCS - Pacific Region,1788915600000
2026-09-09T13:30:53Z,883,2026-09-09,*NCS,Pacific Region,*NCS - Pacific Region,1789002000000
2026-09-09T13:30:53Z,883,,*NCS,Pacific Region,*NCS - Pacific Region,
2026-09-09T13:30:53Z,34,2026-09-11,FL,Tampa South,FL - Tampa South,1789135200000
2026-09-09T13:30:53Z,34,2026-09-15,FL,Tampa South,FL - Tampa South,1789480800000
2026-09-09T13:30:53Z,34,,FL,Tampa South,FL - Tampa South,
2026-09-09T13:30:53Z,35,2026-09-14,NY,Rochester,NY - Rochester,1789394400000
2026-09-09T13:30:53Z,35,2026-09-21,NY,Rochester,NY - Rochester,1789999200000
2026-09-09T13:30:53Z,35,,NY,Rochester,NY - Rochester,
2026-09-09T13:30:53Z,32,2026-09-11,DC,Washington DC,DC - Washington DC,1789135200000
2026-09-09T13:30:53Z,32,2026-09-15,DC,Washington DC,DC - Washington DC,1789480800000
2026-09-09T13:30:53Z,32,,DC,Washington DC,DC - Washington DC,
2026-09-09T13:30:53Z,33,2026-09-11,FL,Miami North,FL - Miami North,1789135200000
2026-09-09T13:30:53Z,33,2026-09-15,FL,Miami North,FL - Miami North,1789480800000
2026-09-09T13:30:53Z,33,,FL,Miami North,FL - Miami North,
2026-09-09T13:30:53Z,30,2026-09-09,NY,Long Island,NY - Long Island,1788962400000
2026-09-09T13:30:53Z,30,2026-09-11,NY,Long Island,NY - Long Island,1789135200000
2026-09-09T13:30:53Z,30,,NY,Long Island,NY - Long Island,
2026-09-09T13:30:53Z,31,2026-09-10,NJ,Glassboro East,NJ - Glassboro East,1789048800000
2026-09-09T13:30:53Z,31,2026-09-15,NJ,Glassboro East,NJ - Glassboro East,1789480800000
2026-09-09T13:30:53Z,31,,NJ,Glassboro East,NJ - Glassboro East,
2026-09-10T04:25:18Z,303,,,Tss Test Yard,Tss Test Yard,
2026-09-10T04:25:18Z,309,2026-09-14,CA,Adelanto,CA - Adelanto,1789412400000
2026-09-10T04:25:18Z,309,,CA,Adelanto,CA - Adelanto,
2026-09-10T04:25:18Z,308,2026-09-15,WI,Madison South,WI - Madison South,1789491600000
2026-09-10T04:25:18Z,308,,WI,Madison South,WI - Madison South,
2026-09-10T04:25:18Z,336,2026-09-11,UT,Salt Lake City,UT - Salt Lake City,1789149600000
2026-09-10T04:25:18Z,336,2026-09-15,UT,Salt Lake City,UT - Salt Lake City,1789495200000
2026-09-10T04:25:18Z,336,,UT,Salt Lake City,UT - Salt Lake City,
2026-09-10T04:25:18Z,335,2026-09-11,FL,Tampa North,FL - Tampa North,1789135200000
2026-09-10T04:25:18Z,335,2026-09-15,FL,Tampa North,FL - Tampa North,1789480800000
2026-09-10T04:25:18Z,335,,FL,Tampa North,FL - Tampa North,
2026-09-10T04:25:18Z,338,2026-09-14,NC,Lumberton,NC - Lumberton,1789394400000
2026-09-10T04:25:18Z,338,,NC,Lumberton,NC - Lumberton,
2026-09-10T04:25:18Z,337,2026-09-11,WA,Spanaway,WA - Spanaway,1789153200000
2026-09-10T04:25:18Z,337,2026-09-15,WA,Spanaway,WA - Spanaway,1789498800000
2026-09-10T04:25:18Z,337,,WA,Spanaway,WA - Spanaway,
2026-09-10T04:25:18Z,339,2026-09-16,WI,Milwaukee North,WI - Milwaukee North,1789578000000
2026-09-10T04:25:18Z,339,,WI,Milwaukee North,WI - Milwaukee North,
2026-09-10T04:25:18Z,204,2026-09-10,AB,Edmonton,AB - Edmonton,1789063200000
2026-09-10T04:25:18Z,204,2026-09-17,AB,Edmonton,AB - Edmonton,1789668000000
2026-09-10T04:25:18Z,204,,AB,Edmonton,AB - Edmonton,
2026-09-10T04:25:18Z,203,2026-09-15,AB,Calgary,AB - Calgary,1789495200000
2026-09-10T04:25:18Z,203,2026-09-29,AB,Calgary,AB - Calgary,1790704800000
2026-09-10T04:25:18Z,203,,AB,Calgary,AB - Calgary,
2026-09-10T04:25:18Z,326,2026-09-16,MS,Grenada,MS - Grenada,1789578000000
2026-09-10T04:25:18Z,326,,MS,Grenada,MS - Grenada,
2026-09-10T04:25:18Z,205,2026-09-15,QC,Montreal,QC - Montreal,1789488000000
2026-09-10T04:25:18Z,205,,QC,Montreal,QC - Montreal,
2026-09-10T04:25:18Z,328,2026-09-16,WY,Casper,WY - Casper,1789581600000
2026-09-10T04:25:18Z,328,,WY,Casper,WY - Casper,
2026-09-10T04:25:18Z,916,2026-09-16,AL,Cusseta,AL - Cusseta,1789578000000
2026-09-10T04:25:18Z,916,,AL,Cusseta,AL - Cusseta,
2026-09-10T04:25:18Z,350,2026-09-10,CT,Hartford Springfield,CT - Hartford Springfield,1789048800000
2026-09-10T04:25:18Z,350,2026-09-17,CT,Hartford Springfield,CT - Hartford Springfield,1789653600000
2026-09-10T04:25:18Z,350,,CT,Hartford Springfield,CT - Hartford Springfield,
2026-09-10T04:25:18Z,81,2026-09-11,IL,Chicago South,IL - Chicago South,1789146000000
2026-09-10T04:25:18Z,81,2026-09-16,IL,Chicago South,IL - Chicago South,1789578000000
2026-09-10T04:25:18Z,81,,IL,Chicago South,IL - Chicago South,
2026-09-10T04:25:18Z,82,2026-09-11,VA,Danville,VA - Danville,1789135200000
2026-09-10T04:25:18Z,82,2026-09-18,VA,Danville,VA - Danville,1789740000000
2026-09-10T04:25:18Z,82,,VA,Danville,VA - Danville,
2026-09-10T04:25:18Z,110,2026-09-14,HI,Honolulu,HI - Honolulu,1789423200000
2026-09-10T04:25:18Z,110,,HI,Honolulu,HI - Honolulu,
2026-09-10T04:25:18Z,80,2026-09-10,MN,Minneapolis North,MN - Minneapolis North,1789059600000
2026-09-10T04:25:18Z,80,2026-09-15,MN,Minneapolis North,MN - Minneapolis North,1789491600000
2026-09-10T04:25:18Z,80,,MN,Minneapolis North,MN - Minneapolis North,
2026-09-10T04:25:18Z,112,2026-09-10,OH,Cleveland West,OH - Cleveland West,1789048800000
2026-09-10T04:25:18Z,112,2026-09-14,OH,Cleveland West,OH - Cleveland West,1789394400000
2026-09-10T04:25:18Z,112,,OH,Cleveland West,OH - Cleveland West,
2026-09-10T04:25:18Z,111,2026-09-16,OH,Cleveland East,OH - Cleveland East,1789567200000
2026-09-10T04:25:18Z,111,,OH,Cleveland East,OH - Cleveland East,
2026-09-10T04:25:18Z,114,2026-09-10,TN,Knoxville,TN - Knoxville,1789048800000
2026-09-10T04:25:18Z,114,2026-09-15,TN,Knoxville,TN - Knoxville,1789480800000
2026-09-10T04:25:18Z,114,,TN,Knoxville,TN - Knoxville,
2026-09-10T04:25:18Z,356,2026-09-10,NC,Concord,NC - Concord,1789048800000
2026-09-10T04:25:18Z,356,2026-09-17,NC,Concord,NC - Concord,1789653600000
2026-09-10T04:25:18Z,356,,NC,Concord,NC - Concord,
2026-09-10T04:25:18Z,113,2026-09-15,AK,Anchorage,AK - Anchorage,1789502400000
2026-09-10T04:25:18Z,113,,AK,Anchorage,AK - Anchorage,
2026-09-10T04:25:18Z,89,2026-09-10,WV,Charleston,WV - Charleston,1789048800000
2026-09-10T04:25:18Z,89,2026-09-17,WV,Charleston,WV - Charleston,1789653600000
2026-09-10T04:25:18Z,89,,WV,Charleston,WV - Charleston,
2026-09-10T04:25:18Z,116,2026-09-16,WA,Spokane,WA - Spokane,1789585200000
2026-09-10T04:25:18Z,116,,WA,Spokane,WA - Spokane,
2026-09-10T04:25:18Z,115,2026-09-14,KY,Lexington East,KY - Lexington East,1789394400000
2026-09-10T04:25:18Z,115,2026-09-21,KY,Lexington East,KY - Lexington East,1789999200000
2026-09-10T04:25:18Z,115,,KY,Lexington East,KY - Lexington East,
2026-09-10T04:25:18Z,357,2026-09-10,TX,Houston East,TX - Houston East,1789059600000
2026-09-10T04:25:18Z,357,2026-09-14,TX,Houston East,TX - Houston East,1789405200000
2026-09-10T04:25:18Z,357,,TX,Houston East,TX - Houston East,
2026-09-10T04:25:18Z,118,2026-09-14,CO,Colorado Springs,CO - Colorado Springs,1789408800000
2026-09-10T04:25:18Z,118,2026-09-16,CO,Colorado Springs,CO - Colorado Springs,1789581600000
2026-09-10T04:25:18Z,118,,CO,Colorado Springs,CO - Colorado Springs,
2026-09-10T04:25:18Z,87,2026-09-10,GA,Savannah,GA - Savannah,1789048800000
2026-09-10T04:25:18Z,87,2026-09-14,GA,Savannah,GA - Savannah,1789394400000
2026-09-10T04:25:18Z,87,,GA,Savannah,GA - Savannah,
2026-09-10T04:25:18Z,117,2026-09-11,FL,Tallahassee,FL - Tallahassee,1789135200000
2026-09-10T04:25:18Z,117,2026-09-18,FL,Tallahassee,FL - Tallahassee,1789740000000
2026-09-10T04:25:18Z,117,,FL,Tallahassee,FL - Tallahassee,
2026-09-10T04:25:18Z,359,2026-09-15,GA,Augusta,GA - Augusta,1789480800000
2026-09-10T04:25:18Z,359,,GA,Augusta,GA - Augusta,
2026-09-10T04:25:18Z,88,2026-09-15,GA,Tifton,GA - Tifton,1789480800000
2026-09-10T04:25:18Z,88,,GA,Tifton,GA - Tifton,
2026-09-10T04:25:18Z,85,2026-09-16,PA,Pittsburgh South,PA - Pittsburgh South,1789567200000
2026-09-10T04:25:18Z,85,,PA,Pittsburgh South,PA - Pittsburgh South,
2026-09-10T04:25:18Z,86,2026-09-16,FL,Ft. Pierce,FL - Ft. Pierce,1789567200000
2026-09-10T04:25:18Z,86,,FL,Ft. Pierce,FL - Ft. Pierce,
2026-09-10T04:25:18Z,83,2026-09-16,KY,Lexington West,KY - Lexington West,1789567200000
2026-09-10T04:25:18Z,83,,KY,Lexington West,KY - Lexington West,
2026-09-10T04:25:18Z,84,2026-09-10,LA,Shreveport,LA - Shreveport,1789059600000
2026-09-10T04:25:18Z,84,2026-09-17,LA,Shreveport,LA - Shreveport,1789664400000
2026-09-10T04:25:18Z,84,,LA,Shreveport,LA - Shreveport,
2026-09-10T04:25:18Z,92,2026-09-14,MO,Springfield,MO - Springfield,1789405200000
2026-09-10T04:25:18Z,92,2026-09-16,MO,Springfield,MO - Springfield,1789578000000
2026-09-10T04:25:18Z,92,,MO,Springfield,MO - Springfield,
2026-09-10T04:25:18Z,93,2026-09-11,AZ,Tucson,AZ - Tucson,1789149600000
2026-09-10T04:25:18Z,93,2026-09-18,AZ,Tucson,AZ - Tucson,1789754400000
2026-09-10T04:25:18Z,93,,AZ,Tucson,AZ - Tucson,
2026-09-10T04:25:18Z,341,2026-09-10,AL,Dothan,AL - Dothan,1789059600000
2026-09-10T04:25:18Z,341,,AL,Dothan,AL - Dothan,
2026-09-10T04:25:18Z,90,2026-09-10,ME,Lyman,ME - Lyman,1789048800000
2026-09-10T04:25:18Z,90,2026-09-17,ME,Lyman,ME - Lyman,1789653600000
2026-09-10T04:25:18Z,90,,ME,Lyman,ME - Lyman,
2026-09-10T04:25:18Z,340,2026-09-16,NC,Gastonia,NC - Gastonia,1789567200000
2026-09-10T04:25:18Z,340,2026-10-07,NC,Gastonia,NC - Gastonia,1791381600000
2026-09-10T04:25:18Z,340,,NC,Gastonia,NC - Gastonia,
2026-09-10T04:25:18Z,91,2026-09-11,NJ,Somerville,NJ - Somerville,1789135200000
2026-09-10T04:25:18Z,91,2026-09-15,NJ,Somerville,NJ - Somerville,1789480800000
2026-09-10T04:25:18Z,91,,NJ,Somerville,NJ - Somerville,
2026-09-10T04:25:18Z,343,2026-09-11,CA,Redding,CA - Redding,1789153200000
2026-09-10T04:25:18Z,343,2026-09-18,CA,Redding,CA - Redding,1789758000000
2026-09-10T04:25:18Z,343,,CA,Redding,CA - Redding,
2026-09-10T04:25:18Z,101,2026-09-14,VA,Richmond East,VA - Richmond East,1789394400000
2026-09-10T04:25:18Z,101,,VA,Richmond East,VA - Richmond East,
2026-09-10T04:25:18Z,100,2026-09-10,NV,Reno,NV - Reno,1789066800000
2026-09-10T04:25:18Z,100,2026-09-17,NV,Reno,NV - Reno,1789671600000
2026-09-10T04:25:18Z,100,,NV,Reno,NV - Reno,
2026-09-10T04:25:18Z,342,2026-09-10,MD,Baltimore East,MD - Baltimore East,1789048800000
2026-09-10T04:25:18Z,342,2026-09-15,MD,Baltimore East,MD - Baltimore East,1789480800000
2026-09-10T04:25:18Z,342,,MD,Baltimore East,MD - Baltimore East,
2026-09-10T04:25:18Z,103,2026-09-11,MI,Lansing,MI - Lansing,1789135200000
2026-09-10T04:25:18Z,103,2026-09-18,MI,Lansing,MI - Lansing,1789740000000
2026-09-10T04:25:18Z,103,,MI,Lansing,MI - Lansing,
2026-09-10T04:25:18Z,345,2026-09-10,KY,Earlington,KY - Earlington,1789059600000
2026-09-10T04:25:18Z,345,2026-09-17,KY,Earlington,KY - Earlington,1789664400000
2026-09-10T04:25:18Z,345,,KY,Earlington,KY - Earlington,
2026-09-10T04:25:18Z,344,2026-09-14,NY,Buffalo,NY - Buffalo,1789394400000
2026-09-10T04:25:18Z,344,,NY,Buffalo,NY - Buffalo,
2026-09-10T04:25:18Z,102,2026-09-14,MD,Baltimore,MD - Baltimore,1789394400000
2026-09-10T04:25:18Z,102,,MD,Baltimore,MD - Baltimore,
2026-09-10T04:25:18Z,105,2026-09-14,FL,Miami Central,FL - Miami Central,1789394400000
2026-09-10T04:25:18Z,105,2026-09-16,FL,Miami Central,FL - Miami Central,1789567200000
2026-09-10T04:25:18Z,105,,FL,Miami Central,FL - Miami Central,
2026-09-10T04:25:18Z,104,2026-09-15,OR,Eugene,OR - Eugene,1789498800000
2026-09-10T04:25:18Z,104,2026-09-22,OR,Eugene,OR - Eugene,1790103600000
2026-09-10T04:25:18Z,104,,OR,Eugene,OR - Eugene,
2026-09-10T04:25:18Z,98,2026-09-11,TX,Ft. Worth,TX - Ft. Worth,1789146000000
2026-09-10T04:25:18Z,98,2026-09-15,TX,Ft. Worth,TX - Ft. Worth,1789491600000
2026-09-10T04:25:18Z,98,,TX,Ft. Worth,TX - Ft. Worth,
2026-09-10T04:25:18Z,107,2026-09-14,GA,Atlanta East,GA - Atlanta East,1789394400000
2026-09-10T04:25:18Z,107,2026-09-16,GA,Atlanta East,GA - Atlanta East,1789567200000
2026-09-10T04:25:18Z,107,,GA,Atlanta East,GA - Atlanta East,
2026-09-10T04:25:18Z,348,2026-09-11,FL,Punta Gorda,FL - Punta Gorda,1789135200000
2026-09-10T04:25:18Z,348,2026-09-15,FL,Punta Gorda,FL - Punta Gorda,1789480800000
2026-09-10T04:25:18Z,348,,FL,Punta Gorda,FL - Punta Gorda,
2026-09-10T04:25:18Z,106,2026-09-15,MT,Helena,MT - Helena,1789495200000
2026-09-10T04:25:18Z,106,,MT,Helena,MT - Helena,
2026-09-10T04:25:18Z,96,2026-09-15,TX,Corpus Christi,TX - Corpus Christi,1789491600000
2026-09-10T04:25:18Z,96,2026-09-22,TX,Corpus Christi,TX - Corpus Christi,1790096400000
2026-09-10T04:25:18Z,96,,TX,Corpus Christi,TX - Corpus Christi,
2026-09-10T04:25:18Z,108,2026-09-15,FL,Ocala,FL - Ocala,1789480800000
2026-09-10T04:25:18Z,108,,FL,Ocala,FL - Ocala,
2026-09-10T04:25:18Z,97,2026-09-10,CA,Rancho Cucamonga,CA - Rancho Cucamonga,1789066800000
2026-09-10T04:25:18Z,97,2026-09-15,CA,Rancho Cucamonga,CA - Rancho Cucamonga,1789498800000
2026-09-10T04:25:18Z,97,,CA,Rancho Cucamonga,CA - Rancho Cucamonga,
2026-09-10T04:25:18Z,94,2026-09-14,NY,Albany,NY - Albany,1789394400000
2026-09-10T04:25:18Z,94,2026-09-16,NY,Albany,NY - Albany,1789567200000
2026-09-10T04:25:18Z,94,,NY,Albany,NY - Albany,
2026-09-10T04:25:18Z,95,2026-09-15,TX,Amarillo,TX - Amarillo,1789491600000
2026-09-10T04:25:18Z,95,2026-09-22,TX,Amarillo,TX - Amarillo,1790096400000
2026-09-10T04:25:18Z,95,,TX,Amarillo,TX - Amarillo,
2026-09-10T04:25:18Z,130,2026-09-15,DE,Seaford,DE - Seaford,1789480800000
2026-09-10T04:25:18Z,130,,DE,Seaford,DE - Seaford,
2026-09-10T04:25:18Z,371,2026-09-14,WI,Milwaukee South,WI - Milwaukee South,1789405200000
2026-09-10T04:25:18Z,371,,WI,Milwaukee South,WI - Milwaukee South,
2026-09-10T04:25:18Z,373,2026-09-15,NC,Lagrange,NC - Lagrange,1789480800000
2026-09-10T04:25:18Z,373,,NC,Lagrange,NC - Lagrange,
2026-09-10T04:25:18Z,376,2026-09-11,OH,Akron,OH - Akron,1789135200000
2026-09-10T04:25:18Z,376,2026-09-15,OH,Akron,OH - Akron,1789480800000
2026-09-10T04:25:18Z,376,,OH,Akron,OH - Akron,
2026-09-10T04:25:18Z,134,2026-09-14,OR,Portland South,OR - Portland South,1789412400000
2026-09-10T04:25:18Z,134,2026-09-21,OR,Portland South,OR - Portland South,1790017200000
2026-09-10T04:25:18Z,134,,OR,Portland South,OR - Portland South,
2026-09-10T04:25:18Z,133,2026-09-14,NV,Las Vegas West,NV - Las Vegas West,1789412400000
2026-09-10T04:25:18Z,133,2026-09-16,NV,Las Vegas West,NV - Las Vegas West,1789585200000
2026-09-10T04:25:18Z,133,,NV,Las Vegas West,NV - Las Vegas West,
2026-09-10T04:25:18Z,136,2026-09-15,AL,Birmingham,AL - Birmingham,1789491600000
2026-09-10T04:25:18Z,136,2026-09-22,AL,Birmingham,AL - Birmingham,1790096400000
2026-09-10T04:25:18Z,136,,AL,Birmingham,AL - Birmingham,
2026-09-10T04:25:18Z,135,2026-09-14,NJ,Trenton,NJ - Trenton,1789394400000
2026-09-10T04:25:18Z,135,2026-09-16,NJ,Trenton,NJ - Trenton,1789567200000
2026-09-10T04:25:18Z,135,,NJ,Trenton,NJ - Trenton,
2026-09-10T04:25:18Z,138,2026-09-11,KY,Walton,KY - Walton,1789135200000
2026-09-10T04:25:18Z,138,2026-09-18,KY,Walton,KY - Walton,1789740000000
2026-09-10T04:25:18Z,138,,KY,Walton,KY - Walton,
2026-09-10T04:25:18Z,139,2026-09-11,VA,Richmond,VA - Richmond,1789135200000
2026-09-10T04:25:18Z,139,2026-09-18,VA,Richmond,VA - Richmond,1789740000000
2026-09-10T04:25:18Z,139,,VA,Richmond,VA - Richmond,
2026-09-10T04:25:18Z,370,2026-09-14,IN,Dyer,IN - Dyer,1789405200000
2026-09-10T04:25:18Z,370,2026-10-05,IN,Dyer,IN - Dyer,1791219600000
2026-09-10T04:25:18Z,370,,IN,Dyer,IN - Dyer,
2026-09-10T04:25:18Z,361,2026-09-16,MA,Freetown,MA - Freetown,1789567200000
2026-09-10T04:25:18Z,361,,MA,Freetown,MA - Freetown,
2026-09-10T04:25:18Z,360,2026-09-14,IN,Fort Wayne,IN - Fort Wayne,1789394400000
2026-09-10T04:25:18Z,360,2026-09-21,IN,Fort Wayne,IN - Fort Wayne,1789999200000
2026-09-10T04:25:18Z,360,,IN,Fort Wayne,IN - Fort Wayne,
2026-09-10T04:25:18Z,363,2026-09-14,ND,Bismarck,ND - Bismarck,1789412400000
2026-09-10T04:25:18Z,363,,ND,Bismarck,ND - Bismarck,
2026-09-10T04:25:18Z,362,2026-09-10,AZ,Phoenix North,AZ - Phoenix North,1789063200000
2026-09-10T04:25:18Z,362,2026-09-15,AZ,Phoenix North,AZ - Phoenix North,1789495200000
2026-09-10T04:25:18Z,362,,AZ,Phoenix North,AZ - Phoenix North,
2026-09-10T04:25:18Z,120,2026-09-10,CO,Denver Central,CO - Denver Central,1789063200000
2026-09-10T04:25:18Z,120,2026-09-15,CO,Denver Central,CO - Denver Central,1789495200000
2026-09-10T04:25:18Z,120,,CO,Denver Central,CO - Denver Central,
2026-09-10T04:25:18Z,123,2026-09-15,NE,Lincoln,NE - Lincoln,1789491600000
2026-09-10T04:25:18Z,123,,NE,Lincoln,NE - Lincoln,
2026-09-10T04:25:18Z,1,2026-09-11,CA,Vallejo,CA - Vallejo,1789153200000
2026-09-10T04:25:18Z,1,,CA,Vallejo,CA - Vallejo,
2026-09-10T04:25:18Z,2,2026-09-10,CA,Sacramento,CA - Sacramento,1789066800000
2026-09-10T04:25:18Z,2,2026-09-15,CA,Sacramento,CA - Sacramento,1789498800000
2026-09-10T04:25:18Z,2,,CA,Sacramento,CA - Sacramento,
2026-09-10T04:25:18Z,122,2026-09-14,MT,Billings,MT - Billings,1789408800000
2026-09-10T04:25:18Z,122,,MT,Billings,MT - Billings,
2026-09-10T04:25:18Z,367,2026-09-16,CA,Mentone,CA - Mentone,1789585200000
2026-09-10T04:25:18Z,367,2026-09-23,CA,Mentone,CA - Mentone,1790190000000
2026-09-10T04:25:18Z,367,,CA,Mentone,CA - Mentone,
2026-09-10T04:25:18Z,3,2026-09-10,CA,Hayward,CA - Hayward,1789066800000
2026-09-10T04:25:18Z,3,2026-09-15,CA,Hayward,CA - Hayward,1789498800000
2026-09-10T04:25:18Z,3,,CA,Hayward,CA - Hayward,
2026-09-10T04:25:18Z,125,2026-09-15,MO,Columbia,MO - Columbia,1789491600000
2026-09-10T04:25:18Z,125,,MO,Columbia,MO - Columbia,
2026-09-10T04:25:18Z,4,2026-09-10,CA,Fresno,CA - Fresno,1789066800000
2026-09-10T04:25:18Z,4,2026-09-14,CA,Fresno,CA - Fresno,1789412400000
2026-09-10T04:25:18Z,4,,CA,Fresno,CA - Fresno,
2026-09-10T04:25:18Z,366,2026-09-14,FL,Clewiston,FL - Clewiston,1789394400000
2026-09-10T04:25:18Z,366,,FL,Clewiston,FL - Clewiston,
2026-09-10T04:25:18Z,5,2026-09-11,CA,Bakersfield,CA - Bakersfield,1789153200000
2026-09-10T04:25:18Z,5,,CA,Bakersfield,CA - Bakersfield,
2026-09-10T04:25:18Z,127,2026-09-10,PA,York Haven,PA - York Haven,1789048800000
2026-09-10T04:25:18Z,127,2026-09-14,PA,York Haven,PA - York Haven,1789394400000
2026-09-10T04:25:18Z,127,,PA,York Haven,PA - York Haven,
2026-09-10T04:25:18Z,369,2026-09-10,KS,Kansas City,KS - Kansas City,1789059600000
2026-09-10T04:25:18Z,369,2026-09-15,KS,Kansas City,KS - Kansas City,1789491600000
2026-09-10T04:25:18Z,369,,KS,Kansas City,KS - Kansas City,
2026-09-10T04:25:18Z,6,2026-09-10,CA,San Jose,CA - San Jose,1789066800000
2026-09-10T04:25:18Z,6,2026-09-15,CA,San Jose,CA - San Jose,1789498800000
2026-09-10T04:25:18Z,6,,CA,San Jose,CA - San Jose,
2026-09-10T04:25:18Z,368,2026-09-11,NC,Raleigh North,NC - Raleigh North,1789135200000
2026-09-10T04:25:18Z,368,2026-09-18,NC,Raleigh North,NC - Raleigh North,1789740000000
2026-09-10T04:25:18Z,368,,NC,Raleigh North,NC - Raleigh North,
2026-09-10T04:25:18Z,129,2026-09-10,PA,Altoona,PA - Altoona,1789048800000
2026-09-10T04:25:18Z,129,2026-09-17,PA,Altoona,PA - Altoona,1789653600000
2026-09-10T04:25:18Z,129,,PA,Altoona,PA - Altoona,
2026-09-10T04:25:18Z,7,2026-09-10,CA,San Bernardino,CA - San Bernardino,1789066800000
2026-09-10T04:25:18Z,7,2026-09-14,CA,San Bernardino,CA - San Bernardino,1789412400000
2026-09-10T04:25:18Z,7,,CA,San Bernardino,CA - San Bernardino,
2026-09-10T04:25:18Z,128,2026-09-11,PA,Chambersburg,PA - Chambersburg,1789135200000
2026-09-10T04:25:18Z,128,2026-09-18,PA,Chambersburg,PA - Chambersburg,1789740000000
2026-09-10T04:25:18Z,128,,PA,Chambersburg,PA - Chambersburg,
2026-09-10T04:25:18Z,8,2026-09-11,,Tss Test Stage Prod,Tss Test Stage Prod,1789167600000
2026-09-10T04:25:18Z,8,,,Tss Test Stage Prod,Tss Test Stage Prod,
2026-09-10T04:25:18Z,9,2026-09-14,OR,Portland North,OR - Portland North,1789412400000
2026-09-10T04:25:18Z,9,2026-09-16,OR,Portland North,OR - Portland North,1789585200000
2026-09-10T04:25:18Z,9,,OR,Portland North,OR - Portland North,
2026-09-10T04:25:18Z,838,2026-09-14,,Rental Vehicle Sale,Rental Vehicle Sale,1789401600000
2026-09-10T04:25:18Z,838,,,Rental Vehicle Sale,Rental Vehicle Sale,
2026-09-10T04:25:18Z,47,2026-09-14,AZ,Phoenix,AZ - Phoenix,1789408800000
2026-09-10T04:25:18Z,47,2026-09-16,AZ,Phoenix,AZ - Phoenix,1789581600000
2026-09-10T04:25:18Z,47,,AZ,Phoenix,AZ - Phoenix,
2026-09-10T04:25:18Z,48,2026-09-14,WA,North Seattle,WA - North Seattle,1789412400000
2026-09-10T04:25:18Z,48,,WA,North Seattle,WA - North Seattle,
2026-09-10T04:25:18Z,161,2026-09-16,MI,Kincheloe,MI - Kincheloe,1789567200000
2026-09-10T04:25:18Z,161,,MI,Kincheloe,MI - Kincheloe,
2026-09-10T04:25:18Z,160,2026-09-11,MI,Ionia,MI - Ionia,1789135200000
2026-09-10T04:25:18Z,160,,MI,Ionia,MI - Ionia,
2026-09-10T04:25:18Z,394,2026-09-10,TX,North Austin,TX - North Austin,1789059600000
2026-09-10T04:25:18Z,394,2026-09-17,TX,North Austin,TX - North Austin,1789664400000
2026-09-10T04:25:18Z,394,,TX,North Austin,TX - North Austin,
2026-09-10T04:25:18Z,151,2026-09-10,CA,Antelope,CA - Antelope,1789066800000
2026-09-10T04:25:18Z,151,2026-09-15,CA,Antelope,CA - Antelope,1789498800000
2026-09-10T04:25:18Z,151,,CA,Antelope,CA - Antelope,
2026-09-10T04:25:18Z,154,2026-09-16,NC,Mebane,NC - Mebane,1789567200000
2026-09-10T04:25:18Z,154,,NC,Mebane,NC - Mebane,
2026-09-10T04:25:18Z,396,2026-09-15,SD,Rapid City,SD - Rapid City,1789495200000
2026-09-10T04:25:18Z,396,,SD,Rapid City,SD - Rapid City,
2026-09-10T04:25:18Z,395,2026-09-14,VT,Rutland,VT - Rutland,1789394400000
2026-09-10T04:25:18Z,395,,VT,Rutland,VT - Rutland,
2026-09-10T04:25:18Z,153,2026-09-14,FL,Orlando North,FL - Orlando North,1789394400000
2026-09-10T04:25:18Z,153,2026-09-16,FL,Orlando North,FL - Orlando North,1789567200000
2026-09-10T04:25:18Z,153,,FL,Orlando North,FL - Orlando North,
2026-09-10T04:25:18Z,156,2026-09-14,IL,Wheeling,IL - Wheeling,1789405200000
2026-09-10T04:25:18Z,156,,IL,Wheeling,IL - Wheeling,
2026-09-10T04:25:18Z,398,2026-09-16,IA,Cedar Rapids,IA - Cedar Rapids,1789578000000
2026-09-10T04:25:18Z,398,2026-09-23,IA,Cedar Rapids,IA - Cedar Rapids,1790182800000
2026-09-10T04:25:18Z,398,,IA,Cedar Rapids,IA - Cedar Rapids,
2026-09-10T04:25:18Z,155,2026-09-10,NH,Candia,NH - Candia,1789048800000
2026-09-10T04:25:18Z,155,2026-09-15,NH,Candia,NH - Candia,1789480800000
2026-09-10T04:25:18Z,155,,NH,Candia,NH - Candia,
2026-09-10T04:25:18Z,157,2026-09-16,GA,Atlanta North,GA - Atlanta North,1789567200000
2026-09-10T04:25:18Z,157,2026-09-23,GA,Atlanta North,GA - Atlanta North,1790172000000
2026-09-10T04:25:18Z,157,,GA,Atlanta North,GA - Atlanta North,
2026-09-10T04:25:18Z,45,2026-09-11,TX,El Paso,TX - El Paso,1789149600000
2026-09-10T04:25:18Z,45,2026-09-18,TX,El Paso,TX - El Paso,1789754400000
2026-09-10T04:25:18Z,45,,TX,El Paso,TX - El Paso,
2026-09-10T04:25:18Z,159,2026-09-16,MI,Flint,MI - Flint,1789567200000
2026-09-10T04:25:18Z,159,,MI,Flint,MI - Flint,
2026-09-10T04:25:18Z,43,2026-09-11,CA,Van Nuys,CA - Van Nuys,1789153200000
2026-09-10T04:25:18Z,43,2026-09-15,CA,Van Nuys,CA - Van Nuys,1789498800000
2026-09-10T04:25:18Z,43,,CA,Van Nuys,CA - Van Nuys,
2026-09-10T04:25:18Z,833,2026-09-15,,"Heavy Truck, Trailer, Rv Clean Title Sale","Heavy Truck, Trailer, Rv Clean Title Sale",1789488000000
2026-09-10T04:25:18Z,833,2026-09-22,,"Heavy Truck, Trailer, Rv Clean Title Sale","Heavy Truck, Trailer, Rv Clean Title Sale",1790092800000
2026-09-10T04:25:18Z,833,,,"Heavy Truck, Trailer, Rv Clean Title Sale","Heavy Truck, Trailer, Rv Clean Title Sale",
2026-09-10T04:25:18Z,832,2026-09-14,,Medium Duty Clean Title Sale,Medium Duty Clean Title Sale,1789401600000
2026-09-10T04:25:18Z,832,2026-09-21,,Medium Duty Clean Title Sale,Medium Duty Clean Title Sale,1790006400000
2026-09-10T04:25:18Z,832,,,Medium Duty Clean Title Sale,Medium Duty Clean Title Sale,
2026-09-10T04:25:18Z,44,2026-09-11,IN,Indianapolis,IN - Indianapolis,1789135200000
2026-09-10T04:25:18Z,44,2026-09-15,IN,Indianapolis,IN - Indianapolis,1789480800000
2026-09-10T04:25:18Z,44,,IN,Indianapolis,IN - Indianapolis,
2026-09-10T04:25:18Z,835,2026-09-16,,Medium Duty Specialty Sale,Medium Duty Specialty Sale,1789574400000
2026-09-10T04:25:18Z,835,2026-09-23,,Medium Duty Specialty Sale,Medium Duty Specialty Sale,1790179200000
2026-09-10T04:25:18Z,835,,,Medium Duty Specialty Sale,Medium Duty Specialty Sale,
2026-09-10T04:25:18Z,41,2026-09-14,NC,China Grove,NC - China Grove,1789394400000
2026-09-10T04:25:18Z,41,,NC,China Grove,NC - China Grove,
2026-09-10T04:25:18Z,837,2026-09-11,,Equipment Specialty Sale,Equipment Specialty Sale,1789142400000
2026-09-10T04:25:18Z,837,2026-09-18,,Equipment Specialty Sale,Equipment Specialty Sale,1789747200000
2026-09-10T04:25:18Z,837,,,Equipment Specialty Sale,Equipment Specialty Sale,
2026-09-10T04:25:18Z,40,2026-09-11,MS,Jackson,MS - Jackson,1789146000000
2026-09-10T04:25:18Z,40,2026-09-18,MS,Jackson,MS - Jackson,1789750800000
2026-09-10T04:25:18Z,40,,MS,Jackson,MS - Jackson,
2026-09-10T04:25:18Z,836,2026-09-10,,"Heavy Truck, Trailer, Rv Specialty Sale","Heavy Truck, Trailer, Rv Specialty Sale",1789056000000
2026-09-10T04:25:18Z,836,2026-09-17,,"Heavy Truck, Trailer, Rv Specialty Sale","Heavy Truck, Trailer, Rv Specialty Sale",1789660800000
2026-09-10T04:25:18Z,836,,,"Heavy Truck, Trailer, Rv Specialty Sale","Heavy Truck, Trailer, Rv Specialty Sale",
2026-09-10T04:25:18Z,58,2026-09-14,AL,Mobile,AL - Mobile,1789405200000
2026-09-10T04:25:18Z,58,2026-09-21,AL,Mobile,AL - Mobile,1790010000000
2026-09-10T04:25:18Z,58,,AL,Mobile,AL - Mobile,
2026-09-10T04:25:18Z,59,2026-09-11,CA,San Diego,CA - San Diego,1789153200000
2026-09-10T04:25:18Z,59,2026-09-15,CA,San Diego,CA - San Diego,1789498800000
2026-09-10T04:25:18Z,59,,CA,San Diego,CA - San Diego,
2026-09-10T04:25:18Z,141,2026-09-14,MO,Sikeston,MO - Sikeston,1789405200000
2026-09-10T04:25:18Z,141,2026-09-28,MO,Sikeston,MO - Sikeston,1790614800000
2026-09-10T04:25:18Z,141,,MO,Sikeston,MO - Sikeston,
2026-09-10T04:25:18Z,140,2026-09-14,AR,Fayetteville,AR - Fayetteville,1789405200000
2026-09-10T04:25:18Z,140,2026-09-16,AR,Fayetteville,AR - Fayetteville,1789578000000
2026-09-10T04:25:18Z,140,,AR,Fayetteville,AR - Fayetteville,
2026-09-10T04:25:18Z,385,2026-09-10,MI,Wayland,MI - Wayland,1789048800000
2026-09-10T04:25:18Z,385,2026-09-17,MI,Wayland,MI - Wayland,1789653600000
2026-09-10T04:25:18Z,385,,MI,Wayland,MI - Wayland,
2026-09-10T04:25:18Z,143,2026-09-10,KY,Louisville,KY - Louisville,1789048800000
2026-09-10T04:25:18Z,143,2026-09-14,KY,Louisville,KY - Louisville,1789394400000
2026-09-10T04:25:18Z,143,,KY,Louisville,KY - Louisville,
2026-09-10T04:25:18Z,142,2026-09-16,PA,Scranton,PA - Scranton,1789567200000
2026-09-10T04:25:18Z,142,,PA,Scranton,PA - Scranton,
2026-09-10T04:25:18Z,384,2026-09-11,ME,Windham,ME - Windham,1789135200000
2026-09-10T04:25:18Z,384,2026-09-16,ME,Windham,ME - Windham,1789567200000
2026-09-10T04:25:18Z,384,,ME,Windham,ME - Windham,
2026-09-10T04:25:18Z,145,2026-09-10,AL,Montgomery,AL - Montgomery,1789059600000
2026-09-10T04:25:18Z,145,2026-09-17,AL,Montgomery,AL - Montgomery,1789664400000
2026-09-10T04:25:18Z,145,,AL,Montgomery,AL - Montgomery,
2026-09-10T04:25:18Z,386,2026-09-14,LA,Vinton,LA - Vinton,1789405200000
2026-09-10T04:25:18Z,386,,LA,Vinton,LA - Vinton,
2026-09-10T04:25:18Z,144,2026-09-14,SC,Spartanburg,SC - Spartanburg,1789394400000
2026-09-10T04:25:18Z,144,2026-09-16,SC,Spartanburg,SC - Spartanburg,1789567200000
2026-09-10T04:25:18Z,144,,SC,Spartanburg,SC - Spartanburg,
2026-09-10T04:25:18Z,146,2026-09-10,GA,Atlanta South,GA - Atlanta South,1789048800000
2026-09-10T04:25:18Z,146,2026-09-15,GA,Atlanta South,GA - Atlanta South,1789480800000
2026-09-10T04:25:18Z,146,,GA,Atlanta South,GA - Atlanta South,
2026-09-10T04:25:18Z,56,2026-09-11,SC,Columbia,SC - Columbia,1789135200000
2026-09-10T04:25:18Z,56,2026-09-18,SC,Columbia,SC - Columbia,1789740000000
2026-09-10T04:25:18Z,56,,SC,Columbia,SC - Columbia,
2026-09-10T04:25:18Z,149,2026-09-16,MA,West Warren,MA - West Warren,1789567200000
2026-09-10T04:25:18Z,149,2026-09-23,MA,West Warren,MA - West Warren,1790172000000
2026-09-10T04:25:18Z,149,,MA,West Warren,MA - West Warren,
2026-09-10T04:25:18Z,57,2026-09-10,NV,Las Vegas,NV - Las Vegas,1789066800000
2026-09-10T04:25:18Z,57,2026-09-15,NV,Las Vegas,NV - Las Vegas,1789498800000
2026-09-10T04:25:18Z,57,,NV,Las Vegas,NV - Las Vegas,
2026-09-10T04:25:18Z,148,2026-09-16,FL,Miami South,FL - Miami South,1789567200000
2026-09-10T04:25:18Z,148,,FL,Miami South,FL - Miami South,
2026-09-10T04:25:18Z,54,2026-09-10,NC,Raleigh,NC - Raleigh,1789048800000
2026-09-10T04:25:18Z,54,2026-09-15,NC,Raleigh,NC - Raleigh,1789480800000
2026-09-10T04:25:18Z,54,,NC,Raleigh,NC - Raleigh,
2026-09-10T04:25:18Z,55,2026-09-10,FL,Orlando South,FL - Orlando South,1789048800000
2026-09-10T04:25:18Z,55,2026-09-15,FL,Orlando South,FL - Orlando South,1789480800000
2026-09-10T04:25:18Z,55,,FL,Orlando South,FL - Orlando South,
2026-09-10T04:25:18Z,52,2026-09-14,MN,St. Cloud,MN - St. Cloud,1789405200000
2026-09-10T04:25:18Z,52,,MN,St. Cloud,MN - St. Cloud,
2026-09-10T04:25:18Z,53,2026-09-10,MA,North Boston,MA - North Boston,1789048800000
2026-09-10T04:25:18Z,53,2026-09-11,MA,North Boston,MA - North Boston,1789135200000
2026-09-10T04:25:18Z,53,,MA,North Boston,MA - North Boston,
2026-09-10T04:25:18Z,50,2026-09-11,LA,Baton Rouge,LA - Baton Rouge,1789146000000
2026-09-10T04:25:18Z,50,2026-09-15,LA,Baton Rouge,LA - Baton Rouge,1789491600000
2026-09-10T04:25:18Z,50,,LA,Baton Rouge,LA - Baton Rouge,
2026-09-10T04:25:18Z,51,2026-09-14,IL,Peoria,IL - Peoria,1789405200000
2026-09-10T04:25:18Z,51,,IL,Peoria,IL - Peoria,
2026-09-10T04:25:18Z,69,2026-09-15,NJ,Glassboro West,NJ - Glassboro West,1789480800000
2026-09-10T04:25:18Z,69,,NJ,Glassboro West,NJ - Glassboro West,
2026-09-10T04:25:18Z,181,2026-09-10,TX,Dallas South,TX - Dallas South,1789059600000
2026-09-10T04:25:18Z,181,2026-09-14,TX,Dallas South,TX - Dallas South,1789405200000
2026-09-10T04:25:18Z,181,,TX,Dallas South,TX - Dallas South,
2026-09-10T04:25:18Z,180,2026-09-14,CA,Sun Valley,CA - Sun Valley,1789412400000
2026-09-10T04:25:18Z,180,2026-09-16,CA,Sun Valley,CA - Sun Valley,1789585200000
2026-09-10T04:25:18Z,180,,CA,Sun Valley,CA - Sun Valley,
2026-09-10T04:25:18Z,182,2026-09-16,TX,Waco,TX - Waco,1789578000000
2026-09-10T04:25:18Z,182,,TX,Waco,TX - Waco,
2026-09-10T04:25:18Z,174,2026-09-16,PA,Pittsburgh West,PA - Pittsburgh West,1789567200000
2026-09-10T04:25:18Z,174,,PA,Pittsburgh West,PA - Pittsburgh West,
2026-09-10T04:25:18Z,295,2026-09-10,,Atlantic Canada Auction,Atlantic Canada Auction,1789056000000
2026-09-10T04:25:18Z,295,2026-09-17,,Atlantic Canada Auction,Atlantic Canada Auction,1789660800000
2026-09-10T04:25:18Z,295,,,Atlantic Canada Auction,Atlantic Canada Auction,
2026-09-10T04:25:18Z,60,2026-09-11,IA,Des Moines,IA - Des Moines,1789146000000
2026-09-10T04:25:18Z,60,2026-09-18,IA,Des Moines,IA - Des Moines,1789750800000
2026-09-10T04:25:18Z,60,,IA,Des Moines,IA - Des Moines,
2026-09-10T04:25:18Z,173,2026-09-14,GA,Fairburn,GA - Fairburn,1789394400000
2026-09-10T04:25:18Z,173,,GA,Fairburn,GA - Fairburn,
2026-09-10T04:25:18Z,294,2026-09-10,,Ontario Auction,Ontario Auction,1789048800000
2026-09-10T04:25:18Z,294,2026-09-15,,Ontario Auction,Ontario Auction,1789480800000
2026-09-10T04:25:18Z,294,,,Ontario Auction,Ontario Auction,
2026-09-10T04:25:18Z,175,2026-09-10,GA,Cartersville,GA - Cartersville,1789048800000
2026-09-10T04:25:18Z,175,2026-09-17,GA,Cartersville,GA - Cartersville,1789653600000
2026-09-10T04:25:18Z,175,,GA,Cartersville,GA - Cartersville,
2026-09-10T04:25:18Z,850,,,Connecticut Friday Sale,Connecticut Friday Sale,
2026-09-10T04:25:18Z,67,2026-09-14,KS,Wichita,KS - Wichita,1789405200000
2026-09-10T04:25:18Z,67,2026-09-16,KS,Wichita,KS - Wichita,1789578000000
2026-09-10T04:25:18Z,67,,KS,Wichita,KS - Wichita,
2026-09-10T04:25:18Z,68,2026-09-10,CO,Denver,CO - Denver,1789063200000
2026-09-10T04:25:18Z,68,2026-09-15,CO,Denver,CO - Denver,1789495200000
2026-09-10T04:25:18Z,68,,CO,Denver,CO - Denver,
2026-09-10T04:25:18Z,65,2026-09-16,TX,McAllen,TX - McAllen,1789578000000
2026-09-10T04:25:18Z,65,,TX,McAllen,TX - McAllen,
2026-09-10T04:25:18Z,855,2026-09-10,,Wholesale Auction,Wholesale Auction,1789056000000
2026-09-10T04:25:18Z,855,2026-09-15,,Wholesale Auction,Wholesale Auction,1789488000000
2026-09-10T04:25:18Z,855,,,Wholesale Auction,Wholesale Auction,
2026-09-10T04:25:18Z,66,2026-09-16,AL,Tanner,AL - Tanner,1789578000000
2026-09-10T04:25:18Z,66,2026-09-23,AL,Tanner,AL - Tanner,1790182800000
2026-09-10T04:25:18Z,66,,AL,Tanner,AL - Tanner,
2026-09-10T04:25:18Z,63,2026-09-14,TN,Nashville,TN - Nashville,1789405200000
2026-09-10T04:25:18Z,63,2026-09-16,TN,Nashville,TN - Nashville,1789578000000
2026-09-10T04:25:18Z,63,,TN,Nashville,TN - Nashville,
2026-09-10T04:25:18Z,61,2026-09-11,MI,Detroit,MI - Detroit,1789135200000
2026-09-10T04:25:18Z,61,2026-09-15,MI,Detroit,MI - Detroit,1789480800000
2026-09-10T04:25:18Z,61,,MI,Detroit,MI - Detroit,
2026-09-10T04:25:18Z,62,2026-09-10,TX,Austin,TX - Austin,1789059600000
2026-09-10T04:25:18Z,62,2026-09-17,TX,Austin,TX - Austin,1789664400000
2026-09-10T04:25:18Z,62,,TX,Austin,TX - Austin,
2026-09-10T04:25:18Z,170,2026-09-15,IN,Cicero,IN - Cicero,1789480800000
2026-09-10T04:25:18Z,170,2026-10-06,IN,Cicero,IN - Cicero,1791295200000
2026-09-10T04:25:18Z,170,,IN,Cicero,IN - Cicero,
2026-09-10T04:25:18Z,292,2026-09-16,,Wholesale Auction Canada,Wholesale Auction Canada,1789578000000
2026-09-10T04:25:18Z,292,2026-09-23,,Wholesale Auction Canada,Wholesale Auction Canada,1790182800000
2026-09-10T04:25:18Z,292,,,Wholesale Auction Canada,Wholesale Auction Canada,
2026-09-10T04:25:18Z,163,2026-09-14,FL,Jacksonville North,FL - Jacksonville North,1789394400000
2026-09-10T04:25:18Z,163,2026-09-16,FL,Jacksonville North,FL - Jacksonville North,1789567200000
2026-09-10T04:25:18Z,163,,FL,Jacksonville North,FL - Jacksonville North,
2026-09-10T04:25:18Z,70,2026-09-10,FL,West Palm Beach,FL - West Palm Beach,1789048800000
2026-09-10T04:25:18Z,70,2026-09-15,FL,West Palm Beach,FL - West Palm Beach,1789480800000
2026-09-10T04:25:18Z,70,,FL,West Palm Beach,FL - West Palm Beach,
2026-09-10T04:25:18Z,71,2026-09-11,WA,Pasco,WA - Pasco,1789153200000
2026-09-10T04:25:18Z,71,2026-09-18,WA,Pasco,WA - Pasco,1789758000000
2026-09-10T04:25:18Z,71,,WA,Pasco,WA - Pasco,
2026-09-10T04:25:18Z,162,2026-09-15,VA,Hampton,VA - Hampton,1789480800000
2026-09-10T04:25:18Z,162,,VA,Hampton,VA - Hampton,
2026-09-10T04:25:18Z,164,2026-09-14,PA,Philadelphia East,PA - Philadelphia East,1789394400000
2026-09-10T04:25:18Z,164,2026-09-16,PA,Philadelphia East,PA - Philadelphia East,1789567200000
2026-09-10T04:25:18Z,164,,PA,Philadelphia East,PA - Philadelphia East,
2026-09-10T04:25:18Z,166,2026-09-11,OH,Dayton,OH - Dayton,1789135200000
2026-09-10T04:25:18Z,166,2026-09-16,OH,Dayton,OH - Dayton,1789567200000
2026-09-10T04:25:18Z,166,,OH,Dayton,OH - Dayton,
2026-09-10T04:25:18Z,169,2026-09-16,IA,Davenport,IA - Davenport,1789578000000
2026-09-10T04:25:18Z,169,,IA,Davenport,IA - Davenport,
2026-09-10T04:25:18Z,78,2026-09-09,CA,Martinez,CA - Martinez,1788980400000
2026-09-10T04:25:18Z,78,2026-09-14,CA,Martinez,CA - Martinez,1789412400000
2026-09-10T04:25:18Z,78,,CA,Martinez,CA - Martinez,
2026-09-10T04:25:18Z,841,2026-09-10,,CrashedToys Powersport Auction,CrashedToys Powersport Auction,1789059600000
2026-09-10T04:25:18Z,841,2026-09-17,,CrashedToys Powersport Auction,CrashedToys Powersport Auction,1789664400000
2026-09-10T04:25:18Z,841,,,CrashedToys Powersport Auction,CrashedToys Powersport Auction,
2026-09-10T04:25:18Z,79,2026-09-16,LA,New Orleans,LA - New Orleans,1789578000000
2026-09-10T04:25:18Z,79,,LA,New Orleans,LA - New Orleans,
2026-09-10T04:25:18Z,76,2026-09-15,PA,Harrisburg,PA - Harrisburg,1789480800000
2026-09-10T04:25:18Z,76,2026-09-22,PA,Harrisburg,PA - Harrisburg,1790085600000
2026-09-10T04:25:18Z,76,,PA,Harrisburg,PA - Harrisburg,
2026-09-10T04:25:18Z,74,2026-09-10,TX,San Antonio,TX - San Antonio,1789059600000
2026-09-10T04:25:18Z,74,2026-09-17,TX,San Antonio,TX - San Antonio,1789664400000
2026-09-10T04:25:18Z,74,,TX,San Antonio,TX - San Antonio,
2026-09-10T04:25:18Z,75,2026-09-10,NM,Albuquerque,NM - Albuquerque,1789063200000
2026-09-10T04:25:18Z,75,2026-09-14,NM,Albuquerque,NM - Albuquerque,1789408800000
2026-09-10T04:25:18Z,75,,NM,Albuquerque,NM - Albuquerque,
2026-09-10T04:25:18Z,72,2026-09-10,ID,Boise,ID - Boise,1789063200000
2026-09-10T04:25:18Z,72,2026-09-17,ID,Boise,ID - Boise,1789668000000
2026-09-10T04:25:18Z,72,,ID,Boise,ID - Boise,
2026-09-10T04:25:18Z,73,2026-09-11,TX,Abilene,TX - Abilene,1789146000000
2026-09-10T04:25:18Z,73,2026-09-18,TX,Abilene,TX - Abilene,1789750800000
2026-09-10T04:25:18Z,73,,TX,Abilene,TX - Abilene,
2026-09-10T04:25:18Z,196,2026-09-16,NC,Mocksville,NC - Mocksville,1789567200000
2026-09-10T04:25:18Z,196,,NC,Mocksville,NC - Mocksville,
2026-09-10T04:25:18Z,197,2026-09-14,SC,North Charleston,SC - North Charleston,1789394400000
2026-09-10T04:25:18Z,197,2026-09-16,SC,North Charleston,SC - North Charleston,1789567200000
2026-09-10T04:25:18Z,197,,SC,North Charleston,SC - North Charleston,
2026-09-10T04:25:18Z,199,2026-09-10,RI,Exeter,RI - Exeter,1789048800000
2026-09-10T04:25:18Z,199,2026-09-15,RI,Exeter,RI - Exeter,1789480800000
2026-09-10T04:25:18Z,199,,RI,Exeter,RI - Exeter,
2026-09-10T04:25:18Z,18,2026-09-10,OK,Oklahoma City,OK - Oklahoma City,1789059600000
2026-09-10T04:25:18Z,18,2026-09-15,OK,Oklahoma City,OK - Oklahoma City,1789491600000
2026-09-10T04:25:18Z,18,,OK,Oklahoma City,OK - Oklahoma City,
2026-09-10T04:25:18Z,19,2026-09-11,OK,Tulsa,OK - Tulsa,1789146000000
2026-09-10T04:25:18Z,19,2026-09-16,OK,Tulsa,OK - Tulsa,1789578000000
2026-09-10T04:25:18Z,19,,OK,Tulsa,OK - Tulsa,
2026-09-10T04:25:18Z,16,2026-09-14,CA,So Sacramento,CA - So Sacramento,1789412400000
2026-09-10T04:25:18Z,16,,CA,So Sacramento,CA - So Sacramento,
2026-09-10T04:25:18Z,14,2026-09-14,TX,Longview,TX - Longview,1789405200000
2026-09-10T04:25:18Z,14,2026-09-28,TX,Longview,TX - Longview,1790614800000
2026-09-10T04:25:18Z,14,,TX,Longview,TX - Longview,
2026-09-10T04:25:18Z,15,2026-09-11,GA,Atlanta West,GA - Atlanta West,1789135200000
2026-09-10T04:25:18Z,15,2026-09-15,GA,Atlanta West,GA - Atlanta West,1789480800000
2026-09-10T04:25:18Z,15,,GA,Atlanta West,GA - Atlanta West,
2026-09-10T04:25:18Z,190,2026-09-10,CA,Napa,CA - Napa,1789066800000
2026-09-10T04:25:18Z,190,2026-09-14,CA,Napa,CA - Napa,1789412400000
2026-09-10T04:25:18Z,190,,CA,Napa,CA - Napa,
2026-09-10T04:25:18Z,191,2026-09-14,WI,Appleton,WI - Appleton,1789405200000
2026-09-10T04:25:18Z,191,,WI,Appleton,WI - Appleton,
2026-09-10T04:25:18Z,194,2026-09-16,VA,Fredericksburg,VA - Fredericksburg,1789567200000
2026-09-10T04:25:18Z,194,2026-09-23,VA,Fredericksburg,VA - Fredericksburg,1790172000000
2026-09-10T04:25:18Z,194,,VA,Fredericksburg,VA - Fredericksburg,
2026-09-10T04:25:18Z,193,2026-09-14,CO,Denver South,CO - Denver South,1789408800000
2026-09-10T04:25:18Z,193,2026-09-16,CO,Denver South,CO - Denver South,1789581600000
2026-09-10T04:25:18Z,193,,CO,Denver South,CO - Denver South,
2026-09-10T04:25:18Z,185,2026-09-16,TX,Andrews,TX - Andrews,1789578000000
2026-09-10T04:25:18Z,185,,TX,Andrews,TX - Andrews,
2026-09-10T04:25:18Z,184,2026-09-15,AL,Mobile South,AL - Mobile South,1789491600000
2026-09-10T04:25:18Z,184,2026-09-22,AL,Mobile South,AL - Mobile South,1790096400000
2026-09-10T04:25:18Z,184,,AL,Mobile South,AL - Mobile South,
2026-09-10T04:25:18Z,187,2026-09-10,GA,Macon,GA - Macon,1789048800000
2026-09-10T04:25:18Z,187,2026-09-17,GA,Macon,GA - Macon,1789653600000
2026-09-10T04:25:18Z,187,,GA,Macon,GA - Macon,
2026-09-10T04:25:18Z,186,2026-09-11,CA,Long Beach,CA - Long Beach,1789153200000
2026-09-10T04:25:18Z,186,2026-09-16,CA,Long Beach,CA - Long Beach,1789585200000
2026-09-10T04:25:18Z,186,,CA,Long Beach,CA - Long Beach,
2026-09-10T04:25:18Z,189,2026-09-14,IL,Southern Illinois,IL - Southern Illinois,1789405200000
2026-09-10T04:25:18Z,189,2026-09-16,IL,Southern Illinois,IL - Southern Illinois,1789578000000
2026-09-10T04:25:18Z,189,,IL,Southern Illinois,IL - Southern Illinois,
2026-09-10T04:25:18Z,188,2026-09-14,UT,Ogden,UT - Ogden,1789408800000
2026-09-10T04:25:18Z,188,,UT,Ogden,UT - Ogden,
2026-09-10T04:25:18Z,12,2026-09-10,TX,Dallas,TX - Dallas,1789059600000
2026-09-10T04:25:18Z,12,2026-09-14,TX,Dallas,TX - Dallas,1789405200000
2026-09-10T04:25:18Z,12,,TX,Dallas,TX - Dallas,
2026-09-10T04:25:18Z,13,2026-09-14,TX,Lufkin,TX - Lufkin,1789405200000
2026-09-10T04:25:18Z,13,2026-10-05,TX,Lufkin,TX - Lufkin,1791219600000
2026-09-10T04:25:18Z,13,,TX,Lufkin,TX - Lufkin,
2026-09-10T04:25:18Z,10,2026-09-10,CA,Los Angeles,CA - Los Angeles,1789066800000
2026-09-10T04:25:18Z,10,2026-09-14,CA,Los Angeles,CA - Los Angeles,1789412400000
2026-09-10T04:25:18Z,10,,CA,Los Angeles,CA - Los Angeles,
2026-09-10T04:25:18Z,11,2026-09-11,TX,Houston,TX - Houston,1789146000000
2026-09-10T04:25:18Z,11,2026-09-15,TX,Houston,TX - Houston,1789491600000
2026-09-10T04:25:18Z,11,,TX,Houston,TX - Houston,
2026-09-10T04:25:18Z,29,2026-09-11,OH,Columbus,OH - Columbus,1789135200000
2026-09-10T04:25:18Z,29,2026-09-15,OH,Columbus,OH - Columbus,1789480800000
2026-09-10T04:25:18Z,29,,OH,Columbus,OH - Columbus,
2026-09-10T04:25:18Z,27,2026-09-10,MA,South Boston,MA - South Boston,1789048800000
2026-09-10T04:25:18Z,27,2026-09-14,MA,South Boston,MA - South Boston,1789394400000
2026-09-10T04:25:18Z,27,,MA,South Boston,MA - South Boston,
2026-09-10T04:25:18Z,28,2026-09-10,PA,Pittsburgh North,PA - Pittsburgh North,1789048800000
2026-09-10T04:25:18Z,28,2026-09-17,PA,Pittsburgh North,PA - Pittsburgh North,1789653600000
2026-09-10T04:25:18Z,28,,PA,Pittsburgh North,PA - Pittsburgh North,
2026-09-10T04:25:18Z,25,2026-09-14,NY,Syracuse,NY - Syracuse,1789394400000
2026-09-10T04:25:18Z,25,2026-09-16,NY,Syracuse,NY - Syracuse,1789567200000
2026-09-10T04:25:18Z,25,,NY,Syracuse,NY - Syracuse,
2026-09-10T04:25:18Z,26,2026-09-11,PA,Philadelphia,PA - Philadelphia,1789135200000
2026-09-10T04:25:18Z,26,2026-09-15,PA,Philadelphia,PA - Philadelphia,1789480800000
2026-09-10T04:25:18Z,26,,PA,Philadelphia,PA - Philadelphia,
2026-09-10T04:25:18Z,23,2026-09-11,CT,Hartford,CT - Hartford,1789135200000
2026-09-10T04:25:18Z,23,2026-09-15,CT,Hartford,CT - Hartford,1789480800000
2026-09-10T04:25:18Z,23,,CT,Hartford,CT - Hartford,
2026-09-10T04:25:18Z,24,2026-09-10,NY,Newburgh,NY - Newburgh,1789048800000
2026-09-10T04:25:18Z,24,2026-09-14,NY,Newburgh,NY - Newburgh,1789394400000
2026-09-10T04:25:18Z,24,,NY,Newburgh,NY - Newburgh,
2026-09-10T04:25:18Z,21,2026-09-14,AR,Little Rock,AR - Little Rock,1789405200000
2026-09-10T04:25:18Z,21,2026-09-16,AR,Little Rock,AR - Little Rock,1789578000000
2026-09-10T04:25:18Z,21,,AR,Little Rock,AR - Little Rock,
2026-09-10T04:25:18Z,22,2026-09-10,TN,Memphis,TN - Memphis,1789059600000
2026-09-10T04:25:18Z,22,2026-09-15,TN,Memphis,TN - Memphis,1789491600000
2026-09-10T04:25:18Z,22,,TN,Memphis,TN - Memphis,
2026-09-10T04:25:18Z,20,2026-09-11,MO,St. Louis,MO - St. Louis,1789146000000
2026-09-10T04:25:18Z,20,2026-09-15,MO,St. Louis,MO - St. Louis,1789491600000
2026-09-10T04:25:18Z,20,,MO,St. Louis,MO - St. Louis,
2026-09-10T04:25:18Z,36,2026-09-10,IL,Chicago North,IL - Chicago North,1789059600000
2026-09-10T04:25:18Z,36,2026-09-15,IL,Chicago North,IL - Chicago North,1789491600000
2026-09-10T04:25:18Z,36,,IL,Chicago North,IL - Chicago North,
2026-09-10T04:25:18Z,37,2026-09-10,MN,Minneapolis,MN - Minneapolis,1789059600000
2026-09-10T04:25:18Z,37,2026-09-15,MN,Minneapolis,MN - Minneapolis,1789491600000
2026-09-10T04:25:18Z,37,,MN,Minneapolis,MN - Minneapolis,
2026-09-10T04:25:18Z,880,2026-09-09,*NCS,Eastern Region,*NCS - Eastern Region,1789002000000
2026-09-10T04:25:18Z,880,2026-09-10,*NCS,Eastern Region,*NCS - Eastern Region,1789088400000
2026-09-10T04:25:18Z,880,,*NCS,Eastern Region,*NCS - Eastern Region,
2026-09-10T04:25:18Z,882,2026-09-09,*NCS,Mountain Region,*NCS - Mountain Region,1789002000000
2026-09-10T04:25:18Z,882,2026-09-10,*NCS,Mountain Region,*NCS - Mountain Region,1789088400000
2026-09-10T04:25:18Z,882,,*NCS,Mountain Region,*NCS - Mountain Region,
2026-09-10T04:25:18Z,881,2026-09-09,*NCS,Central Region,*NCS - Central Region,1789002000000
2026-09-10T04:25:18Z,881,2026-09-10,*NCS,Central Region,*NCS - Central Region,1789088400000
2026-09-10T04:25:18Z,881,,*NCS,Central Region,*NCS - Central Region,
2026-09-10T04:25:18Z,883,2026-09-09,*NCS,Pacific Region,*NCS - Pacific Region,1789002000000
2026-09-10T04:25:18Z,883,2026-09-10,*NCS,Pacific Region,*NCS - Pacific Region,1789088400000
2026-09-10T04:25:18Z,883,,*NCS,Pacific Region,*NCS - Pacific Region,
2026-09-10T04:25:18Z,34,2026-09-11,FL,Tampa South,FL - Tampa South,1789135200000
2026-09-10T04:25:18Z,34,2026-09-15,FL,Tampa South,FL - Tampa South,1789480800000
2026-09-10T04:25:18Z,34,,FL,Tampa South,FL - Tampa South,
2026-09-10T04:25:18Z,35,2026-09-14,NY,Rochester,NY - Rochester,1789394400000
2026-09-10T04:25:18Z,35,2026-09-21,NY,Rochester,NY - Rochester,1789999200000
2026-09-10T04:25:18Z,35,,NY,Rochester,NY - Rochester,
2026-09-10T04:25:18Z,32,2026-09-11,DC,Washington DC,DC - Washington DC,1789135200000
2026-09-10T04:25:18Z,32,2026-09-15,DC,Washington DC,DC - Washington DC,1789480800000
2026-09-10T04:25:18Z,32,,DC,Washington DC,DC - Washington DC,
2026-09-10T04:25:18Z,33,2026-09-11,FL,Miami North,FL - Miami North,1789135200000
2026-09-10T04:25:18Z,33,2026-09-15,FL,Miami North,FL - Miami North,1789480800000
2026-09-10T04:25:18Z,33,,FL,Miami North,FL - Miami North,
2026-09-10T04:25:18Z,30,2026-09-11,NY,Long Island,NY - Long Island,1789135200000
2026-09-10T04:25:18Z,30,2026-09-14,NY,Long Island,NY - Long Island,1789394400000
2026-09-10T04:25:18Z,30,,NY,Long Island,NY - Long Island,
2026-09-10T04:25:18Z,31,2026-09-10,NJ,Glassboro East,NJ - Glassboro East,1789048800000
2026-09-10T04:25:18Z,31,2026-09-15,NJ,Glassboro East,NJ - Glassboro East,1789480800000
2026-09-10T04:25:18Z,31,,NJ,Glassboro East,NJ - Glassboro East,
2026-09-10T22:52:23Z,303,,,Tss Test Yard,Tss Test Yard,
2026-09-10T22:52:23Z,309,2026-09-14,CA,Adelanto,CA - Adelanto,1789412400000
2026-09-10T22:52:23Z,309,,CA,Adelanto,CA - Adelanto,
2026-09-10T22:52:23Z,308,2026-09-15,WI,Madison South,WI - Madison South,1789491600000
2026-09-10T22:52:23Z,308,,WI,Madison South,WI - Madison South,
2026-09-10T22:52:23Z,336,2026-09-11,UT,Salt Lake City,UT - Salt Lake City,1789149600000
2026-09-10T22:52:23Z,336,2026-09-15,UT,Salt Lake City,UT - Salt Lake City,1789495200000
2026-09-10T22:52:23Z,336,,UT,Salt Lake City,UT - Salt Lake City,
2026-09-10T22:52:23Z,335,2026-09-11,FL,Tampa North,FL - Tampa North,1789135200000
2026-09-10T22:52:23Z,335,2026-09-15,FL,Tampa North,FL - Tampa North,1789480800000
2026-09-10T22:52:23Z,335,,FL,Tampa North,FL - Tampa North,
2026-09-10T22:52:23Z,338,2026-09-14,NC,Lumberton,NC - Lumberton,1789394400000
2026-09-10T22:52:23Z,338,,NC,Lumberton,NC - Lumberton,
2026-09-10T22:52:23Z,337,2026-09-11,WA,Spanaway,WA - Spanaway,1789153200000
2026-09-10T22:52:23Z,337,2026-09-15,WA,Spanaway,WA - Spanaway,1789498800000
2026-09-10T22:52:23Z,337,,WA,Spanaway,WA - Spanaway,
2026-09-10T22:52:23Z,339,2026-09-16,WI,Milwaukee North,WI - Milwaukee North,1789578000000
2026-09-10T22:52:23Z,339,,WI,Milwaukee North,WI - Milwaukee North,
2026-09-10T22:52:23Z,204,2026-09-10,AB,Edmonton,AB - Edmonton,1789063200000
2026-09-10T22:52:23Z,204,2026-09-17,AB,Edmonton,AB - Edmonton,1789668000000
2026-09-10T22:52:23Z,204,,AB,Edmonton,AB - Edmonton,
2026-09-10T22:52:23Z,203,2026-09-15,AB,Calgary,AB - Calgary,1789495200000
2026-09-10T22:52:23Z,203,2026-09-29,AB,Calgary,AB - Calgary,1790704800000
2026-09-10T22:52:23Z,203,,AB,Calgary,AB - Calgary,
2026-09-10T22:52:23Z,326,2026-09-16,MS,Grenada,MS - Grenada,1789578000000
2026-09-10T22:52:23Z,326,,MS,Grenada,MS - Grenada,
2026-09-10T22:52:23Z,205,2026-09-15,QC,Montreal,QC - Montreal,1789488000000
2026-09-10T22:52:23Z,205,,QC,Montreal,QC - Montreal,
2026-09-10T22:52:23Z,328,2026-09-16,WY,Casper,WY - Casper,1789581600000
2026-09-10T22:52:23Z,328,,WY,Casper,WY - Casper,
2026-09-10T22:52:23Z,916,2026-09-16,AL,Cusseta,AL - Cusseta,1789578000000
2026-09-10T22:52:23Z,916,,AL,Cusseta,AL - Cusseta,
2026-09-10T22:52:23Z,350,2026-09-10,CT,Hartford Springfield,CT - Hartford Springfield,1789048800000
2026-09-10T22:52:23Z,350,2026-09-17,CT,Hartford Springfield,CT - Hartford Springfield,1789653600000
2026-09-10T22:52:23Z,350,,CT,Hartford Springfield,CT - Hartford Springfield,
2026-09-10T22:52:23Z,81,2026-09-11,IL,Chicago South,IL - Chicago South,1789146000000
2026-09-10T22:52:23Z,81,2026-09-16,IL,Chicago South,IL - Chicago South,1789578000000
2026-09-10T22:52:23Z,81,,IL,Chicago South,IL - Chicago South,
2026-09-10T22:52:23Z,82,2026-09-11,VA,Danville,VA - Danville,1789135200000
2026-09-10T22:52:23Z,82,2026-09-18,VA,Danville,VA - Danville,1789740000000
2026-09-10T22:52:23Z,82,,VA,Danville,VA - Danville,
2026-09-10T22:52:23Z,110,2026-09-14,HI,Honolulu,HI - Honolulu,1789423200000
2026-09-10T22:52:23Z,110,,HI,Honolulu,HI - Honolulu,
2026-09-10T22:52:23Z,80,2026-09-10,MN,Minneapolis North,MN - Minneapolis North,1789059600000
2026-09-10T22:52:23Z,80,2026-09-15,MN,Minneapolis North,MN - Minneapolis North,1789491600000
2026-09-10T22:52:23Z,80,,MN,Minneapolis North,MN - Minneapolis North,
2026-09-10T22:52:23Z,112,2026-09-10,OH,Cleveland West,OH - Cleveland West,1789048800000
2026-09-10T22:52:23Z,112,2026-09-14,OH,Cleveland West,OH - Cleveland West,1789394400000
2026-09-10T22:52:23Z,112,,OH,Cleveland West,OH - Cleveland West,
2026-09-10T22:52:23Z,111,2026-09-16,OH,Cleveland East,OH - Cleveland East,1789567200000
2026-09-10T22:52:23Z,111,,OH,Cleveland East,OH - Cleveland East,
2026-09-10T22:52:23Z,114,2026-09-10,TN,Knoxville,TN - Knoxville,1789048800000
2026-09-10T22:52:23Z,114,2026-09-15,TN,Knoxville,TN - Knoxville,1789480800000
2026-09-10T22:52:23Z,114,,TN,Knoxville,TN - Knoxville,
2026-09-10T22:52:23Z,356,2026-09-10,NC,Concord,NC - Concord,1789048800000
2026-09-10T22:52:23Z,356,2026-09-17,NC,Concord,NC - Concord,1789653600000
2026-09-10T22:52:23Z,356,,NC,Concord,NC - Concord,
2026-09-10T22:52:23Z,113,2026-09-15,AK,Anchorage,AK - Anchorage,1789502400000
2026-09-10T22:52:23Z,113,,AK,Anchorage,AK - Anchorage,
2026-09-10T22:52:23Z,89,2026-09-10,WV,Charleston,WV - Charleston,1789048800000
2026-09-10T22:52:23Z,89,2026-09-17,WV,Charleston,WV - Charleston,1789653600000
2026-09-10T22:52:23Z,89,,WV,Charleston,WV - Charleston,
2026-09-10T22:52:23Z,116,2026-09-16,WA,Spokane,WA - Spokane,1789585200000
2026-09-10T22:52:23Z,116,,WA,Spokane,WA - Spokane,
2026-09-10T22:52:23Z,115,2026-09-14,KY,Lexington East,KY - Lexington East,1789394400000
2026-09-10T22:52:23Z,115,2026-09-21,KY,Lexington East,KY - Lexington East,1789999200000
2026-09-10T22:52:23Z,115,,KY,Lexington East,KY - Lexington East,
2026-09-10T22:52:23Z,357,2026-09-10,TX,Houston East,TX - Houston East,1789059600000
2026-09-10T22:52:23Z,357,2026-09-14,TX,Houston East,TX - Houston East,1789405200000
2026-09-10T22:52:23Z,357,,TX,Houston East,TX - Houston East,
2026-09-10T22:52:23Z,118,2026-09-14,CO,Colorado Springs,CO - Colorado Springs,1789408800000
2026-09-10T22:52:23Z,118,2026-09-16,CO,Colorado Springs,CO - Colorado Springs,1789581600000
2026-09-10T22:52:23Z,118,,CO,Colorado Springs,CO - Colorado Springs,
2026-09-10T22:52:23Z,87,2026-09-10,GA,Savannah,GA - Savannah,1789048800000
2026-09-10T22:52:23Z,87,2026-09-14,GA,Savannah,GA - Savannah,1789394400000
2026-09-10T22:52:23Z,87,,GA,Savannah,GA - Savannah,
2026-09-10T22:52:23Z,117,2026-09-11,FL,Tallahassee,FL - Tallahassee,1789135200000
2026-09-10T22:52:23Z,117,2026-09-18,FL,Tallahassee,FL - Tallahassee,1789740000000
2026-09-10T22:52:23Z,117,,FL,Tallahassee,FL - Tallahassee,
2026-09-10T22:52:23Z,359,2026-09-15,GA,Augusta,GA - Augusta,1789480800000
2026-09-10T22:52:23Z,359,,GA,Augusta,GA - Augusta,
2026-09-10T22:52:23Z,88,2026-09-15,GA,Tifton,GA - Tifton,1789480800000
2026-09-10T22:52:23Z,88,,GA,Tifton,GA - Tifton,
2026-09-10T22:52:23Z,85,2026-09-16,PA,Pittsburgh South,PA - Pittsburgh South,1789567200000
2026-09-10T22:52:23Z,85,,PA,Pittsburgh South,PA - Pittsburgh South,
2026-09-10T22:52:23Z,86,2026-09-16,FL,Ft. Pierce,FL - Ft. Pierce,1789567200000
2026-09-10T22:52:23Z,86,,FL,Ft. Pierce,FL - Ft. Pierce,
2026-09-10T22:52:23Z,83,2026-09-16,KY,Lexington West,KY - Lexington West,1789567200000
2026-09-10T22:52:23Z,83,,KY,Lexington West,KY - Lexington West,
2026-09-10T22:52:23Z,84,2026-09-10,LA,Shreveport,LA - Shreveport,1789059600000
2026-09-10T22:52:23Z,84,2026-09-17,LA,Shreveport,LA - Shreveport,1789664400000
2026-09-10T22:52:23Z,84,,LA,Shreveport,LA - Shreveport,
2026-09-10T22:52:23Z,92,2026-09-14,MO,Springfield,MO - Springfield,1789405200000
2026-09-10T22:52:23Z,92,2026-09-16,MO,Springfield,MO - Springfield,1789578000000
2026-09-10T22:52:23Z,92,,MO,Springfield,MO - Springfield,
2026-09-10T22:52:23Z,93,2026-09-11,AZ,Tucson,AZ - Tucson,1789149600000
2026-09-10T22:52:23Z,93,2026-09-18,AZ,Tucson,AZ - Tucson,1789754400000
2026-09-10T22:52:23Z,93,,AZ,Tucson,AZ - Tucson,
2026-09-10T22:52:23Z,341,2026-09-10,AL,Dothan,AL - Dothan,1789059600000
2026-09-10T22:52:23Z,341,,AL,Dothan,AL - Dothan,
2026-09-10T22:52:23Z,90,2026-09-10,ME,Lyman,ME - Lyman,1789048800000
2026-09-10T22:52:23Z,90,2026-09-17,ME,Lyman,ME - Lyman,1789653600000
2026-09-10T22:52:23Z,90,,ME,Lyman,ME - Lyman,
2026-09-10T22:52:23Z,340,2026-09-16,NC,Gastonia,NC - Gastonia,1789567200000
2026-09-10T22:52:23Z,340,2026-10-07,NC,Gastonia,NC - Gastonia,1791381600000
2026-09-10T22:52:23Z,340,,NC,Gastonia,NC - Gastonia,
2026-09-10T22:52:23Z,91,2026-09-11,NJ,Somerville,NJ - Somerville,1789135200000
2026-09-10T22:52:23Z,91,2026-09-15,NJ,Somerville,NJ - Somerville,1789480800000
2026-09-10T22:52:23Z,91,,NJ,Somerville,NJ - Somerville,
2026-09-10T22:52:23Z,343,2026-09-11,CA,Redding,CA - Redding,1789153200000
2026-09-10T22:52:23Z,343,2026-09-18,CA,Redding,CA - Redding,1789758000000
2026-09-10T22:52:23Z,343,,CA,Redding,CA - Redding,
2026-09-10T22:52:23Z,101,2026-09-14,VA,Richmond East,VA - Richmond East,1789394400000
2026-09-10T22:52:23Z,101,,VA,Richmond East,VA - Richmond East,
2026-09-10T22:52:23Z,100,2026-09-10,NV,Reno,NV - Reno,1789066800000
2026-09-10T22:52:23Z,100,2026-09-17,NV,Reno,NV - Reno,1789671600000
2026-09-10T22:52:23Z,100,,NV,Reno,NV - Reno,
2026-09-10T22:52:23Z,342,2026-09-10,MD,Baltimore East,MD - Baltimore East,1789048800000
2026-09-10T22:52:23Z,342,2026-09-15,MD,Baltimore East,MD - Baltimore East,1789480800000
2026-09-10T22:52:23Z,342,,MD,Baltimore East,MD - Baltimore East,
2026-09-10T22:52:23Z,103,2026-09-11,MI,Lansing,MI - Lansing,1789135200000
2026-09-10T22:52:23Z,103,2026-09-18,MI,Lansing,MI - Lansing,1789740000000
2026-09-10T22:52:23Z,103,,MI,Lansing,MI - Lansing,
2026-09-10T22:52:23Z,345,2026-09-10,KY,Earlington,KY - Earlington,1789059600000
2026-09-10T22:52:23Z,345,2026-09-17,KY,Earlington,KY - Earlington,1789664400000
2026-09-10T22:52:23Z,345,,KY,Earlington,KY - Earlington,
2026-09-10T22:52:23Z,344,2026-09-14,NY,Buffalo,NY - Buffalo,1789394400000
2026-09-10T22:52:23Z,344,,NY,Buffalo,NY - Buffalo,
2026-09-10T22:52:23Z,102,2026-09-14,MD,Baltimore,MD - Baltimore,1789394400000
2026-09-10T22:52:23Z,102,,MD,Baltimore,MD - Baltimore,
2026-09-10T22:52:23Z,105,2026-09-14,FL,Miami Central,FL - Miami Central,1789394400000
2026-09-10T22:52:23Z,105,2026-09-16,FL,Miami Central,FL - Miami Central,1789567200000
2026-09-10T22:52:23Z,105,,FL,Miami Central,FL - Miami Central,
2026-09-10T22:52:23Z,104,2026-09-15,OR,Eugene,OR - Eugene,1789498800000
2026-09-10T22:52:23Z,104,2026-09-22,OR,Eugene,OR - Eugene,1790103600000
2026-09-10T22:52:23Z,104,,OR,Eugene,OR - Eugene,
2026-09-10T22:52:23Z,98,2026-09-11,TX,Ft. Worth,TX - Ft. Worth,1789146000000
2026-09-10T22:52:23Z,98,2026-09-15,TX,Ft. Worth,TX - Ft. Worth,1789491600000
2026-09-10T22:52:23Z,98,,TX,Ft. Worth,TX - Ft. Worth,
2026-09-10T22:52:23Z,107,2026-09-14,GA,Atlanta East,GA - Atlanta East,1789394400000
2026-09-10T22:52:23Z,107,2026-09-16,GA,Atlanta East,GA - Atlanta East,1789567200000
2026-09-10T22:52:23Z,107,,GA,Atlanta East,GA - Atlanta East,
2026-09-10T22:52:23Z,348,2026-09-11,FL,Punta Gorda,FL - Punta Gorda,1789135200000
2026-09-10T22:52:23Z,348,2026-09-15,FL,Punta Gorda,FL - Punta Gorda,1789480800000
2026-09-10T22:52:23Z,348,,FL,Punta Gorda,FL - Punta Gorda,
2026-09-10T22:52:23Z,106,2026-09-15,MT,Helena,MT - Helena,1789495200000
2026-09-10T22:52:23Z,106,,MT,Helena,MT - Helena,
2026-09-10T22:52:23Z,96,2026-09-15,TX,Corpus Christi,TX - Corpus Christi,1789491600000
2026-09-10T22:52:23Z,96,2026-09-22,TX,Corpus Christi,TX - Corpus Christi,1790096400000
2026-09-10T22:52:23Z,96,,TX,Corpus Christi,TX - Corpus Christi,
2026-09-10T22:52:23Z,108,2026-09-15,FL,Ocala,FL - Ocala,1789480800000
2026-09-10T22:52:23Z,108,,FL,Ocala,FL - Ocala,
2026-09-10T22:52:23Z,97,2026-09-10,CA,Rancho Cucamonga,CA - Rancho Cucamonga,1789066800000
2026-09-10T22:52:23Z,97,2026-09-15,CA,Rancho Cucamonga,CA - Rancho Cucamonga,1789498800000
2026-09-10T22:52:23Z,97,,CA,Rancho Cucamonga,CA - Rancho Cucamonga,
2026-09-10T22:52:23Z,94,2026-09-14,NY,Albany,NY - Albany,1789394400000
2026-09-10T22:52:23Z,94,2026-09-16,NY,Albany,NY - Albany,1789567200000
2026-09-10T22:52:23Z,94,,NY,Albany,NY - Albany,
2026-09-10T22:52:23Z,95,2026-09-15,TX,Amarillo,TX - Amarillo,1789491600000
2026-09-10T22:52:23Z,95,2026-09-22,TX,Amarillo,TX - Amarillo,1790096400000
2026-09-10T22:52:23Z,95,,TX,Amarillo,TX - Amarillo,
2026-09-10T22:52:23Z,130,2026-09-15,DE,Seaford,DE - Seaford,1789480800000
2026-09-10T22:52:23Z,130,,DE,Seaford,DE - Seaford,
2026-09-10T22:52:23Z,371,2026-09-14,WI,Milwaukee South,WI - Milwaukee South,1789405200000
2026-09-10T22:52:23Z,371,,WI,Milwaukee South,WI - Milwaukee South,
2026-09-10T22:52:23Z,373,2026-09-15,NC,Lagrange,NC - Lagrange,1789480800000
2026-09-10T22:52:23Z,373,,NC,Lagrange,NC - Lagrange,
2026-09-10T22:52:23Z,376,2026-09-11,OH,Akron,OH - Akron,1789135200000
2026-09-10T22:52:23Z,376,2026-09-15,OH,Akron,OH - Akron,1789480800000
2026-09-10T22:52:23Z,376,,OH,Akron,OH - Akron,
2026-09-10T22:52:23Z,134,2026-09-14,OR,Portland South,OR - Portland South,1789412400000
2026-09-10T22:52:23Z,134,2026-09-21,OR,Portland South,OR - Portland South,1790017200000
2026-09-10T22:52:23Z,134,,OR,Portland South,OR - Portland South,
2026-09-10T22:52:23Z,133,2026-09-14,NV,Las Vegas West,NV - Las Vegas West,1789412400000
2026-09-10T22:52:23Z,133,2026-09-16,NV,Las Vegas West,NV - Las Vegas West,1789585200000
2026-09-10T22:52:23Z,133,,NV,Las Vegas West,NV - Las Vegas West,
2026-09-10T22:52:23Z,136,2026-09-15,AL,Birmingham,AL - Birmingham,1789491600000
2026-09-10T22:52:23Z,136,2026-09-22,AL,Birmingham,AL - Birmingham,1790096400000
2026-09-10T22:52:23Z,136,,AL,Birmingham,AL - Birmingham,
2026-09-10T22:52:23Z,135,2026-09-14,NJ,Trenton,NJ - Trenton,1789394400000
2026-09-10T22:52:23Z,135,2026-09-16,NJ,Trenton,NJ - Trenton,1789567200000
2026-09-10T22:52:23Z,135,,NJ,Trenton,NJ - Trenton,
2026-09-10T22:52:23Z,138,2026-09-11,KY,Walton,KY - Walton,1789135200000
2026-09-10T22:52:23Z,138,2026-09-18,KY,Walton,KY - Walton,1789740000000
2026-09-10T22:52:23Z,138,,KY,Walton,KY - Walton,
2026-09-10T22:52:23Z,139,2026-09-11,VA,Richmond,VA - Richmond,1789135200000
2026-09-10T22:52:23Z,139,2026-09-18,VA,Richmond,VA - Richmond,1789740000000
2026-09-10T22:52:23Z,139,,VA,Richmond,VA - Richmond,
2026-09-10T22:52:23Z,370,2026-09-14,IN,Dyer,IN - Dyer,1789405200000
2026-09-10T22:52:23Z,370,2026-10-05,IN,Dyer,IN - Dyer,1791219600000
2026-09-10T22:52:23Z,370,,IN,Dyer,IN - Dyer,
2026-09-10T22:52:23Z,361,2026-09-16,MA,Freetown,MA - Freetown,1789567200000
2026-09-10T22:52:23Z,361,,MA,Freetown,MA - Freetown,
2026-09-10T22:52:23Z,360,2026-09-14,IN,Fort Wayne,IN - Fort Wayne,1789394400000
2026-09-10T22:52:23Z,360,2026-09-21,IN,Fort Wayne,IN - Fort Wayne,1789999200000
2026-09-10T22:52:23Z,360,,IN,Fort Wayne,IN - Fort Wayne,
2026-09-10T22:52:23Z,363,2026-09-14,ND,Bismarck,ND - Bismarck,1789412400000
2026-09-10T22:52:23Z,363,,ND,Bismarck,ND - Bismarck,
2026-09-10T22:52:23Z,362,2026-09-10,AZ,Phoenix North,AZ - Phoenix North,1789063200000
2026-09-10T22:52:23Z,362,2026-09-15,AZ,Phoenix North,AZ - Phoenix North,1789495200000
2026-09-10T22:52:23Z,362,,AZ,Phoenix North,AZ - Phoenix North,
2026-09-10T22:52:23Z,120,2026-09-10,CO,Denver Central,CO - Denver Central,1789063200000
2026-09-10T22:52:23Z,120,2026-09-15,CO,Denver Central,CO - Denver Central,1789495200000
2026-09-10T22:52:23Z,120,,CO,Denver Central,CO - Denver Central,
2026-09-10T22:52:23Z,123,2026-09-15,NE,Lincoln,NE - Lincoln,1789491600000
2026-09-10T22:52:23Z,123,,NE,Lincoln,NE - Lincoln,
2026-09-10T22:52:23Z,1,2026-09-11,CA,Vallejo,CA - Vallejo,1789153200000
2026-09-10T22:52:23Z,1,,CA,Vallejo,CA - Vallejo,
2026-09-10T22:52:23Z,2,2026-09-10,CA,Sacramento,CA - Sacramento,1789066800000
2026-09-10T22:52:23Z,2,2026-09-15,CA,Sacramento,CA - Sacramento,1789498800000
2026-09-10T22:52:23Z,2,,CA,Sacramento,CA - Sacramento,
2026-09-10T22:52:23Z,122,2026-09-14,MT,Billings,MT - Billings,1789408800000
2026-09-10T22:52:23Z,122,,MT,Billings,MT - Billings,
2026-09-10T22:52:23Z,367,2026-09-16,CA,Mentone,CA - Mentone,1789585200000
2026-09-10T22:52:23Z,367,2026-09-23,CA,Mentone,CA - Mentone,1790190000000
2026-09-10T22:52:23Z,367,,CA,Mentone,CA - Mentone,
2026-09-10T22:52:23Z,3,2026-09-10,CA,Hayward,CA - Hayward,1789066800000
2026-09-10T22:52:23Z,3,2026-09-15,CA,Hayward,CA - Hayward,1789498800000
2026-09-10T22:52:23Z,3,,CA,Hayward,CA - Hayward,
2026-09-10T22:52:23Z,125,2026-09-15,MO,Columbia,MO - Columbia,1789491600000
2026-09-10T22:52:23Z,125,,MO,Columbia,MO - Columbia,
2026-09-10T22:52:23Z,4,2026-09-10,CA,Fresno,CA - Fresno,1789066800000
2026-09-10T22:52:23Z,4,2026-09-14,CA,Fresno,CA - Fresno,1789412400000
2026-09-10T22:52:23Z,4,,CA,Fresno,CA - Fresno,
2026-09-10T22:52:23Z,366,2026-09-14,FL,Clewiston,FL - Clewiston,1789394400000
2026-09-10T22:52:23Z,366,,FL,Clewiston,FL - Clewiston,
2026-09-10T22:52:23Z,5,2026-09-11,CA,Bakersfield,CA - Bakersfield,1789153200000
2026-09-10T22:52:23Z,5,,CA,Bakersfield,CA - Bakersfield,
2026-09-10T22:52:23Z,127,2026-09-10,PA,York Haven,PA - York Haven,1789048800000
2026-09-10T22:52:23Z,127,2026-09-14,PA,York Haven,PA - York Haven,1789394400000
2026-09-10T22:52:23Z,127,,PA,York Haven,PA - York Haven,
2026-09-10T22:52:23Z,369,2026-09-10,KS,Kansas City,KS - Kansas City,1789059600000
2026-09-10T22:52:23Z,369,2026-09-15,KS,Kansas City,KS - Kansas City,1789491600000
2026-09-10T22:52:23Z,369,,KS,Kansas City,KS - Kansas City,
2026-09-10T22:52:23Z,6,2026-09-10,CA,San Jose,CA - San Jose,1789066800000
2026-09-10T22:52:23Z,6,2026-09-15,CA,San Jose,CA - San Jose,1789498800000
2026-09-10T22:52:23Z,6,,CA,San Jose,CA - San Jose,
2026-09-10T22:52:23Z,368,2026-09-11,NC,Raleigh North,NC - Raleigh North,1789135200000
2026-09-10T22:52:23Z,368,2026-09-18,NC,Raleigh North,NC - Raleigh North,1789740000000
2026-09-10T22:52:23Z,368,,NC,Raleigh North,NC - Raleigh North,
2026-09-10T22:52:23Z,129,2026-09-10,PA,Altoona,PA - Altoona,1789048800000
2026-09-10T22:52:23Z,129,2026-09-17,PA,Altoona,PA - Altoona,1789653600000
2026-09-10T22:52:23Z,129,,PA,Altoona,PA - Altoona,
2026-09-10T22:52:23Z,7,2026-09-10,CA,San Bernardino,CA - San Bernardino,1789066800000
2026-09-10T22:52:23Z,7,2026-09-14,CA,San Bernardino,CA - San Bernardino,1789412400000
2026-09-10T22:52:23Z,7,,CA,San Bernardino,CA - San Bernardino,
2026-09-10T22:52:23Z,128,2026-09-11,PA,Chambersburg,PA - Chambersburg,1789135200000
2026-09-10T22:52:23Z,128,2026-09-18,PA,Chambersburg,PA - Chambersburg,1789740000000
2026-09-10T22:52:23Z,128,,PA,Chambersburg,PA - Chambersburg,
2026-09-10T22:52:23Z,8,2026-09-11,,Tss Test Stage Prod,Tss Test Stage Prod,1789167600000
2026-09-10T22:52:23Z,8,,,Tss Test Stage Prod,Tss Test Stage Prod,
2026-09-10T22:52:23Z,9,2026-09-14,OR,Portland North,OR - Portland North,1789412400000
2026-09-10T22:52:23Z,9,2026-09-16,OR,Portland North,OR - Portland North,1789585200000
2026-09-10T22:52:23Z,9,,OR,Portland North,OR - Portland North,
2026-09-10T22:52:23Z,838,2026-09-14,,Rental Vehicle Sale,Rental Vehicle Sale,1789401600000
2026-09-10T22:52:23Z,838,,,Rental Vehicle Sale,Rental Vehicle Sale,
2026-09-10T22:52:23Z,47,2026-09-14,AZ,Phoenix,AZ - Phoenix,1789408800000
2026-09-10T22:52:23Z,47,2026-09-16,AZ,Phoenix,AZ - Phoenix,1789581600000
2026-09-10T22:52:23Z,47,,AZ,Phoenix,AZ - Phoenix,
2026-09-10T22:52:23Z,48,2026-09-14,WA,North Seattle,WA - North Seattle,1789412400000
2026-09-10T22:52:23Z,48,,WA,North Seattle,WA - North Seattle,
2026-09-10T22:52:23Z,161,2026-09-16,MI,Kincheloe,MI - Kincheloe,1789567200000
2026-09-10T22:52:23Z,161,,MI,Kincheloe,MI - Kincheloe,
2026-09-10T22:52:23Z,160,2026-09-11,MI,Ionia,MI - Ionia,1789135200000
2026-09-10T22:52:23Z,160,,MI,Ionia,MI - Ionia,
2026-09-10T22:52:23Z,394,2026-09-10,TX,North Austin,TX - North Austin,1789059600000
2026-09-10T22:52:23Z,394,2026-09-17,TX,North Austin,TX - North Austin,1789664400000
2026-09-10T22:52:23Z,394,,TX,North Austin,TX - North Austin,
2026-09-10T22:52:23Z,151,2026-09-10,CA,Antelope,CA - Antelope,1789066800000
2026-09-10T22:52:23Z,151,2026-09-15,CA,Antelope,CA - Antelope,1789498800000
2026-09-10T22:52:23Z,151,,CA,Antelope,CA - Antelope,
2026-09-10T22:52:23Z,154,2026-09-16,NC,Mebane,NC - Mebane,1789567200000
2026-09-10T22:52:23Z,154,,NC,Mebane,NC - Mebane,
2026-09-10T22:52:23Z,396,2026-09-15,SD,Rapid City,SD - Rapid City,1789495200000
2026-09-10T22:52:23Z,396,,SD,Rapid City,SD - Rapid City,
2026-09-10T22:52:23Z,395,2026-09-14,VT,Rutland,VT - Rutland,1789394400000
2026-09-10T22:52:23Z,395,,VT,Rutland,VT - Rutland,
2026-09-10T22:52:23Z,153,2026-09-14,FL,Orlando North,FL - Orlando North,1789394400000
2026-09-10T22:52:23Z,153,2026-09-16,FL,Orlando North,FL - Orlando North,1789567200000
2026-09-10T22:52:23Z,153,,FL,Orlando North,FL - Orlando North,
2026-09-10T22:52:23Z,156,2026-09-14,IL,Wheeling,IL - Wheeling,1789405200000
2026-09-10T22:52:23Z,156,,IL,Wheeling,IL - Wheeling,
2026-09-10T22:52:23Z,398,2026-09-16,IA,Cedar Rapids,IA - Cedar Rapids,1789578000000
2026-09-10T22:52:23Z,398,2026-09-23,IA,Cedar Rapids,IA - Cedar Rapids,1790182800000
2026-09-10T22:52:23Z,398,,IA,Cedar Rapids,IA - Cedar Rapids,
2026-09-10T22:52:23Z,155,2026-09-10,NH,Candia,NH - Candia,1789048800000
2026-09-10T22:52:23Z,155,2026-09-15,NH,Candia,NH - Candia,1789480800000
2026-09-10T22:52:23Z,155,,NH,Candia,NH - Candia,
2026-09-10T22:52:23Z,157,2026-09-16,GA,Atlanta North,GA - Atlanta North,1789567200000
2026-09-10T22:52:23Z,157,2026-09-23,GA,Atlanta North,GA - Atlanta North,1790172000000
2026-09-10T22:52:23Z,157,,GA,Atlanta North,GA - Atlanta North,
2026-09-10T22:52:23Z,45,2026-09-11,TX,El Paso,TX - El Paso,1789149600000
2026-09-10T22:52:23Z,45,2026-09-18,TX,El Paso,TX - El Paso,1789754400000
2026-09-10T22:52:23Z,45,,TX,El Paso,TX - El Paso,
2026-09-10T22:52:23Z,159,2026-09-16,MI,Flint,MI - Flint,1789567200000
2026-09-10T22:52:23Z,159,,MI,Flint,MI - Flint,
2026-09-10T22:52:23Z,43,2026-09-11,CA,Van Nuys,CA - Van Nuys,1789153200000
2026-09-10T22:52:23Z,43,2026-09-15,CA,Van Nuys,CA - Van Nuys,1789498800000
2026-09-10T22:52:23Z,43,,CA,Van Nuys,CA - Van Nuys,
2026-09-10T22:52:23Z,833,2026-09-15,,"Heavy Truck, Trailer, Rv Clean Title Sale","Heavy Truck, Trailer, Rv Clean Title Sale",1789488000000
2026-09-10T22:52:23Z,833,2026-09-22,,"Heavy Truck, Trailer, Rv Clean Title Sale","Heavy Truck, Trailer, Rv Clean Title Sale",1790092800000
2026-09-10T22:52:23Z,833,,,"Heavy Truck, Trailer, Rv Clean Title Sale","Heavy Truck, Trailer, Rv Clean Title Sale",
2026-09-10T22:52:23Z,832,2026-09-14,,Medium Duty Clean Title Sale,Medium Duty Clean Title Sale,1789401600000
2026-09-10T22:52:23Z,832,2026-09-21,,Medium Duty Clean Title Sale,Medium Duty Clean Title Sale,1790006400000
2026-09-10T22:52:23Z,832,,,Medium Duty Clean Title Sale,Medium Duty Clean Title Sale,
2026-09-10T22:52:23Z,44,2026-09-11,IN,Indianapolis,IN - Indianapolis,1789135200000
2026-09-10T22:52:23Z,44,2026-09-15,IN,Indianapolis,IN - Indianapolis,1789480800000
2026-09-10T22:52:23Z,44,,IN,Indianapolis,IN - Indianapolis,
2026-09-10T22:52:23Z,835,2026-09-16,,Medium Duty Specialty Sale,Medium Duty Specialty Sale,1789574400000
2026-09-10T22:52:23Z,835,2026-09-23,,Medium Duty Specialty Sale,Medium Duty Specialty Sale,1790179200000
2026-09-10T22:52:23Z,835,,,Medium Duty Specialty Sale,Medium Duty Specialty Sale,
2026-09-10T22:52:23Z,41,2026-09-14,NC,China Grove,NC - China Grove,1789394400000
2026-09-10T22:52:23Z,41,,NC,China Grove,NC - China Grove,
2026-09-10T22:52:23Z,837,2026-09-11,,Equipment Specialty Sale,Equipment Specialty Sale,1789142400000
2026-09-10T22:52:23Z,837,2026-09-18,,Equipment Specialty Sale,Equipment Specialty Sale,1789747200000
2026-09-10T22:52:23Z,837,,,Equipment Specialty Sale,Equipment Specialty Sale,
2026-09-10T22:52:23Z,40,2026-09-11,MS,Jackson,MS - Jackson,1789146000000
2026-09-10T22:52:23Z,40,2026-09-18,MS,Jackson,MS - Jackson,1789750800000
2026-09-10T22:52:23Z,40,,MS,Jackson,MS - Jackson,
2026-09-10T22:52:23Z,836,2026-09-10,,"Heavy Truck, Trailer, Rv Specialty Sale","Heavy Truck, Trailer, Rv Specialty Sale",1789056000000
2026-09-10T22:52:23Z,836,2026-09-17,,"Heavy Truck, Trailer, Rv Specialty Sale","Heavy Truck, Trailer, Rv Specialty Sale",1789660800000
2026-09-10T22:52:23Z,836,,,"Heavy Truck, Trailer, Rv Specialty Sale","Heavy Truck, Trailer, Rv Specialty Sale",
2026-09-10T22:52:23Z,58,2026-09-14,AL,Mobile,AL - Mobile,1789405200000
2026-09-10T22:52:23Z,58,2026-09-21,AL,Mobile,AL - Mobile,1790010000000
2026-09-10T22:52:23Z,58,,AL,Mobile,AL - Mobile,
2026-09-10T22:52:23Z,59,2026-09-11,CA,San Diego,CA - San Diego,1789153200000
2026-09-10T22:52:23Z,59,2026-09-15,CA,San Diego,CA - San Diego,1789498800000
2026-09-10T22:52:23Z,59,,CA,San Diego,CA - San Diego,
2026-09-10T22:52:23Z,141,2026-09-14,MO,Sikeston,MO - Sikeston,1789405200000
2026-09-10T22:52:23Z,141,2026-09-28,MO,Sikeston,MO - Sikeston,1790614800000
2026-09-10T22:52:23Z,141,,MO,Sikeston,MO - Sikeston,
2026-09-10T22:52:23Z,140,2026-09-14,AR,Fayetteville,AR - Fayetteville,1789405200000
2026-09-10T22:52:23Z,140,2026-09-16,AR,Fayetteville,AR - Fayetteville,1789578000000
2026-09-10T22:52:23Z,140,,AR,Fayetteville,AR - Fayetteville,
2026-09-10T22:52:23Z,385,2026-09-10,MI,Wayland,MI - Wayland,1789048800000
2026-09-10T22:52:23Z,385,2026-09-17,MI,Wayland,MI - Wayland,1789653600000
2026-09-10T22:52:23Z,385,,MI,Wayland,MI - Wayland,
2026-09-10T22:52:23Z,143,2026-09-10,KY,Louisville,KY - Louisville,1789048800000
2026-09-10T22:52:23Z,143,2026-09-14,KY,Louisville,KY - Louisville,1789394400000
2026-09-10T22:52:23Z,143,,KY,Louisville,KY - Louisville,
2026-09-10T22:52:23Z,142,2026-09-16,PA,Scranton,PA - Scranton,1789567200000
2026-09-10T22:52:23Z,142,,PA,Scranton,PA - Scranton,
2026-09-10T22:52:23Z,384,2026-09-11,ME,Windham,ME - Windham,1789135200000
2026-09-10T22:52:23Z,384,2026-09-16,ME,Windham,ME - Windham,1789567200000
2026-09-10T22:52:23Z,384,,ME,Windham,ME - Windham,
2026-09-10T22:52:23Z,145,2026-09-10,AL,Montgomery,AL - Montgomery,1789059600000
2026-09-10T22:52:23Z,145,2026-09-17,AL,Montgomery,AL - Montgomery,1789664400000
2026-09-10T22:52:23Z,145,,AL,Montgomery,AL - Montgomery,
2026-09-10T22:52:23Z,386,2026-09-14,LA,Vinton,LA - Vinton,1789405200000
2026-09-10T22:52:23Z,386,,LA,Vinton,LA - Vinton,
2026-09-10T22:52:23Z,144,2026-09-14,SC,Spartanburg,SC - Spartanburg,1789394400000
2026-09-10T22:52:23Z,144,2026-09-16,SC,Spartanburg,SC - Spartanburg,1789567200000
2026-09-10T22:52:23Z,144,,SC,Spartanburg,SC - Spartanburg,
2026-09-10T22:52:23Z,146,2026-09-10,GA,Atlanta South,GA - Atlanta South,1789048800000
2026-09-10T22:52:23Z,146,2026-09-15,GA,Atlanta South,GA - Atlanta South,1789480800000
2026-09-10T22:52:23Z,146,,GA,Atlanta South,GA - Atlanta South,
2026-09-10T22:52:23Z,56,2026-09-11,SC,Columbia,SC - Columbia,1789135200000
2026-09-10T22:52:23Z,56,2026-09-18,SC,Columbia,SC - Columbia,1789740000000
2026-09-10T22:52:23Z,56,,SC,Columbia,SC - Columbia,
2026-09-10T22:52:23Z,149,2026-09-16,MA,West Warren,MA - West Warren,1789567200000
2026-09-10T22:52:23Z,149,2026-09-23,MA,West Warren,MA - West Warren,1790172000000
2026-09-10T22:52:23Z,149,,MA,West Warren,MA - West Warren,
2026-09-10T22:52:23Z,57,2026-09-10,NV,Las Vegas,NV - Las Vegas,1789066800000
2026-09-10T22:52:23Z,57,2026-09-15,NV,Las Vegas,NV - Las Vegas,1789498800000
2026-09-10T22:52:23Z,57,,NV,Las Vegas,NV - Las Vegas,
2026-09-10T22:52:23Z,148,2026-09-16,FL,Miami South,FL - Miami South,1789567200000
2026-09-10T22:52:23Z,148,,FL,Miami South,FL - Miami South,
2026-09-10T22:52:23Z,54,2026-09-10,NC,Raleigh,NC - Raleigh,1789048800000
2026-09-10T22:52:23Z,54,2026-09-15,NC,Raleigh,NC - Raleigh,1789480800000
2026-09-10T22:52:23Z,54,,NC,Raleigh,NC - Raleigh,
2026-09-10T22:52:23Z,55,2026-09-10,FL,Orlando South,FL - Orlando South,1789048800000
2026-09-10T22:52:23Z,55,2026-09-15,FL,Orlando South,FL - Orlando South,1789480800000
2026-09-10T22:52:23Z,55,,FL,Orlando South,FL - Orlando South,
2026-09-10T22:52:23Z,52,2026-09-14,MN,St. Cloud,MN - St. Cloud,1789405200000
2026-09-10T22:52:23Z,52,,MN,St. Cloud,MN - St. Cloud,
2026-09-10T22:52:23Z,53,2026-09-10,MA,North Boston,MA - North Boston,1789048800000
2026-09-10T22:52:23Z,53,2026-09-11,MA,North Boston,MA - North Boston,1789135200000
2026-09-10T22:52:23Z,53,,MA,North Boston,MA - North Boston,
2026-09-10T22:52:23Z,50,2026-09-11,LA,Baton Rouge,LA - Baton Rouge,1789146000000
2026-09-10T22:52:23Z,50,2026-09-15,LA,Baton Rouge,LA - Baton Rouge,1789491600000
2026-09-10T22:52:23Z,50,,LA,Baton Rouge,LA - Baton Rouge,
2026-09-10T22:52:23Z,51,2026-09-14,IL,Peoria,IL - Peoria,1789405200000
2026-09-10T22:52:23Z,51,,IL,Peoria,IL - Peoria,
2026-09-10T22:52:23Z,69,2026-09-15,NJ,Glassboro West,NJ - Glassboro West,1789480800000
2026-09-10T22:52:23Z,69,,NJ,Glassboro West,NJ - Glassboro West,
2026-09-10T22:52:23Z,181,2026-09-10,TX,Dallas South,TX - Dallas South,1789059600000
2026-09-10T22:52:23Z,181,2026-09-14,TX,Dallas South,TX - Dallas South,1789405200000
2026-09-10T22:52:23Z,181,,TX,Dallas South,TX - Dallas South,
2026-09-10T22:52:23Z,180,2026-09-14,CA,Sun Valley,CA - Sun Valley,1789412400000
2026-09-10T22:52:23Z,180,2026-09-16,CA,Sun Valley,CA - Sun Valley,1789585200000
2026-09-10T22:52:23Z,180,,CA,Sun Valley,CA - Sun Valley,
2026-09-10T22:52:23Z,182,2026-09-16,TX,Waco,TX - Waco,1789578000000
2026-09-10T22:52:23Z,182,,TX,Waco,TX - Waco,
2026-09-10T22:52:23Z,174,2026-09-16,PA,Pittsburgh West,PA - Pittsburgh West,1789567200000
2026-09-10T22:52:23Z,174,,PA,Pittsburgh West,PA - Pittsburgh West,
2026-09-10T22:52:23Z,295,2026-09-10,,Atlantic Canada Auction,Atlantic Canada Auction,1789056000000
2026-09-10T22:52:23Z,295,2026-09-17,,Atlantic Canada Auction,Atlantic Canada Auction,1789660800000
2026-09-10T22:52:23Z,295,,,Atlantic Canada Auction,Atlantic Canada Auction,
2026-09-10T22:52:23Z,60,2026-09-11,IA,Des Moines,IA - Des Moines,1789146000000
2026-09-10T22:52:23Z,60,2026-09-18,IA,Des Moines,IA - Des Moines,1789750800000
2026-09-10T22:52:23Z,60,,IA,Des Moines,IA - Des Moines,
2026-09-10T22:52:23Z,173,2026-09-14,GA,Fairburn,GA - Fairburn,1789394400000
2026-09-10T22:52:23Z,173,,GA,Fairburn,GA - Fairburn,
2026-09-10T22:52:23Z,294,2026-09-10,,Ontario Auction,Ontario Auction,1789048800000
2026-09-10T22:52:23Z,294,2026-09-15,,Ontario Auction,Ontario Auction,1789480800000
2026-09-10T22:52:23Z,294,,,Ontario Auction,Ontario Auction,
2026-09-10T22:52:23Z,175,2026-09-10,GA,Cartersville,GA - Cartersville,1789048800000
2026-09-10T22:52:23Z,175,2026-09-17,GA,Cartersville,GA - Cartersville,1789653600000
2026-09-10T22:52:23Z,175,,GA,Cartersville,GA - Cartersville,
2026-09-10T22:52:23Z,850,,,Connecticut Friday Sale,Connecticut Friday Sale,
2026-09-10T22:52:23Z,67,2026-09-14,KS,Wichita,KS - Wichita,1789405200000
2026-09-10T22:52:23Z,67,2026-09-16,KS,Wichita,KS - Wichita,1789578000000
2026-09-10T22:52:23Z,67,,KS,Wichita,KS - Wichita,
2026-09-10T22:52:23Z,68,2026-09-10,CO,Denver,CO - Denver,1789063200000
2026-09-10T22:52:23Z,68,2026-09-15,CO,Denver,CO - Denver,1789495200000
2026-09-10T22:52:23Z,68,,CO,Denver,CO - Denver,
2026-09-10T22:52:23Z,65,2026-09-16,TX,McAllen,TX - McAllen,1789578000000
2026-09-10T22:52:23Z,65,,TX,McAllen,TX - McAllen,
2026-09-10T22:52:23Z,855,2026-09-10,,Wholesale Auction,Wholesale Auction,1789056000000
2026-09-10T22:52:23Z,855,2026-09-15,,Wholesale Auction,Wholesale Auction,1789488000000
2026-09-10T22:52:23Z,855,,,Wholesale Auction,Wholesale Auction,
2026-09-10T22:52:23Z,66,2026-09-16,AL,Tanner,AL - Tanner,1789578000000
2026-09-10T22:52:23Z,66,2026-09-23,AL,Tanner,AL - Tanner,1790182800000
2026-09-10T22:52:23Z,66,,AL,Tanner,AL - Tanner,
2026-09-10T22:52:23Z,63,2026-09-14,TN,Nashville,TN - Nashville,1789405200000
2026-09-10T22:52:23Z,63,2026-09-16,TN,Nashville,TN - Nashville,1789578000000
2026-09-10T22:52:23Z,63,,TN,Nashville,TN - Nashville,
2026-09-10T22:52:23Z,61,2026-09-11,MI,Detroit,MI - Detroit,1789135200000
2026-09-10T22:52:23Z,61,2026-09-15,MI,Detroit,MI - Detroit,1789480800000
2026-09-10T22:52:23Z,61,,MI,Detroit,MI - Detroit,
2026-09-10T22:52:23Z,62,2026-09-10,TX,Austin,TX - Austin,1789059600000
2026-09-10T22:52:23Z,62,2026-09-17,TX,Austin,TX - Austin,1789664400000
2026-09-10T22:52:23Z,62,,TX,Austin,TX - Austin,
2026-09-10T22:52:23Z,170,2026-09-15,IN,Cicero,IN - Cicero,1789480800000
2026-09-10T22:52:23Z,170,2026-10-06,IN,Cicero,IN - Cicero,1791295200000
2026-09-10T22:52:23Z,170,,IN,Cicero,IN - Cicero,
2026-09-10T22:52:23Z,292,2026-09-16,,Wholesale Auction Canada,Wholesale Auction Canada,1789578000000
2026-09-10T22:52:23Z,292,2026-09-23,,Wholesale Auction Canada,Wholesale Auction Canada,1790182800000
2026-09-10T22:52:23Z,292,,,Wholesale Auction Canada,Wholesale Auction Canada,
2026-09-10T22:52:23Z,163,2026-09-14,FL,Jacksonville North,FL - Jacksonville North,1789394400000
2026-09-10T22:52:23Z,163,2026-09-16,FL,Jacksonville North,FL - Jacksonville North,1789567200000
2026-09-10T22:52:23Z,163,,FL,Jacksonville North,FL - Jacksonville North,
2026-09-10T22:52:23Z,70,2026-09-10,FL,West Palm Beach,FL - West Palm Beach,1789048800000
2026-09-10T22:52:23Z,70,2026-09-15,FL,West Palm Beach,FL - West Palm Beach,1789480800000
2026-09-10T22:52:23Z,70,,FL,West Palm Beach,FL - West Palm Beach,
2026-09-10T22:52:23Z,71,2026-09-11,WA,Pasco,WA - Pasco,1789153200000
2026-09-10T22:52:23Z,71,2026-09-18,WA,Pasco,WA - Pasco,1789758000000
2026-09-10T22:52:23Z,71,,WA,Pasco,WA - Pasco,
2026-09-10T22:52:23Z,162,2026-09-15,VA,Hampton,VA - Hampton,1789480800000
2026-09-10T22:52:23Z,162,,VA,Hampton,VA - Hampton,
2026-09-10T22:52:23Z,164,2026-09-14,PA,Philadelphia East,PA - Philadelphia East,1789394400000
2026-09-10T22:52:23Z,164,2026-09-16,PA,Philadelphia East,PA - Philadelphia East,1789567200000
2026-09-10T22:52:23Z,164,,PA,Philadelphia East,PA - Philadelphia East,
2026-09-10T22:52:23Z,166,2026-09-11,OH,Dayton,OH - Dayton,1789135200000
2026-09-10T22:52:23Z,166,2026-09-16,OH,Dayton,OH - Dayton,1789567200000
2026-09-10T22:52:23Z,166,,OH,Dayton,OH - Dayton,
2026-09-10T22:52:23Z,169,2026-09-16,IA,Davenport,IA - Davenport,1789578000000
2026-09-10T22:52:23Z,169,,IA,Davenport,IA - Davenport,
2026-09-10T22:52:23Z,78,2026-09-09,CA,Martinez,CA - Martinez,1788980400000
2026-09-10T22:52:23Z,78,2026-09-14,CA,Martinez,CA - Martinez,1789412400000
2026-09-10T22:52:23Z,78,,CA,Martinez,CA - Martinez,
2026-09-10T22:52:23Z,841,2026-09-10,,CrashedToys Powersport Auction,CrashedToys Powersport Auction,1789059600000
2026-09-10T22:52:23Z,841,2026-09-17,,CrashedToys Powersport Auction,CrashedToys Powersport Auction,1789664400000
2026-09-10T22:52:23Z,841,,,CrashedToys Powersport Auction,CrashedToys Powersport Auction,
2026-09-10T22:52:23Z,79,2026-09-16,LA,New Orleans,LA - New Orleans,1789578000000
2026-09-10T22:52:23Z,79,,LA,New Orleans,LA - New Orleans,
2026-09-10T22:52:23Z,76,2026-09-15,PA,Harrisburg,PA - Harrisburg,1789480800000
2026-09-10T22:52:23Z,76,2026-09-22,PA,Harrisburg,PA - Harrisburg,1790085600000
2026-09-10T22:52:23Z,76,,PA,Harrisburg,PA - Harrisburg,
2026-09-10T22:52:23Z,74,2026-09-10,TX,San Antonio,TX - San Antonio,1789059600000
2026-09-10T22:52:23Z,74,2026-09-17,TX,San Antonio,TX - San Antonio,1789664400000
2026-09-10T22:52:23Z,74,,TX,San Antonio,TX - San Antonio,
2026-09-10T22:52:23Z,75,2026-09-10,NM,Albuquerque,NM - Albuquerque,1789063200000
2026-09-10T22:52:23Z,75,2026-09-14,NM,Albuquerque,NM - Albuquerque,1789408800000
2026-09-10T22:52:23Z,75,,NM,Albuquerque,NM - Albuquerque,
2026-09-10T22:52:23Z,72,2026-09-10,ID,Boise,ID - Boise,1789063200000
2026-09-10T22:52:23Z,72,2026-09-17,ID,Boise,ID - Boise,1789668000000
2026-09-10T22:52:23Z,72,,ID,Boise,ID - Boise,
2026-09-10T22:52:23Z,73,2026-09-11,TX,Abilene,TX - Abilene,1789146000000
2026-09-10T22:52:23Z,73,2026-09-18,TX,Abilene,TX - Abilene,1789750800000
2026-09-10T22:52:23Z,73,,TX,Abilene,TX - Abilene,
2026-09-10T22:52:23Z,196,2026-09-16,NC,Mocksville,NC - Mocksville,1789567200000
2026-09-10T22:52:23Z,196,,NC,Mocksville,NC - Mocksville,
2026-09-10T22:52:23Z,197,2026-09-14,SC,North Charleston,SC - North Charleston,1789394400000
2026-09-10T22:52:23Z,197,2026-09-16,SC,North Charleston,SC - North Charleston,1789567200000
2026-09-10T22:52:23Z,197,,SC,North Charleston,SC - North Charleston,
2026-09-10T22:52:23Z,199,2026-09-10,RI,Exeter,RI - Exeter,1789048800000
2026-09-10T22:52:23Z,199,2026-09-15,RI,Exeter,RI - Exeter,1789480800000
2026-09-10T22:52:23Z,199,,RI,Exeter,RI - Exeter,
2026-09-10T22:52:23Z,18,2026-09-10,OK,Oklahoma City,OK - Oklahoma City,1789059600000
2026-09-10T22:52:23Z,18,2026-09-15,OK,Oklahoma City,OK - Oklahoma City,1789491600000
2026-09-10T22:52:23Z,18,,OK,Oklahoma City,OK - Oklahoma City,
2026-09-10T22:52:23Z,19,2026-09-11,OK,Tulsa,OK - Tulsa,1789146000000
2026-09-10T22:52:23Z,19,2026-09-16,OK,Tulsa,OK - Tulsa,1789578000000
2026-09-10T22:52:23Z,19,,OK,Tulsa,OK - Tulsa,
2026-09-10T22:52:23Z,16,2026-09-14,CA,So Sacramento,CA - So Sacramento,1789412400000
2026-09-10T22:52:23Z,16,,CA,So Sacramento,CA - So Sacramento,
2026-09-10T22:52:23Z,14,2026-09-14,TX,Longview,TX - Longview,1789405200000
2026-09-10T22:52:23Z,14,2026-09-28,TX,Longview,TX - Longview,1790614800000
2026-09-10T22:52:23Z,14,,TX,Longview,TX - Longview,
2026-09-10T22:52:23Z,15,2026-09-11,GA,Atlanta West,GA - Atlanta West,1789135200000
2026-09-10T22:52:23Z,15,2026-09-15,GA,Atlanta West,GA - Atlanta West,1789480800000
2026-09-10T22:52:23Z,15,,GA,Atlanta West,GA - Atlanta West,
2026-09-10T22:52:23Z,190,2026-09-10,CA,Napa,CA - Napa,1789066800000
2026-09-10T22:52:23Z,190,2026-09-14,CA,Napa,CA - Napa,1789412400000
2026-09-10T22:52:23Z,190,,CA,Napa,CA - Napa,
2026-09-10T22:52:23Z,191,2026-09-14,WI,Appleton,WI - Appleton,1789405200000
2026-09-10T22:52:23Z,191,,WI,Appleton,WI - Appleton,
2026-09-10T22:52:23Z,194,2026-09-16,VA,Fredericksburg,VA - Fredericksburg,1789567200000
2026-09-10T22:52:23Z,194,2026-09-23,VA,Fredericksburg,VA - Fredericksburg,1790172000000
2026-09-10T22:52:23Z,194,,VA,Fredericksburg,VA - Fredericksburg,
2026-09-10T22:52:23Z,193,2026-09-14,CO,Denver South,CO - Denver South,1789408800000
2026-09-10T22:52:23Z,193,2026-09-16,CO,Denver South,CO - Denver South,1789581600000
2026-09-10T22:52:23Z,193,,CO,Denver South,CO - Denver South,
2026-09-10T22:52:23Z,185,2026-09-16,TX,Andrews,TX - Andrews,1789578000000
2026-09-10T22:52:23Z,185,,TX,Andrews,TX - Andrews,
2026-09-10T22:52:23Z,184,2026-09-15,AL,Mobile South,AL - Mobile South,1789491600000
2026-09-10T22:52:23Z,184,2026-09-22,AL,Mobile South,AL - Mobile South,1790096400000
2026-09-10T22:52:23Z,184,,AL,Mobile South,AL - Mobile South,
2026-09-10T22:52:23Z,187,2026-09-10,GA,Macon,GA - Macon,1789048800000
2026-09-10T22:52:23Z,187,2026-09-17,GA,Macon,GA - Macon,1789653600000
2026-09-10T22:52:23Z,187,,GA,Macon,GA - Macon,
2026-09-10T22:52:23Z,186,2026-09-11,CA,Long Beach,CA - Long Beach,1789153200000
2026-09-10T22:52:23Z,186,2026-09-16,CA,Long Beach,CA - Long Beach,1789585200000
2026-09-10T22:52:23Z,186,,CA,Long Beach,CA - Long Beach,
2026-09-10T22:52:23Z,189,2026-09-14,IL,Southern Illinois,IL - Southern Illinois,1789405200000
2026-09-10T22:52:23Z,189,2026-09-16,IL,Southern Illinois,IL - Southern Illinois,1789578000000
2026-09-10T22:52:23Z,189,,IL,Southern Illinois,IL - Southern Illinois,
2026-09-10T22:52:23Z,188,2026-09-14,UT,Ogden,UT - Ogden,1789408800000
2026-09-10T22:52:23Z,188,,UT,Ogden,UT - Ogden,
2026-09-10T22:52:23Z,12,2026-09-10,TX,Dallas,TX - Dallas,1789059600000
2026-09-10T22:52:23Z,12,2026-09-14,TX,Dallas,TX - Dallas,1789405200000
2026-09-10T22:52:23Z,12,,TX,Dallas,TX - Dallas,
2026-09-10T22:52:23Z,13,2026-09-14,TX,Lufkin,TX - Lufkin,1789405200000
2026-09-10T22:52:23Z,13,2026-10-05,TX,Lufkin,TX - Lufkin,1791219600000
2026-09-10T22:52:23Z,13,,TX,Lufkin,TX - Lufkin,
2026-09-10T22:52:23Z,10,2026-09-10,CA,Los Angeles,CA - Los Angeles,1789066800000
2026-09-10T22:52:23Z,10,2026-09-14,CA,Los Angeles,CA - Los Angeles,1789412400000
2026-09-10T22:52:23Z,10,,CA,Los Angeles,CA - Los Angeles,
2026-09-10T22:52:23Z,11,2026-09-11,TX,Houston,TX - Houston,1789146000000
2026-09-10T22:52:23Z,11,2026-09-15,TX,Houston,TX - Houston,1789491600000
2026-09-10T22:52:23Z,11,,TX,Houston,TX - Houston,
2026-09-10T22:52:23Z,29,2026-09-11,OH,Columbus,OH - Columbus,1789135200000
2026-09-10T22:52:23Z,29,2026-09-15,OH,Columbus,OH - Columbus,1789480800000
2026-09-10T22:52:23Z,29,,OH,Columbus,OH - Columbus,
2026-09-10T22:52:23Z,27,2026-09-10,MA,South Boston,MA - South Boston,1789048800000
2026-09-10T22:52:23Z,27,2026-09-14,MA,South Boston,MA - South Boston,1789394400000
2026-09-10T22:52:23Z,27,,MA,South Boston,MA - South Boston,
2026-09-10T22:52:23Z,28,2026-09-10,PA,Pittsburgh North,PA - Pittsburgh North,1789048800000
2026-09-10T22:52:23Z,28,2026-09-17,PA,Pittsburgh North,PA - Pittsburgh North,1789653600000
2026-09-10T22:52:23Z,28,,PA,Pittsburgh North,PA - Pittsburgh North,
2026-09-10T22:52:23Z,25,2026-09-14,NY,Syracuse,NY - Syracuse,1789394400000
2026-09-10T22:52:23Z,25,2026-09-16,NY,Syracuse,NY - Syracuse,1789567200000
2026-09-10T22:52:23Z,25,,NY,Syracuse,NY - Syracuse,
2026-09-10T22:52:23Z,26,2026-09-11,PA,Philadelphia,PA - Philadelphia,1789135200000
2026-09-10T22:52:23Z,26,2026-09-15,PA,Philadelphia,PA - Philadelphia,1789480800000
2026-09-10T22:52:23Z,26,,PA,Philadelphia,PA - Philadelphia,
2026-09-10T22:52:23Z,23,2026-09-11,CT,Hartford,CT - Hartford,1789135200000
2026-09-10T22:52:23Z,23,2026-09-15,CT,Hartford,CT - Hartford,1789480800000
2026-09-10T22:52:23Z,23,,CT,Hartford,CT - Hartford,
2026-09-10T22:52:23Z,24,2026-09-10,NY,Newburgh,NY - Newburgh,1789048800000
2026-09-10T22:52:23Z,24,2026-09-14,NY,Newburgh,NY - Newburgh,1789394400000
2026-09-10T22:52:23Z,24,,NY,Newburgh,NY - Newburgh,
2026-09-10T22:52:23Z,21,2026-09-14,AR,Little Rock,AR - Little Rock,1789405200000
2026-09-10T22:52:23Z,21,2026-09-16,AR,Little Rock,AR - Little Rock,1789578000000
2026-09-10T22:52:23Z,21,,AR,Little Rock,AR - Little Rock,
2026-09-10T22:52:23Z,22,2026-09-10,TN,Memphis,TN - Memphis,1789059600000
2026-09-10T22:52:23Z,22,2026-09-15,TN,Memphis,TN - Memphis,1789491600000
2026-09-10T22:52:23Z,22,,TN,Memphis,TN - Memphis,
2026-09-10T22:52:23Z,20,2026-09-11,MO,St. Louis,MO - St. Louis,1789146000000
2026-09-10T22:52:23Z,20,2026-09-15,MO,St. Louis,MO - St. Louis,1789491600000
2026-09-10T22:52:23Z,20,,MO,St. Louis,MO - St. Louis,
2026-09-10T22:52:23Z,36,2026-09-10,IL,Chicago North,IL - Chicago North,1789059600000
2026-09-10T22:52:23Z,36,2026-09-15,IL,Chicago North,IL - Chicago North,1789491600000
2026-09-10T22:52:23Z,36,,IL,Chicago North,IL - Chicago North,
2026-09-10T22:52:23Z,37,2026-09-10,MN,Minneapolis,MN - Minneapolis,1789059600000
2026-09-10T22:52:23Z,37,2026-09-15,MN,Minneapolis,MN - Minneapolis,1789491600000
2026-09-10T22:52:23Z,37,,MN,Minneapolis,MN - Minneapolis,
2026-09-10T22:52:23Z,880,2026-09-09,*NCS,Eastern Region,*NCS - Eastern Region,1789002000000
2026-09-10T22:52:23Z,880,2026-09-10,*NCS,Eastern Region,*NCS - Eastern Region,1789088400000
2026-09-10T22:52:23Z,880,,*NCS,Eastern Region,*NCS - Eastern Region,
2026-09-10T22:52:23Z,882,2026-09-09,*NCS,Mountain Region,*NCS - Mountain Region,1789002000000
2026-09-10T22:52:23Z,882,2026-09-10,*NCS,Mountain Region,*NCS - Mountain Region,1789088400000
2026-09-10T22:52:23Z,882,,*NCS,Mountain Region,*NCS - Mountain Region,
2026-09-10T22:52:23Z,881,2026-09-09,*NCS,Central Region,*NCS - Central Region,1789002000000
2026-09-10T22:52:23Z,881,2026-09-10,*NCS,Central Region,*NCS - Central Region,1789088400000
2026-09-10T22:52:23Z,881,,*NCS,Central Region,*NCS - Central Region,
2026-09-10T22:52:23Z,883,2026-09-09,*NCS,Pacific Region,*NCS - Pacific Region,1789002000000
2026-09-10T22:52:23Z,883,2026-09-10,*NCS,Pacific Region,*NCS - Pacific Region,1789088400000
2026-09-10T22:52:23Z,883,,*NCS,Pacific Region,*NCS - Pacific Region,
2026-09-10T22:52:23Z,34,2026-09-11,FL,Tampa South,FL - Tampa South,1789135200000
2026-09-10T22:52:23Z,34,2026-09-15,FL,Tampa South,FL - Tampa South,1789480800000
2026-09-10T22:52:23Z,34,,FL,Tampa South,FL - Tampa South,
2026-09-10T22:52:23Z,35,2026-09-14,NY,Rochester,NY - Rochester,1789394400000
2026-09-10T22:52:23Z,35,2026-09-21,NY,Rochester,NY - Rochester,1789999200000
2026-09-10T22:52:23Z,35,,NY,Rochester,NY - Rochester,
2026-09-10T22:52:23Z,32,2026-09-11,DC,Washington DC,DC - Washington DC,1789135200000
2026-09-10T22:52:23Z,32,2026-09-15,DC,Washington DC,DC - Washington DC,1789480800000
2026-09-10T22:52:23Z,32,,DC,Washington DC,DC - Washington DC,
2026-09-10T22:52:23Z,33,2026-09-11,FL,Miami North,FL - Miami North,1789135200000
2026-09-10T22:52:23Z,33,2026-09-15,FL,Miami North,FL - Miami North,1789480800000
2026-09-10T22:52:23Z,33,,FL,Miami North,FL - Miami North,
2026-09-10T22:52:23Z,30,2026-09-11,NY,Long Island,NY - Long Island,1789135200000
2026-09-10T22:52:23Z,30,2026-09-14,NY,Long Island,NY - Long Island,1789394400000
2026-09-10T22:52:23Z,30,,NY,Long Island,NY - Long Island,
2026-09-10T22:52:23Z,31,2026-09-10,NJ,Glassboro East,NJ - Glassboro East,1789048800000
2026-09-10T22:52:23Z,31,2026-09-15,NJ,Glassboro East,NJ - Glassboro East,1789480800000
2026-09-10T22:52:23Z,31,,NJ,Glassboro East,NJ - Glassboro East,
2026-09-11T22:47:09Z,309,2026-09-14,CA,Adelanto,CA - Adelanto,1789412400000
2026-09-11T22:47:09Z,309,,CA,Adelanto,CA - Adelanto,
2026-09-11T22:47:09Z,308,2026-09-15,WI,Madison South,WI - Madison South,1789491600000
2026-09-11T22:47:09Z,308,,WI,Madison South,WI - Madison South,
2026-09-11T22:47:09Z,336,2026-09-11,UT,Salt Lake City,UT - Salt Lake City,1789149600000
2026-09-11T22:47:09Z,336,2026-09-15,UT,Salt Lake City,UT - Salt Lake City,1789495200000
2026-09-11T22:47:09Z,336,,UT,Salt Lake City,UT - Salt Lake City,
2026-09-11T22:47:09Z,335,2026-09-11,FL,Tampa North,FL - Tampa North,1789135200000
2026-09-11T22:47:09Z,335,2026-09-15,FL,Tampa North,FL - Tampa North,1789480800000
2026-09-11T22:47:09Z,335,,FL,Tampa North,FL - Tampa North,
2026-09-11T22:47:09Z,338,2026-09-14,NC,Lumberton,NC - Lumberton,1789394400000
2026-09-11T22:47:09Z,338,2026-09-21,NC,Lumberton,NC - Lumberton,1789999200000
2026-09-11T22:47:09Z,338,,NC,Lumberton,NC - Lumberton,
2026-09-11T22:47:09Z,337,2026-09-11,WA,Spanaway,WA - Spanaway,1789153200000
2026-09-11T22:47:09Z,337,2026-09-15,WA,Spanaway,WA - Spanaway,1789498800000
2026-09-11T22:47:09Z,337,,WA,Spanaway,WA - Spanaway,
2026-09-11T22:47:09Z,339,2026-09-16,WI,Milwaukee North,WI - Milwaukee North,1789578000000
2026-09-11T22:47:09Z,339,,WI,Milwaukee North,WI - Milwaukee North,
2026-09-11T22:47:09Z,204,2026-09-17,AB,Edmonton,AB - Edmonton,1789668000000
2026-09-11T22:47:09Z,204,2026-09-24,AB,Edmonton,AB - Edmonton,1790272800000
2026-09-11T22:47:09Z,204,,AB,Edmonton,AB - Edmonton,
2026-09-11T22:47:09Z,203,2026-09-15,AB,Calgary,AB - Calgary,1789495200000
2026-09-11T22:47:09Z,203,2026-09-22,AB,Calgary,AB - Calgary,1790100000000
2026-09-11T22:47:09Z,203,,AB,Calgary,AB - Calgary,
2026-09-11T22:47:09Z,326,2026-09-16,MS,Grenada,MS - Grenada,1789578000000
2026-09-11T22:47:09Z,326,,MS,Grenada,MS - Grenada,
2026-09-11T22:47:09Z,205,2026-09-15,QC,Montreal,QC - Montreal,1789488000000
2026-09-11T22:47:09Z,205,,QC,Montreal,QC - Montreal,
2026-09-11T22:47:09Z,328,2026-09-16,WY,Casper,WY - Casper,1789581600000
2026-09-11T22:47:09Z,328,,WY,Casper,WY - Casper,
2026-09-11T22:47:09Z,916,2026-09-16,AL,Cusseta,AL - Cusseta,1789578000000
2026-09-11T22:47:09Z,916,,AL,Cusseta,AL - Cusseta,
2026-09-11T22:47:09Z,350,2026-09-17,CT,Hartford Springfield,CT - Hartford Springfield,1789653600000
2026-09-11T22:47:09Z,350,,CT,Hartford Springfield,CT - Hartford Springfield,
2026-09-11T22:47:09Z,81,2026-09-11,IL,Chicago South,IL - Chicago South,1789146000000
2026-09-11T22:47:09Z,81,2026-09-16,IL,Chicago South,IL - Chicago South,1789578000000
2026-09-11T22:47:09Z,81,,IL,Chicago South,IL - Chicago South,
2026-09-11T22:47:09Z,82,2026-09-11,VA,Danville,VA - Danville,1789135200000
2026-09-11T22:47:09Z,82,2026-09-18,VA,Danville,VA - Danville,1789740000000
2026-09-11T22:47:09Z,82,,VA,Danville,VA - Danville,
2026-09-11T22:47:09Z,110,2026-09-14,HI,Honolulu,HI - Honolulu,1789423200000
2026-09-11T22:47:09Z,110,2026-09-21,HI,Honolulu,HI - Honolulu,1790028000000
2026-09-11T22:47:09Z,110,,HI,Honolulu,HI - Honolulu,
2026-09-11T22:47:09Z,80,2026-09-15,MN,Minneapolis North,MN - Minneapolis North,1789491600000
2026-09-11T22:47:09Z,80,2026-09-17,MN,Minneapolis North,MN - Minneapolis North,1789664400000
2026-09-11T22:47:09Z,80,,MN,Minneapolis North,MN - Minneapolis North,
2026-09-11T22:47:09Z,112,2026-09-14,OH,Cleveland West,OH - Cleveland West,1789394400000
2026-09-11T22:47:09Z,112,2026-09-17,OH,Cleveland West,OH - Cleveland West,1789653600000
2026-09-11T22:47:09Z,112,,OH,Cleveland West,OH - Cleveland West,
2026-09-11T22:47:09Z,111,2026-09-16,OH,Cleveland East,OH - Cleveland East,1789567200000
2026-09-11T22:47:09Z,111,,OH,Cleveland East,OH - Cleveland East,
2026-09-11T22:47:09Z,114,2026-09-15,TN,Knoxville,TN - Knoxville,1789480800000
2026-09-11T22:47:09Z,114,2026-09-17,TN,Knoxville,TN - Knoxville,1789653600000
2026-09-11T22:47:09Z,114,,TN,Knoxville,TN - Knoxville,
2026-09-11T22:47:09Z,356,2026-09-17,NC,Concord,NC - Concord,1789653600000
2026-09-11T22:47:09Z,356,2026-09-24,NC,Concord,NC - Concord,1790258400000
2026-09-11T22:47:09Z,356,,NC,Concord,NC - Concord,
2026-09-11T22:47:09Z,113,2026-09-15,AK,Anchorage,AK - Anchorage,1789502400000
2026-09-11T22:47:09Z,113,2026-09-22,AK,Anchorage,AK - Anchorage,1790107200000
2026-09-11T22:47:09Z,113,,AK,Anchorage,AK - Anchorage,
2026-09-11T22:47:09Z,89,2026-09-17,WV,Charleston,WV - Charleston,1789653600000
2026-09-11T22:47:09Z,89,2026-09-24,WV,Charleston,WV - Charleston,1790258400000
2026-09-11T22:47:09Z,89,,WV,Charleston,WV - Charleston,
2026-09-11T22:47:09Z,116,2026-09-16,WA,Spokane,WA - Spokane,1789585200000
2026-09-11T22:47:09Z,116,,WA,Spokane,WA - Spokane,
2026-09-11T22:47:09Z,115,2026-09-14,KY,Lexington East,KY - Lexington East,1789394400000
2026-09-11T22:47:09Z,115,2026-09-21,KY,Lexington East,KY - Lexington East,1789999200000
2026-09-11T22:47:09Z,115,,KY,Lexington East,KY - Lexington East,
2026-09-11T22:47:09Z,357,2026-09-14,TX,Houston East,TX - Houston East,1789405200000
2026-09-11T22:47:09Z,357,2026-09-17,TX,Houston East,TX - Houston East,1789664400000
2026-09-11T22:47:09Z,357,,TX,Houston East,TX - Houston East,
2026-09-11T22:47:09Z,118,2026-09-14,CO,Colorado Springs,CO - Colorado Springs,1789408800000
2026-09-11T22:47:09Z,118,2026-09-16,CO,Colorado Springs,CO - Colorado Springs,1789581600000
2026-09-11T22:47:09Z,118,,CO,Colorado Springs,CO - Colorado Springs,
2026-09-11T22:47:09Z,87,2026-09-14,GA,Savannah,GA - Savannah,1789394400000
2026-09-11T22:47:09Z,87,2026-09-17,GA,Savannah,GA - Savannah,1789653600000
2026-09-11T22:47:09Z,87,,GA,Savannah,GA - Savannah,
2026-09-11T22:47:09Z,117,2026-09-11,FL,Tallahassee,FL - Tallahassee,1789135200000
2026-09-11T22:47:09Z,117,2026-09-18,FL,Tallahassee,FL - Tallahassee,1789740000000
2026-09-11T22:47:09Z,117,,FL,Tallahassee,FL - Tallahassee,
2026-09-11T22:47:09Z,359,2026-09-15,GA,Augusta,GA - Augusta,1789480800000
2026-09-11T22:47:09Z,359,,GA,Augusta,GA - Augusta,
2026-09-11T22:47:09Z,88,2026-09-15,GA,Tifton,GA - Tifton,1789480800000
2026-09-11T22:47:09Z,88,,GA,Tifton,GA - Tifton,
2026-09-11T22:47:09Z,85,2026-09-16,PA,Pittsburgh South,PA - Pittsburgh South,1789567200000
2026-09-11T22:47:09Z,85,,PA,Pittsburgh South,PA - Pittsburgh South,
2026-09-11T22:47:09Z,86,2026-09-16,FL,Ft. Pierce,FL - Ft. Pierce,1789567200000
2026-09-11T22:47:09Z,86,,FL,Ft. Pierce,FL - Ft. Pierce,
2026-09-11T22:47:09Z,83,2026-09-16,KY,Lexington West,KY - Lexington West,1789567200000
2026-09-11T22:47:09Z,83,,KY,Lexington West,KY - Lexington West,
2026-09-11T22:47:09Z,84,2026-09-17,LA,Shreveport,LA - Shreveport,1789664400000
2026-09-11T22:47:09Z,84,2026-09-24,LA,Shreveport,LA - Shreveport,1790269200000
2026-09-11T22:47:09Z,84,,LA,Shreveport,LA - Shreveport,
2026-09-11T22:47:09Z,92,2026-09-14,MO,Springfield,MO - Springfield,1789405200000
2026-09-11T22:47:09Z,92,2026-09-16,MO,Springfield,MO - Springfield,1789578000000
2026-09-11T22:47:09Z,92,,MO,Springfield,MO - Springfield,
2026-09-11T22:47:09Z,93,2026-09-11,AZ,Tucson,AZ - Tucson,1789149600000
2026-09-11T22:47:09Z,93,2026-09-18,AZ,Tucson,AZ - Tucson,1789754400000
2026-09-11T22:47:09Z,93,,AZ,Tucson,AZ - Tucson,
2026-09-11T22:47:09Z,341,2026-09-17,AL,Dothan,AL - Dothan,1789664400000
2026-09-11T22:47:09Z,341,2026-09-24,AL,Dothan,AL - Dothan,1790269200000
2026-09-11T22:47:09Z,341,,AL,Dothan,AL - Dothan,
2026-09-11T22:47:09Z,90,2026-09-17,ME,Lyman,ME - Lyman,1789653600000
2026-09-11T22:47:09Z,90,2026-09-24,ME,Lyman,ME - Lyman,1790258400000
2026-09-11T22:47:09Z,90,,ME,Lyman,ME - Lyman,
2026-09-11T22:47:09Z,340,2026-09-16,NC,Gastonia,NC - Gastonia,1789567200000
2026-09-11T22:47:09Z,340,2026-10-07,NC,Gastonia,NC - Gastonia,1791381600000
2026-09-11T22:47:09Z,340,,NC,Gastonia,NC - Gastonia,
2026-09-11T22:47:09Z,91,2026-09-11,NJ,Somerville,NJ - Somerville,1789135200000
2026-09-11T22:47:09Z,91,2026-09-15,NJ,Somerville,NJ - Somerville,1789480800000
2026-09-11T22:47:09Z,91,,NJ,Somerville,NJ - Somerville,
2026-09-11T22:47:09Z,343,2026-09-11,CA,Redding,CA - Redding,1789153200000
2026-09-11T22:47:09Z,343,2026-09-18,CA,Redding,CA - Redding,1789758000000
2026-09-11T22:47:09Z,343,,CA,Redding,CA - Redding,
2026-09-11T22:47:09Z,101,2026-09-14,VA,Richmond East,VA - Richmond East,1789394400000
2026-09-11T22:47:09Z,101,2026-09-21,VA,Richmond East,VA - Richmond East,1789999200000
2026-09-11T22:47:09Z,101,,VA,Richmond East,VA - Richmond East,
2026-09-11T22:47:09Z,100,2026-09-17,NV,Reno,NV - Reno,1789671600000
2026-09-11T22:47:09Z,100,,NV,Reno,NV - Reno,
2026-09-11T22:47:09Z,342,2026-09-15,MD,Baltimore East,MD - Baltimore East,1789480800000
2026-09-11T22:47:09Z,342,2026-09-17,MD,Baltimore East,MD - Baltimore East,1789653600000
2026-09-11T22:47:09Z,342,,MD,Baltimore East,MD - Baltimore East,
2026-09-11T22:47:09Z,103,2026-09-11,MI,Lansing,MI - Lansing,1789135200000
2026-09-11T22:47:09Z,103,2026-09-18,MI,Lansing,MI - Lansing,1789740000000
2026-09-11T22:47:09Z,103,,MI,Lansing,MI - Lansing,
2026-09-11T22:47:09Z,345,2026-09-17,KY,Earlington,KY - Earlington,1789664400000
2026-09-11T22:47:09Z,345,2026-09-24,KY,Earlington,KY - Earlington,1790269200000
2026-09-11T22:47:09Z,345,,KY,Earlington,KY - Earlington,
2026-09-11T22:47:09Z,344,2026-09-14,NY,Buffalo,NY - Buffalo,1789394400000
2026-09-11T22:47:09Z,344,2026-09-21,NY,Buffalo,NY - Buffalo,1789999200000
2026-09-11T22:47:09Z,344,,NY,Buffalo,NY - Buffalo,
2026-09-11T22:47:09Z,102,2026-09-14,MD,Baltimore,MD - Baltimore,1789394400000
2026-09-11T22:47:09Z,102,2026-09-21,MD,Baltimore,MD - Baltimore,1789999200000
2026-09-11T22:47:09Z,102,,MD,Baltimore,MD - Baltimore,
2026-09-11T22:47:09Z,105,2026-09-14,FL,Miami Central,FL - Miami Central,1789394400000
2026-09-11T22:47:09Z,105,2026-09-16,FL,Miami Central,FL - Miami Central,1789567200000
2026-09-11T22:47:09Z,105,,FL,Miami Central,FL - Miami Central,
2026-09-11T22:47:09Z,104,2026-09-15,OR,Eugene,OR - Eugene,1789498800000
2026-09-11T22:47:09Z,104,2026-09-22,OR,Eugene,OR - Eugene,1790103600000
2026-09-11T22:47:09Z,104,,OR,Eugene,OR - Eugene,
2026-09-11T22:47:09Z,98,2026-09-11,TX,Ft. Worth,TX - Ft. Worth,1789146000000
2026-09-11T22:47:09Z,98,2026-09-15,TX,Ft. Worth,TX - Ft. Worth,1789491600000
2026-09-11T22:47:09Z,98,,TX,Ft. Worth,TX - Ft. Worth,
2026-09-11T22:47:09Z,107,2026-09-14,GA,Atlanta East,GA - Atlanta East,1789394400000
2026-09-11T22:47:09Z,107,2026-09-16,GA,Atlanta East,GA - Atlanta East,1789567200000
2026-09-11T22:47:09Z,107,,GA,Atlanta East,GA - Atlanta East,
2026-09-11T22:47:09Z,348,2026-09-11,FL,Punta Gorda,FL - Punta Gorda,1789135200000
2026-09-11T22:47:09Z,348,2026-09-15,FL,Punta Gorda,FL - Punta Gorda,1789480800000
2026-09-11T22:47:09Z,348,,FL,Punta Gorda,FL - Punta Gorda,
2026-09-11T22:47:09Z,106,2026-09-15,MT,Helena,MT - Helena,1789495200000
2026-09-11T22:47:09Z,106,,MT,Helena,MT - Helena,
2026-09-11T22:47:09Z,96,2026-09-15,TX,Corpus Christi,TX - Corpus Christi,1789491600000
2026-09-11T22:47:09Z,96,2026-09-22,TX,Corpus Christi,TX - Corpus Christi,1790096400000
2026-09-11T22:47:09Z,96,,TX,Corpus Christi,TX - Corpus Christi,
2026-09-11T22:47:09Z,108,2026-09-15,FL,Ocala,FL - Ocala,1789480800000
2026-09-11T22:47:09Z,108,,FL,Ocala,FL - Ocala,
2026-09-11T22:47:09Z,97,2026-09-15,CA,Rancho Cucamonga,CA - Rancho Cucamonga,1789498800000
2026-09-11T22:47:09Z,97,2026-09-17,CA,Rancho Cucamonga,CA - Rancho Cucamonga,1789671600000
2026-09-11T22:47:09Z,97,,CA,Rancho Cucamonga,CA - Rancho Cucamonga,
2026-09-11T22:47:09Z,94,2026-09-14,NY,Albany,NY - Albany,1789394400000
2026-09-11T22:47:09Z,94,2026-09-16,NY,Albany,NY - Albany,1789567200000
2026-09-11T22:47:09Z,94,,NY,Albany,NY - Albany,
2026-09-11T22:47:09Z,95,2026-09-15,TX,Amarillo,TX - Amarillo,1789491600000
2026-09-11T22:47:09Z,95,2026-09-22,TX,Amarillo,TX - Amarillo,1790096400000
2026-09-11T22:47:09Z,95,,TX,Amarillo,TX - Amarillo,
2026-09-11T22:47:09Z,130,2026-09-15,DE,Seaford,DE - Seaford,1789480800000
2026-09-11T22:47:09Z,130,,DE,Seaford,DE - Seaford,
2026-09-11T22:47:09Z,371,2026-09-14,WI,Milwaukee South,WI - Milwaukee South,1789405200000
2026-09-11T22:47:09Z,371,2026-09-21,WI,Milwaukee South,WI - Milwaukee South,1790010000000
2026-09-11T22:47:09Z,371,,WI,Milwaukee South,WI - Milwaukee South,
2026-09-11T22:47:09Z,373,2026-09-15,NC,Lagrange,NC - Lagrange,1789480800000
2026-09-11T22:47:09Z,373,,NC,Lagrange,NC - Lagrange,
2026-09-11T22:47:09Z,376,2026-09-11,OH,Akron,OH - Akron,1789135200000
2026-09-11T22:47:09Z,376,2026-09-15,OH,Akron,OH - Akron,1789480800000
2026-09-11T22:47:09Z,376,,OH,Akron,OH - Akron,
2026-09-11T22:47:09Z,134,2026-09-14,OR,Portland South,OR - Portland South,1789412400000
2026-09-11T22:47:09Z,134,2026-09-21,OR,Portland South,OR - Portland South,1790017200000
2026-09-11T22:47:09Z,134,,OR,Portland South,OR - Portland South,
2026-09-11T22:47:09Z,133,2026-09-14,NV,Las Vegas West,NV - Las Vegas West,1789412400000
2026-09-11T22:47:09Z,133,2026-09-16,NV,Las Vegas West,NV - Las Vegas West,1789585200000
2026-09-11T22:47:09Z,133,,NV,Las Vegas West,NV - Las Vegas West,
2026-09-11T22:47:09Z,136,2026-09-15,AL,Birmingham,AL - Birmingham,1789491600000
2026-09-11T22:47:09Z,136,2026-09-22,AL,Birmingham,AL - Birmingham,1790096400000
2026-09-11T22:47:09Z,136,,AL,Birmingham,AL - Birmingham,
2026-09-11T22:47:09Z,135,2026-09-14,NJ,Trenton,NJ - Trenton,1789394400000
2026-09-11T22:47:09Z,135,2026-09-16,NJ,Trenton,NJ - Trenton,1789567200000
2026-09-11T22:47:09Z,135,,NJ,Trenton,NJ - Trenton,
2026-09-11T22:47:09Z,138,2026-09-11,KY,Walton,KY - Walton,1789135200000
2026-09-11T22:47:09Z,138,2026-09-18,KY,Walton,KY - Walton,1789740000000
2026-09-11T22:47:09Z,138,,KY,Walton,KY - Walton,
2026-09-11T22:47:09Z,139,2026-09-11,VA,Richmond,VA - Richmond,1789135200000
2026-09-11T22:47:09Z,139,2026-09-18,VA,Richmond,VA - Richmond,1789740000000
2026-09-11T22:47:09Z,139,,VA,Richmond,VA - Richmond,
2026-09-11T22:47:09Z,370,2026-09-14,IN,Dyer,IN - Dyer,1789405200000
2026-09-11T22:47:09Z,370,2026-10-05,IN,Dyer,IN - Dyer,1791219600000
2026-09-11T22:47:09Z,370,,IN,Dyer,IN - Dyer,
2026-09-11T22:47:09Z,361,2026-09-16,MA,Freetown,MA - Freetown,1789567200000
2026-09-11T22:47:09Z,361,,MA,Freetown,MA - Freetown,
2026-09-11T22:47:09Z,360,2026-09-14,IN,Fort Wayne,IN - Fort Wayne,1789394400000
2026-09-11T22:47:09Z,360,2026-09-21,IN,Fort Wayne,IN - Fort Wayne,1789999200000
2026-09-11T22:47:09Z,360,,IN,Fort Wayne,IN - Fort Wayne,
2026-09-11T22:47:09Z,363,2026-09-14,ND,Bismarck,ND - Bismarck,1789412400000
2026-09-11T22:47:09Z,363,,ND,Bismarck,ND - Bismarck,
2026-09-11T22:47:09Z,362,2026-09-15,AZ,Phoenix North,AZ - Phoenix North,1789495200000
2026-09-11T22:47:09Z,362,2026-09-17,AZ,Phoenix North,AZ - Phoenix North,1789668000000
2026-09-11T22:47:09Z,362,,AZ,Phoenix North,AZ - Phoenix North,
2026-09-11T22:47:09Z,120,2026-09-15,CO,Denver Central,CO - Denver Central,1789495200000
2026-09-11T22:47:09Z,120,2026-09-17,CO,Denver Central,CO - Denver Central,1789668000000
2026-09-11T22:47:09Z,120,,CO,Denver Central,CO - Denver Central,
2026-09-11T22:47:09Z,123,2026-09-15,NE,Lincoln,NE - Lincoln,1789491600000
2026-09-11T22:47:09Z,123,,NE,Lincoln,NE - Lincoln,
2026-09-11T22:47:09Z,1,2026-09-11,CA,Vallejo,CA - Vallejo,1789153200000
2026-09-11T22:47:09Z,1,2026-09-18,CA,Vallejo,CA - Vallejo,1789758000000
2026-09-11T22:47:09Z,1,,CA,Vallejo,CA - Vallejo,
2026-09-11T22:47:09Z,2,2026-09-15,CA,Sacramento,CA - Sacramento,1789498800000
2026-09-11T22:47:09Z,2,2026-09-17,CA,Sacramento,CA - Sacramento,1789671600000
2026-09-11T22:47:09Z,2,,CA,Sacramento,CA - Sacramento,
2026-09-11T22:47:09Z,122,2026-09-14,MT,Billings,MT - Billings,1789408800000
2026-09-11T22:47:09Z,122,2026-09-21,MT,Billings,MT - Billings,1790013600000
2026-09-11T22:47:09Z,122,,MT,Billings,MT - Billings,
2026-09-11T22:47:09Z,367,2026-09-16,CA,Mentone,CA - Mentone,1789585200000
2026-09-11T22:47:09Z,367,2026-09-23,CA,Mentone,CA - Mentone,1790190000000
2026-09-11T22:47:09Z,367,,CA,Mentone,CA - Mentone,
2026-09-11T22:47:09Z,3,2026-09-15,CA,Hayward,CA - Hayward,1789498800000
2026-09-11T22:47:09Z,3,2026-09-17,CA,Hayward,CA - Hayward,1789671600000
2026-09-11T22:47:09Z,3,,CA,Hayward,CA - Hayward,
2026-09-11T22:47:09Z,125,2026-09-15,MO,Columbia,MO - Columbia,1789491600000
2026-09-11T22:47:09Z,125,,MO,Columbia,MO - Columbia,
2026-09-11T22:47:09Z,4,2026-09-14,CA,Fresno,CA - Fresno,1789412400000
2026-09-11T22:47:09Z,4,2026-09-17,CA,Fresno,CA - Fresno,1789671600000
2026-09-11T22:47:09Z,4,,CA,Fresno,CA - Fresno,
2026-09-11T22:47:09Z,366,2026-09-14,FL,Clewiston,FL - Clewiston,1789394400000
2026-09-11T22:47:09Z,366,2026-09-21,FL,Clewiston,FL - Clewiston,1789999200000
2026-09-11T22:47:09Z,366,,FL,Clewiston,FL - Clewiston,
2026-09-11T22:47:09Z,5,2026-09-11,CA,Bakersfield,CA - Bakersfield,1789153200000
2026-09-11T22:47:09Z,5,2026-09-18,CA,Bakersfield,CA - Bakersfield,1789758000000
2026-09-11T22:47:09Z,5,,CA,Bakersfield,CA - Bakersfield,
2026-09-11T22:47:09Z,127,2026-09-14,PA,York Haven,PA - York Haven,1789394400000
2026-09-11T22:47:09Z,127,2026-09-17,PA,York Haven,PA - York Haven,1789653600000
2026-09-11T22:47:09Z,127,,PA,York Haven,PA - York Haven,
2026-09-11T22:47:09Z,369,2026-09-15,KS,Kansas City,KS - Kansas City,1789491600000
2026-09-11T22:47:09Z,369,2026-09-17,KS,Kansas City,KS - Kansas City,1789664400000
2026-09-11T22:47:09Z,369,,KS,Kansas City,KS - Kansas City,
2026-09-11T22:47:09Z,6,2026-09-15,CA,San Jose,CA - San Jose,1789498800000
2026-09-11T22:47:09Z,6,2026-09-17,CA,San Jose,CA - San Jose,1789671600000
2026-09-11T22:47:09Z,6,,CA,San Jose,CA - San Jose,
2026-09-11T22:47:09Z,368,2026-09-11,NC,Raleigh North,NC - Raleigh North,1789135200000
2026-09-11T22:47:09Z,368,2026-09-18,NC,Raleigh North,NC - Raleigh North,1789740000000
2026-09-11T22:47:09Z,368,,NC,Raleigh North,NC - Raleigh North,
2026-09-11T22:47:09Z,129,2026-09-17,PA,Altoona,PA - Altoona,1789653600000
2026-09-11T22:47:09Z,129,,PA,Altoona,PA - Altoona,
2026-09-11T22:47:09Z,7,2026-09-14,CA,San Bernardino,CA - San Bernardino,1789412400000
2026-09-11T22:47:09Z,7,2026-09-17,CA,San Bernardino,CA - San Bernardino,1789671600000
2026-09-11T22:47:09Z,7,,CA,San Bernardino,CA - San Bernardino,
2026-09-11T22:47:09Z,128,2026-09-11,PA,Chambersburg,PA - Chambersburg,1789135200000
2026-09-11T22:47:09Z,128,2026-09-18,PA,Chambersburg,PA - Chambersburg,1789740000000
2026-09-11T22:47:09Z,128,,PA,Chambersburg,PA - Chambersburg,
2026-09-11T22:47:09Z,8,2026-09-20,,Tss Test Stage Prod,Tss Test Stage Prod,1789923600000
2026-09-11T22:47:09Z,8,,,Tss Test Stage Prod,Tss Test Stage Prod,
2026-09-11T22:47:09Z,9,2026-09-14,OR,Portland North,OR - Portland North,1789412400000
2026-09-11T22:47:09Z,9,2026-09-16,OR,Portland North,OR - Portland North,1789585200000
2026-09-11T22:47:09Z,9,,OR,Portland North,OR - Portland North,
2026-09-11T22:47:09Z,838,2026-09-14,,Rental Vehicle Sale,Rental Vehicle Sale,1789401600000
2026-09-11T22:47:09Z,838,2026-09-16,,Rental Vehicle Sale,Rental Vehicle Sale,1789574400000
2026-09-11T22:47:09Z,838,,,Rental Vehicle Sale,Rental Vehicle Sale,
2026-09-11T22:47:09Z,47,2026-09-14,AZ,Phoenix,AZ - Phoenix,1789408800000
2026-09-11T22:47:09Z,47,2026-09-16,AZ,Phoenix,AZ - Phoenix,1789581600000
2026-09-11T22:47:09Z,47,,AZ,Phoenix,AZ - Phoenix,
2026-09-11T22:47:09Z,48,2026-09-14,WA,North Seattle,WA - North Seattle,1789412400000
2026-09-11T22:47:09Z,48,2026-09-21,WA,North Seattle,WA - North Seattle,1790017200000
2026-09-11T22:47:09Z,48,,WA,North Seattle,WA - North Seattle,
2026-09-11T22:47:09Z,161,2026-09-16,MI,Kincheloe,MI - Kincheloe,1789567200000
2026-09-11T22:47:09Z,161,,MI,Kincheloe,MI - Kincheloe,
2026-09-11T22:47:09Z,160,2026-09-11,MI,Ionia,MI - Ionia,1789135200000
2026-09-11T22:47:09Z,160,2026-09-18,MI,Ionia,MI - Ionia,1789740000000
2026-09-11T22:47:09Z,160,,MI,Ionia,MI - Ionia,
2026-09-11T22:47:09Z,394,2026-09-17,TX,North Austin,TX - North Austin,1789664400000
2026-09-11T22:47:09Z,394,2026-09-24,TX,North Austin,TX - North Austin,1790269200000
2026-09-11T22:47:09Z,394,,TX,North Austin,TX - North Austin,
2026-09-11T22:47:09Z,151,2026-09-15,CA,Antelope,CA - Antelope,1789498800000
2026-09-11T22:47:09Z,151,2026-09-17,CA,Antelope,CA - Antelope,1789671600000
2026-09-11T22:47:09Z,151,,CA,Antelope,CA - Antelope,
2026-09-11T22:47:09Z,154,2026-09-16,NC,Mebane,NC - Mebane,1789567200000
2026-09-11T22:47:09Z,154,,NC,Mebane,NC - Mebane,
2026-09-11T22:47:09Z,396,2026-09-15,SD,Rapid City,SD - Rapid City,1789495200000
2026-09-11T22:47:09Z,396,,SD,Rapid City,SD - Rapid City,
2026-09-11T22:47:09Z,395,2026-09-14,VT,Rutland,VT - Rutland,1789394400000
2026-09-11T22:47:09Z,395,2026-09-21,VT,Rutland,VT - Rutland,1789999200000
2026-09-11T22:47:09Z,395,,VT,Rutland,VT - Rutland,
2026-09-11T22:47:09Z,153,2026-09-14,FL,Orlando North,FL - Orlando North,1789394400000
2026-09-11T22:47:09Z,153,2026-09-16,FL,Orlando North,FL - Orlando North,1789567200000
2026-09-11T22:47:09Z,153,,FL,Orlando North,FL - Orlando North,
2026-09-11T22:47:09Z,156,2026-09-14,IL,Wheeling,IL - Wheeling,1789405200000
2026-09-11T22:47:09Z,156,,IL,Wheeling,IL - Wheeling,
2026-09-11T22:47:09Z,398,2026-09-16,IA,Cedar Rapids,IA - Cedar Rapids,1789578000000
2026-09-11T22:47:09Z,398,2026-09-23,IA,Cedar Rapids,IA - Cedar Rapids,1790182800000
2026-09-11T22:47:09Z,398,,IA,Cedar Rapids,IA - Cedar Rapids,
2026-09-11T22:47:09Z,155,2026-09-15,NH,Candia,NH - Candia,1789480800000
2026-09-11T22:47:09Z,155,2026-09-17,NH,Candia,NH - Candia,1789653600000
2026-09-11T22:47:09Z,155,,NH,Candia,NH - Candia,
2026-09-11T22:47:09Z,157,2026-09-16,GA,Atlanta North,GA - Atlanta North,1789567200000
2026-09-11T22:47:09Z,157,2026-09-23,GA,Atlanta North,GA - Atlanta North,1790172000000
2026-09-11T22:47:09Z,157,,GA,Atlanta North,GA - Atlanta North,
2026-09-11T22:47:09Z,45,2026-09-11,TX,El Paso,TX - El Paso,1789149600000
2026-09-11T22:47:09Z,45,2026-09-18,TX,El Paso,TX - El Paso,1789754400000
2026-09-11T22:47:09Z,45,,TX,El Paso,TX - El Paso,
2026-09-11T22:47:09Z,159,2026-09-16,MI,Flint,MI - Flint,1789567200000
2026-09-11T22:47:09Z,159,,MI,Flint,MI - Flint,
2026-09-11T22:47:09Z,43,2026-09-11,CA,Van Nuys,CA - Van Nuys,1789153200000
2026-09-11T22:47:09Z,43,2026-09-15,CA,Van Nuys,CA - Van Nuys,1789498800000
2026-09-11T22:47:09Z,43,,CA,Van Nuys,CA - Van Nuys,
2026-09-11T22:47:09Z,833,2026-09-15,,"Heavy Truck, Trailer, Rv Clean Title Sale","Heavy Truck, Trailer, Rv Clean Title Sale",1789488000000
2026-09-11T22:47:09Z,833,2026-09-22,,"Heavy Truck, Trailer, Rv Clean Title Sale","Heavy Truck, Trailer, Rv Clean Title Sale",1790092800000
2026-09-11T22:47:09Z,833,,,"Heavy Truck, Trailer, Rv Clean Title Sale","Heavy Truck, Trailer, Rv Clean Title Sale",
2026-09-11T22:47:09Z,832,2026-09-14,,Medium Duty Clean Title Sale,Medium Duty Clean Title Sale,1789401600000
2026-09-11T22:47:09Z,832,2026-09-21,,Medium Duty Clean Title Sale,Medium Duty Clean Title Sale,1790006400000
2026-09-11T22:47:09Z,832,,,Medium Duty Clean Title Sale,Medium Duty Clean Title Sale,
2026-09-11T22:47:09Z,44,2026-09-11,IN,Indianapolis,IN - Indianapolis,1789135200000
2026-09-11T22:47:09Z,44,2026-09-15,IN,Indianapolis,IN - Indianapolis,1789480800000
2026-09-11T22:47:09Z,44,,IN,Indianapolis,IN - Indianapolis,
2026-09-11T22:47:09Z,835,2026-09-16,,Medium Duty Specialty Sale,Medium Duty Specialty Sale,1789574400000
2026-09-11T22:47:09Z,835,2026-09-23,,Medium Duty Specialty Sale,Medium Duty Specialty Sale,1790179200000
2026-09-11T22:47:09Z,835,,,Medium Duty Specialty Sale,Medium Duty Specialty Sale,
2026-09-11T22:47:09Z,41,2026-09-14,NC,China Grove,NC - China Grove,1789394400000
2026-09-11T22:47:09Z,41,2026-09-21,NC,China Grove,NC - China Grove,1789999200000
2026-09-11T22:47:09Z,41,,NC,China Grove,NC - China Grove,
2026-09-11T22:47:09Z,837,2026-09-11,,Equipment Specialty Sale,Equipment Specialty Sale,1789142400000
2026-09-11T22:47:09Z,837,2026-09-18,,Equipment Specialty Sale,Equipment Specialty Sale,1789747200000
2026-09-11T22:47:09Z,837,,,Equipment Specialty Sale,Equipment Specialty Sale,
2026-09-11T22:47:09Z,40,2026-09-11,MS,Jackson,MS - Jackson,1789146000000
2026-09-11T22:47:09Z,40,2026-09-18,MS,Jackson,MS - Jackson,1789750800000
2026-09-11T22:47:09Z,40,,MS,Jackson,MS - Jackson,
2026-09-11T22:47:09Z,836,2026-09-17,,"Heavy Truck, Trailer, Rv Specialty Sale","Heavy Truck, Trailer, Rv Specialty Sale",1789660800000
2026-09-11T22:47:09Z,836,2026-09-24,,"Heavy Truck, Trailer, Rv Specialty Sale","Heavy Truck, Trailer, Rv Specialty Sale",1790265600000
2026-09-11T22:47:09Z,836,,,"Heavy Truck, Trailer, Rv Specialty Sale","Heavy Truck, Trailer, Rv Specialty Sale",
2026-09-11T22:47:09Z,58,2026-09-14,AL,Mobile,AL - Mobile,1789405200000
2026-09-11T22:47:09Z,58,2026-09-21,AL,Mobile,AL - Mobile,1790010000000
2026-09-11T22:47:09Z,58,,AL,Mobile,AL - Mobile,
2026-09-11T22:47:09Z,59,2026-09-11,CA,San Diego,CA - San Diego,1789153200000
2026-09-11T22:47:09Z,59,2026-09-15,CA,San Diego,CA - San Diego,1789498800000
2026-09-11T22:47:09Z,59,,CA,San Diego,CA - San Diego,
2026-09-11T22:47:09Z,141,2026-09-14,MO,Sikeston,MO - Sikeston,1789405200000
2026-09-11T22:47:09Z,141,2026-09-21,MO,Sikeston,MO - Sikeston,1790010000000
2026-09-11T22:47:09Z,141,,MO,Sikeston,MO - Sikeston,
2026-09-11T22:47:09Z,140,2026-09-14,AR,Fayetteville,AR - Fayetteville,1789405200000
2026-09-11T22:47:09Z,140,2026-09-16,AR,Fayetteville,AR - Fayetteville,1789578000000
2026-09-11T22:47:09Z,140,,AR,Fayetteville,AR - Fayetteville,
2026-09-11T22:47:09Z,143,2026-09-14,KY,Louisville,KY - Louisville,1789394400000
2026-09-11T22:47:09Z,143,2026-09-17,KY,Louisville,KY - Louisville,1789653600000
2026-09-11T22:47:09Z,143,,KY,Louisville,KY - Louisville,
2026-09-11T22:47:09Z,385,2026-09-17,MI,Wayland,MI - Wayland,1789653600000
2026-09-11T22:47:09Z,385,2026-09-24,MI,Wayland,MI - Wayland,1790258400000
2026-09-11T22:47:09Z,385,,MI,Wayland,MI - Wayland,
2026-09-11T22:47:09Z,142,2026-09-16,PA,Scranton,PA - Scranton,1789567200000
2026-09-11T22:47:09Z,142,,PA,Scranton,PA - Scranton,
2026-09-11T22:47:09Z,384,2026-09-11,ME,Windham,ME - Windham,1789135200000
2026-09-11T22:47:09Z,384,2026-09-16,ME,Windham,ME - Windham,1789567200000
2026-09-11T22:47:09Z,384,,ME,Windham,ME - Windham,
2026-09-11T22:47:09Z,145,2026-09-17,AL,Montgomery,AL - Montgomery,1789664400000
2026-09-11T22:47:09Z,145,,AL,Montgomery,AL - Montgomery,
2026-09-11T22:47:09Z,386,2026-09-14,LA,Vinton,LA - Vinton,1789405200000
2026-09-11T22:47:09Z,386,2026-09-21,LA,Vinton,LA - Vinton,1790010000000
2026-09-11T22:47:09Z,386,,LA,Vinton,LA - Vinton,
2026-09-11T22:47:09Z,144,2026-09-14,SC,Spartanburg,SC - Spartanburg,1789394400000
2026-09-11T22:47:09Z,144,2026-09-16,SC,Spartanburg,SC - Spartanburg,1789567200000
2026-09-11T22:47:09Z,144,,SC,Spartanburg,SC - Spartanburg,
2026-09-11T22:47:09Z,146,2026-09-15,GA,Atlanta South,GA - Atlanta South,1789480800000
2026-09-11T22:47:09Z,146,2026-09-17,GA,Atlanta South,GA - Atlanta South,1789653600000
2026-09-11T22:47:09Z,146,,GA,Atlanta South,GA - Atlanta South,
2026-09-11T22:47:09Z,56,2026-09-11,SC,Columbia,SC - Columbia,1789135200000
2026-09-11T22:47:09Z,56,2026-09-18,SC,Columbia,SC - Columbia,1789740000000
2026-09-11T22:47:09Z,56,,SC,Columbia,SC - Columbia,
2026-09-11T22:47:09Z,149,2026-09-16,MA,West Warren,MA - West Warren,1789567200000
2026-09-11T22:47:09Z,149,2026-09-23,MA,West Warren,MA - West Warren,1790172000000
2026-09-11T22:47:09Z,149,,MA,West Warren,MA - West Warren,
2026-09-11T22:47:09Z,57,2026-09-15,NV,Las Vegas,NV - Las Vegas,1789498800000
2026-09-11T22:47:09Z,57,2026-09-17,NV,Las Vegas,NV - Las Vegas,1789671600000
2026-09-11T22:47:09Z,57,,NV,Las Vegas,NV - Las Vegas,
2026-09-11T22:47:09Z,148,2026-09-16,FL,Miami South,FL - Miami South,1789567200000
2026-09-11T22:47:09Z,148,,FL,Miami South,FL - Miami South,
2026-09-11T22:47:09Z,54,2026-09-15,NC,Raleigh,NC - Raleigh,1789480800000
2026-09-11T22:47:09Z,54,2026-09-17,NC,Raleigh,NC - Raleigh,1789653600000
2026-09-11T22:47:09Z,54,,NC,Raleigh,NC - Raleigh,
2026-09-11T22:47:09Z,55,2026-09-15,FL,Orlando South,FL - Orlando South,1789480800000
2026-09-11T22:47:09Z,55,2026-09-17,FL,Orlando South,FL - Orlando South,1789653600000
2026-09-11T22:47:09Z,55,,FL,Orlando South,FL - Orlando South,
2026-09-11T22:47:09Z,52,2026-09-14,MN,St. Cloud,MN - St. Cloud,1789405200000
2026-09-11T22:47:09Z,52,2026-09-21,MN,St. Cloud,MN - St. Cloud,1790010000000
2026-09-11T22:47:09Z,52,,MN,St. Cloud,MN - St. Cloud,
2026-09-11T22:47:09Z,53,2026-09-11,MA,North Boston,MA - North Boston,1789135200000
2026-09-11T22:47:09Z,53,2026-09-16,MA,North Boston,MA - North Boston,1789567200000
2026-09-11T22:47:09Z,53,,MA,North Boston,MA - North Boston,
2026-09-11T22:47:09Z,50,2026-09-11,LA,Baton Rouge,LA - Baton Rouge,1789146000000
2026-09-11T22:47:09Z,50,2026-09-15,LA,Baton Rouge,LA - Baton Rouge,1789491600000
2026-09-11T22:47:09Z,50,,LA,Baton Rouge,LA - Baton Rouge,
2026-09-11T22:47:09Z,51,2026-09-14,IL,Peoria,IL - Peoria,1789405200000
2026-09-11T22:47:09Z,51,2026-09-21,IL,Peoria,IL - Peoria,1790010000000
2026-09-11T22:47:09Z,51,,IL,Peoria,IL - Peoria,
2026-09-11T22:47:09Z,69,2026-09-15,NJ,Glassboro West,NJ - Glassboro West,1789480800000
2026-09-11T22:47:09Z,69,,NJ,Glassboro West,NJ - Glassboro West,
2026-09-11T22:47:09Z,181,2026-09-14,TX,Dallas South,TX - Dallas South,1789405200000
2026-09-11T22:47:09Z,181,2026-09-17,TX,Dallas South,TX - Dallas South,1789664400000
2026-09-11T22:47:09Z,181,,TX,Dallas South,TX - Dallas South,
2026-09-11T22:47:09Z,180,2026-09-14,CA,Sun Valley,CA - Sun Valley,1789412400000
2026-09-11T22:47:09Z,180,2026-09-16,CA,Sun Valley,CA - Sun Valley,1789585200000
2026-09-11T22:47:09Z,180,,CA,Sun Valley,CA - Sun Valley,
2026-09-11T22:47:09Z,182,2026-09-16,TX,Waco,TX - Waco,1789578000000
2026-09-11T22:47:09Z,182,,TX,Waco,TX - Waco,
2026-09-11T22:47:09Z,174,2026-09-16,PA,Pittsburgh West,PA - Pittsburgh West,1789567200000
2026-09-11T22:47:09Z,174,,PA,Pittsburgh West,PA - Pittsburgh West,
2026-09-11T22:47:09Z,295,2026-09-17,,Atlantic Canada Auction,Atlantic Canada Auction,1789660800000
2026-09-11T22:47:09Z,295,,,Atlantic Canada Auction,Atlantic Canada Auction,
2026-09-11T22:47:09Z,60,2026-09-11,IA,Des Moines,IA - Des Moines,1789146000000
2026-09-11T22:47:09Z,60,2026-09-18,IA,Des Moines,IA - Des Moines,1789750800000
2026-09-11T22:47:09Z,60,,IA,Des Moines,IA - Des Moines,
2026-09-11T22:47:09Z,173,2026-09-14,GA,Fairburn,GA - Fairburn,1789394400000
2026-09-11T22:47:09Z,173,2026-09-21,GA,Fairburn,GA - Fairburn,1789999200000
2026-09-11T22:47:09Z,173,,GA,Fairburn,GA - Fairburn,
2026-09-11T22:47:09Z,294,2026-09-15,,Ontario Auction,Ontario Auction,1789480800000
2026-09-11T22:47:09Z,294,2026-09-17,,Ontario Auction,Ontario Auction,1789653600000
2026-09-11T22:47:09Z,294,,,Ontario Auction,Ontario Auction,
2026-09-11T22:47:09Z,175,2026-09-17,GA,Cartersville,GA - Cartersville,1789653600000
2026-09-11T22:47:09Z,175,2026-09-24,GA,Cartersville,GA - Cartersville,1790258400000
2026-09-11T22:47:09Z,175,,GA,Cartersville,GA - Cartersville,
2026-09-11T22:47:09Z,850,2026-09-11,,Connecticut Friday Sale,Connecticut Friday Sale,1789153200000
2026-09-11T22:47:09Z,850,,,Connecticut Friday Sale,Connecticut Friday Sale,
2026-09-11T22:47:09Z,67,2026-09-14,KS,Wichita,KS - Wichita,1789405200000
2026-09-11T22:47:09Z,67,2026-09-16,KS,Wichita,KS - Wichita,1789578000000
2026-09-11T22:47:09Z,67,,KS,Wichita,KS - Wichita,
2026-09-11T22:47:09Z,68,2026-09-15,CO,Denver,CO - Denver,1789495200000
2026-09-11T22:47:09Z,68,2026-09-17,CO,Denver,CO - Denver,1789668000000
2026-09-11T22:47:09Z,68,,CO,Denver,CO - Denver,
2026-09-11T22:47:09Z,65,2026-09-16,TX,McAllen,TX - McAllen,1789578000000
2026-09-11T22:47:09Z,65,,TX,McAllen,TX - McAllen,
2026-09-11T22:47:09Z,855,2026-09-15,,Wholesale Auction,Wholesale Auction,1789488000000
2026-09-11T22:47:09Z,855,2026-09-17,,Wholesale Auction,Wholesale Auction,1789660800000
2026-09-11T22:47:09Z,855,,,Wholesale Auction,Wholesale Auction,
2026-09-11T22:47:09Z,66,2026-09-16,AL,Tanner,AL - Tanner,1789578000000
2026-09-11T22:47:09Z,66,2026-09-23,AL,Tanner,AL - Tanner,1790182800000
2026-09-11T22:47:09Z,66,,AL,Tanner,AL - Tanner,
2026-09-11T22:47:09Z,63,2026-09-14,TN,Nashville,TN - Nashville,1789405200000
2026-09-11T22:47:09Z,63,2026-09-16,TN,Nashville,TN - Nashville,1789578000000
2026-09-11T22:47:09Z,63,,TN,Nashville,TN - Nashville,
2026-09-11T22:47:09Z,61,2026-09-11,MI,Detroit,MI - Detroit,1789135200000
2026-09-11T22:47:09Z,61,2026-09-15,MI,Detroit,MI - Detroit,1789480800000
2026-09-11T22:47:09Z,61,,MI,Detroit,MI - Detroit,
2026-09-11T22:47:09Z,62,2026-09-17,TX,Austin,TX - Austin,1789664400000
2026-09-11T22:47:09Z,62,2026-09-24,TX,Austin,TX - Austin,1790269200000
2026-09-11T22:47:09Z,62,,TX,Austin,TX - Austin,
2026-09-11T22:47:09Z,170,2026-09-15,IN,Cicero,IN - Cicero,1789480800000
2026-09-11T22:47:09Z,170,2026-10-06,IN,Cicero,IN - Cicero,1791295200000
2026-09-11T22:47:09Z,170,,IN,Cicero,IN - Cicero,
2026-09-11T22:47:09Z,292,2026-09-16,,Wholesale Auction Canada,Wholesale Auction Canada,1789578000000
2026-09-11T22:47:09Z,292,2026-09-23,,Wholesale Auction Canada,Wholesale Auction Canada,1790182800000
2026-09-11T22:47:09Z,292,,,Wholesale Auction Canada,Wholesale Auction Canada,
2026-09-11T22:47:09Z,163,2026-09-14,FL,Jacksonville North,FL - Jacksonville North,1789394400000
2026-09-11T22:47:09Z,163,2026-09-16,FL,Jacksonville North,FL - Jacksonville North,1789567200000
2026-09-11T22:47:09Z,163,,FL,Jacksonville North,FL - Jacksonville North,
2026-09-11T22:47:09Z,70,2026-09-15,FL,West Palm Beach,FL - West Palm Beach,1789480800000
2026-09-11T22:47:09Z,70,2026-09-17,FL,West Palm Beach,FL - West Palm Beach,1789653600000
2026-09-11T22:47:09Z,70,,FL,West Palm Beach,FL - West Palm Beach,
2026-09-11T22:47:09Z,71,2026-09-11,WA,Pasco,WA - Pasco,1789153200000
2026-09-11T22:47:09Z,71,2026-09-18,WA,Pasco,WA - Pasco,1789758000000
2026-09-11T22:47:09Z,71,,WA,Pasco,WA - Pasco,
2026-09-11T22:47:09Z,162,2026-09-15,VA,Hampton,VA - Hampton,1789480800000
2026-09-11T22:47:09Z,162,,VA,Hampton,VA - Hampton,
2026-09-11T22:47:09Z,164,2026-09-14,PA,Philadelphia East,PA - Philadelphia East,1789394400000
2026-09-11T22:47:09Z,164,2026-09-16,PA,Philadelphia East,PA - Philadelphia East,1789567200000
2026-09-11T22:47:09Z,164,,PA,Philadelphia East,PA - Philadelphia East,
2026-09-11T22:47:09Z,166,2026-09-11,OH,Dayton,OH - Dayton,1789135200000
2026-09-11T22:47:09Z,166,2026-09-16,OH,Dayton,OH - Dayton,1789567200000
2026-09-11T22:47:09Z,166,,OH,Dayton,OH - Dayton,
2026-09-11T22:47:09Z,169,2026-09-16,IA,Davenport,IA - Davenport,1789578000000
2026-09-11T22:47:09Z,169,,IA,Davenport,IA - Davenport,
2026-09-11T22:47:09Z,78,2026-09-14,CA,Martinez,CA - Martinez,1789412400000
2026-09-11T22:47:09Z,78,2026-09-16,CA,Martinez,CA - Martinez,1789585200000
2026-09-11T22:47:09Z,78,,CA,Martinez,CA - Martinez,
2026-09-11T22:47:09Z,841,2026-09-17,,CrashedToys Powersport Auction,CrashedToys Powersport Auction,1789664400000
2026-09-11T22:47:09Z,841,,,CrashedToys Powersport Auction,CrashedToys Powersport Auction,
2026-09-11T22:47:09Z,79,2026-09-16,LA,New Orleans,LA - New Orleans,1789578000000
2026-09-11T22:47:09Z,79,,LA,New Orleans,LA - New Orleans,
2026-09-11T22:47:09Z,76,2026-09-15,PA,Harrisburg,PA - Harrisburg,1789480800000
2026-09-11T22:47:09Z,76,2026-09-22,PA,Harrisburg,PA - Harrisburg,1790085600000
2026-09-11T22:47:09Z,76,,PA,Harrisburg,PA - Harrisburg,
2026-09-11T22:47:09Z,74,2026-09-17,TX,San Antonio,TX - San Antonio,1789664400000
2026-09-11T22:47:09Z,74,2026-09-24,TX,San Antonio,TX - San Antonio,1790269200000
2026-09-11T22:47:09Z,74,,TX,San Antonio,TX - San Antonio,
2026-09-11T22:47:09Z,75,2026-09-14,NM,Albuquerque,NM - Albuquerque,1789408800000
2026-09-11T22:47:09Z,75,2026-09-17,NM,Albuquerque,NM - Albuquerque,1789668000000
2026-09-11T22:47:09Z,75,,NM,Albuquerque,NM - Albuquerque,
2026-09-11T22:47:09Z,72,2026-09-17,ID,Boise,ID - Boise,1789668000000
2026-09-11T22:47:09Z,72,2026-09-24,ID,Boise,ID - Boise,1790272800000
2026-09-11T22:47:09Z,72,,ID,Boise,ID - Boise,
2026-09-11T22:47:09Z,73,2026-09-11,TX,Abilene,TX - Abilene,1789146000000
2026-09-11T22:47:09Z,73,2026-09-18,TX,Abilene,TX - Abilene,1789750800000
2026-09-11T22:47:09Z,73,,TX,Abilene,TX - Abilene,
2026-09-11T22:47:09Z,196,2026-09-16,NC,Mocksville,NC - Mocksville,1789567200000
2026-09-11T22:47:09Z,196,,NC,Mocksville,NC - Mocksville,
2026-09-11T22:47:09Z,197,2026-09-14,SC,North Charleston,SC - North Charleston,1789394400000
2026-09-11T22:47:09Z,197,2026-09-16,SC,North Charleston,SC - North Charleston,1789567200000
2026-09-11T22:47:09Z,197,,SC,North Charleston,SC - North Charleston,
2026-09-11T22:47:09Z,199,2026-09-15,RI,Exeter,RI - Exeter,1789480800000
2026-09-11T22:47:09Z,199,2026-09-24,RI,Exeter,RI - Exeter,1790258400000
2026-09-11T22:47:09Z,199,,RI,Exeter,RI - Exeter,
2026-09-11T22:47:09Z,18,2026-09-15,OK,Oklahoma City,OK - Oklahoma City,1789491600000
2026-09-11T22:47:09Z,18,2026-09-17,OK,Oklahoma City,OK - Oklahoma City,1789664400000
2026-09-11T22:47:09Z,18,,OK,Oklahoma City,OK - Oklahoma City,
2026-09-11T22:47:09Z,19,2026-09-11,OK,Tulsa,OK - Tulsa,1789146000000
2026-09-11T22:47:09Z,19,2026-09-16,OK,Tulsa,OK - Tulsa,1789578000000
2026-09-11T22:47:09Z,19,,OK,Tulsa,OK - Tulsa,
2026-09-11T22:47:09Z,16,2026-09-14,CA,So Sacramento,CA - So Sacramento,1789412400000
2026-09-11T22:47:09Z,16,2026-09-21,CA,So Sacramento,CA - So Sacramento,1790017200000
2026-09-11T22:47:09Z,16,,CA,So Sacramento,CA - So Sacramento,
2026-09-11T22:47:09Z,14,2026-09-14,TX,Longview,TX - Longview,1789405200000
2026-09-11T22:47:09Z,14,2026-09-21,TX,Longview,TX - Longview,1790010000000
2026-09-11T22:47:09Z,14,,TX,Longview,TX - Longview,
2026-09-11T22:47:09Z,15,2026-09-11,GA,Atlanta West,GA - Atlanta West,1789135200000
2026-09-11T22:47:09Z,15,2026-09-15,GA,Atlanta West,GA - Atlanta West,1789480800000
2026-09-11T22:47:09Z,15,,GA,Atlanta West,GA - Atlanta West,
2026-09-11T22:47:09Z,190,2026-09-14,CA,Napa,CA - Napa,1789412400000
2026-09-11T22:47:09Z,190,2026-09-17,CA,Napa,CA - Napa,1789671600000
2026-09-11T22:47:09Z,190,,CA,Napa,CA - Napa,
2026-09-11T22:47:09Z,191,2026-09-14,WI,Appleton,WI - Appleton,1789405200000
2026-09-11T22:47:09Z,191,2026-09-21,WI,Appleton,WI - Appleton,1790010000000
2026-09-11T22:47:09Z,191,,WI,Appleton,WI - Appleton,
2026-09-11T22:47:09Z,194,2026-09-16,VA,Fredericksburg,VA - Fredericksburg,1789567200000
2026-09-11T22:47:09Z,194,2026-09-23,VA,Fredericksburg,VA - Fredericksburg,1790172000000
2026-09-11T22:47:09Z,194,,VA,Fredericksburg,VA - Fredericksburg,
2026-09-11T22:47:09Z,193,2026-09-14,CO,Denver South,CO - Denver South,1789408800000
2026-09-11T22:47:09Z,193,2026-09-16,CO,Denver South,CO - Denver South,1789581600000
2026-09-11T22:47:09Z,193,,CO,Denver South,CO - Denver South,
2026-09-11T22:47:09Z,185,2026-09-16,TX,Andrews,TX - Andrews,1789578000000
2026-09-11T22:47:09Z,185,,TX,Andrews,TX - Andrews,
2026-09-11T22:47:09Z,184,2026-09-15,AL,Mobile South,AL - Mobile South,1789491600000
2026-09-11T22:47:09Z,184,2026-09-22,AL,Mobile South,AL - Mobile South,1790096400000
2026-09-11T22:47:09Z,184,,AL,Mobile South,AL - Mobile South,
2026-09-11T22:47:09Z,187,2026-09-17,GA,Macon,GA - Macon,1789653600000
2026-09-11T22:47:09Z,187,2026-09-24,GA,Macon,GA - Macon,1790258400000
2026-09-11T22:47:09Z,187,,GA,Macon,GA - Macon,
2026-09-11T22:47:09Z,186,2026-09-11,CA,Long Beach,CA - Long Beach,1789153200000
2026-09-11T22:47:09Z,186,2026-09-16,CA,Long Beach,CA - Long Beach,1789585200000
2026-09-11T22:47:09Z,186,,CA,Long Beach,CA - Long Beach,
2026-09-11T22:47:09Z,189,2026-09-14,IL,Southern Illinois,IL - Southern Illinois,1789405200000
2026-09-11T22:47:09Z,189,2026-09-16,IL,Southern Illinois,IL - Southern Illinois,1789578000000
2026-09-11T22:47:09Z,189,,IL,Southern Illinois,IL - Southern Illinois,
2026-09-11T22:47:09Z,188,2026-09-14,UT,Ogden,UT - Ogden,1789408800000
2026-09-11T22:47:09Z,188,2026-09-21,UT,Ogden,UT - Ogden,1790013600000
2026-09-11T22:47:09Z,188,,UT,Ogden,UT - Ogden,
2026-09-11T22:47:09Z,12,2026-09-14,TX,Dallas,TX - Dallas,1789405200000
2026-09-11T22:47:09Z,12,2026-09-17,TX,Dallas,TX - Dallas,1789664400000
2026-09-11T22:47:09Z,12,,TX,Dallas,TX - Dallas,
2026-09-11T22:47:09Z,13,2026-09-14,TX,Lufkin,TX - Lufkin,1789405200000
2026-09-11T22:47:09Z,13,2026-09-21,TX,Lufkin,TX - Lufkin,1790010000000
2026-09-11T22:47:09Z,13,,TX,Lufkin,TX - Lufkin,
2026-09-11T22:47:09Z,10,2026-09-14,CA,Los Angeles,CA - Los Angeles,1789412400000
2026-09-11T22:47:09Z,10,2026-09-17,CA,Los Angeles,CA - Los Angeles,1789671600000
2026-09-11T22:47:09Z,10,,CA,Los Angeles,CA - Los Angeles,
2026-09-11T22:47:09Z,11,2026-09-11,TX,Houston,TX - Houston,1789146000000
2026-09-11T22:47:09Z,11,2026-09-15,TX,Houston,TX - Houston,1789491600000
2026-09-11T22:47:09Z,11,,TX,Houston,TX - Houston,
2026-09-11T22:47:09Z,29,2026-09-11,OH,Columbus,OH - Columbus,1789135200000
2026-09-11T22:47:09Z,29,2026-09-15,OH,Columbus,OH - Columbus,1789480800000
2026-09-11T22:47:09Z,29,,OH,Columbus,OH - Columbus,
2026-09-11T22:47:09Z,27,2026-09-14,MA,South Boston,MA - South Boston,1789394400000
2026-09-11T22:47:09Z,27,2026-09-17,MA,South Boston,MA - South Boston,1789653600000
2026-09-11T22:47:09Z,27,,MA,South Boston,MA - South Boston,
2026-09-11T22:47:09Z,28,2026-09-17,PA,Pittsburgh North,PA - Pittsburgh North,1789653600000
2026-09-11T22:47:09Z,28,,PA,Pittsburgh North,PA - Pittsburgh North,
2026-09-11T22:47:09Z,25,2026-09-14,NY,Syracuse,NY - Syracuse,1789394400000
2026-09-11T22:47:09Z,25,2026-09-16,NY,Syracuse,NY - Syracuse,1789567200000
2026-09-11T22:47:09Z,25,,NY,Syracuse,NY - Syracuse,
2026-09-11T22:47:09Z,26,2026-09-11,PA,Philadelphia,PA - Philadelphia,1789135200000
2026-09-11T22:47:09Z,26,2026-09-15,PA,Philadelphia,PA - Philadelphia,1789480800000
2026-09-11T22:47:09Z,26,,PA,Philadelphia,PA - Philadelphia,
2026-09-11T22:47:09Z,23,2026-09-11,CT,Hartford,CT - Hartford,1789135200000
2026-09-11T22:47:09Z,23,2026-09-15,CT,Hartford,CT - Hartford,1789480800000
2026-09-11T22:47:09Z,23,,CT,Hartford,CT - Hartford,
2026-09-11T22:47:09Z,24,2026-09-14,NY,Newburgh,NY - Newburgh,1789394400000
2026-09-11T22:47:09Z,24,2026-09-15,NY,Newburgh,NY - Newburgh,1789480800000
2026-09-11T22:47:09Z,24,,NY,Newburgh,NY - Newburgh,
2026-09-11T22:47:09Z,21,2026-09-14,AR,Little Rock,AR - Little Rock,1789405200000
2026-09-11T22:47:09Z,21,2026-09-16,AR,Little Rock,AR - Little Rock,1789578000000
2026-09-11T22:47:09Z,21,,AR,Little Rock,AR - Little Rock,
2026-09-11T22:47:09Z,22,2026-09-15,TN,Memphis,TN - Memphis,1789491600000
2026-09-11T22:47:09Z,22,2026-09-17,TN,Memphis,TN - Memphis,1789664400000
2026-09-11T22:47:09Z,22,,TN,Memphis,TN - Memphis,
2026-09-11T22:47:09Z,20,2026-09-11,MO,St. Louis,MO - St. Louis,1789146000000
2026-09-11T22:47:09Z,20,2026-09-15,MO,St. Louis,MO - St. Louis,1789491600000
2026-09-11T22:47:09Z,20,,MO,St. Louis,MO - St. Louis,
2026-09-11T22:47:09Z,36,2026-09-15,IL,Chicago North,IL - Chicago North,1789491600000
2026-09-11T22:47:09Z,36,2026-09-17,IL,Chicago North,IL - Chicago North,1789664400000
2026-09-11T22:47:09Z,36,,IL,Chicago North,IL - Chicago North,
2026-09-11T22:47:09Z,37,2026-09-15,MN,Minneapolis,MN - Minneapolis,1789491600000
2026-09-11T22:47:09Z,37,2026-09-17,MN,Minneapolis,MN - Minneapolis,1789664400000
2026-09-11T22:47:09Z,37,,MN,Minneapolis,MN - Minneapolis,
2026-09-11T22:47:09Z,880,2026-09-14,*NCS,Eastern Region,*NCS - Eastern Region,1789434000000
2026-09-11T22:47:09Z,880,,*NCS,Eastern Region,*NCS - Eastern Region,
2026-09-11T22:47:09Z,882,2026-09-14,*NCS,Mountain Region,*NCS - Mountain Region,1789434000000
2026-09-11T22:47:09Z,882,,*NCS,Mountain Region,*NCS - Mountain Region,
2026-09-11T22:47:09Z,881,2026-09-14,*NCS,Central Region,*NCS - Central Region,1789434000000
2026-09-11T22:47:09Z,881,,*NCS,Central Region,*NCS - Central Region,
2026-09-11T22:47:09Z,883,2026-09-14,*NCS,Pacific Region,*NCS - Pacific Region,1789434000000
2026-09-11T22:47:09Z,883,,*NCS,Pacific Region,*NCS - Pacific Region,
2026-09-11T22:47:09Z,34,2026-09-11,FL,Tampa South,FL - Tampa South,1789135200000
2026-09-11T22:47:09Z,34,2026-09-15,FL,Tampa South,FL - Tampa South,1789480800000
2026-09-11T22:47:09Z,34,,FL,Tampa South,FL - Tampa South,
2026-09-11T22:47:09Z,35,2026-09-14,NY,Rochester,NY - Rochester,1789394400000
2026-09-11T22:47:09Z,35,,NY,Rochester,NY - Rochester,
2026-09-11T22:47:09Z,32,2026-09-11,DC,Washington DC,DC - Washington DC,1789135200000
2026-09-11T22:47:09Z,32,2026-09-15,DC,Washington DC,DC - Washington DC,1789480800000
2026-09-11T22:47:09Z,32,,DC,Washington DC,DC - Washington DC,
2026-09-11T22:47:09Z,33,2026-09-11,FL,Miami North,FL - Miami North,1789135200000
2026-09-11T22:47:09Z,33,2026-09-15,FL,Miami North,FL - Miami North,1789480800000
2026-09-11T22:47:09Z,33,,FL,Miami North,FL - Miami North,
2026-09-11T22:47:09Z,30,2026-09-11,NY,Long Island,NY - Long Island,1789135200000
2026-09-11T22:47:09Z,30,2026-09-14,NY,Long Island,NY - Long Island,1789394400000
2026-09-11T22:47:09Z,30,,NY,Long Island,NY - Long Island,
2026-09-11T22:47:09Z,31,2026-09-15,NJ,Glassboro East,NJ - Glassboro East,1789480800000
2026-09-11T22:47:09Z,31,2026-09-17,NJ,Glassboro East,NJ - Glassboro East,1789653600000
2026-09-11T22:47:09Z,31,,NJ,Glassboro East,NJ - Glassboro East,
2026-09-12T22:45:27Z,309,2026-09-14,CA,Adelanto,CA - Adelanto,1789412400000
2026-09-12T22:45:27Z,309,2026-09-28,CA,Adelanto,CA - Adelanto,1790622000000
2026-09-12T22:45:27Z,309,,CA,Adelanto,CA - Adelanto,
2026-09-12T22:45:27Z,308,2026-09-15,WI,Madison South,WI - Madison South,1789491600000
2026-09-12T22:45:27Z,308,2026-09-22,WI,Madison South,WI - Madison South,1790096400000
2026-09-12T22:45:27Z,308,,WI,Madison South,WI - Madison South,
2026-09-12T22:45:27Z,336,2026-09-15,UT,Salt Lake City,UT - Salt Lake City,1789495200000
2026-09-12T22:45:27Z,336,2026-09-18,UT,Salt Lake City,UT - Salt Lake City,1789754400000
2026-09-12T22:45:27Z,336,,UT,Salt Lake City,UT - Salt Lake City,
2026-09-12T22:45:27Z,335,2026-09-15,FL,Tampa North,FL - Tampa North,1789480800000
2026-09-12T22:45:27Z,335,2026-09-18,FL,Tampa North,FL - Tampa North,1789740000000
2026-09-12T22:45:27Z,335,,FL,Tampa North,FL - Tampa North,
2026-09-12T22:45:27Z,338,2026-09-14,NC,Lumberton,NC - Lumberton,1789394400000
2026-09-12T22:45:27Z,338,2026-09-21,NC,Lumberton,NC - Lumberton,1789999200000
2026-09-12T22:45:27Z,338,,NC,Lumberton,NC - Lumberton,
2026-09-12T22:45:27Z,337,2026-09-15,WA,Spanaway,WA - Spanaway,1789498800000
2026-09-12T22:45:27Z,337,2026-09-18,WA,Spanaway,WA - Spanaway,1789758000000
2026-09-12T22:45:27Z,337,,WA,Spanaway,WA - Spanaway,
2026-09-12T22:45:27Z,339,2026-09-16,WI,Milwaukee North,WI - Milwaukee North,1789578000000
2026-09-12T22:45:27Z,339,,WI,Milwaukee North,WI - Milwaukee North,
2026-09-12T22:45:27Z,204,2026-09-17,AB,Edmonton,AB - Edmonton,1789668000000
2026-09-12T22:45:27Z,204,2026-09-24,AB,Edmonton,AB - Edmonton,1790272800000
2026-09-12T22:45:27Z,204,,AB,Edmonton,AB - Edmonton,
2026-09-12T22:45:27Z,203,2026-09-15,AB,Calgary,AB - Calgary,1789495200000
2026-09-12T22:45:27Z,203,2026-09-22,AB,Calgary,AB - Calgary,1790100000000
2026-09-12T22:45:27Z,203,,AB,Calgary,AB - Calgary,
2026-09-12T22:45:27Z,326,2026-09-16,MS,Grenada,MS - Grenada,1789578000000
2026-09-12T22:45:27Z,326,,MS,Grenada,MS - Grenada,
2026-09-12T22:45:27Z,205,2026-09-15,QC,Montreal,QC - Montreal,1789488000000
2026-09-12T22:45:27Z,205,,QC,Montreal,QC - Montreal,
2026-09-12T22:45:27Z,328,2026-09-16,WY,Casper,WY - Casper,1789581600000
2026-09-12T22:45:27Z,328,,WY,Casper,WY - Casper,
2026-09-12T22:45:27Z,916,2026-09-16,AL,Cusseta,AL - Cusseta,1789578000000
2026-09-12T22:45:27Z,916,,AL,Cusseta,AL - Cusseta,
2026-09-12T22:45:27Z,350,2026-09-17,CT,Hartford Springfield,CT - Hartford Springfield,1789653600000
2026-09-12T22:45:27Z,350,,CT,Hartford Springfield,CT - Hartford Springfield,
2026-09-12T22:45:27Z,81,2026-09-16,IL,Chicago South,IL - Chicago South,1789578000000
2026-09-12T22:45:27Z,81,2026-09-18,IL,Chicago South,IL - Chicago South,1789750800000
2026-09-12T22:45:27Z,81,,IL,Chicago South,IL - Chicago South,
2026-09-12T22:45:27Z,82,2026-09-18,VA,Danville,VA - Danville,1789740000000
2026-09-12T22:45:27Z,82,,VA,Danville,VA - Danville,
2026-09-12T22:45:27Z,110,2026-09-14,HI,Honolulu,HI - Honolulu,1789423200000
2026-09-12T22:45:27Z,110,2026-09-21,HI,Honolulu,HI - Honolulu,1790028000000
2026-09-12T22:45:27Z,110,,HI,Honolulu,HI - Honolulu,
2026-09-12T22:45:27Z,80,2026-09-15,MN,Minneapolis North,MN - Minneapolis North,1789491600000
2026-09-12T22:45:27Z,80,2026-09-17,MN,Minneapolis North,MN - Minneapolis North,1789664400000
2026-09-12T22:45:27Z,80,,MN,Minneapolis North,MN - Minneapolis North,
2026-09-12T22:45:27Z,112,2026-09-14,OH,Cleveland West,OH - Cleveland West,1789394400000
2026-09-12T22:45:27Z,112,2026-09-17,OH,Cleveland West,OH - Cleveland West,1789653600000
2026-09-12T22:45:27Z,112,,OH,Cleveland West,OH - Cleveland West,
2026-09-12T22:45:27Z,111,2026-09-16,OH,Cleveland East,OH - Cleveland East,1789567200000
2026-09-12T22:45:27Z,111,,OH,Cleveland East,OH - Cleveland East,
2026-09-12T22:45:27Z,114,2026-09-15,TN,Knoxville,TN - Knoxville,1789480800000
2026-09-12T22:45:27Z,114,2026-09-17,TN,Knoxville,TN - Knoxville,1789653600000
2026-09-12T22:45:27Z,114,,TN,Knoxville,TN - Knoxville,
2026-09-12T22:45:27Z,356,2026-09-17,NC,Concord,NC - Concord,1789653600000
2026-09-12T22:45:27Z,356,2026-09-24,NC,Concord,NC - Concord,1790258400000
2026-09-12T22:45:27Z,356,,NC,Concord,NC - Concord,
2026-09-12T22:45:27Z,113,2026-09-15,AK,Anchorage,AK - Anchorage,1789502400000
2026-09-12T22:45:27Z,113,2026-09-22,AK,Anchorage,AK - Anchorage,1790107200000
2026-09-12T22:45:27Z,113,,AK,Anchorage,AK - Anchorage,
2026-09-12T22:45:27Z,89,2026-09-17,WV,Charleston,WV - Charleston,1789653600000
2026-09-12T22:45:27Z,89,2026-09-24,WV,Charleston,WV - Charleston,1790258400000
2026-09-12T22:45:27Z,89,,WV,Charleston,WV - Charleston,
2026-09-12T22:45:27Z,116,2026-09-16,WA,Spokane,WA - Spokane,1789585200000
2026-09-12T22:45:27Z,116,,WA,Spokane,WA - Spokane,
2026-09-12T22:45:27Z,115,2026-09-14,KY,Lexington East,KY - Lexington East,1789394400000
2026-09-12T22:45:27Z,115,2026-09-21,KY,Lexington East,KY - Lexington East,1789999200000
2026-09-12T22:45:27Z,115,,KY,Lexington East,KY - Lexington East,
2026-09-12T22:45:27Z,357,2026-09-14,TX,Houston East,TX - Houston East,1789405200000
2026-09-12T22:45:27Z,357,2026-09-17,TX,Houston East,TX - Houston East,1789664400000
2026-09-12T22:45:27Z,357,,TX,Houston East,TX - Houston East,
2026-09-12T22:45:27Z,118,2026-09-14,CO,Colorado Springs,CO - Colorado Springs,1789408800000
2026-09-12T22:45:27Z,118,2026-09-16,CO,Colorado Springs,CO - Colorado Springs,1789581600000
2026-09-12T22:45:27Z,118,,CO,Colorado Springs,CO - Colorado Springs,
2026-09-12T22:45:27Z,87,2026-09-14,GA,Savannah,GA - Savannah,1789394400000
2026-09-12T22:45:27Z,87,2026-09-17,GA,Savannah,GA - Savannah,1789653600000
2026-09-12T22:45:27Z,87,,GA,Savannah,GA - Savannah,
2026-09-12T22:45:27Z,117,2026-09-18,FL,Tallahassee,FL - Tallahassee,1789740000000
2026-09-12T22:45:27Z,117,2026-09-25,FL,Tallahassee,FL - Tallahassee,1790344800000
2026-09-12T22:45:27Z,117,,FL,Tallahassee,FL - Tallahassee,
2026-09-12T22:45:27Z,359,2026-09-15,GA,Augusta,GA - Augusta,1789480800000
2026-09-12T22:45:27Z,359,2026-09-22,GA,Augusta,GA - Augusta,1790085600000
2026-09-12T22:45:27Z,359,,GA,Augusta,GA - Augusta,
2026-09-12T22:45:27Z,88,2026-09-15,GA,Tifton,GA - Tifton,1789480800000
2026-09-12T22:45:27Z,88,2026-09-22,GA,Tifton,GA - Tifton,1790085600000
2026-09-12T22:45:27Z,88,,GA,Tifton,GA - Tifton,
2026-09-12T22:45:27Z,85,2026-09-16,PA,Pittsburgh South,PA - Pittsburgh South,1789567200000
2026-09-12T22:45:27Z,85,,PA,Pittsburgh South,PA - Pittsburgh South,
2026-09-12T22:45:27Z,86,2026-09-16,FL,Ft. Pierce,FL - Ft. Pierce,1789567200000
2026-09-12T22:45:27Z,86,,FL,Ft. Pierce,FL - Ft. Pierce,
2026-09-12T22:45:27Z,83,2026-09-16,KY,Lexington West,KY - Lexington West,1789567200000
2026-09-12T22:45:27Z,83,,KY,Lexington West,KY - Lexington West,
2026-09-12T22:45:27Z,84,2026-09-17,LA,Shreveport,LA - Shreveport,1789664400000
2026-09-12T22:45:27Z,84,2026-09-24,LA,Shreveport,LA - Shreveport,1790269200000
2026-09-12T22:45:27Z,84,,LA,Shreveport,LA - Shreveport,
2026-09-12T22:45:27Z,92,2026-09-14,MO,Springfield,MO - Springfield,1789405200000
2026-09-12T22:45:27Z,92,2026-09-16,MO,Springfield,MO - Springfield,1789578000000
2026-09-12T22:45:27Z,92,,MO,Springfield,MO - Springfield,
2026-09-12T22:45:27Z,93,2026-09-18,AZ,Tucson,AZ - Tucson,1789754400000
2026-09-12T22:45:27Z,93,,AZ,Tucson,AZ - Tucson,
2026-09-12T22:45:27Z,341,2026-09-17,AL,Dothan,AL - Dothan,1789664400000
2026-09-12T22:45:27Z,341,2026-09-24,AL,Dothan,AL - Dothan,1790269200000
2026-09-12T22:45:27Z,341,,AL,Dothan,AL - Dothan,
2026-09-12T22:45:27Z,90,2026-09-17,ME,Lyman,ME - Lyman,1789653600000
2026-09-12T22:45:27Z,90,2026-09-24,ME,Lyman,ME - Lyman,1790258400000
2026-09-12T22:45:27Z,90,,ME,Lyman,ME - Lyman,
2026-09-12T22:45:27Z,340,2026-09-16,NC,Gastonia,NC - Gastonia,1789567200000
2026-09-12T22:45:27Z,340,2026-10-07,NC,Gastonia,NC - Gastonia,1791381600000
2026-09-12T22:45:27Z,340,,NC,Gastonia,NC - Gastonia,
2026-09-12T22:45:27Z,91,2026-09-15,NJ,Somerville,NJ - Somerville,1789480800000
2026-09-12T22:45:27Z,91,2026-09-18,NJ,Somerville,NJ - Somerville,1789740000000
2026-09-12T22:45:27Z,91,,NJ,Somerville,NJ - Somerville,
2026-09-12T22:45:27Z,343,2026-09-18,CA,Redding,CA - Redding,1789758000000
2026-09-12T22:45:27Z,343,2026-09-25,CA,Redding,CA - Redding,1790362800000
2026-09-12T22:45:27Z,343,,CA,Redding,CA - Redding,
2026-09-12T22:45:27Z,101,2026-09-14,VA,Richmond East,VA - Richmond East,1789394400000
2026-09-12T22:45:27Z,101,2026-09-21,VA,Richmond East,VA - Richmond East,1789999200000
2026-09-12T22:45:27Z,101,,VA,Richmond East,VA - Richmond East,
2026-09-12T22:45:27Z,100,2026-09-17,NV,Reno,NV - Reno,1789671600000
2026-09-12T22:45:27Z,100,,NV,Reno,NV - Reno,
2026-09-12T22:45:27Z,342,2026-09-15,MD,Baltimore East,MD - Baltimore East,1789480800000
2026-09-12T22:45:27Z,342,2026-09-17,MD,Baltimore East,MD - Baltimore East,1789653600000
2026-09-12T22:45:27Z,342,,MD,Baltimore East,MD - Baltimore East,
2026-09-12T22:45:27Z,103,2026-09-18,MI,Lansing,MI - Lansing,1789740000000
2026-09-12T22:45:27Z,103,2026-09-25,MI,Lansing,MI - Lansing,1790344800000
2026-09-12T22:45:27Z,103,,MI,Lansing,MI - Lansing,
2026-09-12T22:45:27Z,345,2026-09-17,KY,Earlington,KY - Earlington,1789664400000
2026-09-12T22:45:27Z,345,2026-09-24,KY,Earlington,KY - Earlington,1790269200000
2026-09-12T22:45:27Z,345,,KY,Earlington,KY - Earlington,
2026-09-12T22:45:27Z,344,2026-09-14,NY,Buffalo,NY - Buffalo,1789394400000
2026-09-12T22:45:27Z,344,2026-09-21,NY,Buffalo,NY - Buffalo,1789999200000
2026-09-12T22:45:27Z,344,,NY,Buffalo,NY - Buffalo,
2026-09-12T22:45:27Z,102,2026-09-14,MD,Baltimore,MD - Baltimore,1789394400000
2026-09-12T22:45:27Z,102,2026-09-21,MD,Baltimore,MD - Baltimore,1789999200000
2026-09-12T22:45:27Z,102,,MD,Baltimore,MD - Baltimore,
2026-09-12T22:45:27Z,105,2026-09-14,FL,Miami Central,FL - Miami Central,1789394400000
2026-09-12T22:45:27Z,105,2026-09-16,FL,Miami Central,FL - Miami Central,1789567200000
2026-09-12T22:45:27Z,105,,FL,Miami Central,FL - Miami Central,
2026-09-12T22:45:27Z,104,2026-09-15,OR,Eugene,OR - Eugene,1789498800000
2026-09-12T22:45:27Z,104,2026-09-22,OR,Eugene,OR - Eugene,1790103600000
2026-09-12T22:45:27Z,104,,OR,Eugene,OR - Eugene,
2026-09-12T22:45:27Z,98,2026-09-15,TX,Ft. Worth,TX - Ft. Worth,1789491600000
2026-09-12T22:45:27Z,98,2026-09-18,TX,Ft. Worth,TX - Ft. Worth,1789750800000
2026-09-12T22:45:27Z,98,,TX,Ft. Worth,TX - Ft. Worth,
2026-09-12T22:45:27Z,107,2026-09-14,GA,Atlanta East,GA - Atlanta East,1789394400000
2026-09-12T22:45:27Z,107,2026-09-16,GA,Atlanta East,GA - Atlanta East,1789567200000
2026-09-12T22:45:27Z,107,,GA,Atlanta East,GA - Atlanta East,
2026-09-12T22:45:27Z,348,2026-09-15,FL,Punta Gorda,FL - Punta Gorda,1789480800000
2026-09-12T22:45:27Z,348,2026-09-18,FL,Punta Gorda,FL - Punta Gorda,1789740000000
2026-09-12T22:45:27Z,348,,FL,Punta Gorda,FL - Punta Gorda,
2026-09-12T22:45:27Z,106,2026-09-15,MT,Helena,MT - Helena,1789495200000
2026-09-12T22:45:27Z,106,2026-09-22,MT,Helena,MT - Helena,1790100000000
2026-09-12T22:45:27Z,106,,MT,Helena,MT - Helena,
2026-09-12T22:45:27Z,96,2026-09-15,TX,Corpus Christi,TX - Corpus Christi,1789491600000
2026-09-12T22:45:27Z,96,2026-09-22,TX,Corpus Christi,TX - Corpus Christi,1790096400000
2026-09-12T22:45:27Z,96,,TX,Corpus Christi,TX - Corpus Christi,
2026-09-12T22:45:27Z,108,2026-09-15,FL,Ocala,FL - Ocala,1789480800000
2026-09-12T22:45:27Z,108,2026-09-22,FL,Ocala,FL - Ocala,1790085600000
2026-09-12T22:45:27Z,108,,FL,Ocala,FL - Ocala,
2026-09-12T22:45:27Z,97,2026-09-15,CA,Rancho Cucamonga,CA - Rancho Cucamonga,1789498800000
2026-09-12T22:45:27Z,97,2026-09-17,CA,Rancho Cucamonga,CA - Rancho Cucamonga,1789671600000
2026-09-12T22:45:27Z,97,,CA,Rancho Cucamonga,CA - Rancho Cucamonga,
2026-09-12T22:45:27Z,94,2026-09-14,NY,Albany,NY - Albany,1789394400000
2026-09-12T22:45:27Z,94,2026-09-16,NY,Albany,NY - Albany,1789567200000
2026-09-12T22:45:27Z,94,,NY,Albany,NY - Albany,
2026-09-12T22:45:27Z,95,2026-09-15,TX,Amarillo,TX - Amarillo,1789491600000
2026-09-12T22:45:27Z,95,2026-09-22,TX,Amarillo,TX - Amarillo,1790096400000
2026-09-12T22:45:27Z,95,,TX,Amarillo,TX - Amarillo,
2026-09-12T22:45:27Z,130,2026-09-15,DE,Seaford,DE - Seaford,1789480800000
2026-09-12T22:45:27Z,130,2026-09-22,DE,Seaford,DE - Seaford,1790085600000
2026-09-12T22:45:27Z,130,,DE,Seaford,DE - Seaford,
2026-09-12T22:45:27Z,371,2026-09-14,WI,Milwaukee South,WI - Milwaukee South,1789405200000
2026-09-12T22:45:27Z,371,2026-09-21,WI,Milwaukee South,WI - Milwaukee South,1790010000000
2026-09-12T22:45:27Z,371,,WI,Milwaukee South,WI - Milwaukee South,
2026-09-12T22:45:27Z,373,2026-09-15,NC,Lagrange,NC - Lagrange,1789480800000
2026-09-12T22:45:27Z,373,2026-09-22,NC,Lagrange,NC - Lagrange,1790085600000
2026-09-12T22:45:27Z,373,,NC,Lagrange,NC - Lagrange,
2026-09-12T22:45:27Z,376,2026-09-15,OH,Akron,OH - Akron,1789480800000
2026-09-12T22:45:27Z,376,2026-09-18,OH,Akron,OH - Akron,1789740000000
2026-09-12T22:45:27Z,376,,OH,Akron,OH - Akron,
2026-09-12T22:45:27Z,134,2026-09-14,OR,Portland South,OR - Portland South,1789412400000
2026-09-12T22:45:27Z,134,2026-09-21,OR,Portland South,OR - Portland South,1790017200000
2026-09-12T22:45:27Z,134,,OR,Portland South,OR - Portland South,
2026-09-12T22:45:27Z,133,2026-09-14,NV,Las Vegas West,NV - Las Vegas West,1789412400000
2026-09-12T22:45:27Z,133,2026-09-16,NV,Las Vegas West,NV - Las Vegas West,1789585200000
2026-09-12T22:45:27Z,133,,NV,Las Vegas West,NV - Las Vegas West,
2026-09-12T22:45:27Z,136,2026-09-15,AL,Birmingham,AL - Birmingham,1789491600000
2026-09-12T22:45:27Z,136,2026-09-22,AL,Birmingham,AL - Birmingham,1790096400000
2026-09-12T22:45:27Z,136,,AL,Birmingham,AL - Birmingham,
2026-09-12T22:45:27Z,135,2026-09-14,NJ,Trenton,NJ - Trenton,1789394400000
2026-09-12T22:45:27Z,135,2026-09-16,NJ,Trenton,NJ - Trenton,1789567200000
2026-09-12T22:45:27Z,135,,NJ,Trenton,NJ - Trenton,
2026-09-12T22:45:27Z,138,2026-09-18,KY,Walton,KY - Walton,1789740000000
2026-09-12T22:45:27Z,138,,KY,Walton,KY - Walton,
2026-09-12T22:45:27Z,139,2026-09-18,VA,Richmond,VA - Richmond,1789740000000
2026-09-12T22:45:27Z,139,2026-10-02,VA,Richmond,VA - Richmond,1790949600000
2026-09-12T22:45:27Z,139,,VA,Richmond,VA - Richmond,
2026-09-12T22:45:27Z,370,2026-09-14,IN,Dyer,IN - Dyer,1789405200000
2026-09-12T22:45:27Z,370,2026-09-21,IN,Dyer,IN - Dyer,1790010000000
2026-09-12T22:45:27Z,370,,IN,Dyer,IN - Dyer,
2026-09-12T22:45:27Z,361,2026-09-16,MA,Freetown,MA - Freetown,1789567200000
2026-09-12T22:45:27Z,361,,MA,Freetown,MA - Freetown,
2026-09-12T22:45:27Z,360,2026-09-14,IN,Fort Wayne,IN - Fort Wayne,1789394400000
2026-09-12T22:45:27Z,360,2026-09-21,IN,Fort Wayne,IN - Fort Wayne,1789999200000
2026-09-12T22:45:27Z,360,,IN,Fort Wayne,IN - Fort Wayne,
2026-09-12T22:45:27Z,363,2026-09-14,ND,Bismarck,ND - Bismarck,1789412400000
2026-09-12T22:45:27Z,363,2026-09-21,ND,Bismarck,ND - Bismarck,1790017200000
2026-09-12T22:45:27Z,363,,ND,Bismarck,ND - Bismarck,
2026-09-12T22:45:27Z,362,2026-09-15,AZ,Phoenix North,AZ - Phoenix North,1789495200000
2026-09-12T22:45:27Z,362,2026-09-17,AZ,Phoenix North,AZ - Phoenix North,1789668000000
2026-09-12T22:45:27Z,362,,AZ,Phoenix North,AZ - Phoenix North,
2026-09-12T22:45:27Z,120,2026-09-15,CO,Denver Central,CO - Denver Central,1789495200000
2026-09-12T22:45:27Z,120,2026-09-17,CO,Denver Central,CO - Denver Central,1789668000000
2026-09-12T22:45:27Z,120,,CO,Denver Central,CO - Denver Central,
2026-09-12T22:45:27Z,123,2026-09-15,NE,Lincoln,NE - Lincoln,1789491600000
2026-09-12T22:45:27Z,123,,NE,Lincoln,NE - Lincoln,
2026-09-12T22:45:27Z,1,2026-09-18,CA,Vallejo,CA - Vallejo,1789758000000
2026-09-12T22:45:27Z,1,,CA,Vallejo,CA - Vallejo,
2026-09-12T22:45:27Z,2,2026-09-15,CA,Sacramento,CA - Sacramento,1789498800000
2026-09-12T22:45:27Z,2,2026-09-17,CA,Sacramento,CA - Sacramento,1789671600000
2026-09-12T22:45:27Z,2,,CA,Sacramento,CA - Sacramento,
2026-09-12T22:45:27Z,122,2026-09-14,MT,Billings,MT - Billings,1789408800000
2026-09-12T22:45:27Z,122,2026-09-21,MT,Billings,MT - Billings,1790013600000
2026-09-12T22:45:27Z,122,,MT,Billings,MT - Billings,
2026-09-12T22:45:27Z,367,2026-09-16,CA,Mentone,CA - Mentone,1789585200000
2026-09-12T22:45:27Z,367,2026-09-23,CA,Mentone,CA - Mentone,1790190000000
2026-09-12T22:45:27Z,367,,CA,Mentone,CA - Mentone,
2026-09-12T22:45:27Z,3,2026-09-15,CA,Hayward,CA - Hayward,1789498800000
2026-09-12T22:45:27Z,3,2026-09-17,CA,Hayward,CA - Hayward,1789671600000
2026-09-12T22:45:27Z,3,,CA,Hayward,CA - Hayward,
2026-09-12T22:45:27Z,125,2026-09-15,MO,Columbia,MO - Columbia,1789491600000
2026-09-12T22:45:27Z,125,2026-09-22,MO,Columbia,MO - Columbia,1790096400000
2026-09-12T22:45:27Z,125,,MO,Columbia,MO - Columbia,
2026-09-12T22:45:27Z,4,2026-09-14,CA,Fresno,CA - Fresno,1789412400000
2026-09-12T22:45:27Z,4,2026-09-17,CA,Fresno,CA - Fresno,1789671600000
2026-09-12T22:45:27Z,4,,CA,Fresno,CA - Fresno,
2026-09-12T22:45:27Z,366,2026-09-14,FL,Clewiston,FL - Clewiston,1789394400000
2026-09-12T22:45:27Z,366,2026-09-21,FL,Clewiston,FL - Clewiston,1789999200000
2026-09-12T22:45:27Z,366,,FL,Clewiston,FL - Clewiston,
2026-09-12T22:45:27Z,5,2026-09-18,CA,Bakersfield,CA - Bakersfield,1789758000000
2026-09-12T22:45:27Z,5,2026-09-25,CA,Bakersfield,CA - Bakersfield,1790362800000
2026-09-12T22:45:27Z,5,,CA,Bakersfield,CA - Bakersfield,
2026-09-12T22:45:27Z,127,2026-09-14,PA,York Haven,PA - York Haven,1789394400000
2026-09-12T22:45:27Z,127,2026-09-17,PA,York Haven,PA - York Haven,1789653600000
2026-09-12T22:45:27Z,127,,PA,York Haven,PA - York Haven,
2026-09-12T22:45:27Z,369,2026-09-15,KS,Kansas City,KS - Kansas City,1789491600000
2026-09-12T22:45:27Z,369,2026-09-17,KS,Kansas City,KS - Kansas City,1789664400000
2026-09-12T22:45:27Z,369,,KS,Kansas City,KS - Kansas City,
2026-09-12T22:45:27Z,6,2026-09-15,CA,San Jose,CA - San Jose,1789498800000
2026-09-12T22:45:27Z,6,2026-09-17,CA,San Jose,CA - San Jose,1789671600000
2026-09-12T22:45:27Z,6,,CA,San Jose,CA - San Jose,
2026-09-12T22:45:27Z,368,2026-09-18,NC,Raleigh North,NC - Raleigh North,1789740000000
2026-09-12T22:45:27Z,368,2026-09-25,NC,Raleigh North,NC - Raleigh North,1790344800000
2026-09-12T22:45:27Z,368,,NC,Raleigh North,NC - Raleigh North,
2026-09-12T22:45:27Z,129,2026-09-17,PA,Altoona,PA - Altoona,1789653600000
2026-09-12T22:45:27Z,129,,PA,Altoona,PA - Altoona,
2026-09-12T22:45:27Z,7,2026-09-14,CA,San Bernardino,CA - San Bernardino,1789412400000
2026-09-12T22:45:27Z,7,2026-09-17,CA,San Bernardino,CA - San Bernardino,1789671600000
2026-09-12T22:45:27Z,7,,CA,San Bernardino,CA - San Bernardino,
2026-09-12T22:45:27Z,128,2026-09-18,PA,Chambersburg,PA - Chambersburg,1789740000000
2026-09-12T22:45:27Z,128,2026-09-25,PA,Chambersburg,PA - Chambersburg,1790344800000
2026-09-12T22:45:27Z,128,,PA,Chambersburg,PA - Chambersburg,
2026-09-12T22:45:27Z,9,2026-09-14,OR,Portland North,OR - Portland North,1789412400000
2026-09-12T22:45:27Z,9,2026-09-16,OR,Portland North,OR - Portland North,1789585200000
2026-09-12T22:45:27Z,9,,OR,Portland North,OR - Portland North,
2026-09-12T22:45:27Z,838,2026-09-14,,Rental Vehicle Sale,Rental Vehicle Sale,1789401600000
2026-09-12T22:45:27Z,838,2026-09-16,,Rental Vehicle Sale,Rental Vehicle Sale,1789574400000
2026-09-12T22:45:27Z,838,,,Rental Vehicle Sale,Rental Vehicle Sale,
2026-09-12T22:45:27Z,47,2026-09-14,AZ,Phoenix,AZ - Phoenix,1789408800000
2026-09-12T22:45:27Z,47,2026-09-16,AZ,Phoenix,AZ - Phoenix,1789581600000
2026-09-12T22:45:27Z,47,,AZ,Phoenix,AZ - Phoenix,
2026-09-12T22:45:27Z,48,2026-09-14,WA,North Seattle,WA - North Seattle,1789412400000
2026-09-12T22:45:27Z,48,2026-09-21,WA,North Seattle,WA - North Seattle,1790017200000
2026-09-12T22:45:27Z,48,,WA,North Seattle,WA - North Seattle,
2026-09-12T22:45:27Z,161,2026-09-16,MI,Kincheloe,MI - Kincheloe,1789567200000
2026-09-12T22:45:27Z,161,,MI,Kincheloe,MI - Kincheloe,
2026-09-12T22:45:27Z,160,2026-09-18,MI,Ionia,MI - Ionia,1789740000000
2026-09-12T22:45:27Z,160,,MI,Ionia,MI - Ionia,
2026-09-12T22:45:27Z,394,2026-09-17,TX,North Austin,TX - North Austin,1789664400000
2026-09-12T22:45:27Z,394,2026-09-24,TX,North Austin,TX - North Austin,1790269200000
2026-09-12T22:45:27Z,394,,TX,North Austin,TX - North Austin,
2026-09-12T22:45:27Z,151,2026-09-15,CA,Antelope,CA - Antelope,1789498800000
2026-09-12T22:45:27Z,151,2026-09-17,CA,Antelope,CA - Antelope,1789671600000
2026-09-12T22:45:27Z,151,,CA,Antelope,CA - Antelope,
2026-09-12T22:45:27Z,154,2026-09-16,NC,Mebane,NC - Mebane,1789567200000
2026-09-12T22:45:27Z,154,,NC,Mebane,NC - Mebane,
2026-09-12T22:45:27Z,396,2026-09-15,SD,Rapid City,SD - Rapid City,1789495200000
2026-09-12T22:45:27Z,396,,SD,Rapid City,SD - Rapid City,
2026-09-12T22:45:27Z,395,2026-09-14,VT,Rutland,VT - Rutland,1789394400000
2026-09-12T22:45:27Z,395,2026-09-21,VT,Rutland,VT - Rutland,1789999200000
2026-09-12T22:45:27Z,395,,VT,Rutland,VT - Rutland,
2026-09-12T22:45:27Z,153,2026-09-14,FL,Orlando North,FL - Orlando North,1789394400000
2026-09-12T22:45:27Z,153,2026-09-16,FL,Orlando North,FL - Orlando North,1789567200000
2026-09-12T22:45:27Z,153,,FL,Orlando North,FL - Orlando North,
2026-09-12T22:45:27Z,156,2026-09-14,IL,Wheeling,IL - Wheeling,1789405200000
2026-09-12T22:45:27Z,156,2026-09-21,IL,Wheeling,IL - Wheeling,1790010000000
2026-09-12T22:45:27Z,156,,IL,Wheeling,IL - Wheeling,
2026-09-12T22:45:27Z,398,2026-09-16,IA,Cedar Rapids,IA - Cedar Rapids,1789578000000
2026-09-12T22:45:27Z,398,2026-09-23,IA,Cedar Rapids,IA - Cedar Rapids,1790182800000
2026-09-12T22:45:27Z,398,,IA,Cedar Rapids,IA - Cedar Rapids,
2026-09-12T22:45:27Z,155,2026-09-15,NH,Candia,NH - Candia,1789480800000
2026-09-12T22:45:27Z,155,2026-09-17,NH,Candia,NH - Candia,1789653600000
2026-09-12T22:45:27Z,155,,NH,Candia,NH - Candia,
2026-09-12T22:45:27Z,157,2026-09-16,GA,Atlanta North,GA - Atlanta North,1789567200000
2026-09-12T22:45:27Z,157,2026-09-23,GA,Atlanta North,GA - Atlanta North,1790172000000
2026-09-12T22:45:27Z,157,,GA,Atlanta North,GA - Atlanta North,
2026-09-12T22:45:27Z,45,2026-09-18,TX,El Paso,TX - El Paso,1789754400000
2026-09-12T22:45:27Z,45,2026-09-25,TX,El Paso,TX - El Paso,1790359200000
2026-09-12T22:45:27Z,45,,TX,El Paso,TX - El Paso,
2026-09-12T22:45:27Z,159,2026-09-16,MI,Flint,MI - Flint,1789567200000
2026-09-12T22:45:27Z,159,,MI,Flint,MI - Flint,
2026-09-12T22:45:27Z,43,2026-09-15,CA,Van Nuys,CA - Van Nuys,1789498800000
2026-09-12T22:45:27Z,43,2026-09-18,CA,Van Nuys,CA - Van Nuys,1789758000000
2026-09-12T22:45:27Z,43,,CA,Van Nuys,CA - Van Nuys,
2026-09-12T22:45:27Z,833,2026-09-15,,"Heavy Truck, Trailer, Rv Clean Title Sale","Heavy Truck, Trailer, Rv Clean Title Sale",1789488000000
2026-09-12T22:45:27Z,833,2026-09-22,,"Heavy Truck, Trailer, Rv Clean Title Sale","Heavy Truck, Trailer, Rv Clean Title Sale",1790092800000
2026-09-12T22:45:27Z,833,,,"Heavy Truck, Trailer, Rv Clean Title Sale","Heavy Truck, Trailer, Rv Clean Title Sale",
2026-09-12T22:45:27Z,832,2026-09-14,,Medium Duty Clean Title Sale,Medium Duty Clean Title Sale,1789401600000
2026-09-12T22:45:27Z,832,2026-09-21,,Medium Duty Clean Title Sale,Medium Duty Clean Title Sale,1790006400000
2026-09-12T22:45:27Z,832,,,Medium Duty Clean Title Sale,Medium Duty Clean Title Sale,
2026-09-12T22:45:27Z,44,2026-09-15,IN,Indianapolis,IN - Indianapolis,1789480800000
2026-09-12T22:45:27Z,44,2026-09-18,IN,Indianapolis,IN - Indianapolis,1789740000000
2026-09-12T22:45:27Z,44,,IN,Indianapolis,IN - Indianapolis,
2026-09-12T22:45:27Z,835,2026-09-16,,Medium Duty Specialty Sale,Medium Duty Specialty Sale,1789574400000
2026-09-12T22:45:27Z,835,2026-09-23,,Medium Duty Specialty Sale,Medium Duty Specialty Sale,1790179200000
2026-09-12T22:45:27Z,835,,,Medium Duty Specialty Sale,Medium Duty Specialty Sale,
2026-09-12T22:45:27Z,41,2026-09-14,NC,China Grove,NC - China Grove,1789394400000
2026-09-12T22:45:27Z,41,2026-09-21,NC,China Grove,NC - China Grove,1789999200000
2026-09-12T22:45:27Z,41,,NC,China Grove,NC - China Grove,
2026-09-12T22:45:27Z,837,2026-09-18,,Equipment Specialty Sale,Equipment Specialty Sale,1789747200000
2026-09-12T22:45:27Z,837,2026-09-25,,Equipment Specialty Sale,Equipment Specialty Sale,1790352000000
2026-09-12T22:45:27Z,837,,,Equipment Specialty Sale,Equipment Specialty Sale,
2026-09-12T22:45:27Z,40,2026-09-18,MS,Jackson,MS - Jackson,1789750800000
2026-09-12T22:45:27Z,40,,MS,Jackson,MS - Jackson,
2026-09-12T22:45:27Z,836,2026-09-17,,"Heavy Truck, Trailer, Rv Specialty Sale","Heavy Truck, Trailer, Rv Specialty Sale",1789660800000
2026-09-12T22:45:27Z,836,2026-09-24,,"Heavy Truck, Trailer, Rv Specialty Sale","Heavy Truck, Trailer, Rv Specialty Sale",1790265600000
2026-09-12T22:45:27Z,836,,,"Heavy Truck, Trailer, Rv Specialty Sale","Heavy Truck, Trailer, Rv Specialty Sale",
2026-09-12T22:45:27Z,58,2026-09-14,AL,Mobile,AL - Mobile,1789405200000
2026-09-12T22:45:27Z,58,2026-09-21,AL,Mobile,AL - Mobile,1790010000000
2026-09-12T22:45:27Z,58,,AL,Mobile,AL - Mobile,
2026-09-12T22:45:27Z,59,2026-09-15,CA,San Diego,CA - San Diego,1789498800000
2026-09-12T22:45:27Z,59,2026-09-18,CA,San Diego,CA - San Diego,1789758000000
2026-09-12T22:45:27Z,59,,CA,San Diego,CA - San Diego,
2026-09-12T22:45:27Z,141,2026-09-14,MO,Sikeston,MO - Sikeston,1789405200000
2026-09-12T22:45:27Z,141,2026-09-21,MO,Sikeston,MO - Sikeston,1790010000000
2026-09-12T22:45:27Z,141,,MO,Sikeston,MO - Sikeston,
2026-09-12T22:45:27Z,140,2026-09-14,AR,Fayetteville,AR - Fayetteville,1789405200000
2026-09-12T22:45:27Z,140,2026-09-16,AR,Fayetteville,AR - Fayetteville,1789578000000
2026-09-12T22:45:27Z,140,,AR,Fayetteville,AR - Fayetteville,
2026-09-12T22:45:27Z,143,2026-09-14,KY,Louisville,KY - Louisville,1789394400000
2026-09-12T22:45:27Z,143,2026-09-17,KY,Louisville,KY - Louisville,1789653600000
2026-09-12T22:45:27Z,143,,KY,Louisville,KY - Louisville,
2026-09-12T22:45:27Z,385,2026-09-17,MI,Wayland,MI - Wayland,1789653600000
2026-09-12T22:45:27Z,385,2026-09-24,MI,Wayland,MI - Wayland,1790258400000
2026-09-12T22:45:27Z,385,,MI,Wayland,MI - Wayland,
2026-09-12T22:45:27Z,142,2026-09-16,PA,Scranton,PA - Scranton,1789567200000
2026-09-12T22:45:27Z,142,,PA,Scranton,PA - Scranton,
2026-09-12T22:45:27Z,384,2026-09-16,ME,Windham,ME - Windham,1789567200000
2026-09-12T22:45:27Z,384,2026-09-18,ME,Windham,ME - Windham,1789740000000
2026-09-12T22:45:27Z,384,,ME,Windham,ME - Windham,
2026-09-12T22:45:27Z,145,2026-09-17,AL,Montgomery,AL - Montgomery,1789664400000
2026-09-12T22:45:27Z,145,2026-10-15,AL,Montgomery,AL - Montgomery,1792083600000
2026-09-12T22:45:27Z,145,,AL,Montgomery,AL - Montgomery,
2026-09-12T22:45:27Z,386,2026-09-14,LA,Vinton,LA - Vinton,1789405200000
2026-09-12T22:45:27Z,386,2026-09-21,LA,Vinton,LA - Vinton,1790010000000
2026-09-12T22:45:27Z,386,,LA,Vinton,LA - Vinton,
2026-09-12T22:45:27Z,144,2026-09-14,SC,Spartanburg,SC - Spartanburg,1789394400000
2026-09-12T22:45:27Z,144,2026-09-16,SC,Spartanburg,SC - Spartanburg,1789567200000
2026-09-12T22:45:27Z,144,,SC,Spartanburg,SC - Spartanburg,
2026-09-12T22:45:27Z,146,2026-09-15,GA,Atlanta South,GA - Atlanta South,1789480800000
2026-09-12T22:45:27Z,146,2026-09-17,GA,Atlanta South,GA - Atlanta South,1789653600000
2026-09-12T22:45:27Z,146,,GA,Atlanta South,GA - Atlanta South,
2026-09-12T22:45:27Z,56,2026-09-18,SC,Columbia,SC - Columbia,1789740000000
2026-09-12T22:45:27Z,56,,SC,Columbia,SC - Columbia,
2026-09-12T22:45:27Z,149,2026-09-16,MA,West Warren,MA - West Warren,1789567200000
2026-09-12T22:45:27Z,149,2026-09-23,MA,West Warren,MA - West Warren,1790172000000
2026-09-12T22:45:27Z,149,,MA,West Warren,MA - West Warren,
2026-09-12T22:45:27Z,57,2026-09-15,NV,Las Vegas,NV - Las Vegas,1789498800000
2026-09-12T22:45:27Z,57,2026-09-17,NV,Las Vegas,NV - Las Vegas,1789671600000
2026-09-12T22:45:27Z,57,,NV,Las Vegas,NV - Las Vegas,
2026-09-12T22:45:27Z,148,2026-09-16,FL,Miami South,FL - Miami South,1789567200000
2026-09-12T22:45:27Z,148,,FL,Miami South,FL - Miami South,
2026-09-12T22:45:27Z,54,2026-09-15,NC,Raleigh,NC - Raleigh,1789480800000
2026-09-12T22:45:27Z,54,2026-09-17,NC,Raleigh,NC - Raleigh,1789653600000
2026-09-12T22:45:27Z,54,,NC,Raleigh,NC - Raleigh,
2026-09-12T22:45:27Z,55,2026-09-15,FL,Orlando South,FL - Orlando South,1789480800000
2026-09-12T22:45:27Z,55,2026-09-17,FL,Orlando South,FL - Orlando South,1789653600000
2026-09-12T22:45:27Z,55,,FL,Orlando South,FL - Orlando South,
2026-09-12T22:45:27Z,52,2026-09-14,MN,St. Cloud,MN - St. Cloud,1789405200000
2026-09-12T22:45:27Z,52,2026-09-21,MN,St. Cloud,MN - St. Cloud,1790010000000
2026-09-12T22:45:27Z,52,,MN,St. Cloud,MN - St. Cloud,
2026-09-12T22:45:27Z,53,2026-09-16,MA,North Boston,MA - North Boston,1789567200000
2026-09-12T22:45:27Z,53,2026-09-17,MA,North Boston,MA - North Boston,1789653600000
2026-09-12T22:45:27Z,53,,MA,North Boston,MA - North Boston,
2026-09-12T22:45:27Z,50,2026-09-15,LA,Baton Rouge,LA - Baton Rouge,1789491600000
2026-09-12T22:45:27Z,50,2026-09-18,LA,Baton Rouge,LA - Baton Rouge,1789750800000
2026-09-12T22:45:27Z,50,,LA,Baton Rouge,LA - Baton Rouge,
2026-09-12T22:45:27Z,51,2026-09-14,IL,Peoria,IL - Peoria,1789405200000
2026-09-12T22:45:27Z,51,2026-09-21,IL,Peoria,IL - Peoria,1790010000000
2026-09-12T22:45:27Z,51,,IL,Peoria,IL - Peoria,
2026-09-12T22:45:27Z,69,2026-09-15,NJ,Glassboro West,NJ - Glassboro West,1789480800000
2026-09-12T22:45:27Z,69,,NJ,Glassboro West,NJ - Glassboro West,
2026-09-12T22:45:27Z,181,2026-09-14,TX,Dallas South,TX - Dallas South,1789405200000
2026-09-12T22:45:27Z,181,2026-09-17,TX,Dallas South,TX - Dallas South,1789664400000
2026-09-12T22:45:27Z,181,,TX,Dallas South,TX - Dallas South,
2026-09-12T22:45:27Z,180,2026-09-14,CA,Sun Valley,CA - Sun Valley,1789412400000
2026-09-12T22:45:27Z,180,2026-09-16,CA,Sun Valley,CA - Sun Valley,1789585200000
2026-09-12T22:45:27Z,180,,CA,Sun Valley,CA - Sun Valley,
2026-09-12T22:45:27Z,182,2026-09-16,TX,Waco,TX - Waco,1789578000000
2026-09-12T22:45:27Z,182,,TX,Waco,TX - Waco,
2026-09-12T22:45:27Z,174,2026-09-16,PA,Pittsburgh West,PA - Pittsburgh West,1789567200000
2026-09-12T22:45:27Z,174,,PA,Pittsburgh West,PA - Pittsburgh West,
2026-09-12T22:45:27Z,295,2026-09-17,,Atlantic Canada Auction,Atlantic Canada Auction,1789660800000
2026-09-12T22:45:27Z,295,2026-09-24,,Atlantic Canada Auction,Atlantic Canada Auction,1790265600000
2026-09-12T22:45:27Z,295,,,Atlantic Canada Auction,Atlantic Canada Auction,
2026-09-12T22:45:27Z,60,2026-09-18,IA,Des Moines,IA - Des Moines,1789750800000
2026-09-12T22:45:27Z,60,2026-09-25,IA,Des Moines,IA - Des Moines,1790355600000
2026-09-12T22:45:27Z,60,,IA,Des Moines,IA - Des Moines,
2026-09-12T22:45:27Z,173,2026-09-14,GA,Fairburn,GA - Fairburn,1789394400000
2026-09-12T22:45:27Z,173,2026-09-21,GA,Fairburn,GA - Fairburn,1789999200000
2026-09-12T22:45:27Z,173,,GA,Fairburn,GA - Fairburn,
2026-09-12T22:45:27Z,294,2026-09-15,,Ontario Auction,Ontario Auction,1789480800000
2026-09-12T22:45:27Z,294,2026-09-17,,Ontario Auction,Ontario Auction,1789653600000
2026-09-12T22:45:27Z,294,,,Ontario Auction,Ontario Auction,
2026-09-12T22:45:27Z,175,2026-09-17,GA,Cartersville,GA - Cartersville,1789653600000
2026-09-12T22:45:27Z,175,2026-09-24,GA,Cartersville,GA - Cartersville,1790258400000
2026-09-12T22:45:27Z,175,,GA,Cartersville,GA - Cartersville,
2026-09-12T22:45:27Z,850,2026-09-18,,Connecticut Friday Sale,Connecticut Friday Sale,1789758000000
2026-09-12T22:45:27Z,850,,,Connecticut Friday Sale,Connecticut Friday Sale,
2026-09-12T22:45:27Z,67,2026-09-14,KS,Wichita,KS - Wichita,1789405200000
2026-09-12T22:45:27Z,67,2026-09-16,KS,Wichita,KS - Wichita,1789578000000
2026-09-12T22:45:27Z,67,,KS,Wichita,KS - Wichita,
2026-09-12T22:45:27Z,68,2026-09-15,CO,Denver,CO - Denver,1789495200000
2026-09-12T22:45:27Z,68,2026-09-17,CO,Denver,CO - Denver,1789668000000
2026-09-12T22:45:27Z,68,,CO,Denver,CO - Denver,
2026-09-12T22:45:27Z,65,2026-09-16,TX,McAllen,TX - McAllen,1789578000000
2026-09-12T22:45:27Z,65,,TX,McAllen,TX - McAllen,
2026-09-12T22:45:27Z,855,2026-09-15,,Wholesale Auction,Wholesale Auction,1789488000000
2026-09-12T22:45:27Z,855,2026-09-17,,Wholesale Auction,Wholesale Auction,1789660800000
2026-09-12T22:45:27Z,855,,,Wholesale Auction,Wholesale Auction,
2026-09-12T22:45:27Z,66,2026-09-16,AL,Tanner,AL - Tanner,1789578000000
2026-09-12T22:45:27Z,66,2026-09-23,AL,Tanner,AL - Tanner,1790182800000
2026-09-12T22:45:27Z,66,,AL,Tanner,AL - Tanner,
2026-09-12T22:45:27Z,63,2026-09-14,TN,Nashville,TN - Nashville,1789405200000
2026-09-12T22:45:27Z,63,2026-09-16,TN,Nashville,TN - Nashville,1789578000000
2026-09-12T22:45:27Z,63,,TN,Nashville,TN - Nashville,
2026-09-12T22:45:27Z,61,2026-09-15,MI,Detroit,MI - Detroit,1789480800000
2026-09-12T22:45:27Z,61,2026-09-18,MI,Detroit,MI - Detroit,1789740000000
2026-09-12T22:45:27Z,61,,MI,Detroit,MI - Detroit,
2026-09-12T22:45:27Z,62,2026-09-17,TX,Austin,TX - Austin,1789664400000
2026-09-12T22:45:27Z,62,2026-09-24,TX,Austin,TX - Austin,1790269200000
2026-09-12T22:45:27Z,62,,TX,Austin,TX - Austin,
2026-09-12T22:45:27Z,170,2026-09-15,IN,Cicero,IN - Cicero,1789480800000
2026-09-12T22:45:27Z,170,2026-09-22,IN,Cicero,IN - Cicero,1790085600000
2026-09-12T22:45:27Z,170,,IN,Cicero,IN - Cicero,
2026-09-12T22:45:27Z,292,2026-09-16,,Wholesale Auction Canada,Wholesale Auction Canada,1789578000000
2026-09-12T22:45:27Z,292,2026-09-23,,Wholesale Auction Canada,Wholesale Auction Canada,1790182800000
2026-09-12T22:45:27Z,292,,,Wholesale Auction Canada,Wholesale Auction Canada,
2026-09-12T22:45:27Z,163,2026-09-14,FL,Jacksonville North,FL - Jacksonville North,1789394400000
2026-09-12T22:45:27Z,163,2026-09-16,FL,Jacksonville North,FL - Jacksonville North,1789567200000
2026-09-12T22:45:27Z,163,,FL,Jacksonville North,FL - Jacksonville North,
2026-09-12T22:45:27Z,70,2026-09-15,FL,West Palm Beach,FL - West Palm Beach,1789480800000
2026-09-12T22:45:27Z,70,2026-09-17,FL,West Palm Beach,FL - West Palm Beach,1789653600000
2026-09-12T22:45:27Z,70,,FL,West Palm Beach,FL - West Palm Beach,
2026-09-12T22:45:27Z,71,2026-09-18,WA,Pasco,WA - Pasco,1789758000000
2026-09-12T22:45:27Z,71,,WA,Pasco,WA - Pasco,
2026-09-12T22:45:27Z,162,2026-09-15,VA,Hampton,VA - Hampton,1789480800000
2026-09-12T22:45:27Z,162,2026-09-22,VA,Hampton,VA - Hampton,1790085600000
2026-09-12T22:45:27Z,162,,VA,Hampton,VA - Hampton,
2026-09-12T22:45:27Z,164,2026-09-14,PA,Philadelphia East,PA - Philadelphia East,1789394400000
2026-09-12T22:45:27Z,164,2026-09-16,PA,Philadelphia East,PA - Philadelphia East,1789567200000
2026-09-12T22:45:27Z,164,,PA,Philadelphia East,PA - Philadelphia East,
2026-09-12T22:45:27Z,166,2026-09-16,OH,Dayton,OH - Dayton,1789567200000
2026-09-12T22:45:27Z,166,2026-09-18,OH,Dayton,OH - Dayton,1789740000000
2026-09-12T22:45:27Z,166,,OH,Dayton,OH - Dayton,
2026-09-12T22:45:27Z,169,2026-09-16,IA,Davenport,IA - Davenport,1789578000000
2026-09-12T22:45:27Z,169,,IA,Davenport,IA - Davenport,
2026-09-12T22:45:27Z,78,2026-09-14,CA,Martinez,CA - Martinez,1789412400000
2026-09-12T22:45:27Z,78,2026-09-16,CA,Martinez,CA - Martinez,1789585200000
2026-09-12T22:45:27Z,78,,CA,Martinez,CA - Martinez,
2026-09-12T22:45:27Z,841,2026-09-17,,CrashedToys Powersport Auction,CrashedToys Powersport Auction,1789664400000
2026-09-12T22:45:27Z,841,2026-09-24,,CrashedToys Powersport Auction,CrashedToys Powersport Auction,1790269200000
2026-09-12T22:45:27Z,841,,,CrashedToys Powersport Auction,CrashedToys Powersport Auction,
2026-09-12T22:45:27Z,79,2026-09-16,LA,New Orleans,LA - New Orleans,1789578000000
2026-09-12T22:45:27Z,79,,LA,New Orleans,LA - New Orleans,
2026-09-12T22:45:27Z,76,2026-09-15,PA,Harrisburg,PA - Harrisburg,1789480800000
2026-09-12T22:45:27Z,76,2026-09-22,PA,Harrisburg,PA - Harrisburg,1790085600000
2026-09-12T22:45:27Z,76,,PA,Harrisburg,PA - Harrisburg,
2026-09-12T22:45:27Z,74,2026-09-17,TX,San Antonio,TX - San Antonio,1789664400000
2026-09-12T22:45:27Z,74,2026-09-24,TX,San Antonio,TX - San Antonio,1790269200000
2026-09-12T22:45:27Z,74,,TX,San Antonio,TX - San Antonio,
2026-09-12T22:45:27Z,75,2026-09-14,NM,Albuquerque,NM - Albuquerque,1789408800000
2026-09-12T22:45:27Z,75,2026-09-17,NM,Albuquerque,NM - Albuquerque,1789668000000
2026-09-12T22:45:27Z,75,,NM,Albuquerque,NM - Albuquerque,
2026-09-12T22:45:27Z,72,2026-09-17,ID,Boise,ID - Boise,1789668000000
2026-09-12T22:45:27Z,72,2026-09-24,ID,Boise,ID - Boise,1790272800000
2026-09-12T22:45:27Z,72,,ID,Boise,ID - Boise,
2026-09-12T22:45:27Z,73,2026-09-18,TX,Abilene,TX - Abilene,1789750800000
2026-09-12T22:45:27Z,73,2026-09-25,TX,Abilene,TX - Abilene,1790355600000
2026-09-12T22:45:27Z,73,,TX,Abilene,TX - Abilene,
2026-09-12T22:45:27Z,196,2026-09-16,NC,Mocksville,NC - Mocksville,1789567200000
2026-09-12T22:45:27Z,196,,NC,Mocksville,NC - Mocksville,
2026-09-12T22:45:27Z,197,2026-09-14,SC,North Charleston,SC - North Charleston,1789394400000
2026-09-12T22:45:27Z,197,2026-09-16,SC,North Charleston,SC - North Charleston,1789567200000
2026-09-12T22:45:27Z,197,,SC,North Charleston,SC - North Charleston,
2026-09-12T22:45:27Z,199,2026-09-15,RI,Exeter,RI - Exeter,1789480800000
2026-09-12T22:45:27Z,199,2026-09-17,RI,Exeter,RI - Exeter,1789653600000
2026-09-12T22:45:27Z,199,,RI,Exeter,RI - Exeter,
2026-09-12T22:45:27Z,18,2026-09-15,OK,Oklahoma City,OK - Oklahoma City,1789491600000
2026-09-12T22:45:27Z,18,2026-09-17,OK,Oklahoma City,OK - Oklahoma City,1789664400000
2026-09-12T22:45:27Z,18,,OK,Oklahoma City,OK - Oklahoma City,
2026-09-12T22:45:27Z,19,2026-09-16,OK,Tulsa,OK - Tulsa,1789578000000
2026-09-12T22:45:27Z,19,2026-09-18,OK,Tulsa,OK - Tulsa,1789750800000
2026-09-12T22:45:27Z,19,,OK,Tulsa,OK - Tulsa,
2026-09-12T22:45:27Z,16,2026-09-14,CA,So Sacramento,CA - So Sacramento,1789412400000
2026-09-12T22:45:27Z,16,2026-09-21,CA,So Sacramento,CA - So Sacramento,1790017200000
2026-09-12T22:45:27Z,16,,CA,So Sacramento,CA - So Sacramento,
2026-09-12T22:45:27Z,14,2026-09-14,TX,Longview,TX - Longview,1789405200000
2026-09-12T22:45:27Z,14,2026-09-21,TX,Longview,TX - Longview,1790010000000
2026-09-12T22:45:27Z,14,,TX,Longview,TX - Longview,
2026-09-12T22:45:27Z,15,2026-09-15,GA,Atlanta West,GA - Atlanta West,1789480800000
2026-09-12T22:45:27Z,15,2026-09-18,GA,Atlanta West,GA - Atlanta West,1789740000000
2026-09-12T22:45:27Z,15,,GA,Atlanta West,GA - Atlanta West,
2026-09-12T22:45:27Z,190,2026-09-14,CA,Napa,CA - Napa,1789412400000
2026-09-12T22:45:27Z,190,2026-09-17,CA,Napa,CA - Napa,1789671600000
2026-09-12T22:45:27Z,190,,CA,Napa,CA - Napa,
2026-09-12T22:45:27Z,191,2026-09-14,WI,Appleton,WI - Appleton,1789405200000
2026-09-12T22:45:27Z,191,2026-09-21,WI,Appleton,WI - Appleton,1790010000000
2026-09-12T22:45:27Z,191,,WI,Appleton,WI - Appleton,
2026-09-12T22:45:27Z,194,2026-09-16,VA,Fredericksburg,VA - Fredericksburg,1789567200000
2026-09-12T22:45:27Z,194,2026-09-23,VA,Fredericksburg,VA - Fredericksburg,1790172000000
2026-09-12T22:45:27Z,194,,VA,Fredericksburg,VA - Fredericksburg,
2026-09-12T22:45:27Z,193,2026-09-14,CO,Denver South,CO - Denver South,1789408800000
2026-09-12T22:45:27Z,193,2026-09-16,CO,Denver South,CO - Denver South,1789581600000
2026-09-12T22:45:27Z,193,,CO,Denver South,CO - Denver South,
2026-09-12T22:45:27Z,185,2026-09-16,TX,Andrews,TX - Andrews,1789578000000
2026-09-12T22:45:27Z,185,,TX,Andrews,TX - Andrews,
2026-09-12T22:45:27Z,184,2026-09-15,AL,Mobile South,AL - Mobile South,1789491600000
2026-09-12T22:45:27Z,184,2026-09-22,AL,Mobile South,AL - Mobile South,1790096400000
2026-09-12T22:45:27Z,184,,AL,Mobile South,AL - Mobile South,
2026-09-12T22:45:27Z,187,2026-09-17,GA,Macon,GA - Macon,1789653600000
2026-09-12T22:45:27Z,187,2026-09-24,GA,Macon,GA - Macon,1790258400000
2026-09-12T22:45:27Z,187,,GA,Macon,GA - Macon,
2026-09-12T22:45:27Z,186,2026-09-16,CA,Long Beach,CA - Long Beach,1789585200000
2026-09-12T22:45:27Z,186,2026-09-18,CA,Long Beach,CA - Long Beach,1789758000000
2026-09-12T22:45:27Z,186,,CA,Long Beach,CA - Long Beach,
2026-09-12T22:45:27Z,189,2026-09-14,IL,Southern Illinois,IL - Southern Illinois,1789405200000
2026-09-12T22:45:27Z,189,2026-09-16,IL,Southern Illinois,IL - Southern Illinois,1789578000000
2026-09-12T22:45:27Z,189,,IL,Southern Illinois,IL - Southern Illinois,
2026-09-12T22:45:27Z,188,2026-09-14,UT,Ogden,UT - Ogden,1789408800000
2026-09-12T22:45:27Z,188,2026-09-21,UT,Ogden,UT - Ogden,1790013600000
2026-09-12T22:45:27Z,188,,UT,Ogden,UT - Ogden,
2026-09-12T22:45:27Z,12,2026-09-14,TX,Dallas,TX - Dallas,1789405200000
2026-09-12T22:45:27Z,12,2026-09-17,TX,Dallas,TX - Dallas,1789664400000
2026-09-12T22:45:27Z,12,,TX,Dallas,TX - Dallas,
2026-09-12T22:45:27Z,13,2026-09-14,TX,Lufkin,TX - Lufkin,1789405200000
2026-09-12T22:45:27Z,13,2026-09-21,TX,Lufkin,TX - Lufkin,1790010000000
2026-09-12T22:45:27Z,13,,TX,Lufkin,TX - Lufkin,
2026-09-12T22:45:27Z,10,2026-09-14,CA,Los Angeles,CA - Los Angeles,1789412400000
2026-09-12T22:45:27Z,10,2026-09-17,CA,Los Angeles,CA - Los Angeles,1789671600000
2026-09-12T22:45:27Z,10,,CA,Los Angeles,CA - Los Angeles,
2026-09-12T22:45:27Z,11,2026-09-15,TX,Houston,TX - Houston,1789491600000
2026-09-12T22:45:27Z,11,2026-09-18,TX,Houston,TX - Houston,1789750800000
2026-09-12T22:45:27Z,11,,TX,Houston,TX - Houston,
2026-09-12T22:45:27Z,29,2026-09-15,OH,Columbus,OH - Columbus,1789480800000
2026-09-12T22:45:27Z,29,2026-09-18,OH,Columbus,OH - Columbus,1789740000000
2026-09-12T22:45:27Z,29,,OH,Columbus,OH - Columbus,
2026-09-12T22:45:27Z,27,2026-09-14,MA,South Boston,MA - South Boston,1789394400000
2026-09-12T22:45:27Z,27,2026-09-17,MA,South Boston,MA - South Boston,1789653600000
2026-09-12T22:45:27Z,27,,MA,South Boston,MA - South Boston,
2026-09-12T22:45:27Z,28,2026-09-17,PA,Pittsburgh North,PA - Pittsburgh North,1789653600000
2026-09-12T22:45:27Z,28,,PA,Pittsburgh North,PA - Pittsburgh North,
2026-09-12T22:45:27Z,25,2026-09-14,NY,Syracuse,NY - Syracuse,1789394400000
2026-09-12T22:45:27Z,25,2026-09-16,NY,Syracuse,NY - Syracuse,1789567200000
2026-09-12T22:45:27Z,25,,NY,Syracuse,NY - Syracuse,
2026-09-12T22:45:27Z,26,2026-09-15,PA,Philadelphia,PA - Philadelphia,1789480800000
2026-09-12T22:45:27Z,26,2026-09-18,PA,Philadelphia,PA - Philadelphia,1789740000000
2026-09-12T22:45:27Z,26,,PA,Philadelphia,PA - Philadelphia,
2026-09-12T22:45:27Z,23,2026-09-15,CT,Hartford,CT - Hartford,1789480800000
2026-09-12T22:45:27Z,23,2026-09-18,CT,Hartford,CT - Hartford,1789740000000
2026-09-12T22:45:27Z,23,,CT,Hartford,CT - Hartford,
2026-09-12T22:45:27Z,24,2026-09-14,NY,Newburgh,NY - Newburgh,1789394400000
2026-09-12T22:45:27Z,24,2026-09-15,NY,Newburgh,NY - Newburgh,1789480800000
2026-09-12T22:45:27Z,24,,NY,Newburgh,NY - Newburgh,
2026-09-12T22:45:27Z,21,2026-09-14,AR,Little Rock,AR - Little Rock,1789405200000
2026-09-12T22:45:27Z,21,2026-09-16,AR,Little Rock,AR - Little Rock,1789578000000
2026-09-12T22:45:27Z,21,,AR,Little Rock,AR - Little Rock,
2026-09-12T22:45:27Z,22,2026-09-15,TN,Memphis,TN - Memphis,1789491600000
2026-09-12T22:45:27Z,22,2026-09-17,TN,Memphis,TN - Memphis,1789664400000
2026-09-12T22:45:27Z,22,,TN,Memphis,TN - Memphis,
2026-09-12T22:45:27Z,20,2026-09-15,MO,St. Louis,MO - St. Louis,1789491600000
2026-09-12T22:45:27Z,20,2026-09-18,MO,St. Louis,MO - St. Louis,1789750800000
2026-09-12T22:45:27Z,20,,MO,St. Louis,MO - St. Louis,
2026-09-12T22:45:27Z,36,2026-09-15,IL,Chicago North,IL - Chicago North,1789491600000
2026-09-12T22:45:27Z,36,2026-09-17,IL,Chicago North,IL - Chicago North,1789664400000
2026-09-12T22:45:27Z,36,,IL,Chicago North,IL - Chicago North,
2026-09-12T22:45:27Z,37,2026-09-15,MN,Minneapolis,MN - Minneapolis,1789491600000
2026-09-12T22:45:27Z,37,2026-09-17,MN,Minneapolis,MN - Minneapolis,1789664400000
2026-09-12T22:45:27Z,37,,MN,Minneapolis,MN - Minneapolis,
2026-09-12T22:45:27Z,880,2026-09-14,*NCS,Eastern Region,*NCS - Eastern Region,1789434000000
2026-09-12T22:45:27Z,880,2026-09-15,*NCS,Eastern Region,*NCS - Eastern Region,1789520400000
2026-09-12T22:45:27Z,880,,*NCS,Eastern Region,*NCS - Eastern Region,
2026-09-12T22:45:27Z,882,2026-09-14,*NCS,Mountain Region,*NCS - Mountain Region,1789434000000
2026-09-12T22:45:27Z,882,2026-09-15,*NCS,Mountain Region,*NCS - Mountain Region,1789520400000
2026-09-12T22:45:27Z,882,,*NCS,Mountain Region,*NCS - Mountain Region,
2026-09-12T22:45:27Z,881,2026-09-14,*NCS,Central Region,*NCS - Central Region,1789434000000
2026-09-12T22:45:27Z,881,2026-09-15,*NCS,Central Region,*NCS - Central Region,1789520400000
2026-09-12T22:45:27Z,881,,*NCS,Central Region,*NCS - Central Region,
2026-09-12T22:45:27Z,883,2026-09-14,*NCS,Pacific Region,*NCS - Pacific Region,1789434000000
2026-09-12T22:45:27Z,883,2026-09-15,*NCS,Pacific Region,*NCS - Pacific Region,1789520400000
2026-09-12T22:45:27Z,883,,*NCS,Pacific Region,*NCS - Pacific Region,
2026-09-12T22:45:27Z,34,2026-09-15,FL,Tampa South,FL - Tampa South,1789480800000
2026-09-12T22:45:27Z,34,2026-09-18,FL,Tampa South,FL - Tampa South,1789740000000
2026-09-12T22:45:27Z,34,,FL,Tampa South,FL - Tampa South,
2026-09-12T22:45:27Z,35,2026-09-14,NY,Rochester,NY - Rochester,1789394400000
2026-09-12T22:45:27Z,35,2026-09-21,NY,Rochester,NY - Rochester,1789999200000
2026-09-12T22:45:27Z,35,,NY,Rochester,NY - Rochester,
2026-09-12T22:45:27Z,32,2026-09-15,DC,Washington DC,DC - Washington DC,1789480800000
2026-09-12T22:45:27Z,32,2026-09-18,DC,Washington DC,DC - Washington DC,1789740000000
2026-09-12T22:45:27Z,32,,DC,Washington DC,DC - Washington DC,
2026-09-12T22:45:27Z,33,2026-09-15,FL,Miami North,FL - Miami North,1789480800000
2026-09-12T22:45:27Z,33,2026-09-18,FL,Miami North,FL - Miami North,1789740000000
2026-09-12T22:45:27Z,33,,FL,Miami North,FL - Miami North,
2026-09-12T22:45:27Z,30,2026-09-14,NY,Long Island,NY - Long Island,1789394400000
2026-09-12T22:45:27Z,30,2026-09-16,NY,Long Island,NY - Long Island,1789567200000
2026-09-12T22:45:27Z,30,,NY,Long Island,NY - Long Island,
2026-09-12T22:45:27Z,31,2026-09-15,NJ,Glassboro East,NJ - Glassboro East,1789480800000
2026-09-12T22:45:27Z,31,2026-09-17,NJ,Glassboro East,NJ - Glassboro East,1789653600000
2026-09-12T22:45:27Z,31,,NJ,Glassboro East,NJ - Glassboro East,
2026-09-13T22:49:26Z,309,2026-09-14,CA,Adelanto,CA - Adelanto,1789412400000
2026-09-13T22:49:26Z,309,2026-09-28,CA,Adelanto,CA - Adelanto,1790622000000
2026-09-13T22:49:26Z,309,,CA,Adelanto,CA - Adelanto,
2026-09-13T22:49:26Z,308,2026-09-15,WI,Madison South,WI - Madison South,1789491600000
2026-09-13T22:49:26Z,308,2026-09-22,WI,Madison South,WI - Madison South,1790096400000
2026-09-13T22:49:26Z,308,,WI,Madison South,WI - Madison South,
2026-09-13T22:49:26Z,336,2026-09-15,UT,Salt Lake City,UT - Salt Lake City,1789495200000
2026-09-13T22:49:26Z,336,2026-09-18,UT,Salt Lake City,UT - Salt Lake City,1789754400000
2026-09-13T22:49:26Z,336,,UT,Salt Lake City,UT - Salt Lake City,
2026-09-13T22:49:26Z,335,2026-09-15,FL,Tampa North,FL - Tampa North,1789480800000
2026-09-13T22:49:26Z,335,2026-09-18,FL,Tampa North,FL - Tampa North,1789740000000
2026-09-13T22:49:26Z,335,,FL,Tampa North,FL - Tampa North,
2026-09-13T22:49:26Z,338,2026-09-14,NC,Lumberton,NC - Lumberton,1789394400000
2026-09-13T22:49:26Z,338,2026-09-21,NC,Lumberton,NC - Lumberton,1789999200000
2026-09-13T22:49:26Z,338,,NC,Lumberton,NC - Lumberton,
2026-09-13T22:49:26Z,337,2026-09-15,WA,Spanaway,WA - Spanaway,1789498800000
2026-09-13T22:49:26Z,337,2026-09-18,WA,Spanaway,WA - Spanaway,1789758000000
2026-09-13T22:49:26Z,337,,WA,Spanaway,WA - Spanaway,
2026-09-13T22:49:26Z,339,2026-09-16,WI,Milwaukee North,WI - Milwaukee North,1789578000000
2026-09-13T22:49:26Z,339,,WI,Milwaukee North,WI - Milwaukee North,
2026-09-13T22:49:26Z,204,2026-09-17,AB,Edmonton,AB - Edmonton,1789668000000
2026-09-13T22:49:26Z,204,2026-09-24,AB,Edmonton,AB - Edmonton,1790272800000
2026-09-13T22:49:26Z,204,,AB,Edmonton,AB - Edmonton,
2026-09-13T22:49:26Z,203,2026-09-15,AB,Calgary,AB - Calgary,1789495200000
2026-09-13T22:49:26Z,203,2026-09-22,AB,Calgary,AB - Calgary,1790100000000
2026-09-13T22:49:26Z,203,,AB,Calgary,AB - Calgary,
2026-09-13T22:49:26Z,326,2026-09-16,MS,Grenada,MS - Grenada,1789578000000
2026-09-13T22:49:26Z,326,,MS,Grenada,MS - Grenada,
2026-09-13T22:49:26Z,205,2026-09-15,QC,Montreal,QC - Montreal,1789488000000
2026-09-13T22:49:26Z,205,,QC,Montreal,QC - Montreal,
2026-09-13T22:49:26Z,328,2026-09-16,WY,Casper,WY - Casper,1789581600000
2026-09-13T22:49:26Z,328,,WY,Casper,WY - Casper,
2026-09-13T22:49:26Z,916,2026-09-16,AL,Cusseta,AL - Cusseta,1789578000000
2026-09-13T22:49:26Z,916,,AL,Cusseta,AL - Cusseta,
2026-09-13T22:49:26Z,350,2026-09-17,CT,Hartford Springfield,CT - Hartford Springfield,1789653600000
2026-09-13T22:49:26Z,350,,CT,Hartford Springfield,CT - Hartford Springfield,
2026-09-13T22:49:26Z,81,2026-09-16,IL,Chicago South,IL - Chicago South,1789578000000
2026-09-13T22:49:26Z,81,2026-09-18,IL,Chicago South,IL - Chicago South,1789750800000
2026-09-13T22:49:26Z,81,,IL,Chicago South,IL - Chicago South,
2026-09-13T22:49:26Z,82,2026-09-18,VA,Danville,VA - Danville,1789740000000
2026-09-13T22:49:26Z,82,,VA,Danville,VA - Danville,
2026-09-13T22:49:26Z,110,2026-09-14,HI,Honolulu,HI - Honolulu,1789423200000
2026-09-13T22:49:26Z,110,2026-09-21,HI,Honolulu,HI - Honolulu,1790028000000
2026-09-13T22:49:26Z,110,,HI,Honolulu,HI - Honolulu,
2026-09-13T22:49:26Z,80,2026-09-15,MN,Minneapolis North,MN - Minneapolis North,1789491600000
2026-09-13T22:49:26Z,80,2026-09-17,MN,Minneapolis North,MN - Minneapolis North,1789664400000
2026-09-13T22:49:26Z,80,,MN,Minneapolis North,MN - Minneapolis North,
2026-09-13T22:49:26Z,112,2026-09-14,OH,Cleveland West,OH - Cleveland West,1789394400000
2026-09-13T22:49:26Z,112,2026-09-17,OH,Cleveland West,OH - Cleveland West,1789653600000
2026-09-13T22:49:26Z,112,,OH,Cleveland West,OH - Cleveland West,
2026-09-13T22:49:26Z,111,2026-09-16,OH,Cleveland East,OH - Cleveland East,1789567200000
2026-09-13T22:49:26Z,111,,OH,Cleveland East,OH - Cleveland East,
2026-09-13T22:49:26Z,114,2026-09-15,TN,Knoxville,TN - Knoxville,1789480800000
2026-09-13T22:49:26Z,114,2026-09-17,TN,Knoxville,TN - Knoxville,1789653600000
2026-09-13T22:49:26Z,114,,TN,Knoxville,TN - Knoxville,
2026-09-13T22:49:26Z,356,2026-09-17,NC,Concord,NC - Concord,1789653600000
2026-09-13T22:49:26Z,356,2026-09-24,NC,Concord,NC - Concord,1790258400000
2026-09-13T22:49:26Z,356,,NC,Concord,NC - Concord,
2026-09-13T22:49:26Z,113,2026-09-15,AK,Anchorage,AK - Anchorage,1789502400000
2026-09-13T22:49:26Z,113,2026-09-22,AK,Anchorage,AK - Anchorage,1790107200000
2026-09-13T22:49:26Z,113,,AK,Anchorage,AK - Anchorage,
2026-09-13T22:49:26Z,89,2026-09-17,WV,Charleston,WV - Charleston,1789653600000
2026-09-13T22:49:26Z,89,2026-09-24,WV,Charleston,WV - Charleston,1790258400000
2026-09-13T22:49:26Z,89,,WV,Charleston,WV - Charleston,
2026-09-13T22:49:26Z,116,2026-09-16,WA,Spokane,WA - Spokane,1789585200000
2026-09-13T22:49:26Z,116,,WA,Spokane,WA - Spokane,
2026-09-13T22:49:26Z,115,2026-09-14,KY,Lexington East,KY - Lexington East,1789394400000
2026-09-13T22:49:26Z,115,2026-09-21,KY,Lexington East,KY - Lexington East,1789999200000
2026-09-13T22:49:26Z,115,,KY,Lexington East,KY - Lexington East,
2026-09-13T22:49:26Z,357,2026-09-14,TX,Houston East,TX - Houston East,1789405200000
2026-09-13T22:49:26Z,357,2026-09-17,TX,Houston East,TX - Houston East,1789664400000
2026-09-13T22:49:26Z,357,,TX,Houston East,TX - Houston East,
2026-09-13T22:49:26Z,118,2026-09-14,CO,Colorado Springs,CO - Colorado Springs,1789408800000
2026-09-13T22:49:26Z,118,2026-09-16,CO,Colorado Springs,CO - Colorado Springs,1789581600000
2026-09-13T22:49:26Z,118,,CO,Colorado Springs,CO - Colorado Springs,
2026-09-13T22:49:26Z,87,2026-09-14,GA,Savannah,GA - Savannah,1789394400000
2026-09-13T22:49:26Z,87,2026-09-17,GA,Savannah,GA - Savannah,1789653600000
2026-09-13T22:49:26Z,87,,GA,Savannah,GA - Savannah,
2026-09-13T22:49:26Z,117,2026-09-18,FL,Tallahassee,FL - Tallahassee,1789740000000
2026-09-13T22:49:26Z,117,2026-09-25,FL,Tallahassee,FL - Tallahassee,1790344800000
2026-09-13T22:49:26Z,117,,FL,Tallahassee,FL - Tallahassee,
2026-09-13T22:49:26Z,359,2026-09-15,GA,Augusta,GA - Augusta,1789480800000
2026-09-13T22:49:26Z,359,,GA,Augusta,GA - Augusta,
2026-09-13T22:49:26Z,88,2026-09-15,GA,Tifton,GA - Tifton,1789480800000
2026-09-13T22:49:26Z,88,2026-09-22,GA,Tifton,GA - Tifton,1790085600000
2026-09-13T22:49:26Z,88,,GA,Tifton,GA - Tifton,
2026-09-13T22:49:26Z,85,2026-09-16,PA,Pittsburgh South,PA - Pittsburgh South,1789567200000
2026-09-13T22:49:26Z,85,,PA,Pittsburgh South,PA - Pittsburgh South,
2026-09-13T22:49:26Z,86,2026-09-16,FL,Ft. Pierce,FL - Ft. Pierce,1789567200000
2026-09-13T22:49:26Z,86,,FL,Ft. Pierce,FL - Ft. Pierce,
2026-09-13T22:49:26Z,83,2026-09-16,KY,Lexington West,KY - Lexington West,1789567200000
2026-09-13T22:49:26Z,83,,KY,Lexington West,KY - Lexington West,
2026-09-13T22:49:26Z,84,2026-09-17,LA,Shreveport,LA - Shreveport,1789664400000
2026-09-13T22:49:26Z,84,2026-09-24,LA,Shreveport,LA - Shreveport,1790269200000
2026-09-13T22:49:26Z,84,,LA,Shreveport,LA - Shreveport,
2026-09-13T22:49:26Z,92,2026-09-14,MO,Springfield,MO - Springfield,1789405200000
2026-09-13T22:49:26Z,92,2026-09-16,MO,Springfield,MO - Springfield,1789578000000
2026-09-13T22:49:26Z,92,,MO,Springfield,MO - Springfield,
2026-09-13T22:49:26Z,93,2026-09-18,AZ,Tucson,AZ - Tucson,1789754400000
2026-09-13T22:49:26Z,93,,AZ,Tucson,AZ - Tucson,
2026-09-13T22:49:26Z,341,2026-09-17,AL,Dothan,AL - Dothan,1789664400000
2026-09-13T22:49:26Z,341,2026-09-24,AL,Dothan,AL - Dothan,1790269200000
2026-09-13T22:49:26Z,341,,AL,Dothan,AL - Dothan,
2026-09-13T22:49:26Z,90,2026-09-17,ME,Lyman,ME - Lyman,1789653600000
2026-09-13T22:49:26Z,90,2026-09-24,ME,Lyman,ME - Lyman,1790258400000
2026-09-13T22:49:26Z,90,,ME,Lyman,ME - Lyman,
2026-09-13T22:49:26Z,340,2026-09-16,NC,Gastonia,NC - Gastonia,1789567200000
2026-09-13T22:49:26Z,340,2026-10-07,NC,Gastonia,NC - Gastonia,1791381600000
2026-09-13T22:49:26Z,340,,NC,Gastonia,NC - Gastonia,
2026-09-13T22:49:26Z,91,2026-09-15,NJ,Somerville,NJ - Somerville,1789480800000
2026-09-13T22:49:26Z,91,2026-09-18,NJ,Somerville,NJ - Somerville,1789740000000
2026-09-13T22:49:26Z,91,,NJ,Somerville,NJ - Somerville,
2026-09-13T22:49:26Z,343,2026-09-18,CA,Redding,CA - Redding,1789758000000
2026-09-13T22:49:26Z,343,2026-09-25,CA,Redding,CA - Redding,1790362800000
2026-09-13T22:49:26Z,343,,CA,Redding,CA - Redding,
2026-09-13T22:49:26Z,101,2026-09-14,VA,Richmond East,VA - Richmond East,1789394400000
2026-09-13T22:49:26Z,101,2026-09-21,VA,Richmond East,VA - Richmond East,1789999200000
2026-09-13T22:49:26Z,101,,VA,Richmond East,VA - Richmond East,
2026-09-13T22:49:26Z,100,2026-09-17,NV,Reno,NV - Reno,1789671600000
2026-09-13T22:49:26Z,100,,NV,Reno,NV - Reno,
2026-09-13T22:49:26Z,342,2026-09-15,MD,Baltimore East,MD - Baltimore East,1789480800000
2026-09-13T22:49:26Z,342,2026-09-17,MD,Baltimore East,MD - Baltimore East,1789653600000
2026-09-13T22:49:26Z,342,,MD,Baltimore East,MD - Baltimore East,
2026-09-13T22:49:26Z,103,2026-09-18,MI,Lansing,MI - Lansing,1789740000000
2026-09-13T22:49:26Z,103,2026-09-25,MI,Lansing,MI - Lansing,1790344800000
2026-09-13T22:49:26Z,103,,MI,Lansing,MI - Lansing,
2026-09-13T22:49:26Z,345,2026-09-17,KY,Earlington,KY - Earlington,1789664400000
2026-09-13T22:49:26Z,345,2026-09-24,KY,Earlington,KY - Earlington,1790269200000
2026-09-13T22:49:26Z,345,,KY,Earlington,KY - Earlington,
2026-09-13T22:49:26Z,344,2026-09-14,NY,Buffalo,NY - Buffalo,1789394400000
2026-09-13T22:49:26Z,344,2026-09-21,NY,Buffalo,NY - Buffalo,1789999200000
2026-09-13T22:49:26Z,344,,NY,Buffalo,NY - Buffalo,
2026-09-13T22:49:26Z,102,2026-09-14,MD,Baltimore,MD - Baltimore,1789394400000
2026-09-13T22:49:26Z,102,2026-09-21,MD,Baltimore,MD - Baltimore,1789999200000
2026-09-13T22:49:26Z,102,,MD,Baltimore,MD - Baltimore,
2026-09-13T22:49:26Z,105,2026-09-14,FL,Miami Central,FL - Miami Central,1789394400000
2026-09-13T22:49:26Z,105,2026-09-16,FL,Miami Central,FL - Miami Central,1789567200000
2026-09-13T22:49:26Z,105,,FL,Miami Central,FL - Miami Central,
2026-09-13T22:49:26Z,104,2026-09-15,OR,Eugene,OR - Eugene,1789498800000
2026-09-13T22:49:26Z,104,2026-09-22,OR,Eugene,OR - Eugene,1790103600000
2026-09-13T22:49:26Z,104,,OR,Eugene,OR - Eugene,
2026-09-13T22:49:26Z,98,2026-09-15,TX,Ft. Worth,TX - Ft. Worth,1789491600000
2026-09-13T22:49:26Z,98,2026-09-18,TX,Ft. Worth,TX - Ft. Worth,1789750800000
2026-09-13T22:49:26Z,98,,TX,Ft. Worth,TX - Ft. Worth,
2026-09-13T22:49:26Z,107,2026-09-14,GA,Atlanta East,GA - Atlanta East,1789394400000
2026-09-13T22:49:26Z,107,2026-09-16,GA,Atlanta East,GA - Atlanta East,1789567200000
2026-09-13T22:49:26Z,107,,GA,Atlanta East,GA - Atlanta East,
2026-09-13T22:49:26Z,348,2026-09-15,FL,Punta Gorda,FL - Punta Gorda,1789480800000
2026-09-13T22:49:26Z,348,2026-09-18,FL,Punta Gorda,FL - Punta Gorda,1789740000000
2026-09-13T22:49:26Z,348,,FL,Punta Gorda,FL - Punta Gorda,
2026-09-13T22:49:26Z,106,2026-09-15,MT,Helena,MT - Helena,1789495200000
2026-09-13T22:49:26Z,106,2026-09-22,MT,Helena,MT - Helena,1790100000000
2026-09-13T22:49:26Z,106,,MT,Helena,MT - Helena,
2026-09-13T22:49:26Z,96,2026-09-15,TX,Corpus Christi,TX - Corpus Christi,1789491600000
2026-09-13T22:49:26Z,96,2026-09-22,TX,Corpus Christi,TX - Corpus Christi,1790096400000
2026-09-13T22:49:26Z,96,,TX,Corpus Christi,TX - Corpus Christi,
2026-09-13T22:49:26Z,108,2026-09-15,FL,Ocala,FL - Ocala,1789480800000
2026-09-13T22:49:26Z,108,2026-09-22,FL,Ocala,FL - Ocala,1790085600000
2026-09-13T22:49:26Z,108,,FL,Ocala,FL - Ocala,
2026-09-13T22:49:26Z,97,2026-09-15,CA,Rancho Cucamonga,CA - Rancho Cucamonga,1789498800000
2026-09-13T22:49:26Z,97,2026-09-17,CA,Rancho Cucamonga,CA - Rancho Cucamonga,1789671600000
2026-09-13T22:49:26Z,97,,CA,Rancho Cucamonga,CA - Rancho Cucamonga,
2026-09-13T22:49:26Z,94,2026-09-14,NY,Albany,NY - Albany,1789394400000
2026-09-13T22:49:26Z,94,2026-09-16,NY,Albany,NY - Albany,1789567200000
2026-09-13T22:49:26Z,94,,NY,Albany,NY - Albany,
2026-09-13T22:49:26Z,95,2026-09-15,TX,Amarillo,TX - Amarillo,1789491600000
2026-09-13T22:49:26Z,95,2026-09-22,TX,Amarillo,TX - Amarillo,1790096400000
2026-09-13T22:49:26Z,95,,TX,Amarillo,TX - Amarillo,
2026-09-13T22:49:26Z,130,2026-09-15,DE,Seaford,DE - Seaford,1789480800000
2026-09-13T22:49:26Z,130,2026-09-22,DE,Seaford,DE - Seaford,1790085600000
2026-09-13T22:49:26Z,130,,DE,Seaford,DE - Seaford,
2026-09-13T22:49:26Z,371,2026-09-14,WI,Milwaukee South,WI - Milwaukee South,1789405200000
2026-09-13T22:49:26Z,371,2026-09-21,WI,Milwaukee South,WI - Milwaukee South,1790010000000
2026-09-13T22:49:26Z,371,,WI,Milwaukee South,WI - Milwaukee South,
2026-09-13T22:49:26Z,373,2026-09-15,NC,Lagrange,NC - Lagrange,1789480800000
2026-09-13T22:49:26Z,373,2026-09-22,NC,Lagrange,NC - Lagrange,1790085600000
2026-09-13T22:49:26Z,373,,NC,Lagrange,NC - Lagrange,
2026-09-13T22:49:26Z,376,2026-09-15,OH,Akron,OH - Akron,1789480800000
2026-09-13T22:49:26Z,376,2026-09-18,OH,Akron,OH - Akron,1789740000000
2026-09-13T22:49:26Z,376,,OH,Akron,OH - Akron,
2026-09-13T22:49:26Z,134,2026-09-14,OR,Portland South,OR - Portland South,1789412400000
2026-09-13T22:49:26Z,134,2026-09-21,OR,Portland South,OR - Portland South,1790017200000
2026-09-13T22:49:26Z,134,,OR,Portland South,OR - Portland South,
2026-09-13T22:49:26Z,133,2026-09-14,NV,Las Vegas West,NV - Las Vegas West,1789412400000
2026-09-13T22:49:26Z,133,2026-09-16,NV,Las Vegas West,NV - Las Vegas West,1789585200000
2026-09-13T22:49:26Z,133,,NV,Las Vegas West,NV - Las Vegas West,
2026-09-13T22:49:26Z,136,2026-09-15,AL,Birmingham,AL - Birmingham,1789491600000
2026-09-13T22:49:26Z,136,2026-09-22,AL,Birmingham,AL - Birmingham,1790096400000
2026-09-13T22:49:26Z,136,,AL,Birmingham,AL - Birmingham,
2026-09-13T22:49:26Z,135,2026-09-14,NJ,Trenton,NJ - Trenton,1789394400000
2026-09-13T22:49:26Z,135,2026-09-16,NJ,Trenton,NJ - Trenton,1789567200000
2026-09-13T22:49:26Z,135,,NJ,Trenton,NJ - Trenton,
2026-09-13T22:49:26Z,138,2026-09-18,KY,Walton,KY - Walton,1789740000000
2026-09-13T22:49:26Z,138,,KY,Walton,KY - Walton,
2026-09-13T22:49:26Z,139,2026-09-18,VA,Richmond,VA - Richmond,1789740000000
2026-09-13T22:49:26Z,139,2026-10-02,VA,Richmond,VA - Richmond,1790949600000
2026-09-13T22:49:26Z,139,,VA,Richmond,VA - Richmond,
2026-09-13T22:49:26Z,370,2026-09-14,IN,Dyer,IN - Dyer,1789405200000
2026-09-13T22:49:26Z,370,2026-09-21,IN,Dyer,IN - Dyer,1790010000000
2026-09-13T22:49:26Z,370,,IN,Dyer,IN - Dyer,
2026-09-13T22:49:26Z,361,2026-09-16,MA,Freetown,MA - Freetown,1789567200000
2026-09-13T22:49:26Z,361,,MA,Freetown,MA - Freetown,
2026-09-13T22:49:26Z,360,2026-09-14,IN,Fort Wayne,IN - Fort Wayne,1789394400000
2026-09-13T22:49:26Z,360,2026-09-21,IN,Fort Wayne,IN - Fort Wayne,1789999200000
2026-09-13T22:49:26Z,360,,IN,Fort Wayne,IN - Fort Wayne,
2026-09-13T22:49:26Z,363,2026-09-14,ND,Bismarck,ND - Bismarck,1789412400000
2026-09-13T22:49:26Z,363,2026-09-21,ND,Bismarck,ND - Bismarck,1790017200000
2026-09-13T22:49:26Z,363,,ND,Bismarck,ND - Bismarck,
2026-09-13T22:49:26Z,362,2026-09-15,AZ,Phoenix North,AZ - Phoenix North,1789495200000
2026-09-13T22:49:26Z,362,2026-09-17,AZ,Phoenix North,AZ - Phoenix North,1789668000000
2026-09-13T22:49:26Z,362,,AZ,Phoenix North,AZ - Phoenix North,
2026-09-13T22:49:26Z,120,2026-09-15,CO,Denver Central,CO - Denver Central,1789495200000
2026-09-13T22:49:26Z,120,2026-09-17,CO,Denver Central,CO - Denver Central,1789668000000
2026-09-13T22:49:26Z,120,,CO,Denver Central,CO - Denver Central,
2026-09-13T22:49:26Z,123,2026-09-15,NE,Lincoln,NE - Lincoln,1789491600000
2026-09-13T22:49:26Z,123,,NE,Lincoln,NE - Lincoln,
2026-09-13T22:49:26Z,1,2026-09-18,CA,Vallejo,CA - Vallejo,1789758000000
2026-09-13T22:49:26Z,1,,CA,Vallejo,CA - Vallejo,
2026-09-13T22:49:26Z,2,2026-09-15,CA,Sacramento,CA - Sacramento,1789498800000
2026-09-13T22:49:26Z,2,2026-09-17,CA,Sacramento,CA - Sacramento,1789671600000
2026-09-13T22:49:26Z,2,,CA,Sacramento,CA - Sacramento,
2026-09-13T22:49:26Z,122,2026-09-14,MT,Billings,MT - Billings,1789408800000
2026-09-13T22:49:26Z,122,2026-09-21,MT,Billings,MT - Billings,1790013600000
2026-09-13T22:49:26Z,122,,MT,Billings,MT - Billings,
2026-09-13T22:49:26Z,367,2026-09-16,CA,Mentone,CA - Mentone,1789585200000
2026-09-13T22:49:26Z,367,2026-09-23,CA,Mentone,CA - Mentone,1790190000000
2026-09-13T22:49:26Z,367,,CA,Mentone,CA - Mentone,
2026-09-13T22:49:26Z,3,2026-09-15,CA,Hayward,CA - Hayward,1789498800000
2026-09-13T22:49:26Z,3,2026-09-17,CA,Hayward,CA - Hayward,1789671600000
2026-09-13T22:49:26Z,3,,CA,Hayward,CA - Hayward,
2026-09-13T22:49:26Z,125,2026-09-15,MO,Columbia,MO - Columbia,1789491600000
2026-09-13T22:49:26Z,125,2026-09-22,MO,Columbia,MO - Columbia,1790096400000
2026-09-13T22:49:26Z,125,,MO,Columbia,MO - Columbia,
2026-09-13T22:49:26Z,4,2026-09-14,CA,Fresno,CA - Fresno,1789412400000
2026-09-13T22:49:26Z,4,2026-09-17,CA,Fresno,CA - Fresno,1789671600000
2026-09-13T22:49:26Z,4,,CA,Fresno,CA - Fresno,
2026-09-13T22:49:26Z,366,2026-09-14,FL,Clewiston,FL - Clewiston,1789394400000
2026-09-13T22:49:26Z,366,2026-09-21,FL,Clewiston,FL - Clewiston,1789999200000
2026-09-13T22:49:26Z,366,,FL,Clewiston,FL - Clewiston,
2026-09-13T22:49:26Z,5,2026-09-18,CA,Bakersfield,CA - Bakersfield,1789758000000
2026-09-13T22:49:26Z,5,2026-09-25,CA,Bakersfield,CA - Bakersfield,1790362800000
2026-09-13T22:49:26Z,5,,CA,Bakersfield,CA - Bakersfield,
2026-09-13T22:49:26Z,127,2026-09-14,PA,York Haven,PA - York Haven,1789394400000
2026-09-13T22:49:26Z,127,2026-09-17,PA,York Haven,PA - York Haven,1789653600000
2026-09-13T22:49:26Z,127,,PA,York Haven,PA - York Haven,
2026-09-13T22:49:26Z,369,2026-09-15,KS,Kansas City,KS - Kansas City,1789491600000
2026-09-13T22:49:26Z,369,2026-09-17,KS,Kansas City,KS - Kansas City,1789664400000
2026-09-13T22:49:26Z,369,,KS,Kansas City,KS - Kansas City,
2026-09-13T22:49:26Z,6,2026-09-15,CA,San Jose,CA - San Jose,1789498800000
2026-09-13T22:49:26Z,6,2026-09-17,CA,San Jose,CA - San Jose,1789671600000
2026-09-13T22:49:26Z,6,,CA,San Jose,CA - San Jose,
2026-09-13T22:49:26Z,368,2026-09-18,NC,Raleigh North,NC - Raleigh North,1789740000000
2026-09-13T22:49:26Z,368,2026-09-25,NC,Raleigh North,NC - Raleigh North,1790344800000
2026-09-13T22:49:26Z,368,,NC,Raleigh North,NC - Raleigh North,
2026-09-13T22:49:26Z,129,2026-09-17,PA,Altoona,PA - Altoona,1789653600000
2026-09-13T22:49:26Z,129,,PA,Altoona,PA - Altoona,
2026-09-13T22:49:26Z,7,2026-09-14,CA,San Bernardino,CA - San Bernardino,1789412400000
2026-09-13T22:49:26Z,7,2026-09-17,CA,San Bernardino,CA - San Bernardino,1789671600000
2026-09-13T22:49:26Z,7,,CA,San Bernardino,CA - San Bernardino,
2026-09-13T22:49:26Z,128,2026-09-18,PA,Chambersburg,PA - Chambersburg,1789740000000
2026-09-13T22:49:26Z,128,2026-09-25,PA,Chambersburg,PA - Chambersburg,1790344800000
2026-09-13T22:49:26Z,128,,PA,Chambersburg,PA - Chambersburg,
2026-09-13T22:49:26Z,9,2026-09-14,OR,Portland North,OR - Portland North,1789412400000
2026-09-13T22:49:26Z,9,2026-09-16,OR,Portland North,OR - Portland North,1789585200000
2026-09-13T22:49:26Z,9,,OR,Portland North,OR - Portland North,
2026-09-13T22:49:26Z,838,2026-09-14,,Rental Vehicle Sale,Rental Vehicle Sale,1789401600000
2026-09-13T22:49:26Z,838,2026-09-16,,Rental Vehicle Sale,Rental Vehicle Sale,1789574400000
2026-09-13T22:49:26Z,838,,,Rental Vehicle Sale,Rental Vehicle Sale,
2026-09-13T22:49:26Z,47,2026-09-14,AZ,Phoenix,AZ - Phoenix,1789408800000
2026-09-13T22:49:26Z,47,2026-09-16,AZ,Phoenix,AZ - Phoenix,1789581600000
2026-09-13T22:49:26Z,47,,AZ,Phoenix,AZ - Phoenix,
2026-09-13T22:49:26Z,48,2026-09-14,WA,North Seattle,WA - North Seattle,1789412400000
2026-09-13T22:49:26Z,48,2026-09-21,WA,North Seattle,WA - North Seattle,1790017200000
2026-09-13T22:49:26Z,48,,WA,North Seattle,WA - North Seattle,
2026-09-13T22:49:26Z,161,2026-09-16,MI,Kincheloe,MI - Kincheloe,1789567200000
2026-09-13T22:49:26Z,161,,MI,Kincheloe,MI - Kincheloe,
2026-09-13T22:49:26Z,160,2026-09-18,MI,Ionia,MI - Ionia,1789740000000
2026-09-13T22:49:26Z,160,,MI,Ionia,MI - Ionia,
2026-09-13T22:49:26Z,394,2026-09-17,TX,North Austin,TX - North Austin,1789664400000
2026-09-13T22:49:26Z,394,2026-09-24,TX,North Austin,TX - North Austin,1790269200000
2026-09-13T22:49:26Z,394,,TX,North Austin,TX - North Austin,
2026-09-13T22:49:26Z,151,2026-09-15,CA,Antelope,CA - Antelope,1789498800000
2026-09-13T22:49:26Z,151,2026-09-17,CA,Antelope,CA - Antelope,1789671600000
2026-09-13T22:49:26Z,151,,CA,Antelope,CA - Antelope,
2026-09-13T22:49:26Z,154,2026-09-16,NC,Mebane,NC - Mebane,1789567200000
2026-09-13T22:49:26Z,154,,NC,Mebane,NC - Mebane,
2026-09-13T22:49:26Z,396,2026-09-15,SD,Rapid City,SD - Rapid City,1789495200000
2026-09-13T22:49:26Z,396,,SD,Rapid City,SD - Rapid City,
2026-09-13T22:49:26Z,395,2026-09-14,VT,Rutland,VT - Rutland,1789394400000
2026-09-13T22:49:26Z,395,2026-09-21,VT,Rutland,VT - Rutland,1789999200000
2026-09-13T22:49:26Z,395,,VT,Rutland,VT - Rutland,
2026-09-13T22:49:26Z,153,2026-09-14,FL,Orlando North,FL - Orlando North,1789394400000
2026-09-13T22:49:26Z,153,2026-09-16,FL,Orlando North,FL - Orlando North,1789567200000
2026-09-13T22:49:26Z,153,,FL,Orlando North,FL - Orlando North,
2026-09-13T22:49:26Z,156,2026-09-14,IL,Wheeling,IL - Wheeling,1789405200000
2026-09-13T22:49:26Z,156,2026-09-21,IL,Wheeling,IL - Wheeling,1790010000000
2026-09-13T22:49:26Z,156,,IL,Wheeling,IL - Wheeling,
2026-09-13T22:49:26Z,398,2026-09-16,IA,Cedar Rapids,IA - Cedar Rapids,1789578000000
2026-09-13T22:49:26Z,398,2026-09-23,IA,Cedar Rapids,IA - Cedar Rapids,1790182800000
2026-09-13T22:49:26Z,398,,IA,Cedar Rapids,IA - Cedar Rapids,
2026-09-13T22:49:26Z,155,2026-09-15,NH,Candia,NH - Candia,1789480800000
2026-09-13T22:49:26Z,155,2026-09-17,NH,Candia,NH - Candia,1789653600000
2026-09-13T22:49:26Z,155,,NH,Candia,NH - Candia,
2026-09-13T22:49:26Z,157,2026-09-16,GA,Atlanta North,GA - Atlanta North,1789567200000
2026-09-13T22:49:26Z,157,2026-09-23,GA,Atlanta North,GA - Atlanta North,1790172000000
2026-09-13T22:49:26Z,157,,GA,Atlanta North,GA - Atlanta North,
2026-09-13T22:49:26Z,45,2026-09-18,TX,El Paso,TX - El Paso,1789754400000
2026-09-13T22:49:26Z,45,2026-09-25,TX,El Paso,TX - El Paso,1790359200000
2026-09-13T22:49:26Z,45,,TX,El Paso,TX - El Paso,
2026-09-13T22:49:26Z,159,2026-09-16,MI,Flint,MI - Flint,1789567200000
2026-09-13T22:49:26Z,159,,MI,Flint,MI - Flint,
2026-09-13T22:49:26Z,43,2026-09-15,CA,Van Nuys,CA - Van Nuys,1789498800000
2026-09-13T22:49:26Z,43,2026-09-18,CA,Van Nuys,CA - Van Nuys,1789758000000
2026-09-13T22:49:26Z,43,,CA,Van Nuys,CA - Van Nuys,
2026-09-13T22:49:26Z,833,2026-09-15,,"Heavy Truck, Trailer, Rv Clean Title Sale","Heavy Truck, Trailer, Rv Clean Title Sale",1789488000000
2026-09-13T22:49:26Z,833,2026-09-22,,"Heavy Truck, Trailer, Rv Clean Title Sale","Heavy Truck, Trailer, Rv Clean Title Sale",1790092800000
2026-09-13T22:49:26Z,833,,,"Heavy Truck, Trailer, Rv Clean Title Sale","Heavy Truck, Trailer, Rv Clean Title Sale",
2026-09-13T22:49:26Z,832,2026-09-14,,Medium Duty Clean Title Sale,Medium Duty Clean Title Sale,1789401600000
2026-09-13T22:49:26Z,832,2026-09-21,,Medium Duty Clean Title Sale,Medium Duty Clean Title Sale,1790006400000
2026-09-13T22:49:26Z,832,,,Medium Duty Clean Title Sale,Medium Duty Clean Title Sale,
2026-09-13T22:49:26Z,44,2026-09-15,IN,Indianapolis,IN - Indianapolis,1789480800000
2026-09-13T22:49:26Z,44,2026-09-18,IN,Indianapolis,IN - Indianapolis,1789740000000
2026-09-13T22:49:26Z,44,,IN,Indianapolis,IN - Indianapolis,
2026-09-13T22:49:26Z,835,2026-09-16,,Medium Duty Specialty Sale,Medium Duty Specialty Sale,1789574400000
2026-09-13T22:49:26Z,835,2026-09-23,,Medium Duty Specialty Sale,Medium Duty Specialty Sale,1790179200000
2026-09-13T22:49:26Z,835,,,Medium Duty Specialty Sale,Medium Duty Specialty Sale,
2026-09-13T22:49:26Z,41,2026-09-14,NC,China Grove,NC - China Grove,1789394400000
2026-09-13T22:49:26Z,41,2026-09-21,NC,China Grove,NC - China Grove,1789999200000
2026-09-13T22:49:26Z,41,,NC,China Grove,NC - China Grove,
2026-09-13T22:49:26Z,837,2026-09-18,,Equipment Specialty Sale,Equipment Specialty Sale,1789747200000
2026-09-13T22:49:26Z,837,2026-09-25,,Equipment Specialty Sale,Equipment Specialty Sale,1790352000000
2026-09-13T22:49:26Z,837,,,Equipment Specialty Sale,Equipment Specialty Sale,
2026-09-13T22:49:26Z,40,2026-09-18,MS,Jackson,MS - Jackson,1789750800000
2026-09-13T22:49:26Z,40,,MS,Jackson,MS - Jackson,
2026-09-13T22:49:26Z,836,2026-09-17,,"Heavy Truck, Trailer, Rv Specialty Sale","Heavy Truck, Trailer, Rv Specialty Sale",1789660800000
2026-09-13T22:49:26Z,836,2026-09-24,,"Heavy Truck, Trailer, Rv Specialty Sale","Heavy Truck, Trailer, Rv Specialty Sale",1790265600000
2026-09-13T22:49:26Z,836,,,"Heavy Truck, Trailer, Rv Specialty Sale","Heavy Truck, Trailer, Rv Specialty Sale",
2026-09-13T22:49:26Z,58,2026-09-14,AL,Mobile,AL - Mobile,1789405200000
2026-09-13T22:49:26Z,58,2026-09-21,AL,Mobile,AL - Mobile,1790010000000
2026-09-13T22:49:26Z,58,,AL,Mobile,AL - Mobile,
2026-09-13T22:49:26Z,59,2026-09-15,CA,San Diego,CA - San Diego,1789498800000
2026-09-13T22:49:26Z,59,2026-09-18,CA,San Diego,CA - San Diego,1789758000000
2026-09-13T22:49:26Z,59,,CA,San Diego,CA - San Diego,
2026-09-13T22:49:26Z,141,2026-09-14,MO,Sikeston,MO - Sikeston,1789405200000
2026-09-13T22:49:26Z,141,2026-09-21,MO,Sikeston,MO - Sikeston,1790010000000
2026-09-13T22:49:26Z,141,,MO,Sikeston,MO - Sikeston,
2026-09-13T22:49:26Z,140,2026-09-14,AR,Fayetteville,AR - Fayetteville,1789405200000
2026-09-13T22:49:26Z,140,2026-09-16,AR,Fayetteville,AR - Fayetteville,1789578000000
2026-09-13T22:49:26Z,140,,AR,Fayetteville,AR - Fayetteville,
2026-09-13T22:49:26Z,143,2026-09-14,KY,Louisville,KY - Louisville,1789394400000
2026-09-13T22:49:26Z,143,2026-09-17,KY,Louisville,KY - Louisville,1789653600000
2026-09-13T22:49:26Z,143,,KY,Louisville,KY - Louisville,
2026-09-13T22:49:26Z,385,2026-09-17,MI,Wayland,MI - Wayland,1789653600000
2026-09-13T22:49:26Z,385,2026-09-24,MI,Wayland,MI - Wayland,1790258400000
2026-09-13T22:49:26Z,385,,MI,Wayland,MI - Wayland,
2026-09-13T22:49:26Z,142,2026-09-16,PA,Scranton,PA - Scranton,1789567200000
2026-09-13T22:49:26Z,142,,PA,Scranton,PA - Scranton,
2026-09-13T22:49:26Z,384,2026-09-16,ME,Windham,ME - Windham,1789567200000
2026-09-13T22:49:26Z,384,2026-09-18,ME,Windham,ME - Windham,1789740000000
2026-09-13T22:49:26Z,384,,ME,Windham,ME - Windham,
2026-09-13T22:49:26Z,145,2026-09-17,AL,Montgomery,AL - Montgomery,1789664400000
2026-09-13T22:49:26Z,145,2026-10-15,AL,Montgomery,AL - Montgomery,1792083600000
2026-09-13T22:49:26Z,145,,AL,Montgomery,AL - Montgomery,
2026-09-13T22:49:26Z,386,2026-09-14,LA,Vinton,LA - Vinton,1789405200000
2026-09-13T22:49:26Z,386,2026-09-21,LA,Vinton,LA - Vinton,1790010000000
2026-09-13T22:49:26Z,386,,LA,Vinton,LA - Vinton,
2026-09-13T22:49:26Z,144,2026-09-14,SC,Spartanburg,SC - Spartanburg,1789394400000
2026-09-13T22:49:26Z,144,2026-09-16,SC,Spartanburg,SC - Spartanburg,1789567200000
2026-09-13T22:49:26Z,144,,SC,Spartanburg,SC - Spartanburg,
2026-09-13T22:49:26Z,146,2026-09-15,GA,Atlanta South,GA - Atlanta South,1789480800000
2026-09-13T22:49:26Z,146,2026-09-17,GA,Atlanta South,GA - Atlanta South,1789653600000
2026-09-13T22:49:26Z,146,,GA,Atlanta South,GA - Atlanta South,
2026-09-13T22:49:26Z,56,2026-09-18,SC,Columbia,SC - Columbia,1789740000000
2026-09-13T22:49:26Z,56,,SC,Columbia,SC - Columbia,
2026-09-13T22:49:26Z,149,2026-09-16,MA,West Warren,MA - West Warren,1789567200000
2026-09-13T22:49:26Z,149,2026-09-23,MA,West Warren,MA - West Warren,1790172000000
2026-09-13T22:49:26Z,149,,MA,West Warren,MA - West Warren,
2026-09-13T22:49:26Z,57,2026-09-15,NV,Las Vegas,NV - Las Vegas,1789498800000
2026-09-13T22:49:26Z,57,2026-09-17,NV,Las Vegas,NV - Las Vegas,1789671600000
2026-09-13T22:49:26Z,57,,NV,Las Vegas,NV - Las Vegas,
2026-09-13T22:49:26Z,148,2026-09-16,FL,Miami South,FL - Miami South,1789567200000
2026-09-13T22:49:26Z,148,,FL,Miami South,FL - Miami South,
2026-09-13T22:49:26Z,54,2026-09-15,NC,Raleigh,NC - Raleigh,1789480800000
2026-09-13T22:49:26Z,54,2026-09-17,NC,Raleigh,NC - Raleigh,1789653600000
2026-09-13T22:49:26Z,54,,NC,Raleigh,NC - Raleigh,
2026-09-13T22:49:26Z,55,2026-09-15,FL,Orlando South,FL - Orlando South,1789480800000
2026-09-13T22:49:26Z,55,2026-09-17,FL,Orlando South,FL - Orlando South,1789653600000
2026-09-13T22:49:26Z,55,,FL,Orlando South,FL - Orlando South,
2026-09-13T22:49:26Z,52,2026-09-14,MN,St. Cloud,MN - St. Cloud,1789405200000
2026-09-13T22:49:26Z,52,2026-09-21,MN,St. Cloud,MN - St. Cloud,1790010000000
2026-09-13T22:49:26Z,52,,MN,St. Cloud,MN - St. Cloud,
2026-09-13T22:49:26Z,53,2026-09-16,MA,North Boston,MA - North Boston,1789567200000
2026-09-13T22:49:26Z,53,2026-09-17,MA,North Boston,MA - North Boston,1789653600000
2026-09-13T22:49:26Z,53,,MA,North Boston,MA - North Boston,
2026-09-13T22:49:26Z,50,2026-09-15,LA,Baton Rouge,LA - Baton Rouge,1789491600000
2026-09-13T22:49:26Z,50,2026-09-18,LA,Baton Rouge,LA - Baton Rouge,1789750800000
2026-09-13T22:49:26Z,50,,LA,Baton Rouge,LA - Baton Rouge,
2026-09-13T22:49:26Z,51,2026-09-14,IL,Peoria,IL - Peoria,1789405200000
2026-09-13T22:49:26Z,51,2026-09-21,IL,Peoria,IL - Peoria,1790010000000
2026-09-13T22:49:26Z,51,,IL,Peoria,IL - Peoria,
2026-09-13T22:49:26Z,69,2026-09-15,NJ,Glassboro West,NJ - Glassboro West,1789480800000
2026-09-13T22:49:26Z,69,,NJ,Glassboro West,NJ - Glassboro West,
2026-09-13T22:49:26Z,181,2026-09-14,TX,Dallas South,TX - Dallas South,1789405200000
2026-09-13T22:49:26Z,181,2026-09-17,TX,Dallas South,TX - Dallas South,1789664400000
2026-09-13T22:49:26Z,181,,TX,Dallas South,TX - Dallas South,
2026-09-13T22:49:26Z,180,2026-09-14,CA,Sun Valley,CA - Sun Valley,1789412400000
2026-09-13T22:49:26Z,180,2026-09-16,CA,Sun Valley,CA - Sun Valley,1789585200000
2026-09-13T22:49:26Z,180,,CA,Sun Valley,CA - Sun Valley,
2026-09-13T22:49:26Z,182,2026-09-16,TX,Waco,TX - Waco,1789578000000
2026-09-13T22:49:26Z,182,,TX,Waco,TX - Waco,
2026-09-13T22:49:26Z,174,2026-09-16,PA,Pittsburgh West,PA - Pittsburgh West,1789567200000
2026-09-13T22:49:26Z,174,,PA,Pittsburgh West,PA - Pittsburgh West,
2026-09-13T22:49:26Z,295,2026-09-17,,Atlantic Canada Auction,Atlantic Canada Auction,1789660800000
2026-09-13T22:49:26Z,295,2026-09-24,,Atlantic Canada Auction,Atlantic Canada Auction,1790265600000
2026-09-13T22:49:26Z,295,,,Atlantic Canada Auction,Atlantic Canada Auction,
2026-09-13T22:49:26Z,60,2026-09-18,IA,Des Moines,IA - Des Moines,1789750800000
2026-09-13T22:49:26Z,60,2026-09-25,IA,Des Moines,IA - Des Moines,1790355600000
2026-09-13T22:49:26Z,60,,IA,Des Moines,IA - Des Moines,
2026-09-13T22:49:26Z,173,2026-09-14,GA,Fairburn,GA - Fairburn,1789394400000
2026-09-13T22:49:26Z,173,2026-09-21,GA,Fairburn,GA - Fairburn,1789999200000
2026-09-13T22:49:26Z,173,,GA,Fairburn,GA - Fairburn,
2026-09-13T22:49:26Z,294,2026-09-15,,Ontario Auction,Ontario Auction,1789480800000
2026-09-13T22:49:26Z,294,2026-09-17,,Ontario Auction,Ontario Auction,1789653600000
2026-09-13T22:49:26Z,294,,,Ontario Auction,Ontario Auction,
2026-09-13T22:49:26Z,175,2026-09-17,GA,Cartersville,GA - Cartersville,1789653600000
2026-09-13T22:49:26Z,175,2026-09-24,GA,Cartersville,GA - Cartersville,1790258400000
2026-09-13T22:49:26Z,175,,GA,Cartersville,GA - Cartersville,
2026-09-13T22:49:26Z,850,2026-09-18,,Connecticut Friday Sale,Connecticut Friday Sale,1789758000000
2026-09-13T22:49:26Z,850,,,Connecticut Friday Sale,Connecticut Friday Sale,
2026-09-13T22:49:26Z,67,2026-09-14,KS,Wichita,KS - Wichita,1789405200000
2026-09-13T22:49:26Z,67,2026-09-16,KS,Wichita,KS - Wichita,1789578000000
2026-09-13T22:49:26Z,67,,KS,Wichita,KS - Wichita,
2026-09-13T22:49:26Z,68,2026-09-15,CO,Denver,CO - Denver,1789495200000
2026-09-13T22:49:26Z,68,2026-09-17,CO,Denver,CO - Denver,1789668000000
2026-09-13T22:49:26Z,68,,CO,Denver,CO - Denver,
2026-09-13T22:49:26Z,65,2026-09-16,TX,McAllen,TX - McAllen,1789578000000
2026-09-13T22:49:26Z,65,,TX,McAllen,TX - McAllen,
2026-09-13T22:49:26Z,855,2026-09-15,,Wholesale Auction,Wholesale Auction,1789488000000
2026-09-13T22:49:26Z,855,2026-09-17,,Wholesale Auction,Wholesale Auction,1789660800000
2026-09-13T22:49:26Z,855,,,Wholesale Auction,Wholesale Auction,
2026-09-13T22:49:26Z,66,2026-09-16,AL,Tanner,AL - Tanner,1789578000000
2026-09-13T22:49:26Z,66,2026-09-23,AL,Tanner,AL - Tanner,1790182800000
2026-09-13T22:49:26Z,66,,AL,Tanner,AL - Tanner,
2026-09-13T22:49:26Z,63,2026-09-14,TN,Nashville,TN - Nashville,1789405200000
2026-09-13T22:49:26Z,63,2026-09-16,TN,Nashville,TN - Nashville,1789578000000
2026-09-13T22:49:26Z,63,,TN,Nashville,TN - Nashville,
2026-09-13T22:49:26Z,61,2026-09-15,MI,Detroit,MI - Detroit,1789480800000
2026-09-13T22:49:26Z,61,2026-09-18,MI,Detroit,MI - Detroit,1789740000000
2026-09-13T22:49:26Z,61,,MI,Detroit,MI - Detroit,
2026-09-13T22:49:26Z,62,2026-09-17,TX,Austin,TX - Austin,1789664400000
2026-09-13T22:49:26Z,62,2026-09-24,TX,Austin,TX - Austin,1790269200000
2026-09-13T22:49:26Z,62,,TX,Austin,TX - Austin,
2026-09-13T22:49:26Z,170,2026-09-15,IN,Cicero,IN - Cicero,1789480800000
2026-09-13T22:49:26Z,170,2026-09-22,IN,Cicero,IN - Cicero,1790085600000
2026-09-13T22:49:26Z,170,,IN,Cicero,IN - Cicero,
2026-09-13T22:49:26Z,292,2026-09-16,,Wholesale Auction Canada,Wholesale Auction Canada,1789578000000
2026-09-13T22:49:26Z,292,2026-09-23,,Wholesale Auction Canada,Wholesale Auction Canada,1790182800000
2026-09-13T22:49:26Z,292,,,Wholesale Auction Canada,Wholesale Auction Canada,
2026-09-13T22:49:26Z,163,2026-09-14,FL,Jacksonville North,FL - Jacksonville North,1789394400000
2026-09-13T22:49:26Z,163,2026-09-16,FL,Jacksonville North,FL - Jacksonville North,1789567200000
2026-09-13T22:49:26Z,163,,FL,Jacksonville North,FL - Jacksonville North,
2026-09-13T22:49:26Z,70,2026-09-15,FL,West Palm Beach,FL - West Palm Beach,1789480800000
2026-09-13T22:49:26Z,70,2026-09-17,FL,West Palm Beach,FL - West Palm Beach,1789653600000
2026-09-13T22:49:26Z,70,,FL,West Palm Beach,FL - West Palm Beach,
2026-09-13T22:49:26Z,71,2026-09-18,WA,Pasco,WA - Pasco,1789758000000
2026-09-13T22:49:26Z,71,,WA,Pasco,WA - Pasco,
2026-09-13T22:49:26Z,162,2026-09-15,VA,Hampton,VA - Hampton,1789480800000
2026-09-13T22:49:26Z,162,2026-09-22,VA,Hampton,VA - Hampton,1790085600000
2026-09-13T22:49:26Z,162,,VA,Hampton,VA - Hampton,
2026-09-13T22:49:26Z,164,2026-09-14,PA,Philadelphia East,PA - Philadelphia East,1789394400000
2026-09-13T22:49:26Z,164,2026-09-16,PA,Philadelphia East,PA - Philadelphia East,1789567200000
2026-09-13T22:49:26Z,164,,PA,Philadelphia East,PA - Philadelphia East,
2026-09-13T22:49:26Z,166,2026-09-16,OH,Dayton,OH - Dayton,1789567200000
2026-09-13T22:49:26Z,166,2026-09-18,OH,Dayton,OH - Dayton,1789740000000
2026-09-13T22:49:26Z,166,,OH,Dayton,OH - Dayton,
2026-09-13T22:49:26Z,169,2026-09-16,IA,Davenport,IA - Davenport,1789578000000
2026-09-13T22:49:26Z,169,,IA,Davenport,IA - Davenport,
2026-09-13T22:49:26Z,78,2026-09-14,CA,Martinez,CA - Martinez,1789412400000
2026-09-13T22:49:26Z,78,2026-09-16,CA,Martinez,CA - Martinez,1789585200000
2026-09-13T22:49:26Z,78,,CA,Martinez,CA - Martinez,
2026-09-13T22:49:26Z,841,2026-09-17,,CrashedToys Powersport Auction,CrashedToys Powersport Auction,1789664400000
2026-09-13T22:49:26Z,841,2026-09-24,,CrashedToys Powersport Auction,CrashedToys Powersport Auction,1790269200000
2026-09-13T22:49:26Z,841,,,CrashedToys Powersport Auction,CrashedToys Powersport Auction,
2026-09-13T22:49:26Z,79,2026-09-16,LA,New Orleans,LA - New Orleans,1789578000000
2026-09-13T22:49:26Z,79,,LA,New Orleans,LA - New Orleans,
2026-09-13T22:49:26Z,76,2026-09-15,PA,Harrisburg,PA - Harrisburg,1789480800000
2026-09-13T22:49:26Z,76,2026-09-22,PA,Harrisburg,PA - Harrisburg,1790085600000
2026-09-13T22:49:26Z,76,,PA,Harrisburg,PA - Harrisburg,
2026-09-13T22:49:26Z,74,2026-09-17,TX,San Antonio,TX - San Antonio,1789664400000
2026-09-13T22:49:26Z,74,2026-09-24,TX,San Antonio,TX - San Antonio,1790269200000
2026-09-13T22:49:26Z,74,,TX,San Antonio,TX - San Antonio,
2026-09-13T22:49:26Z,75,2026-09-14,NM,Albuquerque,NM - Albuquerque,1789408800000
2026-09-13T22:49:26Z,75,2026-09-17,NM,Albuquerque,NM - Albuquerque,1789668000000
2026-09-13T22:49:26Z,75,,NM,Albuquerque,NM - Albuquerque,
2026-09-13T22:49:26Z,72,2026-09-17,ID,Boise,ID - Boise,1789668000000
2026-09-13T22:49:26Z,72,2026-09-24,ID,Boise,ID - Boise,1790272800000
2026-09-13T22:49:26Z,72,,ID,Boise,ID - Boise,
2026-09-13T22:49:26Z,73,2026-09-18,TX,Abilene,TX - Abilene,1789750800000
2026-09-13T22:49:26Z,73,2026-09-25,TX,Abilene,TX - Abilene,1790355600000
2026-09-13T22:49:26Z,73,,TX,Abilene,TX - Abilene,
2026-09-13T22:49:26Z,196,2026-09-16,NC,Mocksville,NC - Mocksville,1789567200000
2026-09-13T22:49:26Z,196,,NC,Mocksville,NC - Mocksville,
2026-09-13T22:49:26Z,197,2026-09-14,SC,North Charleston,SC - North Charleston,1789394400000
2026-09-13T22:49:26Z,197,2026-09-16,SC,North Charleston,SC - North Charleston,1789567200000
2026-09-13T22:49:26Z,197,,SC,North Charleston,SC - North Charleston,
2026-09-13T22:49:26Z,199,2026-09-15,RI,Exeter,RI - Exeter,1789480800000
2026-09-13T22:49:26Z,199,2026-09-17,RI,Exeter,RI - Exeter,1789653600000
2026-09-13T22:49:26Z,199,,RI,Exeter,RI - Exeter,
2026-09-13T22:49:26Z,18,2026-09-15,OK,Oklahoma City,OK - Oklahoma City,1789491600000
2026-09-13T22:49:26Z,18,2026-09-17,OK,Oklahoma City,OK - Oklahoma City,1789664400000
2026-09-13T22:49:26Z,18,,OK,Oklahoma City,OK - Oklahoma City,
2026-09-13T22:49:26Z,19,2026-09-16,OK,Tulsa,OK - Tulsa,1789578000000
2026-09-13T22:49:26Z,19,2026-09-18,OK,Tulsa,OK - Tulsa,1789750800000
2026-09-13T22:49:26Z,19,,OK,Tulsa,OK - Tulsa,
2026-09-13T22:49:26Z,16,2026-09-14,CA,So Sacramento,CA - So Sacramento,1789412400000
2026-09-13T22:49:26Z,16,2026-09-21,CA,So Sacramento,CA - So Sacramento,1790017200000
2026-09-13T22:49:26Z,16,,CA,So Sacramento,CA - So Sacramento,
2026-09-13T22:49:26Z,14,2026-09-14,TX,Longview,TX - Longview,1789405200000
2026-09-13T22:49:26Z,14,2026-09-21,TX,Longview,TX - Longview,1790010000000
2026-09-13T22:49:26Z,14,,TX,Longview,TX - Longview,
2026-09-13T22:49:26Z,15,2026-09-15,GA,Atlanta West,GA - Atlanta West,1789480800000
2026-09-13T22:49:26Z,15,2026-09-18,GA,Atlanta West,GA - Atlanta West,1789740000000
2026-09-13T22:49:26Z,15,,GA,Atlanta West,GA - Atlanta West,
2026-09-13T22:49:26Z,190,2026-09-14,CA,Napa,CA - Napa,1789412400000
2026-09-13T22:49:26Z,190,2026-09-17,CA,Napa,CA - Napa,1789671600000
2026-09-13T22:49:26Z,190,,CA,Napa,CA - Napa,
2026-09-13T22:49:26Z,191,2026-09-14,WI,Appleton,WI - Appleton,1789405200000
2026-09-13T22:49:26Z,191,2026-09-21,WI,Appleton,WI - Appleton,1790010000000
2026-09-13T22:49:26Z,191,,WI,Appleton,WI - Appleton,
2026-09-13T22:49:26Z,194,2026-09-16,VA,Fredericksburg,VA - Fredericksburg,1789567200000
2026-09-13T22:49:26Z,194,2026-09-23,VA,Fredericksburg,VA - Fredericksburg,1790172000000
2026-09-13T22:49:26Z,194,,VA,Fredericksburg,VA - Fredericksburg,
2026-09-13T22:49:26Z,193,2026-09-14,CO,Denver South,CO - Denver South,1789408800000
2026-09-13T22:49:26Z,193,2026-09-16,CO,Denver South,CO - Denver South,1789581600000
2026-09-13T22:49:26Z,193,,CO,Denver South,CO - Denver South,
2026-09-13T22:49:26Z,185,2026-09-16,TX,Andrews,TX - Andrews,1789578000000
2026-09-13T22:49:26Z,185,,TX,Andrews,TX - Andrews,
2026-09-13T22:49:26Z,184,2026-09-15,AL,Mobile South,AL - Mobile South,1789491600000
2026-09-13T22:49:26Z,184,2026-09-22,AL,Mobile South,AL - Mobile South,1790096400000
2026-09-13T22:49:26Z,184,,AL,Mobile South,AL - Mobile South,
2026-09-13T22:49:26Z,187,2026-09-17,GA,Macon,GA - Macon,1789653600000
2026-09-13T22:49:26Z,187,2026-09-24,GA,Macon,GA - Macon,1790258400000
2026-09-13T22:49:26Z,187,,GA,Macon,GA - Macon,
2026-09-13T22:49:26Z,186,2026-09-16,CA,Long Beach,CA - Long Beach,1789585200000
2026-09-13T22:49:26Z,186,2026-09-18,CA,Long Beach,CA - Long Beach,1789758000000
2026-09-13T22:49:26Z,186,,CA,Long Beach,CA - Long Beach,
2026-09-13T22:49:26Z,189,2026-09-14,IL,Southern Illinois,IL - Southern Illinois,1789405200000
2026-09-13T22:49:26Z,189,2026-09-16,IL,Southern Illinois,IL - Southern Illinois,1789578000000
2026-09-13T22:49:26Z,189,,IL,Southern Illinois,IL - Southern Illinois,
2026-09-13T22:49:26Z,188,2026-09-14,UT,Ogden,UT - Ogden,1789408800000
2026-09-13T22:49:26Z,188,2026-09-21,UT,Ogden,UT - Ogden,1790013600000
2026-09-13T22:49:26Z,188,,UT,Ogden,UT - Ogden,
2026-09-13T22:49:26Z,12,2026-09-14,TX,Dallas,TX - Dallas,1789405200000
2026-09-13T22:49:26Z,12,2026-09-17,TX,Dallas,TX - Dallas,1789664400000
2026-09-13T22:49:26Z,12,,TX,Dallas,TX - Dallas,
2026-09-13T22:49:26Z,13,2026-09-14,TX,Lufkin,TX - Lufkin,1789405200000
2026-09-13T22:49:26Z,13,2026-09-21,TX,Lufkin,TX - Lufkin,1790010000000
2026-09-13T22:49:26Z,13,,TX,Lufkin,TX - Lufkin,
2026-09-13T22:49:26Z,10,2026-09-14,CA,Los Angeles,CA - Los Angeles,1789412400000
2026-09-13T22:49:26Z,10,2026-09-17,CA,Los Angeles,CA - Los Angeles,1789671600000
2026-09-13T22:49:26Z,10,,CA,Los Angeles,CA - Los Angeles,
2026-09-13T22:49:26Z,11,2026-09-15,TX,Houston,TX - Houston,1789491600000
2026-09-13T22:49:26Z,11,2026-09-18,TX,Houston,TX - Houston,1789750800000
2026-09-13T22:49:26Z,11,,TX,Houston,TX - Houston,
2026-09-13T22:49:26Z,29,2026-09-15,OH,Columbus,OH - Columbus,1789480800000
2026-09-13T22:49:26Z,29,2026-09-18,OH,Columbus,OH - Columbus,1789740000000
2026-09-13T22:49:26Z,29,,OH,Columbus,OH - Columbus,
2026-09-13T22:49:26Z,27,2026-09-14,MA,South Boston,MA - South Boston,1789394400000
2026-09-13T22:49:26Z,27,2026-09-17,MA,South Boston,MA - South Boston,1789653600000
2026-09-13T22:49:26Z,27,,MA,South Boston,MA - South Boston,
2026-09-13T22:49:26Z,28,2026-09-17,PA,Pittsburgh North,PA - Pittsburgh North,1789653600000
2026-09-13T22:49:26Z,28,,PA,Pittsburgh North,PA - Pittsburgh North,
2026-09-13T22:49:26Z,25,2026-09-14,NY,Syracuse,NY - Syracuse,1789394400000
2026-09-13T22:49:26Z,25,2026-09-16,NY,Syracuse,NY - Syracuse,1789567200000
2026-09-13T22:49:26Z,25,,NY,Syracuse,NY - Syracuse,
2026-09-13T22:49:26Z,26,2026-09-15,PA,Philadelphia,PA - Philadelphia,1789480800000
2026-09-13T22:49:26Z,26,2026-09-18,PA,Philadelphia,PA - Philadelphia,1789740000000
2026-09-13T22:49:26Z,26,,PA,Philadelphia,PA - Philadelphia,
2026-09-13T22:49:26Z,23,2026-09-15,CT,Hartford,CT - Hartford,1789480800000
2026-09-13T22:49:26Z,23,2026-09-18,CT,Hartford,CT - Hartford,1789740000000
2026-09-13T22:49:26Z,23,,CT,Hartford,CT - Hartford,
2026-09-13T22:49:26Z,24,2026-09-14,NY,Newburgh,NY - Newburgh,1789394400000
2026-09-13T22:49:26Z,24,2026-09-15,NY,Newburgh,NY - Newburgh,1789480800000
2026-09-13T22:49:26Z,24,,NY,Newburgh,NY - Newburgh,
2026-09-13T22:49:26Z,21,2026-09-14,AR,Little Rock,AR - Little Rock,1789405200000
2026-09-13T22:49:26Z,21,2026-09-16,AR,Little Rock,AR - Little Rock,1789578000000
2026-09-13T22:49:26Z,21,,AR,Little Rock,AR - Little Rock,
2026-09-13T22:49:26Z,22,2026-09-15,TN,Memphis,TN - Memphis,1789491600000
2026-09-13T22:49:26Z,22,2026-09-17,TN,Memphis,TN - Memphis,1789664400000
2026-09-13T22:49:26Z,22,,TN,Memphis,TN - Memphis,
2026-09-13T22:49:26Z,20,2026-09-15,MO,St. Louis,MO - St. Louis,1789491600000
2026-09-13T22:49:26Z,20,2026-09-18,MO,St. Louis,MO - St. Louis,1789750800000
2026-09-13T22:49:26Z,20,,MO,St. Louis,MO - St. Louis,
2026-09-13T22:49:26Z,36,2026-09-15,IL,Chicago North,IL - Chicago North,1789491600000
2026-09-13T22:49:26Z,36,2026-09-17,IL,Chicago North,IL - Chicago North,1789664400000
2026-09-13T22:49:26Z,36,,IL,Chicago North,IL - Chicago North,
2026-09-13T22:49:26Z,37,2026-09-15,MN,Minneapolis,MN - Minneapolis,1789491600000
2026-09-13T22:49:26Z,37,2026-09-17,MN,Minneapolis,MN - Minneapolis,1789664400000
2026-09-13T22:49:26Z,37,,MN,Minneapolis,MN - Minneapolis,
2026-09-13T22:49:26Z,880,2026-09-14,*NCS,Eastern Region,*NCS - Eastern Region,1789434000000
2026-09-13T22:49:26Z,880,2026-09-15,*NCS,Eastern Region,*NCS - Eastern Region,1789520400000
2026-09-13T22:49:26Z,880,,*NCS,Eastern Region,*NCS - Eastern Region,
2026-09-13T22:49:26Z,882,2026-09-14,*NCS,Mountain Region,*NCS - Mountain Region,1789434000000
2026-09-13T22:49:26Z,882,2026-09-15,*NCS,Mountain Region,*NCS - Mountain Region,1789520400000
2026-09-13T22:49:26Z,882,,*NCS,Mountain Region,*NCS - Mountain Region,
2026-09-13T22:49:26Z,881,2026-09-14,*NCS,Central Region,*NCS - Central Region,1789434000000
2026-09-13T22:49:26Z,881,2026-09-15,*NCS,Central Region,*NCS - Central Region,1789520400000
2026-09-13T22:49:26Z,881,,*NCS,Central Region,*NCS - Central Region,
2026-09-13T22:49:26Z,883,2026-09-14,*NCS,Pacific Region,*NCS - Pacific Region,1789434000000
2026-09-13T22:49:26Z,883,2026-09-15,*NCS,Pacific Region,*NCS - Pacific Region,1789520400000
2026-09-13T22:49:26Z,883,,*NCS,Pacific Region,*NCS - Pacific Region,
2026-09-13T22:49:26Z,34,2026-09-15,FL,Tampa South,FL - Tampa South,1789480800000
2026-09-13T22:49:26Z,34,2026-09-18,FL,Tampa South,FL - Tampa South,1789740000000
2026-09-13T22:49:26Z,34,,FL,Tampa South,FL - Tampa South,
2026-09-13T22:49:26Z,35,2026-09-14,NY,Rochester,NY - Rochester,1789394400000
2026-09-13T22:49:26Z,35,2026-09-21,NY,Rochester,NY - Rochester,1789999200000
2026-09-13T22:49:26Z,35,,NY,Rochester,NY - Rochester,
2026-09-13T22:49:26Z,32,2026-09-15,DC,Washington DC,DC - Washington DC,1789480800000
2026-09-13T22:49:26Z,32,2026-09-18,DC,Washington DC,DC - Washington DC,1789740000000
2026-09-13T22:49:26Z,32,,DC,Washington DC,DC - Washington DC,
2026-09-13T22:49:26Z,33,2026-09-15,FL,Miami North,FL - Miami North,1789480800000
2026-09-13T22:49:26Z,33,2026-09-18,FL,Miami North,FL - Miami North,1789740000000
2026-09-13T22:49:26Z,33,,FL,Miami North,FL - Miami North,
2026-09-13T22:49:26Z,30,2026-09-14,NY,Long Island,NY - Long Island,1789394400000
2026-09-13T22:49:26Z,30,2026-09-16,NY,Long Island,NY - Long Island,1789567200000
2026-09-13T22:49:26Z,30,,NY,Long Island,NY - Long Island,
2026-09-13T22:49:26Z,31,2026-09-15,NJ,Glassboro East,NJ - Glassboro East,1789480800000
2026-09-13T22:49:26Z,31,2026-09-17,NJ,Glassboro East,NJ - Glassboro East,1789653600000
2026-09-13T22:49:26Z,31,,NJ,Glassboro East,NJ - Glassboro East,
2026-09-14T22:45:04Z,309,2026-09-28,CA,Adelanto,CA - Adelanto,1790622000000
2026-09-14T22:45:04Z,309,,CA,Adelanto,CA - Adelanto,
2026-09-14T22:45:04Z,308,2026-09-15,WI,Madison South,WI - Madison South,1789491600000
2026-09-14T22:45:04Z,308,2026-09-22,WI,Madison South,WI - Madison South,1790096400000
2026-09-14T22:45:04Z,308,,WI,Madison South,WI - Madison South,
2026-09-14T22:45:04Z,336,2026-09-15,UT,Salt Lake City,UT - Salt Lake City,1789495200000
2026-09-14T22:45:04Z,336,2026-09-18,UT,Salt Lake City,UT - Salt Lake City,1789754400000
2026-09-14T22:45:04Z,336,,UT,Salt Lake City,UT - Salt Lake City,
2026-09-14T22:45:04Z,335,2026-09-15,FL,Tampa North,FL - Tampa North,1789480800000
2026-09-14T22:45:04Z,335,2026-09-18,FL,Tampa North,FL - Tampa North,1789740000000
2026-09-14T22:45:04Z,335,,FL,Tampa North,FL - Tampa North,
2026-09-14T22:45:04Z,338,2026-09-21,NC,Lumberton,NC - Lumberton,1789999200000
2026-09-14T22:45:04Z,338,,NC,Lumberton,NC - Lumberton,
2026-09-14T22:45:04Z,337,2026-09-15,WA,Spanaway,WA - Spanaway,1789498800000
2026-09-14T22:45:04Z,337,2026-09-18,WA,Spanaway,WA - Spanaway,1789758000000
2026-09-14T22:45:04Z,337,,WA,Spanaway,WA - Spanaway,
2026-09-14T22:45:04Z,339,2026-09-16,WI,Milwaukee North,WI - Milwaukee North,1789578000000
2026-09-14T22:45:04Z,339,2026-09-23,WI,Milwaukee North,WI - Milwaukee North,1790182800000
2026-09-14T22:45:04Z,339,,WI,Milwaukee North,WI - Milwaukee North,
2026-09-14T22:45:04Z,204,2026-09-17,AB,Edmonton,AB - Edmonton,1789668000000
2026-09-14T22:45:04Z,204,2026-09-24,AB,Edmonton,AB - Edmonton,1790272800000
2026-09-14T22:45:04Z,204,,AB,Edmonton,AB - Edmonton,
2026-09-14T22:45:04Z,203,2026-09-15,AB,Calgary,AB - Calgary,1789495200000
2026-09-14T22:45:04Z,203,2026-09-22,AB,Calgary,AB - Calgary,1790100000000
2026-09-14T22:45:04Z,203,,AB,Calgary,AB - Calgary,
2026-09-14T22:45:04Z,326,2026-09-16,MS,Grenada,MS - Grenada,1789578000000
2026-09-14T22:45:04Z,326,,MS,Grenada,MS - Grenada,
2026-09-14T22:45:04Z,205,2026-09-15,QC,Montreal,QC - Montreal,1789488000000
2026-09-14T22:45:04Z,205,2026-09-22,QC,Montreal,QC - Montreal,1790092800000
2026-09-14T22:45:04Z,205,,QC,Montreal,QC - Montreal,
2026-09-14T22:45:04Z,328,2026-09-16,WY,Casper,WY - Casper,1789581600000
2026-09-14T22:45:04Z,328,2026-09-23,WY,Casper,WY - Casper,1790186400000
2026-09-14T22:45:04Z,328,,WY,Casper,WY - Casper,
2026-09-14T22:45:04Z,916,2026-09-16,AL,Cusseta,AL - Cusseta,1789578000000
2026-09-14T22:45:04Z,916,2026-09-23,AL,Cusseta,AL - Cusseta,1790182800000
2026-09-14T22:45:04Z,916,,AL,Cusseta,AL - Cusseta,
2026-09-14T22:45:04Z,350,2026-09-17,CT,Hartford Springfield,CT - Hartford Springfield,1789653600000
2026-09-14T22:45:04Z,350,,CT,Hartford Springfield,CT - Hartford Springfield,
2026-09-14T22:45:04Z,81,2026-09-16,IL,Chicago South,IL - Chicago South,1789578000000
2026-09-14T22:45:04Z,81,2026-09-18,IL,Chicago South,IL - Chicago South,1789750800000
2026-09-14T22:45:04Z,81,,IL,Chicago South,IL - Chicago South,
2026-09-14T22:45:04Z,82,2026-09-18,VA,Danville,VA - Danville,1789740000000
2026-09-14T22:45:04Z,82,,VA,Danville,VA - Danville,
2026-09-14T22:45:04Z,110,2026-09-14,HI,Honolulu,HI - Honolulu,1789423200000
2026-09-14T22:45:04Z,110,2026-09-21,HI,Honolulu,HI - Honolulu,1790028000000
2026-09-14T22:45:04Z,110,,HI,Honolulu,HI - Honolulu,
2026-09-14T22:45:04Z,80,2026-09-15,MN,Minneapolis North,MN - Minneapolis North,1789491600000
2026-09-14T22:45:04Z,80,2026-09-17,MN,Minneapolis North,MN - Minneapolis North,1789664400000
2026-09-14T22:45:04Z,80,,MN,Minneapolis North,MN - Minneapolis North,
2026-09-14T22:45:04Z,112,2026-09-17,OH,Cleveland West,OH - Cleveland West,1789653600000
2026-09-14T22:45:04Z,112,2026-09-21,OH,Cleveland West,OH - Cleveland West,1789999200000
2026-09-14T22:45:04Z,112,,OH,Cleveland West,OH - Cleveland West,
2026-09-14T22:45:04Z,111,2026-09-16,OH,Cleveland East,OH - Cleveland East,1789567200000
2026-09-14T22:45:04Z,111,,OH,Cleveland East,OH - Cleveland East,
2026-09-14T22:45:04Z,114,2026-09-15,TN,Knoxville,TN - Knoxville,1789480800000
2026-09-14T22:45:04Z,114,2026-09-17,TN,Knoxville,TN - Knoxville,1789653600000
2026-09-14T22:45:04Z,114,,TN,Knoxville,TN - Knoxville,
2026-09-14T22:45:04Z,356,2026-09-17,NC,Concord,NC - Concord,1789653600000
2026-09-14T22:45:04Z,356,2026-09-24,NC,Concord,NC - Concord,1790258400000
2026-09-14T22:45:04Z,356,,NC,Concord,NC - Concord,
2026-09-14T22:45:04Z,113,2026-09-15,AK,Anchorage,AK - Anchorage,1789502400000
2026-09-14T22:45:04Z,113,2026-09-22,AK,Anchorage,AK - Anchorage,1790107200000
2026-09-14T22:45:04Z,113,,AK,Anchorage,AK - Anchorage,
2026-09-14T22:45:04Z,89,2026-09-17,WV,Charleston,WV - Charleston,1789653600000
2026-09-14T22:45:04Z,89,2026-09-24,WV,Charleston,WV - Charleston,1790258400000
2026-09-14T22:45:04Z,89,,WV,Charleston,WV - Charleston,
2026-09-14T22:45:04Z,116,2026-09-16,WA,Spokane,WA - Spokane,1789585200000
2026-09-14T22:45:04Z,116,2026-09-23,WA,Spokane,WA - Spokane,1790190000000
2026-09-14T22:45:04Z,116,,WA,Spokane,WA - Spokane,
2026-09-14T22:45:04Z,115,2026-09-21,KY,Lexington East,KY - Lexington East,1789999200000
2026-09-14T22:45:04Z,115,,KY,Lexington East,KY - Lexington East,
2026-09-14T22:45:04Z,357,2026-09-17,TX,Houston East,TX - Houston East,1789664400000
2026-09-14T22:45:04Z,357,2026-09-21,TX,Houston East,TX - Houston East,1790010000000
2026-09-14T22:45:04Z,357,,TX,Houston East,TX - Houston East,
2026-09-14T22:45:04Z,118,2026-09-14,CO,Colorado Springs,CO - Colorado Springs,1789408800000
2026-09-14T22:45:04Z,118,2026-09-16,CO,Colorado Springs,CO - Colorado Springs,1789581600000
2026-09-14T22:45:04Z,118,,CO,Colorado Springs,CO - Colorado Springs,
2026-09-14T22:45:04Z,87,2026-09-17,GA,Savannah,GA - Savannah,1789653600000
2026-09-14T22:45:04Z,87,2026-09-21,GA,Savannah,GA - Savannah,1789999200000
2026-09-14T22:45:04Z,87,,GA,Savannah,GA - Savannah,
2026-09-14T22:45:04Z,117,2026-09-18,FL,Tallahassee,FL - Tallahassee,1789740000000
2026-09-14T22:45:04Z,117,2026-09-25,FL,Tallahassee,FL - Tallahassee,1790344800000
2026-09-14T22:45:04Z,117,,FL,Tallahassee,FL - Tallahassee,
2026-09-14T22:45:04Z,359,2026-09-15,GA,Augusta,GA - Augusta,1789480800000
2026-09-14T22:45:04Z,359,2026-09-22,GA,Augusta,GA - Augusta,1790085600000
2026-09-14T22:45:04Z,359,,GA,Augusta,GA - Augusta,
2026-09-14T22:45:04Z,88,2026-09-15,GA,Tifton,GA - Tifton,1789480800000
2026-09-14T22:45:04Z,88,2026-09-22,GA,Tifton,GA - Tifton,1790085600000
2026-09-14T22:45:04Z,88,,GA,Tifton,GA - Tifton,
2026-09-14T22:45:04Z,85,2026-09-16,PA,Pittsburgh South,PA - Pittsburgh South,1789567200000
2026-09-14T22:45:04Z,85,2026-09-23,PA,Pittsburgh South,PA - Pittsburgh South,1790172000000
2026-09-14T22:45:04Z,85,,PA,Pittsburgh South,PA - Pittsburgh South,
2026-09-14T22:45:04Z,86,2026-09-16,FL,Ft. Pierce,FL - Ft. Pierce,1789567200000
2026-09-14T22:45:04Z,86,2026-09-23,FL,Ft. Pierce,FL - Ft. Pierce,1790172000000
2026-09-14T22:45:04Z,86,,FL,Ft. Pierce,FL - Ft. Pierce,
2026-09-14T22:45:04Z,83,2026-09-16,KY,Lexington West,KY - Lexington West,1789567200000
2026-09-14T22:45:04Z,83,2026-09-23,KY,Lexington West,KY - Lexington West,1790172000000
2026-09-14T22:45:04Z,83,,KY,Lexington West,KY - Lexington West,
2026-09-14T22:45:04Z,84,2026-09-17,LA,Shreveport,LA - Shreveport,1789664400000
2026-09-14T22:45:04Z,84,2026-09-24,LA,Shreveport,LA - Shreveport,1790269200000
2026-09-14T22:45:04Z,84,,LA,Shreveport,LA - Shreveport,
2026-09-14T22:45:04Z,92,2026-09-16,MO,Springfield,MO - Springfield,1789578000000
2026-09-14T22:45:04Z,92,2026-09-21,MO,Springfield,MO - Springfield,1790010000000
2026-09-14T22:45:04Z,92,,MO,Springfield,MO - Springfield,
2026-09-14T22:45:04Z,93,2026-09-18,AZ,Tucson,AZ - Tucson,1789754400000
2026-09-14T22:45:04Z,93,,AZ,Tucson,AZ - Tucson,
2026-09-14T22:45:04Z,341,2026-09-17,AL,Dothan,AL - Dothan,1789664400000
2026-09-14T22:45:04Z,341,,AL,Dothan,AL - Dothan,
2026-09-14T22:45:04Z,90,2026-09-17,ME,Lyman,ME - Lyman,1789653600000
2026-09-14T22:45:04Z,90,2026-09-24,ME,Lyman,ME - Lyman,1790258400000
2026-09-14T22:45:04Z,90,,ME,Lyman,ME - Lyman,
2026-09-14T22:45:04Z,340,2026-09-16,NC,Gastonia,NC - Gastonia,1789567200000
2026-09-14T22:45:04Z,340,2026-09-23,NC,Gastonia,NC - Gastonia,1790172000000
2026-09-14T22:45:04Z,340,,NC,Gastonia,NC - Gastonia,
2026-09-14T22:45:04Z,91,2026-09-15,NJ,Somerville,NJ - Somerville,1789480800000
2026-09-14T22:45:04Z,91,2026-09-18,NJ,Somerville,NJ - Somerville,1789740000000
2026-09-14T22:45:04Z,91,,NJ,Somerville,NJ - Somerville,
2026-09-14T22:45:04Z,343,2026-09-18,CA,Redding,CA - Redding,1789758000000
2026-09-14T22:45:04Z,343,2026-09-25,CA,Redding,CA - Redding,1790362800000
2026-09-14T22:45:04Z,343,,CA,Redding,CA - Redding,
2026-09-14T22:45:04Z,101,2026-09-21,VA,Richmond East,VA - Richmond East,1789999200000
2026-09-14T22:45:04Z,101,,VA,Richmond East,VA - Richmond East,
2026-09-14T22:45:04Z,100,2026-09-17,NV,Reno,NV - Reno,1789671600000
2026-09-14T22:45:04Z,100,,NV,Reno,NV - Reno,
2026-09-14T22:45:04Z,342,2026-09-15,MD,Baltimore East,MD - Baltimore East,1789480800000
2026-09-14T22:45:04Z,342,2026-09-17,MD,Baltimore East,MD - Baltimore East,1789653600000
2026-09-14T22:45:04Z,342,,MD,Baltimore East,MD - Baltimore East,
2026-09-14T22:45:04Z,103,2026-09-18,MI,Lansing,MI - Lansing,1789740000000
2026-09-14T22:45:04Z,103,2026-09-25,MI,Lansing,MI - Lansing,1790344800000
2026-09-14T22:45:04Z,103,,MI,Lansing,MI - Lansing,
2026-09-14T22:45:04Z,345,2026-09-17,KY,Earlington,KY - Earlington,1789664400000
2026-09-14T22:45:04Z,345,2026-09-24,KY,Earlington,KY - Earlington,1790269200000
2026-09-14T22:45:04Z,345,,KY,Earlington,KY - Earlington,
2026-09-14T22:45:04Z,344,2026-09-21,NY,Buffalo,NY - Buffalo,1789999200000
2026-09-14T22:45:04Z,344,,NY,Buffalo,NY - Buffalo,
2026-09-14T22:45:04Z,102,2026-09-21,MD,Baltimore,MD - Baltimore,1789999200000
2026-09-14T22:45:04Z,102,,MD,Baltimore,MD - Baltimore,
2026-09-14T22:45:04Z,105,2026-09-16,FL,Miami Central,FL - Miami Central,1789567200000
2026-09-14T22:45:04Z,105,2026-09-21,FL,Miami Central,FL - Miami Central,1789999200000
2026-09-14T22:45:04Z,105,,FL,Miami Central,FL - Miami Central,
2026-09-14T22:45:04Z,104,2026-09-15,OR,Eugene,OR - Eugene,1789498800000
2026-09-14T22:45:04Z,104,2026-09-22,OR,Eugene,OR - Eugene,1790103600000
2026-09-14T22:45:04Z,104,,OR,Eugene,OR - Eugene,
2026-09-14T22:45:04Z,98,2026-09-15,TX,Ft. Worth,TX - Ft. Worth,1789491600000
2026-09-14T22:45:04Z,98,2026-09-18,TX,Ft. Worth,TX - Ft. Worth,1789750800000
2026-09-14T22:45:04Z,98,,TX,Ft. Worth,TX - Ft. Worth,
2026-09-14T22:45:04Z,107,2026-09-16,GA,Atlanta East,GA - Atlanta East,1789567200000
2026-09-14T22:45:04Z,107,2026-09-21,GA,Atlanta East,GA - Atlanta East,1789999200000
2026-09-14T22:45:04Z,107,,GA,Atlanta East,GA - Atlanta East,
2026-09-14T22:45:04Z,348,2026-09-15,FL,Punta Gorda,FL - Punta Gorda,1789480800000
2026-09-14T22:45:04Z,348,2026-09-18,FL,Punta Gorda,FL - Punta Gorda,1789740000000
2026-09-14T22:45:04Z,348,,FL,Punta Gorda,FL - Punta Gorda,
2026-09-14T22:45:04Z,106,2026-09-15,MT,Helena,MT - Helena,1789495200000
2026-09-14T22:45:04Z,106,2026-09-22,MT,Helena,MT - Helena,1790100000000
2026-09-14T22:45:04Z,106,,MT,Helena,MT - Helena,
2026-09-14T22:45:04Z,96,2026-09-15,TX,Corpus Christi,TX - Corpus Christi,1789491600000
2026-09-14T22:45:04Z,96,2026-09-22,TX,Corpus Christi,TX - Corpus Christi,1790096400000
2026-09-14T22:45:04Z,96,,TX,Corpus Christi,TX - Corpus Christi,
2026-09-14T22:45:04Z,108,2026-09-15,FL,Ocala,FL - Ocala,1789480800000
2026-09-14T22:45:04Z,108,2026-09-22,FL,Ocala,FL - Ocala,1790085600000
2026-09-14T22:45:04Z,108,,FL,Ocala,FL - Ocala,
2026-09-14T22:45:04Z,97,2026-09-15,CA,Rancho Cucamonga,CA - Rancho Cucamonga,1789498800000
2026-09-14T22:45:04Z,97,2026-09-17,CA,Rancho Cucamonga,CA - Rancho Cucamonga,1789671600000
2026-09-14T22:45:04Z,97,,CA,Rancho Cucamonga,CA - Rancho Cucamonga,
2026-09-14T22:45:04Z,94,2026-09-16,NY,Albany,NY - Albany,1789567200000
2026-09-14T22:45:04Z,94,2026-09-21,NY,Albany,NY - Albany,1789999200000
2026-09-14T22:45:04Z,94,,NY,Albany,NY - Albany,
2026-09-14T22:45:04Z,95,2026-09-15,TX,Amarillo,TX - Amarillo,1789491600000
2026-09-14T22:45:04Z,95,2026-09-22,TX,Amarillo,TX - Amarillo,1790096400000
2026-09-14T22:45:04Z,95,,TX,Amarillo,TX - Amarillo,
2026-09-14T22:45:04Z,130,2026-09-15,DE,Seaford,DE - Seaford,1789480800000
2026-09-14T22:45:04Z,130,2026-09-22,DE,Seaford,DE - Seaford,1790085600000
2026-09-14T22:45:04Z,130,,DE,Seaford,DE - Seaford,
2026-09-14T22:45:04Z,371,2026-09-21,WI,Milwaukee South,WI - Milwaukee South,1790010000000
2026-09-14T22:45:04Z,371,2026-09-28,WI,Milwaukee South,WI - Milwaukee South,1790614800000
2026-09-14T22:45:04Z,371,,WI,Milwaukee South,WI - Milwaukee South,
2026-09-14T22:45:04Z,373,2026-09-15,NC,Lagrange,NC - Lagrange,1789480800000
2026-09-14T22:45:04Z,373,2026-09-22,NC,Lagrange,NC - Lagrange,1790085600000
2026-09-14T22:45:04Z,373,,NC,Lagrange,NC - Lagrange,
2026-09-14T22:45:04Z,376,2026-09-15,OH,Akron,OH - Akron,1789480800000
2026-09-14T22:45:04Z,376,2026-09-18,OH,Akron,OH - Akron,1789740000000
2026-09-14T22:45:04Z,376,,OH,Akron,OH - Akron,
2026-09-14T22:45:04Z,134,2026-09-21,OR,Portland South,OR - Portland South,1790017200000
2026-09-14T22:45:04Z,134,,OR,Portland South,OR - Portland South,
2026-09-14T22:45:04Z,133,2026-09-14,NV,Las Vegas West,NV - Las Vegas West,1789412400000
2026-09-14T22:45:04Z,133,2026-09-16,NV,Las Vegas West,NV - Las Vegas West,1789585200000
2026-09-14T22:45:04Z,133,,NV,Las Vegas West,NV - Las Vegas West,
2026-09-14T22:45:04Z,136,2026-09-15,AL,Birmingham,AL - Birmingham,1789491600000
2026-09-14T22:45:04Z,136,2026-09-22,AL,Birmingham,AL - Birmingham,1790096400000
2026-09-14T22:45:04Z,136,,AL,Birmingham,AL - Birmingham,
2026-09-14T22:45:04Z,135,2026-09-16,NJ,Trenton,NJ - Trenton,1789567200000
2026-09-14T22:45:04Z,135,2026-09-21,NJ,Trenton,NJ - Trenton,1789999200000
2026-09-14T22:45:04Z,135,,NJ,Trenton,NJ - Trenton,
2026-09-14T22:45:04Z,138,2026-09-18,KY,Walton,KY - Walton,1789740000000
2026-09-14T22:45:04Z,138,,KY,Walton,KY - Walton,
2026-09-14T22:45:04Z,139,2026-09-18,VA,Richmond,VA - Richmond,1789740000000
2026-09-14T22:45:04Z,139,2026-10-02,VA,Richmond,VA - Richmond,1790949600000
2026-09-14T22:45:04Z,139,,VA,Richmond,VA - Richmond,
2026-09-14T22:45:04Z,370,2026-09-21,IN,Dyer,IN - Dyer,1790010000000
2026-09-14T22:45:04Z,370,2026-09-28,IN,Dyer,IN - Dyer,1790614800000
2026-09-14T22:45:04Z,370,,IN,Dyer,IN - Dyer,
2026-09-14T22:45:04Z,361,2026-09-16,MA,Freetown,MA - Freetown,1789567200000
2026-09-14T22:45:04Z,361,2026-09-23,MA,Freetown,MA - Freetown,1790172000000
2026-09-14T22:45:04Z,361,,MA,Freetown,MA - Freetown,
2026-09-14T22:45:04Z,360,2026-09-21,IN,Fort Wayne,IN - Fort Wayne,1789999200000
2026-09-14T22:45:04Z,360,,IN,Fort Wayne,IN - Fort Wayne,
2026-09-14T22:45:04Z,363,2026-09-21,ND,Bismarck,ND - Bismarck,1790017200000
2026-09-14T22:45:04Z,363,,ND,Bismarck,ND - Bismarck,
2026-09-14T22:45:04Z,362,2026-09-15,AZ,Phoenix North,AZ - Phoenix North,1789495200000
2026-09-14T22:45:04Z,362,2026-09-17,AZ,Phoenix North,AZ - Phoenix North,1789668000000
2026-09-14T22:45:04Z,362,,AZ,Phoenix North,AZ - Phoenix North,
2026-09-14T22:45:04Z,120,2026-09-15,CO,Denver Central,CO - Denver Central,1789495200000
2026-09-14T22:45:04Z,120,2026-09-17,CO,Denver Central,CO - Denver Central,1789668000000
2026-09-14T22:45:04Z,120,,CO,Denver Central,CO - Denver Central,
2026-09-14T22:45:04Z,123,2026-09-15,NE,Lincoln,NE - Lincoln,1789491600000
2026-09-14T22:45:04Z,123,2026-09-22,NE,Lincoln,NE - Lincoln,1790096400000
2026-09-14T22:45:04Z,123,,NE,Lincoln,NE - Lincoln,
2026-09-14T22:45:04Z,1,2026-09-18,CA,Vallejo,CA - Vallejo,1789758000000
2026-09-14T22:45:04Z,1,,CA,Vallejo,CA - Vallejo,
2026-09-14T22:45:04Z,2,2026-09-15,CA,Sacramento,CA - Sacramento,1789498800000
2026-09-14T22:45:04Z,2,2026-09-17,CA,Sacramento,CA - Sacramento,1789671600000
2026-09-14T22:45:04Z,2,,CA,Sacramento,CA - Sacramento,
2026-09-14T22:45:04Z,122,2026-09-21,MT,Billings,MT - Billings,1790013600000
2026-09-14T22:45:04Z,122,,MT,Billings,MT - Billings,
2026-09-14T22:45:04Z,367,2026-09-16,CA,Mentone,CA - Mentone,1789585200000
2026-09-14T22:45:04Z,367,2026-09-23,CA,Mentone,CA - Mentone,1790190000000
2026-09-14T22:45:04Z,367,,CA,Mentone,CA - Mentone,
2026-09-14T22:45:04Z,3,2026-09-15,CA,Hayward,CA - Hayward,1789498800000
2026-09-14T22:45:04Z,3,2026-09-17,CA,Hayward,CA - Hayward,1789671600000
2026-09-14T22:45:04Z,3,,CA,Hayward,CA - Hayward,
2026-09-14T22:45:04Z,125,2026-09-15,MO,Columbia,MO - Columbia,1789491600000
2026-09-14T22:45:04Z,125,2026-09-22,MO,Columbia,MO - Columbia,1790096400000
2026-09-14T22:45:04Z,125,,MO,Columbia,MO - Columbia,
2026-09-14T22:45:04Z,4,2026-09-14,CA,Fresno,CA - Fresno,1789412400000
2026-09-14T22:45:04Z,4,2026-09-17,CA,Fresno,CA - Fresno,1789671600000
2026-09-14T22:45:04Z,4,,CA,Fresno,CA - Fresno,
2026-09-14T22:45:04Z,366,2026-09-21,FL,Clewiston,FL - Clewiston,1789999200000
2026-09-14T22:45:04Z,366,,FL,Clewiston,FL - Clewiston,
2026-09-14T22:45:04Z,5,2026-09-18,CA,Bakersfield,CA - Bakersfield,1789758000000
2026-09-14T22:45:04Z,5,2026-09-25,CA,Bakersfield,CA - Bakersfield,1790362800000
2026-09-14T22:45:04Z,5,,CA,Bakersfield,CA - Bakersfield,
2026-09-14T22:45:04Z,127,2026-09-17,PA,York Haven,PA - York Haven,1789653600000
2026-09-14T22:45:04Z,127,2026-09-21,PA,York Haven,PA - York Haven,1789999200000
2026-09-14T22:45:04Z,127,,PA,York Haven,PA - York Haven,
2026-09-14T22:45:04Z,369,2026-09-15,KS,Kansas City,KS - Kansas City,1789491600000
2026-09-14T22:45:04Z,369,2026-09-17,KS,Kansas City,KS - Kansas City,1789664400000
2026-09-14T22:45:04Z,369,,KS,Kansas City,KS - Kansas City,
2026-09-14T22:45:04Z,6,2026-09-15,CA,San Jose,CA - San Jose,1789498800000
2026-09-14T22:45:04Z,6,2026-09-17,CA,San Jose,CA - San Jose,1789671600000
2026-09-14T22:45:04Z,6,,CA,San Jose,CA - San Jose,
2026-09-14T22:45:04Z,368,2026-09-18,NC,Raleigh North,NC - Raleigh North,1789740000000
2026-09-14T22:45:04Z,368,2026-09-25,NC,Raleigh North,NC - Raleigh North,1790344800000
2026-09-14T22:45:04Z,368,,NC,Raleigh North,NC - Raleigh North,
2026-09-14T22:45:04Z,129,2026-09-17,PA,Altoona,PA - Altoona,1789653600000
2026-09-14T22:45:04Z,129,,PA,Altoona,PA - Altoona,
2026-09-14T22:45:04Z,7,2026-09-14,CA,San Bernardino,CA - San Bernardino,1789412400000
2026-09-14T22:45:04Z,7,2026-09-17,CA,San Bernardino,CA - San Bernardino,1789671600000
2026-09-14T22:45:04Z,7,,CA,San Bernardino,CA - San Bernardino,
2026-09-14T22:45:04Z,128,2026-09-18,PA,Chambersburg,PA - Chambersburg,1789740000000
2026-09-14T22:45:04Z,128,2026-09-25,PA,Chambersburg,PA - Chambersburg,1790344800000
2026-09-14T22:45:04Z,128,,PA,Chambersburg,PA - Chambersburg,
2026-09-14T22:45:04Z,9,2026-09-14,OR,Portland North,OR - Portland North,1789412400000
2026-09-14T22:45:04Z,9,2026-09-16,OR,Portland North,OR - Portland North,1789585200000
2026-09-14T22:45:04Z,9,,OR,Portland North,OR - Portland North,
2026-09-14T22:45:04Z,838,2026-09-14,,Rental Vehicle Sale,Rental Vehicle Sale,1789401600000
2026-09-14T22:45:04Z,838,2026-09-16,,Rental Vehicle Sale,Rental Vehicle Sale,1789574400000
2026-09-14T22:45:04Z,838,,,Rental Vehicle Sale,Rental Vehicle Sale,
2026-09-14T22:45:04Z,47,2026-09-14,AZ,Phoenix,AZ - Phoenix,1789408800000
2026-09-14T22:45:04Z,47,2026-09-16,AZ,Phoenix,AZ - Phoenix,1789581600000
2026-09-14T22:45:04Z,47,,AZ,Phoenix,AZ - Phoenix,
2026-09-14T22:45:04Z,48,2026-09-14,WA,North Seattle,WA - North Seattle,1789412400000
2026-09-14T22:45:04Z,48,2026-09-21,WA,North Seattle,WA - North Seattle,1790017200000
2026-09-14T22:45:04Z,48,,WA,North Seattle,WA - North Seattle,
2026-09-14T22:45:04Z,161,2026-09-16,MI,Kincheloe,MI - Kincheloe,1789567200000
2026-09-14T22:45:04Z,161,2026-09-23,MI,Kincheloe,MI - Kincheloe,1790172000000
2026-09-14T22:45:04Z,161,,MI,Kincheloe,MI - Kincheloe,
2026-09-14T22:45:04Z,160,2026-09-18,MI,Ionia,MI - Ionia,1789740000000
2026-09-14T22:45:04Z,160,,MI,Ionia,MI - Ionia,
2026-09-14T22:45:04Z,394,2026-09-17,TX,North Austin,TX - North Austin,1789664400000
2026-09-14T22:45:04Z,394,2026-09-24,TX,North Austin,TX - North Austin,1790269200000
2026-09-14T22:45:04Z,394,,TX,North Austin,TX - North Austin,
2026-09-14T22:45:04Z,151,2026-09-15,CA,Antelope,CA - Antelope,1789498800000
2026-09-14T22:45:04Z,151,2026-09-17,CA,Antelope,CA - Antelope,1789671600000
2026-09-14T22:45:04Z,151,,CA,Antelope,CA - Antelope,
2026-09-14T22:45:04Z,154,2026-09-16,NC,Mebane,NC - Mebane,1789567200000
2026-09-14T22:45:04Z,154,2026-09-23,NC,Mebane,NC - Mebane,1790172000000
2026-09-14T22:45:04Z,154,,NC,Mebane,NC - Mebane,
2026-09-14T22:45:04Z,396,2026-09-15,SD,Rapid City,SD - Rapid City,1789495200000
2026-09-14T22:45:04Z,396,2026-09-22,SD,Rapid City,SD - Rapid City,1790100000000
2026-09-14T22:45:04Z,396,,SD,Rapid City,SD - Rapid City,
2026-09-14T22:45:04Z,395,2026-09-21,VT,Rutland,VT - Rutland,1789999200000
2026-09-14T22:45:04Z,395,,VT,Rutland,VT - Rutland,
2026-09-14T22:45:04Z,153,2026-09-16,FL,Orlando North,FL - Orlando North,1789567200000
2026-09-14T22:45:04Z,153,2026-09-21,FL,Orlando North,FL - Orlando North,1789999200000
2026-09-14T22:45:04Z,153,,FL,Orlando North,FL - Orlando North,
2026-09-14T22:45:04Z,156,2026-09-21,IL,Wheeling,IL - Wheeling,1790010000000
2026-09-14T22:45:04Z,156,,IL,Wheeling,IL - Wheeling,
2026-09-14T22:45:04Z,398,2026-09-16,IA,Cedar Rapids,IA - Cedar Rapids,1789578000000
2026-09-14T22:45:04Z,398,2026-09-23,IA,Cedar Rapids,IA - Cedar Rapids,1790182800000
2026-09-14T22:45:04Z,398,,IA,Cedar Rapids,IA - Cedar Rapids,
2026-09-14T22:45:04Z,155,2026-09-15,NH,Candia,NH - Candia,1789480800000
2026-09-14T22:45:04Z,155,2026-09-17,NH,Candia,NH - Candia,1789653600000
2026-09-14T22:45:04Z,155,,NH,Candia,NH - Candia,
2026-09-14T22:45:04Z,157,2026-09-16,GA,Atlanta North,GA - Atlanta North,1789567200000
2026-09-14T22:45:04Z,157,2026-09-23,GA,Atlanta North,GA - Atlanta North,1790172000000
2026-09-14T22:45:04Z,157,,GA,Atlanta North,GA - Atlanta North,
2026-09-14T22:45:04Z,45,2026-09-18,TX,El Paso,TX - El Paso,1789754400000
2026-09-14T22:45:04Z,45,2026-09-25,TX,El Paso,TX - El Paso,1790359200000
2026-09-14T22:45:04Z,45,,TX,El Paso,TX - El Paso,
2026-09-14T22:45:04Z,159,2026-09-16,MI,Flint,MI - Flint,1789567200000
2026-09-14T22:45:04Z,159,2026-09-23,MI,Flint,MI - Flint,1790172000000
2026-09-14T22:45:04Z,159,,MI,Flint,MI - Flint,
2026-09-14T22:45:04Z,43,2026-09-15,CA,Van Nuys,CA - Van Nuys,1789498800000
2026-09-14T22:45:04Z,43,2026-09-18,CA,Van Nuys,CA - Van Nuys,1789758000000
2026-09-14T22:45:04Z,43,,CA,Van Nuys,CA - Van Nuys,
2026-09-14T22:45:04Z,833,2026-09-15,,"Heavy Truck, Trailer, Rv Clean Title Sale","Heavy Truck, Trailer, Rv Clean Title Sale",1789488000000
2026-09-14T22:45:04Z,833,2026-09-22,,"Heavy Truck, Trailer, Rv Clean Title Sale","Heavy Truck, Trailer, Rv Clean Title Sale",1790092800000
2026-09-14T22:45:04Z,833,,,"Heavy Truck, Trailer, Rv Clean Title Sale","Heavy Truck, Trailer, Rv Clean Title Sale",
2026-09-14T22:45:04Z,832,2026-09-21,,Medium Duty Clean Title Sale,Medium Duty Clean Title Sale,1790006400000
2026-09-14T22:45:04Z,832,2026-10-05,,Medium Duty Clean Title Sale,Medium Duty Clean Title Sale,1791216000000
2026-09-14T22:45:04Z,832,,,Medium Duty Clean Title Sale,Medium Duty Clean Title Sale,
2026-09-14T22:45:04Z,44,2026-09-15,IN,Indianapolis,IN - Indianapolis,1789480800000
2026-09-14T22:45:04Z,44,2026-09-18,IN,Indianapolis,IN - Indianapolis,1789740000000
2026-09-14T22:45:04Z,44,,IN,Indianapolis,IN - Indianapolis,
2026-09-14T22:45:04Z,835,2026-09-16,,Medium Duty Specialty Sale,Medium Duty Specialty Sale,1789574400000
2026-09-14T22:45:04Z,835,2026-09-23,,Medium Duty Specialty Sale,Medium Duty Specialty Sale,1790179200000
2026-09-14T22:45:04Z,835,,,Medium Duty Specialty Sale,Medium Duty Specialty Sale,
2026-09-14T22:45:04Z,41,2026-09-21,NC,China Grove,NC - China Grove,1789999200000
2026-09-14T22:45:04Z,41,2026-09-28,NC,China Grove,NC - China Grove,1790604000000
2026-09-14T22:45:04Z,41,,NC,China Grove,NC - China Grove,
2026-09-14T22:45:04Z,837,2026-09-18,,Equipment Specialty Sale,Equipment Specialty Sale,1789747200000
2026-09-14T22:45:04Z,837,2026-09-25,,Equipment Specialty Sale,Equipment Specialty Sale,1790352000000
2026-09-14T22:45:04Z,837,,,Equipment Specialty Sale,Equipment Specialty Sale,
2026-09-14T22:45:04Z,40,2026-09-18,MS,Jackson,MS - Jackson,1789750800000
2026-09-14T22:45:04Z,40,,MS,Jackson,MS - Jackson,
2026-09-14T22:45:04Z,836,2026-09-17,,"Heavy Truck, Trailer, Rv Specialty Sale","Heavy Truck, Trailer, Rv Specialty Sale",1789660800000
2026-09-14T22:45:04Z,836,2026-09-24,,"Heavy Truck, Trailer, Rv Specialty Sale","Heavy Truck, Trailer, Rv Specialty Sale",1790265600000
2026-09-14T22:45:04Z,836,,,"Heavy Truck, Trailer, Rv Specialty Sale","Heavy Truck, Trailer, Rv Specialty Sale",
2026-09-14T22:45:04Z,58,2026-09-21,AL,Mobile,AL - Mobile,1790010000000
2026-09-14T22:45:04Z,58,,AL,Mobile,AL - Mobile,
2026-09-14T22:45:04Z,59,2026-09-15,CA,San Diego,CA - San Diego,1789498800000
2026-09-14T22:45:04Z,59,2026-09-18,CA,San Diego,CA - San Diego,1789758000000
2026-09-14T22:45:04Z,59,,CA,San Diego,CA - San Diego,
2026-09-14T22:45:04Z,141,2026-09-21,MO,Sikeston,MO - Sikeston,1790010000000
2026-09-14T22:45:04Z,141,2026-09-28,MO,Sikeston,MO - Sikeston,1790614800000
2026-09-14T22:45:04Z,141,,MO,Sikeston,MO - Sikeston,
2026-09-14T22:45:04Z,140,2026-09-16,AR,Fayetteville,AR - Fayetteville,1789578000000
2026-09-14T22:45:04Z,140,2026-09-21,AR,Fayetteville,AR - Fayetteville,1790010000000
2026-09-14T22:45:04Z,140,,AR,Fayetteville,AR - Fayetteville,
2026-09-14T22:45:04Z,143,2026-09-17,KY,Louisville,KY - Louisville,1789653600000
2026-09-14T22:45:04Z,143,2026-09-21,KY,Louisville,KY - Louisville,1789999200000
2026-09-14T22:45:04Z,143,,KY,Louisville,KY - Louisville,
2026-09-14T22:45:04Z,385,2026-09-17,MI,Wayland,MI - Wayland,1789653600000
2026-09-14T22:45:04Z,385,2026-09-24,MI,Wayland,MI - Wayland,1790258400000
2026-09-14T22:45:04Z,385,,MI,Wayland,MI - Wayland,
2026-09-14T22:45:04Z,142,2026-09-16,PA,Scranton,PA - Scranton,1789567200000
2026-09-14T22:45:04Z,142,,PA,Scranton,PA - Scranton,
2026-09-14T22:45:04Z,384,2026-09-16,ME,Windham,ME - Windham,1789567200000
2026-09-14T22:45:04Z,384,2026-09-18,ME,Windham,ME - Windham,1789740000000
2026-09-14T22:45:04Z,384,,ME,Windham,ME - Windham,
2026-09-14T22:45:04Z,145,2026-09-17,AL,Montgomery,AL - Montgomery,1789664400000
2026-09-14T22:45:04Z,145,2026-10-15,AL,Montgomery,AL - Montgomery,1792083600000
2026-09-14T22:45:04Z,145,,AL,Montgomery,AL - Montgomery,
2026-09-14T22:45:04Z,386,2026-09-21,LA,Vinton,LA - Vinton,1790010000000
2026-09-14T22:45:04Z,386,,LA,Vinton,LA - Vinton,
2026-09-14T22:45:04Z,144,2026-09-16,SC,Spartanburg,SC - Spartanburg,1789567200000
2026-09-14T22:45:04Z,144,2026-09-21,SC,Spartanburg,SC - Spartanburg,1789999200000
2026-09-14T22:45:04Z,144,,SC,Spartanburg,SC - Spartanburg,
2026-09-14T22:45:04Z,146,2026-09-15,GA,Atlanta South,GA - Atlanta South,1789480800000
2026-09-14T22:45:04Z,146,2026-09-17,GA,Atlanta South,GA - Atlanta South,1789653600000
2026-09-14T22:45:04Z,146,,GA,Atlanta South,GA - Atlanta South,
2026-09-14T22:45:04Z,56,2026-09-18,SC,Columbia,SC - Columbia,1789740000000
2026-09-14T22:45:04Z,56,,SC,Columbia,SC - Columbia,
2026-09-14T22:45:04Z,149,2026-09-16,MA,West Warren,MA - West Warren,1789567200000
2026-09-14T22:45:04Z,149,2026-09-23,MA,West Warren,MA - West Warren,1790172000000
2026-09-14T22:45:04Z,149,,MA,West Warren,MA - West Warren,
2026-09-14T22:45:04Z,57,2026-09-15,NV,Las Vegas,NV - Las Vegas,1789498800000
2026-09-14T22:45:04Z,57,2026-09-17,NV,Las Vegas,NV - Las Vegas,1789671600000
2026-09-14T22:45:04Z,57,,NV,Las Vegas,NV - Las Vegas,
2026-09-14T22:45:04Z,148,2026-09-16,FL,Miami South,FL - Miami South,1789567200000
2026-09-14T22:45:04Z,148,2026-09-23,FL,Miami South,FL - Miami South,1790172000000
2026-09-14T22:45:04Z,148,,FL,Miami South,FL - Miami South,
2026-09-14T22:45:04Z,54,2026-09-15,NC,Raleigh,NC - Raleigh,1789480800000
2026-09-14T22:45:04Z,54,2026-09-17,NC,Raleigh,NC - Raleigh,1789653600000
2026-09-14T22:45:04Z,54,,NC,Raleigh,NC - Raleigh,
2026-09-14T22:45:04Z,55,2026-09-15,FL,Orlando South,FL - Orlando South,1789480800000
2026-09-14T22:45:04Z,55,2026-09-17,FL,Orlando South,FL - Orlando South,1789653600000
2026-09-14T22:45:04Z,55,,FL,Orlando South,FL - Orlando South,
2026-09-14T22:45:04Z,52,2026-09-21,MN,St. Cloud,MN - St. Cloud,1790010000000
2026-09-14T22:45:04Z,52,2026-09-28,MN,St. Cloud,MN - St. Cloud,1790614800000
2026-09-14T22:45:04Z,52,,MN,St. Cloud,MN - St. Cloud,
2026-09-14T22:45:04Z,53,2026-09-16,MA,North Boston,MA - North Boston,1789567200000
2026-09-14T22:45:04Z,53,2026-09-17,MA,North Boston,MA - North Boston,1789653600000
2026-09-14T22:45:04Z,53,,MA,North Boston,MA - North Boston,
2026-09-14T22:45:04Z,50,2026-09-15,LA,Baton Rouge,LA - Baton Rouge,1789491600000
2026-09-14T22:45:04Z,50,2026-09-18,LA,Baton Rouge,LA - Baton Rouge,1789750800000
2026-09-14T22:45:04Z,50,,LA,Baton Rouge,LA - Baton Rouge,
2026-09-14T22:45:04Z,51,2026-09-21,IL,Peoria,IL - Peoria,1790010000000
2026-09-14T22:45:04Z,51,,IL,Peoria,IL - Peoria,
2026-09-14T22:45:04Z,69,2026-09-15,NJ,Glassboro West,NJ - Glassboro West,1789480800000
2026-09-14T22:45:04Z,69,2026-09-22,NJ,Glassboro West,NJ - Glassboro West,1790085600000
2026-09-14T22:45:04Z,69,,NJ,Glassboro West,NJ - Glassboro West,
2026-09-14T22:45:04Z,181,2026-09-17,TX,Dallas South,TX - Dallas South,1789664400000
2026-09-14T22:45:04Z,181,2026-09-21,TX,Dallas South,TX - Dallas South,1790010000000
2026-09-14T22:45:04Z,181,,TX,Dallas South,TX - Dallas South,
2026-09-14T22:45:04Z,180,2026-09-14,CA,Sun Valley,CA - Sun Valley,1789412400000
2026-09-14T22:45:04Z,180,2026-09-16,CA,Sun Valley,CA - Sun Valley,1789585200000
2026-09-14T22:45:04Z,180,,CA,Sun Valley,CA - Sun Valley,
2026-09-14T22:45:04Z,182,2026-09-16,TX,Waco,TX - Waco,1789578000000
2026-09-14T22:45:04Z,182,2026-09-23,TX,Waco,TX - Waco,1790182800000
2026-09-14T22:45:04Z,182,,TX,Waco,TX - Waco,
2026-09-14T22:45:04Z,174,2026-09-16,PA,Pittsburgh West,PA - Pittsburgh West,1789567200000
2026-09-14T22:45:04Z,174,2026-09-23,PA,Pittsburgh West,PA - Pittsburgh West,1790172000000
2026-09-14T22:45:04Z,174,,PA,Pittsburgh West,PA - Pittsburgh West,
2026-09-14T22:45:04Z,295,2026-09-17,,Atlantic Canada Auction,Atlantic Canada Auction,1789660800000
2026-09-14T22:45:04Z,295,2026-09-24,,Atlantic Canada Auction,Atlantic Canada Auction,1790265600000
2026-09-14T22:45:04Z,295,,,Atlantic Canada Auction,Atlantic Canada Auction,
2026-09-14T22:45:04Z,60,2026-09-18,IA,Des Moines,IA - Des Moines,1789750800000
2026-09-14T22:45:04Z,60,2026-09-25,IA,Des Moines,IA - Des Moines,1790355600000
2026-09-14T22:45:04Z,60,,IA,Des Moines,IA - Des Moines,
2026-09-14T22:45:04Z,173,2026-09-21,GA,Fairburn,GA - Fairburn,1789999200000
2026-09-14T22:45:04Z,173,,GA,Fairburn,GA - Fairburn,
2026-09-14T22:45:04Z,294,2026-09-15,,Ontario Auction,Ontario Auction,1789480800000
2026-09-14T22:45:04Z,294,2026-09-17,,Ontario Auction,Ontario Auction,1789653600000
2026-09-14T22:45:04Z,294,,,Ontario Auction,Ontario Auction,
2026-09-14T22:45:04Z,175,2026-09-17,GA,Cartersville,GA - Cartersville,1789653600000
2026-09-14T22:45:04Z,175,2026-09-24,GA,Cartersville,GA - Cartersville,1790258400000
2026-09-14T22:45:04Z,175,,GA,Cartersville,GA - Cartersville,
2026-09-14T22:45:04Z,850,2026-09-18,,Connecticut Friday Sale,Connecticut Friday Sale,1789758000000
2026-09-14T22:45:04Z,850,,,Connecticut Friday Sale,Connecticut Friday Sale,
2026-09-14T22:45:04Z,67,2026-09-16,KS,Wichita,KS - Wichita,1789578000000
2026-09-14T22:45:04Z,67,2026-09-21,KS,Wichita,KS - Wichita,1790010000000
2026-09-14T22:45:04Z,67,,KS,Wichita,KS - Wichita,
2026-09-14T22:45:04Z,68,2026-09-15,CO,Denver,CO - Denver,1789495200000
2026-09-14T22:45:04Z,68,2026-09-17,CO,Denver,CO - Denver,1789668000000
2026-09-14T22:45:04Z,68,,CO,Denver,CO - Denver,
2026-09-14T22:45:04Z,65,2026-09-16,TX,McAllen,TX - McAllen,1789578000000
2026-09-14T22:45:04Z,65,,TX,McAllen,TX - McAllen,
2026-09-14T22:45:04Z,855,2026-09-15,,Wholesale Auction,Wholesale Auction,1789488000000
2026-09-14T22:45:04Z,855,2026-09-17,,Wholesale Auction,Wholesale Auction,1789660800000
2026-09-14T22:45:04Z,855,,,Wholesale Auction,Wholesale Auction,
2026-09-14T22:45:04Z,66,2026-09-16,AL,Tanner,AL - Tanner,1789578000000
2026-09-14T22:45:04Z,66,2026-09-23,AL,Tanner,AL - Tanner,1790182800000
2026-09-14T22:45:04Z,66,,AL,Tanner,AL - Tanner,
2026-09-14T22:45:04Z,63,2026-09-16,TN,Nashville,TN - Nashville,1789578000000
2026-09-14T22:45:04Z,63,2026-09-21,TN,Nashville,TN - Nashville,1790010000000
2026-09-14T22:45:04Z,63,,TN,Nashville,TN - Nashville,
2026-09-14T22:45:04Z,61,2026-09-15,MI,Detroit,MI - Detroit,1789480800000
2026-09-14T22:45:04Z,61,2026-09-18,MI,Detroit,MI - Detroit,1789740000000
2026-09-14T22:45:04Z,61,,MI,Detroit,MI - Detroit,
2026-09-14T22:45:04Z,62,2026-09-17,TX,Austin,TX - Austin,1789664400000
2026-09-14T22:45:04Z,62,2026-09-24,TX,Austin,TX - Austin,1790269200000
2026-09-14T22:45:04Z,62,,TX,Austin,TX - Austin,
2026-09-14T22:45:04Z,170,2026-09-15,IN,Cicero,IN - Cicero,1789480800000
2026-09-14T22:45:04Z,170,2026-09-22,IN,Cicero,IN - Cicero,1790085600000
2026-09-14T22:45:04Z,170,,IN,Cicero,IN - Cicero,
2026-09-14T22:45:04Z,292,2026-09-16,,Wholesale Auction Canada,Wholesale Auction Canada,1789578000000
2026-09-14T22:45:04Z,292,2026-09-23,,Wholesale Auction Canada,Wholesale Auction Canada,1790182800000
2026-09-14T22:45:04Z,292,,,Wholesale Auction Canada,Wholesale Auction Canada,
2026-09-14T22:45:04Z,163,2026-09-16,FL,Jacksonville North,FL - Jacksonville North,1789567200000
2026-09-14T22:45:04Z,163,2026-09-21,FL,Jacksonville North,FL - Jacksonville North,1789999200000
2026-09-14T22:45:04Z,163,,FL,Jacksonville North,FL - Jacksonville North,
2026-09-14T22:45:04Z,70,2026-09-15,FL,West Palm Beach,FL - West Palm Beach,1789480800000
2026-09-14T22:45:04Z,70,2026-09-17,FL,West Palm Beach,FL - West Palm Beach,1789653600000
2026-09-14T22:45:04Z,70,,FL,West Palm Beach,FL - West Palm Beach,
2026-09-14T22:45:04Z,71,2026-09-18,WA,Pasco,WA - Pasco,1789758000000
2026-09-14T22:45:04Z,71,,WA,Pasco,WA - Pasco,
2026-09-14T22:45:04Z,162,2026-09-15,VA,Hampton,VA - Hampton,1789480800000
2026-09-14T22:45:04Z,162,2026-09-22,VA,Hampton,VA - Hampton,1790085600000
2026-09-14T22:45:04Z,162,,VA,Hampton,VA - Hampton,
2026-09-14T22:45:04Z,164,2026-09-16,PA,Philadelphia East,PA - Philadelphia East,1789567200000
2026-09-14T22:45:04Z,164,2026-09-21,PA,Philadelphia East,PA - Philadelphia East,1789999200000
2026-09-14T22:45:04Z,164,,PA,Philadelphia East,PA - Philadelphia East,
2026-09-14T22:45:04Z,166,2026-09-16,OH,Dayton,OH - Dayton,1789567200000
2026-09-14T22:45:04Z,166,2026-09-18,OH,Dayton,OH - Dayton,1789740000000
2026-09-14T22:45:04Z,166,,OH,Dayton,OH - Dayton,
2026-09-14T22:45:04Z,169,2026-09-16,IA,Davenport,IA - Davenport,1789578000000
2026-09-14T22:45:04Z,169,2026-09-23,IA,Davenport,IA - Davenport,1790182800000
2026-09-14T22:45:04Z,169,,IA,Davenport,IA - Davenport,
2026-09-14T22:45:04Z,78,2026-09-14,CA,Martinez,CA - Martinez,1789412400000
2026-09-14T22:45:04Z,78,2026-09-16,CA,Martinez,CA - Martinez,1789585200000
2026-09-14T22:45:04Z,78,,CA,Martinez,CA - Martinez,
2026-09-14T22:45:04Z,841,2026-09-17,,CrashedToys Powersport Auction,CrashedToys Powersport Auction,1789664400000
2026-09-14T22:45:04Z,841,2026-09-24,,CrashedToys Powersport Auction,CrashedToys Powersport Auction,1790269200000
2026-09-14T22:45:04Z,841,,,CrashedToys Powersport Auction,CrashedToys Powersport Auction,
2026-09-14T22:45:04Z,79,2026-09-16,LA,New Orleans,LA - New Orleans,1789578000000
2026-09-14T22:45:04Z,79,2026-09-23,LA,New Orleans,LA - New Orleans,1790182800000
2026-09-14T22:45:04Z,79,,LA,New Orleans,LA - New Orleans,
2026-09-14T22:45:04Z,76,2026-09-15,PA,Harrisburg,PA - Harrisburg,1789480800000
2026-09-14T22:45:04Z,76,2026-09-22,PA,Harrisburg,PA - Harrisburg,1790085600000
2026-09-14T22:45:04Z,76,,PA,Harrisburg,PA - Harrisburg,
2026-09-14T22:45:04Z,74,2026-09-17,TX,San Antonio,TX - San Antonio,1789664400000
2026-09-14T22:45:04Z,74,2026-09-24,TX,San Antonio,TX - San Antonio,1790269200000
2026-09-14T22:45:04Z,74,,TX,San Antonio,TX - San Antonio,
2026-09-14T22:45:04Z,75,2026-09-17,NM,Albuquerque,NM - Albuquerque,1789668000000
2026-09-14T22:45:04Z,75,2026-09-21,NM,Albuquerque,NM - Albuquerque,1790013600000
2026-09-14T22:45:04Z,75,,NM,Albuquerque,NM - Albuquerque,
2026-09-14T22:45:04Z,72,2026-09-17,ID,Boise,ID - Boise,1789668000000
2026-09-14T22:45:04Z,72,2026-09-24,ID,Boise,ID - Boise,1790272800000
2026-09-14T22:45:04Z,72,,ID,Boise,ID - Boise,
2026-09-14T22:45:04Z,73,2026-09-18,TX,Abilene,TX - Abilene,1789750800000
2026-09-14T22:45:04Z,73,2026-09-25,TX,Abilene,TX - Abilene,1790355600000
2026-09-14T22:45:04Z,73,,TX,Abilene,TX - Abilene,
2026-09-14T22:45:04Z,196,2026-09-16,NC,Mocksville,NC - Mocksville,1789567200000
2026-09-14T22:45:04Z,196,2026-09-23,NC,Mocksville,NC - Mocksville,1790172000000
2026-09-14T22:45:04Z,196,,NC,Mocksville,NC - Mocksville,
2026-09-14T22:45:04Z,197,2026-09-16,SC,North Charleston,SC - North Charleston,1789567200000
2026-09-14T22:45:04Z,197,2026-09-21,SC,North Charleston,SC - North Charleston,1789999200000
2026-09-14T22:45:04Z,197,,SC,North Charleston,SC - North Charleston,
2026-09-14T22:45:04Z,199,2026-09-15,RI,Exeter,RI - Exeter,1789480800000
2026-09-14T22:45:04Z,199,2026-09-17,RI,Exeter,RI - Exeter,1789653600000
2026-09-14T22:45:04Z,199,,RI,Exeter,RI - Exeter,
2026-09-14T22:45:04Z,18,2026-09-15,OK,Oklahoma City,OK - Oklahoma City,1789491600000
2026-09-14T22:45:04Z,18,2026-09-17,OK,Oklahoma City,OK - Oklahoma City,1789664400000
2026-09-14T22:45:04Z,18,,OK,Oklahoma City,OK - Oklahoma City,
2026-09-14T22:45:04Z,19,2026-09-16,OK,Tulsa,OK - Tulsa,1789578000000
2026-09-14T22:45:04Z,19,2026-09-18,OK,Tulsa,OK - Tulsa,1789750800000
2026-09-14T22:45:04Z,19,,OK,Tulsa,OK - Tulsa,
2026-09-14T22:45:04Z,16,2026-09-14,CA,So Sacramento,CA - So Sacramento,1789412400000
2026-09-14T22:45:04Z,16,2026-09-21,CA,So Sacramento,CA - So Sacramento,1790017200000
2026-09-14T22:45:04Z,16,,CA,So Sacramento,CA - So Sacramento,
2026-09-14T22:45:04Z,14,2026-09-21,TX,Longview,TX - Longview,1790010000000
2026-09-14T22:45:04Z,14,2026-09-28,TX,Longview,TX - Longview,1790614800000
2026-09-14T22:45:04Z,14,,TX,Longview,TX - Longview,
2026-09-14T22:45:04Z,15,2026-09-15,GA,Atlanta West,GA - Atlanta West,1789480800000
2026-09-14T22:45:04Z,15,2026-09-18,GA,Atlanta West,GA - Atlanta West,1789740000000
2026-09-14T22:45:04Z,15,,GA,Atlanta West,GA - Atlanta West,
2026-09-14T22:45:04Z,190,2026-09-14,CA,Napa,CA - Napa,1789412400000
2026-09-14T22:45:04Z,190,2026-09-17,CA,Napa,CA - Napa,1789671600000
2026-09-14T22:45:04Z,190,,CA,Napa,CA - Napa,
2026-09-14T22:45:04Z,191,2026-09-21,WI,Appleton,WI - Appleton,1790010000000
2026-09-14T22:45:04Z,191,,WI,Appleton,WI - Appleton,
2026-09-14T22:45:04Z,194,2026-09-16,VA,Fredericksburg,VA - Fredericksburg,1789567200000
2026-09-14T22:45:04Z,194,2026-09-23,VA,Fredericksburg,VA - Fredericksburg,1790172000000
2026-09-14T22:45:04Z,194,,VA,Fredericksburg,VA - Fredericksburg,
2026-09-14T22:45:04Z,193,2026-09-14,CO,Denver South,CO - Denver South,1789408800000
2026-09-14T22:45:04Z,193,2026-09-16,CO,Denver South,CO - Denver South,1789581600000
2026-09-14T22:45:04Z,193,,CO,Denver South,CO - Denver South,
2026-09-14T22:45:04Z,185,2026-09-16,TX,Andrews,TX - Andrews,1789578000000
2026-09-14T22:45:04Z,185,2026-09-23,TX,Andrews,TX - Andrews,1790182800000
2026-09-14T22:45:04Z,185,,TX,Andrews,TX - Andrews,
2026-09-14T22:45:04Z,184,2026-09-15,AL,Mobile South,AL - Mobile South,1789491600000
2026-09-14T22:45:04Z,184,2026-09-22,AL,Mobile South,AL - Mobile South,1790096400000
2026-09-14T22:45:04Z,184,,AL,Mobile South,AL - Mobile South,
2026-09-14T22:45:04Z,187,2026-09-17,GA,Macon,GA - Macon,1789653600000
2026-09-14T22:45:04Z,187,2026-09-24,GA,Macon,GA - Macon,1790258400000
2026-09-14T22:45:04Z,187,,GA,Macon,GA - Macon,
2026-09-14T22:45:04Z,186,2026-09-16,CA,Long Beach,CA - Long Beach,1789585200000
2026-09-14T22:45:04Z,186,2026-09-18,CA,Long Beach,CA - Long Beach,1789758000000
2026-09-14T22:45:04Z,186,,CA,Long Beach,CA - Long Beach,
2026-09-14T22:45:04Z,189,2026-09-16,IL,Southern Illinois,IL - Southern Illinois,1789578000000
2026-09-14T22:45:04Z,189,2026-09-21,IL,Southern Illinois,IL - Southern Illinois,1790010000000
2026-09-14T22:45:04Z,189,,IL,Southern Illinois,IL - Southern Illinois,
2026-09-14T22:45:04Z,188,2026-09-21,UT,Ogden,UT - Ogden,1790013600000
2026-09-14T22:45:04Z,188,,UT,Ogden,UT - Ogden,
2026-09-14T22:45:04Z,12,2026-09-17,TX,Dallas,TX - Dallas,1789664400000
2026-09-14T22:45:04Z,12,2026-09-21,TX,Dallas,TX - Dallas,1790010000000
2026-09-14T22:45:04Z,12,,TX,Dallas,TX - Dallas,
2026-09-14T22:45:04Z,13,2026-09-21,TX,Lufkin,TX - Lufkin,1790010000000
2026-09-14T22:45:04Z,13,2026-10-05,TX,Lufkin,TX - Lufkin,1791219600000
2026-09-14T22:45:04Z,13,,TX,Lufkin,TX - Lufkin,
2026-09-14T22:45:04Z,10,2026-09-14,CA,Los Angeles,CA - Los Angeles,1789412400000
2026-09-14T22:45:04Z,10,2026-09-17,CA,Los Angeles,CA - Los Angeles,1789671600000
2026-09-14T22:45:04Z,10,,CA,Los Angeles,CA - Los Angeles,
2026-09-14T22:45:04Z,11,2026-09-15,TX,Houston,TX - Houston,1789491600000
2026-09-14T22:45:04Z,11,2026-09-18,TX,Houston,TX - Houston,1789750800000
2026-09-14T22:45:04Z,11,,TX,Houston,TX - Houston,
2026-09-14T22:45:04Z,29,2026-09-15,OH,Columbus,OH - Columbus,1789480800000
2026-09-14T22:45:04Z,29,2026-09-18,OH,Columbus,OH - Columbus,1789740000000
2026-09-14T22:45:04Z,29,,OH,Columbus,OH - Columbus,
2026-09-14T22:45:04Z,27,2026-09-17,MA,South Boston,MA - South Boston,1789653600000
2026-09-14T22:45:04Z,27,2026-09-21,MA,South Boston,MA - South Boston,1789999200000
2026-09-14T22:45:04Z,27,,MA,South Boston,MA - South Boston,
2026-09-14T22:45:04Z,28,2026-09-17,PA,Pittsburgh North,PA - Pittsburgh North,1789653600000
2026-09-14T22:45:04Z,28,,PA,Pittsburgh North,PA - Pittsburgh North,
2026-09-14T22:45:04Z,25,2026-09-16,NY,Syracuse,NY - Syracuse,1789567200000
2026-09-14T22:45:04Z,25,2026-09-21,NY,Syracuse,NY - Syracuse,1789999200000
2026-09-14T22:45:04Z,25,,NY,Syracuse,NY - Syracuse,
2026-09-14T22:45:04Z,26,2026-09-15,PA,Philadelphia,PA - Philadelphia,1789480800000
2026-09-14T22:45:04Z,26,2026-09-18,PA,Philadelphia,PA - Philadelphia,1789740000000
2026-09-14T22:45:04Z,26,,PA,Philadelphia,PA - Philadelphia,
2026-09-14T22:45:04Z,23,2026-09-15,CT,Hartford,CT - Hartford,1789480800000
2026-09-14T22:45:04Z,23,2026-09-18,CT,Hartford,CT - Hartford,1789740000000
2026-09-14T22:45:04Z,23,,CT,Hartford,CT - Hartford,
2026-09-14T22:45:04Z,24,2026-09-15,NY,Newburgh,NY - Newburgh,1789480800000
2026-09-14T22:45:04Z,24,2026-09-17,NY,Newburgh,NY - Newburgh,1789653600000
2026-09-14T22:45:04Z,24,,NY,Newburgh,NY - Newburgh,
2026-09-14T22:45:04Z,21,2026-09-16,AR,Little Rock,AR - Little Rock,1789578000000
2026-09-14T22:45:04Z,21,2026-09-21,AR,Little Rock,AR - Little Rock,1790010000000
2026-09-14T22:45:04Z,21,,AR,Little Rock,AR - Little Rock,
2026-09-14T22:45:04Z,22,2026-09-15,TN,Memphis,TN - Memphis,1789491600000
2026-09-14T22:45:04Z,22,2026-09-17,TN,Memphis,TN - Memphis,1789664400000
2026-09-14T22:45:04Z,22,,TN,Memphis,TN - Memphis,
2026-09-14T22:45:04Z,20,2026-09-15,MO,St. Louis,MO - St. Louis,1789491600000
2026-09-14T22:45:04Z,20,2026-09-18,MO,St. Louis,MO - St. Louis,1789750800000
2026-09-14T22:45:04Z,20,,MO,St. Louis,MO - St. Louis,
2026-09-14T22:45:04Z,36,2026-09-15,IL,Chicago North,IL - Chicago North,1789491600000
2026-09-14T22:45:04Z,36,2026-09-17,IL,Chicago North,IL - Chicago North,1789664400000
2026-09-14T22:45:04Z,36,,IL,Chicago North,IL - Chicago North,
2026-09-14T22:45:04Z,37,2026-09-15,MN,Minneapolis,MN - Minneapolis,1789491600000
2026-09-14T22:45:04Z,37,2026-09-17,MN,Minneapolis,MN - Minneapolis,1789664400000
2026-09-14T22:45:04Z,37,,MN,Minneapolis,MN - Minneapolis,
2026-09-14T22:45:04Z,880,2026-09-14,*NCS,Eastern Region,*NCS - Eastern Region,1789434000000
2026-09-14T22:45:04Z,880,2026-09-15,*NCS,Eastern Region,*NCS - Eastern Region,1789520400000
2026-09-14T22:45:04Z,880,,*NCS,Eastern Region,*NCS - Eastern Region,
2026-09-14T22:45:04Z,882,2026-09-14,*NCS,Mountain Region,*NCS - Mountain Region,1789434000000
2026-09-14T22:45:04Z,882,2026-09-15,*NCS,Mountain Region,*NCS - Mountain Region,1789520400000
2026-09-14T22:45:04Z,882,,*NCS,Mountain Region,*NCS - Mountain Region,
2026-09-14T22:45:04Z,881,2026-09-14,*NCS,Central Region,*NCS - Central Region,1789434000000
2026-09-14T22:45:04Z,881,2026-09-15,*NCS,Central Region,*NCS - Central Region,1789520400000
2026-09-14T22:45:04Z,881,,*NCS,Central Region,*NCS - Central Region,
2026-09-14T22:45:04Z,883,2026-09-14,*NCS,Pacific Region,*NCS - Pacific Region,1789434000000
2026-09-14T22:45:04Z,883,2026-09-15,*NCS,Pacific Region,*NCS - Pacific Region,1789520400000
2026-09-14T22:45:04Z,883,,*NCS,Pacific Region,*NCS - Pacific Region,
2026-09-14T22:45:04Z,34,2026-09-15,FL,Tampa South,FL - Tampa South,1789480800000
2026-09-14T22:45:04Z,34,2026-09-18,FL,Tampa South,FL - Tampa South,1789740000000
2026-09-14T22:45:04Z,34,,FL,Tampa South,FL - Tampa South,
2026-09-14T22:45:04Z,35,2026-09-21,NY,Rochester,NY - Rochester,1789999200000
2026-09-14T22:45:04Z,35,,NY,Rochester,NY - Rochester,
2026-09-14T22:45:04Z,32,2026-09-15,DC,Washington DC,DC - Washington DC,1789480800000
2026-09-14T22:45:04Z,32,2026-09-18,DC,Washington DC,DC - Washington DC,1789740000000
2026-09-14T22:45:04Z,32,,DC,Washington DC,DC - Washington DC,
2026-09-14T22:45:04Z,33,2026-09-15,FL,Miami North,FL - Miami North,1789480800000
2026-09-14T22:45:04Z,33,2026-09-18,FL,Miami North,FL - Miami North,1789740000000
2026-09-14T22:45:04Z,33,,FL,Miami North,FL - Miami North,
2026-09-14T22:45:04Z,30,2026-09-16,NY,Long Island,NY - Long Island,1789567200000
2026-09-14T22:45:04Z,30,2026-09-18,NY,Long Island,NY - Long Island,1789740000000
2026-09-14T22:45:04Z,30,,NY,Long Island,NY - Long Island,
2026-09-14T22:45:04Z,31,2026-09-15,NJ,Glassboro East,NJ - Glassboro East,1789480800000
2026-09-14T22:45:04Z,31,2026-09-17,NJ,Glassboro East,NJ - Glassboro East,1789653600000
2026-09-14T22:45:04Z,31,,NJ,Glassboro East,NJ - Glassboro East,
