eff_year,eff_quarter,pct_change,company_name,status,serff_id,effective_date
2014,1,4.2,REDPOINT COUNTY MUTUAL INSURANCE COMPANY,Closed,PERR-129679425,2014-03-01
2014,2,-1.4,OLD AMERICAN COUNTY MUTUAL FIRE INSURANCE COMPANY,Closed,OAMF-129507956,2014-06-01
2014,2,-1.2,PROGRESSIVE ADVANCED INSURANCE COMPANY,Closed,PRGS-129457377,2014-05-07
2014,2,0.0,AFFIRMATIVE INSURANCE COMPANY,Closed,AFIN-129503094,2014-04-26
2014,2,0.0,COLONIAL COUNTY MUTUAL INSURANCE COMPANY,Closed,GECC-129497808,2014-06-30
2014,2,0.0,DAIRYLAND COUNTY MUTUAL INSURANCE COMPANY OF TEXAS,Closed,VKNG-129532443,2014-05-19
2014,2,0.0,FARMERS CASUALTY INSURANCE COMPANY,Closed,METX-G129500401,2014-05-22
2014,2,0.0,FARMERS DIRECT PROPERTY AND CASUALTY INSURANCE COMPANY,Closed,METX-G129500401,2014-05-22
2014,2,0.0,FARMERS GROUP PROPERTY AND CASUALTY INSURANCE COMPANY,Closed,METX-G129500401,2014-05-22
2014,2,0.0,FARMERS LLOYDS INSURANCE COMPANY OF TEXAS,Closed,METX-G129500401,2014-05-22
2014,2,0.0,FARMERS PROPERTY AND CASUALTY INSURANCE COMPANY,Closed,METX-G129500401,2014-05-22
2014,2,0.0,GEICO INDEMNITY COMPANY,Closed,GECC-129497685,2014-06-30
2014,2,0.0,GEICO TEXAS COUNTY MUTUAL INSURANCE COMPANY,Closed,TRGR-129537449,2014-06-09
2014,2,0.0,HOME STATE COUNTY MUTUAL INSURANCE COMPANY,Closed,HMSG-129514157,2014-05-15
2014,2,0.0,"INSURANCE SERVICES OFFICE, INC.",Closed,ISOF-129601568,2014-06-19
2014,2,0.0,METROPOLITAN GENERAL INSURANCE COMPANY,Closed,METX-G129500401,2014-05-22
2014,2,0.0,NATIONAL GENERAL ASSURANCE COMPANY,Closed,GMMX-129529701,2014-05-07
2014,2,0.0,NATIONAL UNITY INSURANCE COMPANY,Closed,FRCS-129616939,2014-06-30
2014,2,0.0,OLD AMERICAN COUNTY MUTUAL FIRE INSURANCE COMPANY,Closed,OAMF-129519086,2014-05-01
2014,2,0.0,OLD AMERICAN COUNTY MUTUAL FIRE INSURANCE COMPANY,Closed,OAMF-129519901,2014-06-01
2014,2,0.0,"RIVERSTONE INTERNATIONAL INSURANCE, INC.",Closed,ELEC-129474484,2014-05-24
2014,2,0.0,STATE AUTO PROPERTY & CASUALTY INSURANCE COMPANY,Closed,STAT-129502323,2014-05-17
2014,2,0.6,STATE FARM MUTUAL AUTOMOBILE INSURANCE COMPANY,Closed,SFMA-129472613,2014-05-26
2014,2,0.9,INFINITY COUNTY MUTUAL INSURANCE COMPANY,Closed,NFNT-129516001,2014-05-28
2014,2,0.9,INFINITY COUNTY MUTUAL INSURANCE COMPANY,Closed,NFNT-129516037,2014-05-28
2014,2,0.9,STATE FARM FIRE AND CASUALTY COMPANY,Closed,SFMA-129472613,2014-05-26
2014,2,1.0,INFINITY COUNTY MUTUAL INSURANCE COMPANY,Closed,NFNT-129515998,2014-05-28
2014,2,1.4,INFINITY COUNTY MUTUAL INSURANCE COMPANY,Closed,NFNT-129557967,2014-06-06
2014,2,1.7,OLD AMERICAN COUNTY MUTUAL FIRE INSURANCE COMPANY,Closed,OAMF-129534825,2014-06-07
2014,2,1.8,DIRECT GENERAL INSURANCE COMPANY,Closed,DRCT-129524385,2014-06-15
2014,2,2.0,FOREMOST COUNTY MUTUAL INSURANCE COMPANY,Closed,BRWS-129513413,2014-05-28
2014,2,2.5,GOVERNMENT EMPLOYEES INSURANCE COMPANY,Closed,GECC-129497685,2014-06-30
2014,2,2.5,STATE FARM COUNTY MUTUAL INSURANCE COMPANY OF TEXAS,Closed,SFMA-129472613,2014-05-26
2014,2,3.0,FARMERS TEXAS COUNTY MUTUAL INSURANCE COMPANY,Closed,FARM-129539020,2014-06-10
2014,2,3.3,OLD AMERICAN COUNTY MUTUAL FIRE INSURANCE COMPANY,Closed,OAMF-129502551,2014-05-17
2014,2,3.8,BRISTOL WEST SPECIALTY INSURANCE COMPANY,Closed,BRWS-129481487,2014-04-02
2014,2,4.2,INFINITY COUNTY MUTUAL INSURANCE COMPANY,Closed,NFNT-129557955,2014-06-06
2014,2,4.5,AFFIRMATIVE INSURANCE COMPANY,Closed,AFIN-129559553,2014-06-23
2014,2,4.5,OLD AMERICAN COUNTY MUTUAL FIRE INSURANCE COMPANY,Closed,OAMF-129552713,2014-06-23
2014,2,4.7,INFINITY COUNTY MUTUAL INSURANCE COMPANY,Closed,NFNT-129557991,2014-06-06
2014,2,5.1,HOME STATE COUNTY MUTUAL INSURANCE COMPANY,Closed,HMSG-129553438,2014-06-28
2014,2,5.9,HOME STATE COUNTY MUTUAL INSURANCE COMPANY,Closed,HMSG-129526504,2014-06-15
2014,2,6.0,TRINITY UNIVERSAL INSURANCE COMPANY,Closed,KEMP-129583387,2014-06-11
2014,2,10.5,WESTERN GENERAL AUTOMOBILE INSURANCE COMPANY,Closed,PERR-129498051,2014-04-15
2014,2,12.0,VISION INSURANCE COMPANY,Closed,PERR-129540514,2014-06-15
2014,3,-3.2,AMERICAN ALTERNATIVE INSURANCE CORPORATION,Closed,AMLX-G129540803,2014-07-01
2014,3,-2.6,OLD AMERICAN COUNTY MUTUAL FIRE INSURANCE COMPANY,Closed,OAMF-129687609,2014-09-01
2014,3,-1.2,FALCON INSURANCE COMPANY,Closed,FIGC-129605091,2014-08-16
2014,3,-0.3,GEICO TEXAS COUNTY MUTUAL INSURANCE COMPANY,Closed,TRGR-129541646,2014-07-23
2014,3,0.0,ALLSTATE FIRE AND CASUALTY INSURANCE COMPANY,Closed,ALSE-129579041,2014-07-31
2014,3,0.0,AUTO CLUB COUNTY MUTUAL INSURANCE COMPANY,Closed,IACA-129541328,2014-09-15
2014,3,0.0,BRISTOL WEST SPECIALTY INSURANCE COMPANY,Closed,BRWS-129660947,2014-09-19
2014,3,0.0,"CINCINNATI INSURANCE COMPANY, THE",Closed,CNNB-129511541,2014-08-01
2014,3,0.0,COLONIAL COUNTY MUTUAL INSURANCE COMPANY,Closed,NWPC-129487811,2014-07-25
2014,3,0.0,COLONIAL COUNTY MUTUAL INSURANCE COMPANY,Closed,NWPC-129487866,2014-08-28
2014,3,0.0,COLONIAL COUNTY MUTUAL INSURANCE COMPANY,Closed,NWPC-129487878,2014-08-28
2014,3,0.0,COLONIAL COUNTY MUTUAL INSURANCE COMPANY,Closed,NWPC-129487894,2014-08-28
2014,3,0.0,COMMERCIAL ALLIANCE INSURANCE COMPANY,Closed,OCCD-129612016,2014-09-01
2014,3,0.0,CONSUMERS COUNTY MUTUAL INSURANCE COMPANY,Closed,TEXS-129667544,2014-09-19
2014,3,0.0,CONSUMERS COUNTY MUTUAL INSURANCE COMPANY,Closed,TEXS-129695761,2014-08-25
2014,3,0.0,CONSUMERS COUNTY MUTUAL INSURANCE COMPANY,Closed,TEXS-129695797,2014-08-25
2014,3,0.0,FARMERS CASUALTY INSURANCE COMPANY,Closed,METX-G129678822,2014-09-11
2014,3,0.0,FARMERS DIRECT PROPERTY AND CASUALTY INSURANCE COMPANY,Closed,METX-G129678822,2014-09-11
2014,3,0.0,FARMERS GROUP PROPERTY AND CASUALTY INSURANCE COMPANY,Closed,METX-G129678822,2014-09-11
2014,3,0.0,FARMERS LLOYDS INSURANCE COMPANY OF TEXAS,Closed,METX-G129678822,2014-09-11
2014,3,0.0,FARMERS PROPERTY AND CASUALTY INSURANCE COMPANY,Closed,METX-G129678822,2014-09-11
2014,3,0.0,FARMERS TEXAS COUNTY MUTUAL INSURANCE COMPANY,Closed,FARM-129710730,2014-08-26
2014,3,0.0,FEDNAT INSURANCE COMPANY,Closed,PERR-129695326,2014-09-01
2014,3,0.0,FOREMOST COUNTY MUTUAL INSURANCE COMPANY,Closed,BRWS-129660369,2014-09-20
2014,3,0.0,HOME STATE COUNTY MUTUAL INSURANCE COMPANY,Closed,HMSG-129482604,2014-07-03
2014,3,0.0,HOME STATE COUNTY MUTUAL INSURANCE COMPANY,Closed,HMSG-129591857,2014-08-15
2014,3,0.0,"INSURANCE SERVICES OFFICE, INC.",Closed,ISOF-129676271,2014-08-13
2014,3,0.0,LIBERTY COUNTY MUTUAL INSURANCE COMPANY,Closed,LBPM-129685889,2014-09-22
2014,3,0.0,METROPOLITAN GENERAL INSURANCE COMPANY,Closed,METX-G129678822,2014-09-11
2014,3,0.0,NATIONWIDE MUTUAL INSURANCE COMPANY,Closed,NWPC-129487894,2014-08-28
2014,3,0.0,OLD AMERICAN COUNTY MUTUAL FIRE INSURANCE COMPANY,Closed,OAMF-129605251,2014-08-01
2014,3,0.0,OLD AMERICAN COUNTY MUTUAL FIRE INSURANCE COMPANY,Closed,OAMF-129672551,2014-08-12
2014,3,0.0,OLD AMERICAN COUNTY MUTUAL FIRE INSURANCE COMPANY,Closed,OAMF-129699229,2014-09-05
2014,3,0.0,OLD AMERICAN COUNTY MUTUAL FIRE INSURANCE COMPANY,Closed,OAMF-129706805,2014-09-15
2014,3,0.0,PRIVILEGE UNDERWRITERS RECIPROCAL EXCHANGE,Closed,PRIV-129673835,2014-08-11
2014,3,0.0,RED ROCK INSURANCE COMPANY,Closed,PERR-129619075,2014-07-15
2014,3,0.0,TEXAS FARM BUREAU CASUALTY INSURANCE COMPANY,Closed,TEXS-129666529,2014-08-01
2014,3,0.0,TEXAS FARM BUREAU MUTUAL INSURANCE COMPANY,Closed,TEXS-129666525,2014-08-01
2014,3,0.0,YOUNG AMERICA INSURANCE COMPANY,Closed,PERR-129641359,2014-07-21
2014,3,0.2,COLONIAL COUNTY MUTUAL INSURANCE COMPANY,Closed,NTWP-129611867,2014-09-28
2014,3,0.3,"MGA INSURANCE COMPANY, INC.",Closed,GNSC-129613057,2014-08-11
2014,3,0.4,GEICO SECURE INSURANCE COMPANY,Closed,GECC-129528686,2014-07-14
2014,3,0.4,HOME STATE COUNTY MUTUAL INSURANCE COMPANY,Closed,HMSG-129665719,2014-08-15
2014,3,1.4,COLONIAL COUNTY MUTUAL INSURANCE COMPANY,Closed,GECC-129520613,2014-07-14
2014,3,1.4,PROGRESSIVE COUNTY MUTUAL INSURANCE COMPANY,Closed,TEXS-129651419,2014-08-14
2014,3,1.4,PROGRESSIVE COUNTY MUTUAL INSURANCE COMPANY,Closed,TEXS-129651515,2014-08-14
2014,3,1.5,HALLMARK COUNTY MUTUAL INSURANCE COMPANY,Closed,PHXN-129664384,2014-09-03
2014,3,1.7,OLD AMERICAN COUNTY MUTUAL FIRE INSURANCE COMPANY,Closed,OAMF-129602031,2014-08-01
2014,3,1.9,COLONIAL COUNTY MUTUAL INSURANCE COMPANY,Closed,NTWP-129611889,2014-07-28
2014,3,2.4,FOREMOST COUNTY MUTUAL INSURANCE COMPANY,Closed,BRWS-129571815,2014-09-24
2014,3,2.4,OLD AMERICAN COUNTY MUTUAL FIRE INSURANCE COMPANY,Closed,OAMF-129583719,2014-08-01
2014,3,2.7,GEICO CHOICE INSURANCE COMPANY,Closed,GECC-129528686,2014-07-14
2014,3,2.7,INFINITY COUNTY MUTUAL INSURANCE COMPANY,Closed,NFNT-129613629,2014-07-29
2014,3,2.9,GEICO COUNTY MUTUAL INSURANCE COMPANY,Closed,GECC-129528756,2014-07-14
2014,3,3.0,HOME STATE COUNTY MUTUAL INSURANCE COMPANY,Closed,HMSG-129605418,2014-08-28
2014,3,3.0,HOME STATE COUNTY MUTUAL INSURANCE COMPANY,Closed,HMSG-129605438,2014-08-28
2014,3,3.2,ALLSTATE FIRE AND CASUALTY INSURANCE COMPANY,Closed,ALSE-129611582,2014-08-28
2014,3,3.5,FARMERS LLOYDS INSURANCE COMPANY OF TEXAS,Closed,METX-G129608150,2014-09-19
2014,3,3.7,CHUBB NATIONAL INSURANCE COMPANY,Closed,CHUB-129243103,2014-08-29
2014,3,3.8,NATIONAL UNITY INSURANCE COMPANY,Closed,KMKC-129532736,2014-07-01
2014,3,4.2,HOME STATE COUNTY MUTUAL INSURANCE COMPANY,Closed,HMSG-129658329,2014-09-15
2014,3,4.5,GEICO TEXAS COUNTY MUTUAL INSURANCE COMPANY,Closed,TRGR-129540879,2014-07-01
2014,3,4.6,GEICO ADVANTAGE INSURANCE COMPANY,Closed,GECC-129528686,2014-07-14
2014,3,4.7,AMERICAN FAMILY CONNECT PROPERTY AND CASUALTY INSURANCE COMPANY,Closed,PRCA-129518866,2014-07-27
2014,3,4.7,GEICO TEXAS COUNTY MUTUAL INSURANCE COMPANY,Closed,TRGR-129584103,2014-08-09
2014,3,4.8,INFINITY COUNTY MUTUAL INSURANCE COMPANY,Closed,NFNT-129613588,2014-07-29
2014,3,5.0,DAIRYLAND COUNTY MUTUAL INSURANCE COMPANY OF TEXAS,Closed,SEPX-G129607843,2014-08-09
2014,3,5.0,ELEPHANT INSURANCE COMPANY,Closed,EINS-129585965,2014-09-09
2014,3,5.0,FOREMOST COUNTY MUTUAL INSURANCE COMPANY,Closed,AGMK-129610313,2014-08-27
2014,3,5.0,HOME STATE COUNTY MUTUAL INSURANCE COMPANY,Closed,HMSG-129610995,2014-08-01
2014,3,5.0,NATIONWIDE AGRIBUSINESS INSURANCE COMPANY,Closed,NWPC-129509914,2014-07-01
2014,3,5.0,STATE AUTO PROPERTY & CASUALTY INSURANCE COMPANY,Closed,STAT-129601702,2014-09-26
2014,3,5.0,UNITRIN COUNTY MUTUAL INSURANCE COMPANY,Closed,UTRN-129609616,2014-09-19
2014,3,5.1,GEICO TEXAS COUNTY MUTUAL INSURANCE COMPANY,Closed,TRGR-129579678,2014-08-09
2014,3,5.2,DEPOSITORS INSURANCE COMPANY,Closed,NWPC-129509914,2014-07-01
2014,3,5.3,OLD AMERICAN COUNTY MUTUAL FIRE INSURANCE COMPANY,Closed,OAMF-129595971,2014-07-15
2014,3,5.7,HOME STATE COUNTY MUTUAL INSURANCE COMPANY,Closed,HMSG-129539084,2014-07-15
2014,3,5.7,OLD AMERICAN COUNTY MUTUAL FIRE INSURANCE COMPANY,Closed,OAMF-129596049,2014-07-15
2014,3,6.0,COLONIAL COUNTY MUTUAL INSURANCE COMPANY,Closed,GECC-129605340,2014-09-08
2014,3,6.0,GEICO SECURE INSURANCE COMPANY,Closed,GECC-129605339,2014-09-08
2014,3,6.2,GEICO TEXAS COUNTY MUTUAL INSURANCE COMPANY,Closed,TRGR-129587772,2014-08-09
2014,3,6.2,HOME STATE COUNTY MUTUAL INSURANCE COMPANY,Closed,HMSG-129519325,2014-07-10
2014,3,6.5,ESURANCE INSURANCE COMPANY,Closed,ESUR-129501824,2014-07-10
2014,3,6.5,GEICO ADVANTAGE INSURANCE COMPANY,Closed,GECC-129605339,2014-09-08
2014,3,6.5,GEICO COUNTY MUTUAL INSURANCE COMPANY,Closed,GECC-129605339,2014-09-08
2014,3,6.6,GEICO INDEMNITY COMPANY,Closed,GECC-129605339,2014-09-08
2014,3,6.6,INFINITY COUNTY MUTUAL INSURANCE COMPANY,Closed,NFNT-129613636,2014-07-29
2014,3,6.9,VISION INSURANCE COMPANY,Closed,PERR-129691254,2014-09-22
2014,3,7.0,HOME STATE COUNTY MUTUAL INSURANCE COMPANY,Closed,HMSG-129579395,2014-09-01
2014,3,7.1,GEICO CHOICE INSURANCE COMPANY,Closed,GECC-129605339,2014-09-08
2014,3,7.1,GOVERNMENT EMPLOYEES INSURANCE COMPANY,Closed,GECC-129605339,2014-09-08
2014,3,7.2,PACIFIC INDEMNITY COMPANY,Closed,CHUB-129243103,2014-08-29
2014,3,7.4,HOME STATE COUNTY MUTUAL INSURANCE COMPANY,Closed,HMSG-129664490,2014-09-15
2014,3,7.5,COMMERCIAL ALLIANCE INSURANCE COMPANY,Closed,OCCD-129513918,2014-07-01
2014,3,7.8,OLD AMERICAN COUNTY MUTUAL FIRE INSURANCE COMPANY,Closed,OAMF-129649294,2014-08-15
2014,3,8.4,HOME STATE COUNTY MUTUAL INSURANCE COMPANY,Closed,HMSG-129568406,2014-07-15
2014,3,8.5,ACCC INSURANCE COMPANY,Closed,ACCC-129618218,2014-08-15
2014,3,8.7,VIGILANT INSURANCE COMPANY,Closed,CHUB-129243103,2014-08-29
2014,3,9.0,CALIFORNIA CASUALTY INDEMNITY EXCHANGE,Closed,CALC-129502751,2014-09-01
2014,3,9.1,HOME STATE COUNTY MUTUAL INSURANCE COMPANY,Closed,HMSG-129482575,2014-07-03
2014,3,9.3,ENCOMPASS INDEPENDENT INSURANCE COMPANY,Closed,ALSE-129585315,2014-07-31
2014,3,9.4,ENCOMPASS PROPERTY AND CASUALTY COMPANY,Closed,ALSE-129585315,2014-07-31
2014,3,9.5,ENCOMPASS INDEMNITY COMPANY,Closed,ALSE-129585315,2014-07-31
2014,3,9.5,ENCOMPASS INSURANCE COMPANY OF AMERICA,Closed,ALSE-129585315,2014-07-31
2014,3,9.9,DAIRYLAND COUNTY MUTUAL INSURANCE COMPANY OF TEXAS,Closed,VKNG-129641377,2014-09-03
2014,3,9.9,ENCOMPASS HOME AND AUTO INSURANCE COMPANY,Closed,ALSE-129585315,2014-07-31
2014,3,14.9,OLD AMERICAN COUNTY MUTUAL FIRE INSURANCE COMPANY,Closed,OAMF-129583692,2014-07-13
2014,3,15.5,OLD AMERICAN COUNTY MUTUAL FIRE INSURANCE COMPANY,Closed,OAMF-129583708,2014-07-13
2014,3,15.9,OLD AMERICAN COUNTY MUTUAL FIRE INSURANCE COMPANY,Closed,OAMF-129583668,2014-07-13
2014,3,42.2,RLI INSURANCE COMPANY,Closed,RSHL-129486663,2014-08-01
2014,4,-2.0,AMERICAN MODERN LLOYD'S INSURANCE COMPANY,Closed,AMMH-129673933,2014-12-24
2014,4,-2.0,OLD AMERICAN COUNTY MUTUAL FIRE INSURANCE COMPANY,Closed,OAMF-129790213,2014-11-01
2014,4,-1.1,HOME STATE COUNTY MUTUAL INSURANCE COMPANY,Closed,HMSG-129743883,2014-12-01
2014,4,-0.7,PROGRESSIVE COUNTY MUTUAL INSURANCE COMPANY,Closed,PRGS-129774784,2014-11-27
2014,4,-0.6,PROGRESSIVE COUNTY MUTUAL INSURANCE COMPANY,Closed,PRGS-129772391,2014-11-27
2014,4,-0.4,USAA GENERAL INDEMNITY COMPANY,Closed,USAA-129508463,2014-10-18
2014,4,-0.3,FARMERS CASUALTY INSURANCE COMPANY,Closed,METX-G129653251,2014-10-06
2014,4,-0.2,GEICO ADVANTAGE INSURANCE COMPANY,Closed,GECC-129778293,2014-12-29
2014,4,-0.2,GEICO CHOICE INSURANCE COMPANY,Closed,GECC-129778293,2014-12-29
2014,4,-0.2,METROPOLITAN GENERAL INSURANCE COMPANY,Closed,METX-G129653251,2014-10-06
2014,4,-0.2,USAA CASUALTY INSURANCE COMPANY,Closed,USAA-129508463,2014-10-18
2014,4,-0.1,COLONIAL COUNTY MUTUAL INSURANCE COMPANY,Closed,GECC-129778294,2014-12-29
2014,4,-0.1,GEICO SECURE INSURANCE COMPANY,Closed,GECC-129778293,2014-12-29
2014,4,-0.1,UNITED SERVICES AUTOMOBILE ASSOCIATION,Closed,USAA-129508463,2014-10-18
2014,4,0.0,21ST CENTURY CENTENNIAL INSURANCE COMPANY,Closed,AGMK-129654093,2014-10-29
2014,4,0.0,21ST CENTURY NORTH AMERICA INSURANCE COMPANY,Closed,AGMK-129654093,2014-10-29
2014,4,0.0,ALLSTATE COUNTY MUTUAL INSURANCE COMPANY,Closed,ALSE-129673202,2014-10-02
2014,4,0.0,ALLSTATE COUNTY MUTUAL INSURANCE COMPANY,Closed,ALSE-129673435,2014-10-02
2014,4,0.0,ALLSTATE FIRE AND CASUALTY INSURANCE COMPANY,Closed,ALSE-129675242,2014-10-09
2014,4,0.0,ALLSTATE INDEMNITY COMPANY,Closed,ALSE-129668034,2014-10-02
2014,4,0.0,ALLSTATE INSURANCE COMPANY,Closed,ALSE-129667708,2014-10-02
2014,4,0.0,ALLSTATE PROPERTY AND CASUALTY INSURANCE COMPANY,Closed,ALSE-129674170,2014-10-02
2014,4,0.0,AMERICAN GUARANTEE AND LIABILITY INSURANCE COMPANY,Closed,ZURC-129696607,2014-11-01
2014,4,0.0,AMERICAN ZURICH INSURANCE COMPANY,Closed,ZURC-129696607,2014-11-01
2014,4,0.0,AMICA MUTUAL INSURANCE COMPANY,Closed,AMMA-129649882,2014-10-27
2014,4,0.0,AUTO CLUB COUNTY MUTUAL INSURANCE COMPANY,Closed,IACA-129812978,2014-12-10
2014,4,0.0,AUTO CLUB COUNTY MUTUAL INSURANCE COMPANY,Closed,IACA-129813033,2014-12-10
2014,4,0.0,"CHARTER OAK FIRE INSURANCE COMPANY, THE",Closed,TRVA-129695433,2014-12-05
2014,4,0.0,COLONIAL COUNTY MUTUAL INSURANCE COMPANY,Closed,GECC-129778262,2014-12-29
2014,4,0.0,COLONIAL COUNTY MUTUAL INSURANCE COMPANY,Closed,NWPC-129620416,2014-10-15
2014,4,0.0,CONSUMERS COUNTY MUTUAL INSURANCE COMPANY,Closed,TEXS-129629253,2014-10-20
2014,4,0.0,CRESTBROOK INSURANCE COMPANY,Closed,SCTT-129573431,2014-10-31
2014,4,0.0,EMPIRE FIRE AND MARINE INSURANCE COMPANY,Closed,ZURC-129696607,2014-11-01
2014,4,0.0,ENCOMPASS INDEMNITY COMPANY,Closed,ALSE-129674232,2014-10-13
2014,4,0.0,FARMERS CASUALTY INSURANCE COMPANY,Closed,METX-G129794094,2014-11-20
2014,4,0.0,FARMERS DIRECT PROPERTY AND CASUALTY INSURANCE COMPANY,Closed,METX-G129653251,2014-10-06
2014,4,0.0,FARMERS DIRECT PROPERTY AND CASUALTY INSURANCE COMPANY,Closed,METX-G129794094,2014-11-20
2014,4,0.0,FARMERS GROUP PROPERTY AND CASUALTY INSURANCE COMPANY,Closed,METX-G129653251,2014-10-06
2014,4,0.0,FARMERS GROUP PROPERTY AND CASUALTY INSURANCE COMPANY,Closed,METX-G129794094,2014-11-20
2014,4,0.0,FARMERS LLOYDS INSURANCE COMPANY OF TEXAS,Closed,METX-G129723723,2014-11-28
2014,4,0.0,FARMERS LLOYDS INSURANCE COMPANY OF TEXAS,Closed,METX-G129794094,2014-11-20
2014,4,0.0,FARMERS PROPERTY AND CASUALTY INSURANCE COMPANY,Closed,METX-G129794094,2014-11-20
2014,4,0.0,FARMERS TEXAS COUNTY MUTUAL INSURANCE COMPANY,Closed,FARM-129861647,2014-12-30
2014,4,0.0,FIDELITY AND DEPOSIT COMPANY OF MARYLAND,Closed,ZURC-129696607,2014-11-01
2014,4,0.0,"FIRST ACCEPTANCE INSURANCE COMPANY, INC.",Closed,PERR-129817627,2014-12-01
2014,4,0.0,FOREMOST COUNTY MUTUAL INSURANCE COMPANY,Closed,AGMK-129656278,2014-10-29
2014,4,0.0,FOREMOST COUNTY MUTUAL INSURANCE COMPANY,Closed,BRWS-129831270,2014-12-05
2014,4,0.0,GARRISON PROPERTY AND CASUALTY INSURANCE COMPANY,Closed,USAA-129587934,2014-10-18
2014,4,0.0,GEICO GENERAL INSURANCE COMPANY,Closed,GECC-129773478,2014-12-29
2014,4,0.0,GEICO INDEMNITY COMPANY,Closed,GECC-129773478,2014-12-29
2014,4,0.0,GEICO TEXAS COUNTY MUTUAL INSURANCE COMPANY,Closed,TRGR-129603264,2014-12-06
2014,4,0.0,GEICO TEXAS COUNTY MUTUAL INSURANCE COMPANY,Closed,TRGR-129626233,2014-12-06
2014,4,0.0,GEICO TEXAS COUNTY MUTUAL INSURANCE COMPANY,Closed,TRGR-129627132,2014-12-06
2014,4,0.0,INFINITY COUNTY MUTUAL INSURANCE COMPANY,Closed,NFNT-129853005,2014-12-18
2014,4,0.0,"INSURANCE SERVICES OFFICE, INC.",Closed,ISOF-129849617,2014-12-22
2014,4,0.0,"INSURANCE SERVICES OFFICE, INC.",Closed,ISOF-129849626,2014-12-22
2014,4,0.0,METROPOLITAN GENERAL INSURANCE COMPANY,Closed,METX-G129794094,2014-11-20
2014,4,0.0,OLD AMERICAN COUNTY MUTUAL FIRE INSURANCE COMPANY,Closed,OAMF-129741188,2014-10-01
2014,4,0.0,OLD AMERICAN COUNTY MUTUAL FIRE INSURANCE COMPANY,Closed,OAMF-129750845,2014-10-05
2014,4,0.0,OLD AMERICAN COUNTY MUTUAL FIRE INSURANCE COMPANY,Closed,OAMF-129756175,2014-10-29
2014,4,0.0,OLD AMERICAN COUNTY MUTUAL FIRE INSURANCE COMPANY,Closed,OAMF-129802681,2014-11-11
2014,4,0.0,OLD AMERICAN COUNTY MUTUAL FIRE INSURANCE COMPANY,Closed,OAMF-129846358,2014-12-15
2014,4,0.0,"PHOENIX INSURANCE COMPANY, THE",Closed,TRVA-129695433,2014-12-05
2014,4,0.0,"TRAVELERS INDEMNITY COMPANY OF AMERICA, THE",Closed,TRVA-129695433,2014-12-05
2014,4,0.0,"TRAVELERS INDEMNITY COMPANY OF CONNECTICUT, THE",Closed,TRVA-129695433,2014-12-05
2014,4,0.0,"TRAVELERS INDEMNITY COMPANY, THE",Closed,TRVA-129695433,2014-12-05
2014,4,0.0,TRAVELERS PERSONAL SECURITY INSURANCE COMPANY,Closed,TRVA-129695433,2014-12-05
2014,4,0.0,TRISURA INSURANCE COMPANY,Closed,AGMK-129654093,2014-10-29
2014,4,0.0,UNITED SERVICES AUTOMOBILE ASSOCIATION,Closed,USAA-129587934,2014-10-18
2014,4,0.0,UNITRIN COUNTY MUTUAL INSURANCE COMPANY,Closed,UTRN-129715606,2014-12-04
2014,4,0.0,UNIVERSAL UNDERWRITERS INSURANCE COMPANY,Closed,ZURC-129696607,2014-11-01
2014,4,0.0,UNIVERSAL UNDERWRITERS OF TEXAS INSURANCE COMPANY,Closed,ZURC-129696607,2014-11-01
2014,4,0.0,USAA CASUALTY INSURANCE COMPANY,Closed,USAA-129587934,2014-10-18
2014,4,0.0,USAA GENERAL INDEMNITY COMPANY,Closed,USAA-129587934,2014-10-18
2014,4,0.0,ZURICH AMERICAN INSURANCE COMPANY,Closed,ZURC-129696607,2014-11-01
2014,4,0.0,ZURICH AMERICAN INSURANCE COMPANY OF ILLINOIS,Closed,ZURC-129696607,2014-11-01
2014,4,0.1,GARRISON PROPERTY AND CASUALTY INSURANCE COMPANY,Closed,USAA-129508463,2014-10-18
2014,4,0.3,GEICO COUNTY MUTUAL INSURANCE COMPANY,Closed,GECC-129778293,2014-12-29
2014,4,0.4,FARMERS PROPERTY AND CASUALTY INSURANCE COMPANY,Closed,METX-G129653251,2014-10-06
2014,4,1.3,OLD AMERICAN COUNTY MUTUAL FIRE INSURANCE COMPANY,Closed,OAMF-129800137,2014-11-15
2014,4,1.7,ALINSCO INSURANCE COMPANY,Closed,AINS-129787830,2014-12-01
2014,4,1.8,OLD AMERICAN COUNTY MUTUAL FIRE INSURANCE COMPANY,Closed,OAMF-129794298,2014-11-27
2014,4,2.0,HOME STATE COUNTY MUTUAL INSURANCE COMPANY,Closed,HMSG-129676102,2014-10-01
2014,4,2.7,OLD AMERICAN COUNTY MUTUAL FIRE INSURANCE COMPANY,Closed,OAMF-129800005,2014-11-15
2014,4,2.7,OLD AMERICAN COUNTY MUTUAL FIRE INSURANCE COMPANY,Closed,OAMF-129800145,2014-11-15
2014,4,2.9,LOYA INSURANCE COMPANY,Closed,PERR-129722508,2014-12-04
2014,4,3.0,HOME STATE COUNTY MUTUAL INSURANCE COMPANY,Closed,HMSG-129641855,2014-10-30
2014,4,3.0,HOME STATE COUNTY MUTUAL INSURANCE COMPANY,Closed,HMSG-129677141,2014-11-16
2014,4,3.0,MERCURY COUNTY MUTUAL INSURANCE COMPANY,Closed,MERY-129508673,2014-10-29
2014,4,3.0,RLI INSURANCE COMPANY,Closed,RSHL-129656607,2014-11-01
2014,4,3.1,INFINITY COUNTY MUTUAL INSURANCE COMPANY,Closed,NFNT-129821135,2014-12-30
2014,4,3.2,COLONIAL COUNTY MUTUAL INSURANCE COMPANY,Closed,NWPC-129620303,2014-10-15
2014,4,3.2,FOREMOST COUNTY MUTUAL INSURANCE COMPANY,Closed,BRWS-129692978,2014-10-01
2014,4,3.2,NATIONWIDE MUTUAL INSURANCE COMPANY,Closed,NWPC-129620303,2014-10-15
2014,4,3.6,FEDNAT INSURANCE COMPANY,Closed,PERR-129634441,2014-10-01
2014,4,3.6,GEICO INDEMNITY COMPANY,Closed,GECC-129555586,2014-10-01
2014,4,3.7,OLD AMERICAN COUNTY MUTUAL FIRE INSURANCE COMPANY,Closed,OAMF-129725447,2014-11-01
2014,4,3.7,SAFE AUTO INSURANCE COMPANY,Closed,SAFE-129444843,2014-12-18
2014,4,3.9,OLD AMERICAN COUNTY MUTUAL FIRE INSURANCE COMPANY,Closed,OAMF-129737616,2014-11-01
2014,4,3.9,RLI INSURANCE COMPANY,Closed,RSHL-129656706,2014-12-01
2014,4,4.2,HOME STATE COUNTY MUTUAL INSURANCE COMPANY,Closed,HMSG-129716699,2014-10-01
2014,4,4.2,HOME STATE COUNTY MUTUAL INSURANCE COMPANY,Closed,HMSG-129731625,2014-11-01
2014,4,4.5,AMERICAN ACCESS CASUALTY COMPANY,Closed,AACI-129712114,2014-11-29
2014,4,4.5,CONSUMERS COUNTY MUTUAL INSURANCE COMPANY,Closed,TEXS-129705122,2014-10-03
2014,4,4.8,ENCOMPASS INDEPENDENT INSURANCE COMPANY,Closed,ALSE-129761104,2014-11-27
2014,4,5.0,AUTO CLUB COUNTY MUTUAL INSURANCE COMPANY,Closed,TEXS-129687395,2014-11-01
2014,4,5.0,AUTO CLUB COUNTY MUTUAL INSURANCE COMPANY,Closed,TEXS-129687607,2014-11-01
2014,4,5.0,COLONIAL COUNTY MUTUAL INSURANCE COMPANY,Closed,NWPC-129620351,2014-10-15
2014,4,5.0,ELEPHANT INSURANCE COMPANY,Closed,EINS-129710955,2014-11-10
2014,4,5.0,ENCOMPASS INDEMNITY COMPANY,Closed,ALSE-129760864,2014-11-27
2014,4,5.0,ENCOMPASS INSURANCE COMPANY OF AMERICA,Closed,ALSE-129761104,2014-11-27
2014,4,5.0,ENCOMPASS PROPERTY AND CASUALTY COMPANY,Closed,ALSE-129761104,2014-11-27
2014,4,5.0,HOME STATE COUNTY MUTUAL INSURANCE COMPANY,Closed,HMSG-129817827,2014-12-15
2014,4,5.2,ENCOMPASS HOME AND AUTO INSURANCE COMPANY,Closed,ALSE-129761104,2014-11-27
2014,4,5.6,HOME STATE COUNTY MUTUAL INSURANCE COMPANY,Closed,HMSG-129759977,2014-11-29
2014,4,5.9,COLONIAL COUNTY MUTUAL INSURANCE COMPANY,Closed,NWPC-129620395,2014-10-15
2014,4,5.9,FARMERS TEXAS COUNTY MUTUAL INSURANCE COMPANY,Closed,FARM-129815052,2014-12-23
2014,4,5.9,"RIVERSTONE INTERNATIONAL INSURANCE, INC.",Closed,ELEC-129689601,2014-11-01
2014,4,6.6,TREXIS ONE INSURANCE CORPORATION,Closed,VSGP-129779590,2014-11-14
2014,4,7.3,INFINITY COUNTY MUTUAL INSURANCE COMPANY,Closed,NFNT-129821075,2014-12-30
2014,4,7.4,AIG PROPERTY CASUALTY COMPANY,Closed,APCG-129526608,2014-10-24
2014,4,7.7,INFINITY COUNTY MUTUAL INSURANCE COMPANY,Closed,NFNT-129821014,2014-12-30
2014,4,7.8,DAIRYLAND COUNTY MUTUAL INSURANCE COMPANY OF TEXAS,Closed,VKNG-129835692,2014-12-29
2014,4,8.2,INFINITY COUNTY MUTUAL INSURANCE COMPANY,Closed,NFNT-129821026,2014-12-30
2014,4,9.0,HOME STATE COUNTY MUTUAL INSURANCE COMPANY,Closed,HMSG-129676104,2014-10-01
2014,4,9.0,LIBERTY COUNTY MUTUAL INSURANCE COMPANY,Closed,LBPM-129722651,2014-12-13
2014,4,11.0,HOME STATE COUNTY MUTUAL INSURANCE COMPANY,Closed,HMSG-129772555,2014-11-14
2014,4,11.3,HOME STATE COUNTY MUTUAL INSURANCE COMPANY,Closed,HMSG-129733585,2014-11-15
2014,4,12.0,ESURANCE PROPERTY AND CASUALTY INSURANCE COMPANY,Closed,ESUR-129474383,2014-12-15
2014,4,12.0,HOME STATE COUNTY MUTUAL INSURANCE COMPANY,Closed,HMSG-129742643,2014-12-01
2014,4,15.0,HOME STATE COUNTY MUTUAL INSURANCE COMPANY,Closed,HMSG-129741734,2014-11-15
2014,4,17.4,NATIONAL UNITY INSURANCE COMPANY,Closed,NUIC-129751180,2014-11-15
2015,1,-4.9,HALLMARK COUNTY MUTUAL INSURANCE COMPANY,Closed,PHXN-129818885,2015-02-13
2015,1,-2.4,SAFE AUTO INSURANCE COMPANY,Closed,SAFE-129868592,2015-02-19
2015,1,-2.0,GEICO TEXAS COUNTY MUTUAL INSURANCE COMPANY,Closed,TRGR-129722274,2015-01-01
2015,1,-0.9,OLD AMERICAN COUNTY MUTUAL FIRE INSURANCE COMPANY,Closed,OAMF-129853899,2015-01-01
2015,1,-0.7,HOME STATE COUNTY MUTUAL INSURANCE COMPANY,Closed,HMSG-129879513,2015-03-15
2015,1,0.0,"ACCIDENT INSURANCE COMPANY, INC.",Closed,PERR-129929549,2015-02-18
2015,1,0.0,ALINSCO INSURANCE COMPANY,Closed,AINS-129877652,2015-02-09
2015,1,0.0,AMICA MUTUAL INSURANCE COMPANY,Closed,AMMA-129692670,2015-01-01
2015,1,0.0,COLONIAL COUNTY MUTUAL INSURANCE COMPANY,Closed,GECC-129720612,2015-01-19
2015,1,0.0,COLONIAL COUNTY MUTUAL INSURANCE COMPANY,Closed,GECC-129720612,2015-01-19
2015,1,0.0,CONSUMERS COUNTY MUTUAL INSURANCE COMPANY,Closed,TEXS-129836093,2015-02-16
2015,1,0.0,CONSUMERS COUNTY MUTUAL INSURANCE COMPANY,Closed,TEXS-129836111,2015-02-16
2015,1,0.0,ELEPHANT INSURANCE COMPANY,Closed,EINS-129806695,2015-01-12
2015,1,0.0,FARMERS LLOYDS INSURANCE COMPANY OF TEXAS,Closed,METX-G129608570,2015-02-13
2015,1,0.0,GEICO ADVANTAGE INSURANCE COMPANY,Closed,GECC-129720553,2015-01-19
2015,1,0.0,GEICO CHOICE INSURANCE COMPANY,Closed,GECC-129720553,2015-01-19
2015,1,0.0,GEICO COUNTY MUTUAL INSURANCE COMPANY,Closed,GECC-129720553,2015-01-19
2015,1,0.0,GEICO GENERAL INSURANCE COMPANY,Closed,GECC-129720553,2015-01-19
2015,1,0.0,GEICO INDEMNITY COMPANY,Closed,GECC-129720553,2015-01-19
2015,1,0.0,GEICO INDEMNITY COMPANY,Closed,GECC-129765113,2015-02-16
2015,1,0.0,GEICO SECURE INSURANCE COMPANY,Closed,GECC-129720553,2015-01-19
2015,1,0.0,GEICO TEXAS COUNTY MUTUAL INSURANCE COMPANY,Closed,TRGR-129852358,2015-02-13
2015,1,0.0,GEICO TEXAS COUNTY MUTUAL INSURANCE COMPANY,Closed,TRGR-129852461,2015-02-13
2015,1,0.0,GEICO TEXAS COUNTY MUTUAL INSURANCE COMPANY,Closed,TRGR-129852492,2015-02-13
2015,1,0.0,GEICO TEXAS COUNTY MUTUAL INSURANCE COMPANY,Closed,TRGR-130531491,2015-01-01
2015,1,0.0,"GENERAL AUTOMOBILE INSURANCE COMPANY, INC., THE",Closed,PGAC-129827840,2015-01-04
2015,1,0.0,"GENERAL AUTOMOBILE INSURANCE COMPANY, INC., THE",Closed,PGAC-129907348,2015-03-08
2015,1,0.0,GOVERNMENT EMPLOYEES INSURANCE COMPANY,Closed,GECC-129720553,2015-01-19
2015,1,0.0,HOME STATE COUNTY MUTUAL INSURANCE COMPANY,Closed,HMSG-129659847,2015-01-01
2015,1,0.0,HOME STATE COUNTY MUTUAL INSURANCE COMPANY,Closed,HMSG-129685670,2015-01-01
2015,1,0.0,HOME STATE COUNTY MUTUAL INSURANCE COMPANY,Closed,HMSG-129685673,2015-01-01
2015,1,0.0,HOME STATE COUNTY MUTUAL INSURANCE COMPANY,Closed,HMSG-129708108,2015-03-15
2015,1,0.0,HOME STATE COUNTY MUTUAL INSURANCE COMPANY,Closed,HMSG-129768035,2015-01-01
2015,1,0.0,HOME STATE COUNTY MUTUAL INSURANCE COMPANY,Closed,HMSG-129769945,2015-01-01
2015,1,0.0,HOME STATE COUNTY MUTUAL INSURANCE COMPANY,Closed,HMSG-129814937,2015-02-15
2015,1,0.0,HOME STATE COUNTY MUTUAL INSURANCE COMPANY,Closed,HMSG-129881027,2015-03-07
2015,1,0.0,HOME STATE COUNTY MUTUAL INSURANCE COMPANY,Closed,HMSG-129888789,2015-02-01
2015,1,0.0,LYNDON SOUTHERN INSURANCE COMPANY,Closed,KMKC-129851589,2015-02-01
2015,1,0.0,"MGA INSURANCE COMPANY, INC.",Closed,GNSC-129918982,2015-03-28
2015,1,0.0,NATIONAL UNITY INSURANCE COMPANY,Closed,NUIC-129820742,2015-01-01
2015,1,0.0,OLD AMERICAN COUNTY MUTUAL FIRE INSURANCE COMPANY,Closed,OAMF-129818842,2015-01-01
2015,1,0.0,OLD AMERICAN COUNTY MUTUAL FIRE INSURANCE COMPANY,Closed,OAMF-129818860,2015-01-01
2015,1,0.0,OLD AMERICAN COUNTY MUTUAL FIRE INSURANCE COMPANY,Closed,OAMF-129825701,2015-01-01
2015,1,0.0,OLD AMERICAN COUNTY MUTUAL FIRE INSURANCE COMPANY,Closed,OAMF-129825828,2015-01-01
2015,1,0.0,OLD AMERICAN COUNTY MUTUAL FIRE INSURANCE COMPANY,Closed,OAMF-129825836,2015-01-01
2015,1,0.0,OLD AMERICAN COUNTY MUTUAL FIRE INSURANCE COMPANY,Closed,OAMF-129887825,2015-02-09
2015,1,0.0,OLD AMERICAN COUNTY MUTUAL FIRE INSURANCE COMPANY,Closed,OAMF-129887831,2015-02-09
2015,1,0.0,OLD AMERICAN COUNTY MUTUAL FIRE INSURANCE COMPANY,Closed,OAMF-129887838,2015-02-09
2015,1,0.0,REPUBLIC UNDERWRITERS INSURANCE COMPANY,Closed,TRGR-129710558,2015-01-01
2015,1,0.0,RLI INSURANCE COMPANY,Closed,RSHL-129875854,2015-03-15
2015,1,0.0,STATE FARM COUNTY MUTUAL INSURANCE COMPANY OF TEXAS,Closed,SFMA-129664440,2015-01-01
2015,1,0.0,STATE FARM COUNTY MUTUAL INSURANCE COMPANY OF TEXAS,Closed,SFMA-129690600,2015-01-01
2015,1,0.0,STATE FARM COUNTY MUTUAL INSURANCE COMPANY OF TEXAS,Closed,SFMA-129896256,2015-01-27
2015,1,0.0,STATE FARM FIRE AND CASUALTY COMPANY,Closed,SFMA-129664440,2015-01-01
2015,1,0.0,STATE FARM FIRE AND CASUALTY COMPANY,Closed,SFMA-129690600,2015-01-01
2015,1,0.0,STATE FARM FIRE AND CASUALTY COMPANY,Closed,SFMA-129896256,2015-01-27
2015,1,0.0,STATE FARM MUTUAL AUTOMOBILE INSURANCE COMPANY,Closed,SFMA-129664440,2015-01-01
2015,1,0.0,STATE FARM MUTUAL AUTOMOBILE INSURANCE COMPANY,Closed,SFMA-129690600,2015-01-01
2015,1,0.0,STATE FARM MUTUAL AUTOMOBILE INSURANCE COMPANY,Closed,SFMA-129896256,2015-01-27
2015,1,0.0,UNITRIN COUNTY MUTUAL INSURANCE COMPANY,Closed,UTRN-129894423,2015-02-21
2015,1,0.0,WESTERN GENERAL AUTOMOBILE INSURANCE COMPANY,Closed,PERR-129766915,2015-03-31
2015,1,0.2,HOME STATE COUNTY MUTUAL INSURANCE COMPANY,Closed,HMSG-129827625,2015-01-19
2015,1,0.6,OLD AMERICAN COUNTY MUTUAL FIRE INSURANCE COMPANY,Closed,OAMF-129861117,2015-01-01
2015,1,0.7,CONCERT INSURANCE COMPANY,Closed,PERR-129862908,2015-01-01
2015,1,0.8,LYNDON SOUTHERN INSURANCE COMPANY,Closed,LFST-129843296,2015-01-01
2015,1,0.8,OLD AMERICAN COUNTY MUTUAL FIRE INSURANCE COMPANY,Closed,OAMF-129880732,2015-01-15
2015,1,1.2,HOME STATE COUNTY MUTUAL INSURANCE COMPANY,Closed,HMSG-129824748,2015-01-29
2015,1,1.5,ESURANCE INSURANCE COMPANY,Closed,ESUR-129802142,2015-01-29
2015,1,1.9,FARMERS LLOYDS INSURANCE COMPANY OF TEXAS,Closed,METX-G129840258,2015-03-21
2015,1,2.5,FOREMOST PROPERTY AND CASUALTY INSURANCE COMPANY,Closed,FORE-129669720,2015-03-01
2015,1,2.5,HOME STATE COUNTY MUTUAL INSURANCE COMPANY,Closed,HMSG-129770769,2015-01-01
2015,1,2.7,HOME STATE COUNTY MUTUAL INSURANCE COMPANY,Closed,HMSG-129816571,2015-02-08
2015,1,3.0,GOVERNMENT EMPLOYEES INSURANCE COMPANY,Closed,GECC-129831676,2015-02-26
2015,1,3.0,NATIONWIDE AGRIBUSINESS INSURANCE COMPANY,Closed,NWPC-129735141,2015-01-01
2015,1,3.1,FOREMOST COUNTY MUTUAL INSURANCE COMPANY,Closed,FORE-129669611,2015-03-01
2015,1,3.2,GEICO SECURE INSURANCE COMPANY,Closed,GECC-129831676,2015-02-26
2015,1,3.2,TEXAS FARM BUREAU CASUALTY INSURANCE COMPANY,Closed,TEXS-129869954,2015-01-05
2015,1,3.3,TEXAS FARM BUREAU MUTUAL INSURANCE COMPANY,Closed,TEXS-129868855,2015-01-05
2015,1,3.4,COLONIAL COUNTY MUTUAL INSURANCE COMPANY,Closed,GECC-129831666,2015-02-26
2015,1,3.4,GEICO CHOICE INSURANCE COMPANY,Closed,GECC-129831676,2015-02-26
2015,1,3.4,TRISURA INSURANCE COMPANY,Closed,AGMK-129807191,2015-01-01
2015,1,3.5,UNITRIN DIRECT INSURANCE COMPANY,Closed,UNTR-129834550,2015-03-15
2015,1,3.6,GEICO ADVANTAGE INSURANCE COMPANY,Closed,GECC-129831676,2015-02-26
2015,1,3.6,GEICO COUNTY MUTUAL INSURANCE COMPANY,Closed,GECC-129831676,2015-02-26
2015,1,3.9,AMERICAN NATIONAL COUNTY MUTUAL INSURANCE COMPANY,Closed,ANPC-129744802,2015-01-19
2015,1,4.0,ELEPHANT INSURANCE COMPANY,Closed,EINS-129841153,2015-02-15
2015,1,4.1,OLD AMERICAN COUNTY MUTUAL FIRE INSURANCE COMPANY,Closed,OAMF-129824801,2015-01-01
2015,1,4.2,COLONIAL COUNTY MUTUAL INSURANCE COMPANY,Closed,NTWP-129800472,2015-02-08
2015,1,4.5,DEPOSITORS INSURANCE COMPANY,Closed,NWPC-129735141,2015-01-01
2015,1,4.8,COLONIAL COUNTY MUTUAL INSURANCE COMPANY,Closed,NTWP-129800459,2015-02-08
2015,1,5.0,INFINITY COUNTY MUTUAL INSURANCE COMPANY,Closed,NFNT-129820963,2015-01-19
2015,1,5.0,OLD AMERICAN COUNTY MUTUAL FIRE INSURANCE COMPANY,Closed,OAMF-129889402,2015-03-15
2015,1,5.0,UNITRIN COUNTY MUTUAL INSURANCE COMPANY,Closed,UTRN-129789907,2015-01-22
2015,1,5.0,UNITRIN COUNTY MUTUAL INSURANCE COMPANY,Closed,UTRN-129790975,2015-01-22
2015,1,5.2,DIRECT GENERAL INSURANCE COMPANY,Closed,DRCT-129857235,2015-02-06
2015,1,5.4,OLD AMERICAN COUNTY MUTUAL FIRE INSURANCE COMPANY,Closed,OAMF-129857478,2015-01-22
2015,1,5.6,AFFIRMATIVE INSURANCE COMPANY,Closed,AFIN-129858965,2015-02-05
2015,1,5.6,OLD AMERICAN COUNTY MUTUAL FIRE INSURANCE COMPANY,Closed,OAMF-129861862,2015-02-05
2015,1,5.8,HOME STATE COUNTY MUTUAL INSURANCE COMPANY,Closed,HMSG-129815877,2015-02-08
2015,1,6.2,STATE AUTO PROPERTY & CASUALTY INSURANCE COMPANY,Closed,STAT-129786009,2015-03-26
2015,1,6.7,BANKERS STANDARD INSURANCE COMPANY,Closed,ACEH-129697211,2015-02-06
2015,1,7.1,UNITRIN COUNTY MUTUAL INSURANCE COMPANY,Closed,UNTR-129771096,2015-02-08
2015,1,8.0,DAIRYLAND COUNTY MUTUAL INSURANCE COMPANY OF TEXAS,Closed,VKNG-129918129,2015-03-02
2015,1,8.9,HARTFORD INSURANCE COMPANY OF THE MIDWEST,Closed,HART-129887254,2015-03-13
2015,1,9.0,FARM BUREAU COUNTY MUTUAL INSURANCE COMPANY OF TEXAS,Closed,TEXS-129870075,2015-01-05
2015,1,9.0,"MGA INSURANCE COMPANY, INC.",Closed,GNSC-129892364,2015-03-09
2015,1,9.2,AMERICAN ALTERNATIVE INSURANCE CORPORATION,Closed,AMLX-G129792163,2015-02-01
2015,1,9.5,INFINITY COUNTY MUTUAL INSURANCE COMPANY,Closed,NFNT-129820966,2015-01-19
2015,1,9.7,HOME STATE COUNTY MUTUAL INSURANCE COMPANY,Closed,HMSG-129841917,2015-01-17
2015,1,10.1,GO INSURANCE COMPANY,Closed,KMKC-129839405,2015-01-31
2015,1,10.6,INFINITY COUNTY MUTUAL INSURANCE COMPANY,Closed,NFNT-129820965,2015-01-19
2015,1,12.5,FOREMOST COUNTY MUTUAL INSURANCE COMPANY,Closed,FORE-129675794,2015-03-01
2015,1,14.0,GEICO TEXAS COUNTY MUTUAL INSURANCE COMPANY,Closed,TRGR-129829081,2015-01-23
2015,1,16.0,OLD AMERICAN COUNTY MUTUAL FIRE INSURANCE COMPANY,Closed,OAMF-129880802,2015-02-15
2015,1,16.1,HOME STATE COUNTY MUTUAL INSURANCE COMPANY,Closed,HMSG-129967182,2015-03-12
2015,1,16.2,OLD AMERICAN COUNTY MUTUAL FIRE INSURANCE COMPANY,Closed,OAMF-129880927,2015-02-15
2015,1,16.6,OLD AMERICAN COUNTY MUTUAL FIRE INSURANCE COMPANY,Closed,OAMF-129880886,2015-01-15
2015,1,17.3,COMMERCIAL ALLIANCE INSURANCE COMPANY,Closed,OCCD-129768298,2015-01-01
2015,1,32.6,NATIONAL UNITY INSURANCE COMPANY,Closed,NUIC-129846925,2015-02-15
2015,2,-9.4,VISION INSURANCE COMPANY,Closed,PERR-129975820,2015-04-18
2015,2,-5.5,HOME STATE COUNTY MUTUAL INSURANCE COMPANY,Closed,HMSG-130086156,2015-05-31
2015,2,-2.7,TRINITY UNIVERSAL INSURANCE COMPANY,Closed,KEMP-129904783,2015-06-03
2015,2,-2.4,COLONIAL COUNTY MUTUAL INSURANCE COMPANY,Closed,NWSP-129953060,2015-05-26
2015,2,-0.7,ELEPHANT INSURANCE COMPANY,Closed,EINS-129905518,2015-04-18
2015,2,-0.5,ALINSCO INSURANCE COMPANY,Closed,AINS-129998551,2015-04-22
2015,2,-0.5,PROGRESSIVE ADVANCED INSURANCE COMPANY,Closed,PRGS-129821009,2015-04-15
2015,2,-0.5,PROGRESSIVE COUNTY MUTUAL INSURANCE COMPANY,Closed,PRGS-129962750,2015-04-09
2015,2,0.0,AGRICULTURAL WORKERS MUTUAL AUTO INSURANCE COMPANY,Closed,AGWG-129956007,2015-04-20
2015,2,0.0,ALLSTATE FIRE AND CASUALTY INSURANCE COMPANY,Closed,ALSE-130018270,2015-05-28
2015,2,0.0,AMERICAN NATIONAL COUNTY MUTUAL INSURANCE COMPANY,Closed,ANPC-129903644,2015-05-06
2015,2,0.0,BRISTOL WEST SPECIALTY INSURANCE COMPANY,Closed,BRWS-129831485,2015-04-30
2015,2,0.0,CENTRAL INSURANCE COMPANY,Closed,CEMC-129851934,2015-05-01
2015,2,0.0,COLONIAL COUNTY MUTUAL INSURANCE COMPANY,Closed,GECC-129857604,2015-04-20
2015,2,0.0,COLONIAL COUNTY MUTUAL INSURANCE COMPANY,Closed,NWPC-130053386,2015-05-01
2015,2,0.0,ELEPHANT INSURANCE COMPANY,Closed,EINS-129950457,2015-05-16
2015,2,0.0,ELEPHANT INSURANCE COMPANY,Closed,EINS-130005435,2015-06-23
2015,2,0.0,FARMERS TEXAS COUNTY MUTUAL INSURANCE COMPANY,Closed,FARM-130109426,2015-06-18
2015,2,0.0,FEDNAT INSURANCE COMPANY,Closed,PERR-130038366,2015-06-01
2015,2,0.0,FIREMAN'S FUND INSURANCE COMPANY,Closed,FFDC-129719190,2015-04-23
2015,2,0.0,FOREMOST COUNTY MUTUAL INSURANCE COMPANY,Closed,BRWS-129946875,2015-04-22
2015,2,0.0,GARRISON PROPERTY AND CASUALTY INSURANCE COMPANY,Closed,USAA-129855183,2015-05-16
2015,2,0.0,GEICO INDEMNITY COMPANY,Closed,GECC-129857604,2015-04-20
2015,2,0.0,HALLMARK COUNTY MUTUAL INSURANCE COMPANY,Closed,PHXN-129931507,2015-05-01
2015,2,0.0,HOME STATE COUNTY MUTUAL INSURANCE COMPANY,Closed,HMSG-129947218,2015-06-01
2015,2,0.0,"INSURANCE SERVICES OFFICE, INC.",Closed,TEXS-130125618,2015-06-16
2015,2,0.0,LIBERTY COUNTY MUTUAL INSURANCE COMPANY,Closed,LBPM-129881866,2015-05-18
2015,2,0.0,LIBERTY COUNTY MUTUAL INSURANCE COMPANY,Closed,LBPM-129882351,2015-05-18
2015,2,0.0,NATIONAL INTERSTATE INSURANCE COMPANY,Closed,NTNL-129746685,2015-06-05
2015,2,0.0,NATIONAL SURETY CORPORATION,Closed,FFDC-129719190,2015-04-23
2015,2,0.0,NATIONWIDE MUTUAL INSURANCE COMPANY,Closed,NWPC-130053386,2015-05-01
2015,2,0.0,OLD AMERICAN COUNTY MUTUAL FIRE INSURANCE COMPANY,Closed,OAMF-130089839,2015-05-21
2015,2,0.0,OLD AMERICAN COUNTY MUTUAL FIRE INSURANCE COMPANY,Closed,OAMF-130116650,2015-06-15
2015,2,0.0,PROGRESSIVE COUNTY MUTUAL INSURANCE COMPANY,Closed,PRGS-129962261,2015-04-09
2015,2,0.0,"RIVERSTONE INTERNATIONAL INSURANCE, INC.",Closed,ELEC-129992919,2015-05-14
2015,2,0.0,STATE FARM COUNTY MUTUAL INSURANCE COMPANY OF TEXAS,Closed,SFMA-129906810,2015-05-01
2015,2,0.0,STATE FARM COUNTY MUTUAL INSURANCE COMPANY OF TEXAS,Closed,SFMA-130122229,2015-06-17
2015,2,0.0,STATE FARM FIRE AND CASUALTY COMPANY,Closed,SFMA-129906810,2015-05-01
2015,2,0.0,STATE FARM FIRE AND CASUALTY COMPANY,Closed,SFMA-130122229,2015-06-17
2015,2,0.0,STATE FARM MUTUAL AUTOMOBILE INSURANCE COMPANY,Closed,SFMA-129906810,2015-05-01
2015,2,0.0,STATE FARM MUTUAL AUTOMOBILE INSURANCE COMPANY,Closed,SFMA-130122229,2015-06-17
2015,2,0.0,STILLWATER INSURANCE COMPANY,Closed,FDLY-129906276,2015-05-09
2015,2,0.0,UNITED SERVICES AUTOMOBILE ASSOCIATION,Closed,USAA-129855183,2015-05-16
2015,2,0.0,USAA CASUALTY INSURANCE COMPANY,Closed,USAA-129855183,2015-05-16
2015,2,0.0,USAA GENERAL INDEMNITY COMPANY,Closed,USAA-129855183,2015-05-16
2015,2,0.2,CONSUMERS COUNTY MUTUAL INSURANCE COMPANY,Closed,TEXS-129845644,2015-04-07
2015,2,0.4,HOME STATE COUNTY MUTUAL INSURANCE COMPANY,Closed,HMSG-129982149,2015-05-01
2015,2,0.5,OLD AMERICAN COUNTY MUTUAL FIRE INSURANCE COMPANY,Closed,OAMF-130042381,2015-05-22
2015,2,0.9,OLD AMERICAN COUNTY MUTUAL FIRE INSURANCE COMPANY,Closed,OAMF-130056927,2015-06-01
2015,2,1.0,COLONIAL COUNTY MUTUAL INSURANCE COMPANY,Closed,NWPC-129939600,2015-04-15
2015,2,1.3,OLD AMERICAN COUNTY MUTUAL FIRE INSURANCE COMPANY,Closed,OAMF-130023267,2015-05-15
2015,2,1.4,TEACHERS INSURANCE COMPANY,Closed,HRMN-129895228,2015-05-01
2015,2,1.5,OLD AMERICAN COUNTY MUTUAL FIRE INSURANCE COMPANY,Closed,OAMF-130005165,2015-05-01
2015,2,1.6,OLD AMERICAN COUNTY MUTUAL FIRE INSURANCE COMPANY,Closed,OAMF-130005085,2015-05-01
2015,2,2.0,CENTRAL INSURANCE COMPANY,Closed,CEMC-129954637,2015-06-01
2015,2,2.0,CONSUMERS COUNTY MUTUAL INSURANCE COMPANY,Closed,TEXS-130011166,2015-06-07
2015,2,2.0,HOME STATE COUNTY MUTUAL INSURANCE COMPANY,Closed,HMSG-129982669,2015-05-13
2015,2,2.3,FOREMOST COUNTY MUTUAL INSURANCE COMPANY,Closed,BRWS-129834435,2015-04-22
2015,2,2.8,FALCON INSURANCE COMPANY,Closed,FIGC-129977377,2015-05-01
2015,2,2.9,"CHARTER OAK FIRE INSURANCE COMPANY, THE",Closed,TRVA-129980464,2015-06-22
2015,2,2.9,"TRAVELERS INDEMNITY COMPANY, THE",Closed,TRVA-129980464,2015-06-22
2015,2,3.0,AMICA MUTUAL INSURANCE COMPANY,Closed,AMMA-129834420,2015-05-01
2015,2,3.0,FOREMOST COUNTY MUTUAL INSURANCE COMPANY,Closed,FORE-129799516,2015-05-01
2015,2,3.0,"PHOENIX INSURANCE COMPANY, THE",Closed,TRVA-129980464,2015-06-22
2015,2,3.0,TRAVELERS PERSONAL SECURITY INSURANCE COMPANY,Closed,TRVA-129980464,2015-06-22
2015,2,3.1,HOME STATE COUNTY MUTUAL INSURANCE COMPANY,Closed,HMSG-129984616,2015-04-01
2015,2,3.1,"TRAVELERS INDEMNITY COMPANY OF CONNECTICUT, THE",Closed,TRVA-129980464,2015-06-22
2015,2,3.2,CONCERT INSURANCE COMPANY,Closed,PERR-130048377,2015-05-05
2015,2,3.2,DAIRYLAND COUNTY MUTUAL INSURANCE COMPANY OF TEXAS,Closed,VKNG-129981517,2015-05-28
2015,2,3.2,"TRAVELERS INDEMNITY COMPANY OF AMERICA, THE",Closed,TRVA-129980464,2015-06-22
2015,2,3.3,BRISTOL WEST SPECIALTY INSURANCE COMPANY,Closed,BRWS-130007063,2015-04-01
2015,2,3.3,HOME STATE COUNTY MUTUAL INSURANCE COMPANY,Closed,HMSG-130048289,2015-06-15
2015,2,3.5,COLONIAL COUNTY MUTUAL INSURANCE COMPANY,Closed,NWPC-129939450,2015-04-15
2015,2,3.6,LYNDON SOUTHERN INSURANCE COMPANY,Closed,LFST-130181859,2015-05-05
2015,2,3.8,HOME STATE COUNTY MUTUAL INSURANCE COMPANY,Closed,HMSG-130029289,2015-05-30
2015,2,4.0,HORACE MANN PROPERTY & CASUALTY INSURANCE COMPANY,Closed,HRMN-129895298,2015-05-01
2015,2,4.0,MERCURY COUNTY MUTUAL INSURANCE COMPANY,Closed,MERY-129964317,2015-05-09
2015,2,4.1,GERMANIA SELECT INSURANCE COMPANY,Closed,GEIN-129992557,2015-05-01
2015,2,4.2,AMERICAN ALTERNATIVE INSURANCE CORPORATION,Closed,AMLX-G129988241,2015-06-01
2015,2,4.7,HOME STATE COUNTY MUTUAL INSURANCE COMPANY,Closed,HMSG-130060245,2015-06-01
2015,2,4.7,NATIONAL GENERAL ASSURANCE COMPANY,Closed,GMMX-130022482,2015-05-23
2015,2,4.9,21ST CENTURY CENTENNIAL INSURANCE COMPANY,Closed,AGMK-129933524,2015-04-01
2015,2,4.9,HOME STATE COUNTY MUTUAL INSURANCE COMPANY,Closed,HMSG-129911251,2015-04-01
2015,2,4.9,KNIGHTBROOK INSURANCE COMPANY,Closed,AGGI-130022228,2015-06-01
2015,2,5.0,DAIRYLAND COUNTY MUTUAL INSURANCE COMPANY OF TEXAS,Closed,VKNG-130116622,2015-06-29
2015,2,5.0,ENCOMPASS INDEMNITY COMPANY,Closed,ALSE-130023187,2015-05-28
2015,2,5.0,OLD AMERICAN COUNTY MUTUAL FIRE INSURANCE COMPANY,Closed,OAMF-129991094,2015-05-01
2015,2,5.4,OLD AMERICAN COUNTY MUTUAL FIRE INSURANCE COMPANY,Closed,OAMF-129950385,2015-04-01
2015,2,5.6,HOME STATE COUNTY MUTUAL INSURANCE COMPANY,Closed,HMSG-129934198,2015-04-01
2015,2,5.7,NATIONAL GENERAL INSURANCE COMPANY,Closed,GMMX-130023165,2015-05-23
2015,2,6.0,COLONIAL COUNTY MUTUAL INSURANCE COMPANY,Closed,NWPC-129939526,2015-04-15
2015,2,6.0,FARMERS TEXAS COUNTY MUTUAL INSURANCE COMPANY,Closed,FARM-130062747,2015-06-23
2015,2,6.1,FALCON INSURANCE COMPANY,Closed,FIGC-130088485,2015-05-01
2015,2,6.1,HORACE MANN INSURANCE COMPANY,Closed,HRMN-129894318,2015-05-01
2015,2,6.9,HOME STATE COUNTY MUTUAL INSURANCE COMPANY,Closed,HMSG-130038968,2015-05-01
2015,2,6.9,YOUNG AMERICA INSURANCE COMPANY,Closed,PERR-130004261,2015-04-29
2015,2,7.0,DAIRYLAND COUNTY MUTUAL INSURANCE COMPANY OF TEXAS,Closed,VKNG-130116762,2015-06-29
2015,2,7.0,FOREMOST COUNTY MUTUAL INSURANCE COMPANY,Closed,AGMK-129931163,2015-04-01
2015,2,7.0,GERMANIA INSURANCE COMPANY,Closed,GEIN-129992557,2015-05-01
2015,2,7.1,GERMANIA FIRE & CASUALTY COMPANY,Closed,GEIN-129992557,2015-05-01
2015,2,7.1,HOME STATE COUNTY MUTUAL INSURANCE COMPANY,Closed,HMSG-130000609,2015-05-16
2015,2,7.1,HOME STATE COUNTY MUTUAL INSURANCE COMPANY,Closed,HMSG-130030234,2015-05-15
2015,2,7.1,LIBERTY COUNTY MUTUAL INSURANCE COMPANY,Closed,LBPM-129837585,2015-04-18
2015,2,7.2,HOME STATE COUNTY MUTUAL INSURANCE COMPANY,Closed,HMSG-129937251,2015-04-01
2015,2,7.4,AIG PROPERTY CASUALTY COMPANY,Closed,APCG-129914414,2015-05-01
2015,2,7.4,WINDHAVEN NATIONAL INSURANCE COMPANY,Closed,NBIS-130010549,2015-05-19
2015,2,8.2,OLD AMERICAN COUNTY MUTUAL FIRE INSURANCE COMPANY,Closed,OAMF-130021517,2015-05-19
2015,2,8.6,ACCC INSURANCE COMPANY,Closed,ACCC-130006332,2015-06-01
2015,2,8.7,GO INSURANCE COMPANY,Closed,KMKC-129939592,2015-04-15
2015,2,9.1,ANCHOR GENERAL INSURANCE COMPANY,Closed,AGIN-129930063,2015-04-19
2015,2,9.1,OLD AMERICAN COUNTY MUTUAL FIRE INSURANCE COMPANY,Closed,OAMF-130073116,2015-06-10
2015,2,9.2,OLD AMERICAN COUNTY MUTUAL FIRE INSURANCE COMPANY,Closed,OAMF-130042521,2015-06-01
2015,2,9.4,HOME STATE COUNTY MUTUAL INSURANCE COMPANY,Closed,HMSG-130027607,2015-05-30
2015,2,19.4,HOME STATE COUNTY MUTUAL INSURANCE COMPANY,Closed,HMSG-130059518,2015-06-06
2015,2,21.8,AMERICAN RELIABLE INSURANCE COMPANY,Closed,PENN-129914196,2015-06-01
2015,2,31.2,OLD AMERICAN COUNTY MUTUAL FIRE INSURANCE COMPANY,Closed,OAMF-130059578,2015-05-31
2015,3,-14.7,OLD AMERICAN COUNTY MUTUAL FIRE INSURANCE COMPANY,Closed,OAMF-130112080,2015-07-05
2015,3,-4.9,NATIONAL UNITY INSURANCE COMPANY,Closed,NUIC-130118519,2015-08-15
2015,3,-3.5,DEPOSITORS INSURANCE COMPANY,Closed,NWPC-129946908,2015-07-01
2015,3,-3.5,OLD AMERICAN COUNTY MUTUAL FIRE INSURANCE COMPANY,Closed,OAMF-130169400,2015-07-16
2015,3,-0.4,HOME STATE COUNTY MUTUAL INSURANCE COMPANY,Closed,HMSG-130091284,2015-07-01
2015,3,0.0,ALLIED PROPERTY AND CASUALTY INSURANCE COMPANY,Closed,NWPC-129946908,2015-07-01
2015,3,0.0,AUTO CLUB COUNTY MUTUAL INSURANCE COMPANY,Closed,IACA-130057490,2015-08-01
2015,3,0.0,AUTO CLUB INDEMNITY COMPANY,Closed,IACA-130057490,2015-08-01
2015,3,0.0,BRISTOL WEST SPECIALTY INSURANCE COMPANY,Closed,BRWS-130116264,2015-07-31
2015,3,0.0,CENTRAL INSURANCE COMPANY,Closed,CEMC-130030684,2015-07-01
2015,3,0.0,DAIRYLAND COUNTY MUTUAL INSURANCE COMPANY OF TEXAS,Closed,VKNG-130155238,2015-08-01
2015,3,0.0,ELEPHANT INSURANCE COMPANY,Closed,EINS-130094331,2015-09-23
2015,3,0.0,ESURANCE INSURANCE COMPANY,Closed,ESUR-130088588,2015-07-08
2015,3,0.0,FARMERS LLOYDS INSURANCE COMPANY OF TEXAS,Closed,METX-G130065266,2015-08-10
2015,3,0.0,"FIRST ACCEPTANCE INSURANCE COMPANY, INC.",Closed,FRST-130144903,2015-07-22
2015,3,0.0,FOREMOST COUNTY MUTUAL INSURANCE COMPANY,Closed,BRWS-130116365,2015-07-01
2015,3,0.0,GEICO TEXAS COUNTY MUTUAL INSURANCE COMPANY,Closed,TRGR-130124134,2015-08-09
2015,3,0.0,HALLMARK COUNTY MUTUAL INSURANCE COMPANY,Closed,PHXN-130064618,2015-07-27
2015,3,0.0,HOME STATE COUNTY MUTUAL INSURANCE COMPANY,Closed,HMSG-130116134,2015-08-28
2015,3,0.0,HOME STATE COUNTY MUTUAL INSURANCE COMPANY,Closed,HMSG-130156813,2015-07-08
2015,3,0.0,HOME STATE COUNTY MUTUAL INSURANCE COMPANY,Closed,HMSG-130206792,2015-08-17
2015,3,0.0,HOME STATE COUNTY MUTUAL INSURANCE COMPANY,Closed,HMSG-130217032,2015-09-01
2015,3,0.0,INFINITY COUNTY MUTUAL INSURANCE COMPANY,Closed,NFNT-130184969,2015-08-03
2015,3,0.0,INFINITY COUNTY MUTUAL INSURANCE COMPANY,Closed,NFNT-130185025,2015-08-03
2015,3,0.0,"INSURANCE SERVICES OFFICE, INC.",Closed,ISOF-130221739,2015-08-27
2015,3,0.0,"INSURANCE SERVICES OFFICE, INC.",Closed,TEXS-130178107,2015-07-16
2015,3,0.0,"INSURANCE SERVICES OFFICE, INC.",Closed,TEXS-130197042,2015-08-03
2015,3,0.0,"INSURANCE SERVICES OFFICE, INC.",Closed,TEXS-130202264,2015-08-10
2015,3,0.0,"INSURANCE SERVICES OFFICE, INC.",Closed,TEXS-130228296,2015-09-01
2015,3,0.0,"INSURANCE SERVICES OFFICE, INC.",Closed,TEXS-130258233,2015-09-21
2015,3,0.0,INTERINSURANCE EXCHANGE OF THE AUTOMOBILE CLUB,Closed,IACA-130057490,2015-08-01
2015,3,0.0,OLD AMERICAN COUNTY MUTUAL FIRE INSURANCE COMPANY,Closed,OAMF-130147723,2015-07-01
2015,3,0.0,OLD AMERICAN COUNTY MUTUAL FIRE INSURANCE COMPANY,Closed,OAMF-130170110,2015-07-22
2015,3,0.0,OLD AMERICAN COUNTY MUTUAL FIRE INSURANCE COMPANY,Closed,OAMF-130226345,2015-09-03
2015,3,0.0,OLD AMERICAN COUNTY MUTUAL FIRE INSURANCE COMPANY,Closed,OAMF-130243281,2015-09-15
2015,3,0.0,OLD AMERICAN COUNTY MUTUAL FIRE INSURANCE COMPANY,Closed,OAMF-130243433,2015-09-15
2015,3,0.0,OLD AMERICAN COUNTY MUTUAL FIRE INSURANCE COMPANY,Closed,OAMF-130243443,2015-09-15
2015,3,0.0,OLD AMERICAN COUNTY MUTUAL FIRE INSURANCE COMPANY,Closed,OAMF-130243538,2015-09-15
2015,3,0.0,REDPOINT COUNTY MUTUAL INSURANCE COMPANY,Closed,SWCM-130205893,2015-08-14
2015,3,0.0,REDPOINT COUNTY MUTUAL INSURANCE COMPANY,Closed,SWCM-130226779,2015-09-15
2015,3,0.0,REDPOINT COUNTY MUTUAL INSURANCE COMPANY,Closed,SWCM-130232525,2015-09-15
2015,3,0.0,"RIVERSTONE INTERNATIONAL INSURANCE, INC.",Closed,ELEC-130047429,2015-07-04
2015,3,0.0,SAFEWAY INSURANCE COMPANY,Closed,PERR-130145822,2015-08-01
2015,3,0.0,STATE FARM COUNTY MUTUAL INSURANCE COMPANY OF TEXAS,Closed,SFMA-129955632,2015-07-01
2015,3,0.0,STATE FARM FIRE AND CASUALTY COMPANY,Closed,SFMA-129955632,2015-07-01
2015,3,0.0,STATE FARM FIRE AND CASUALTY COMPANY,Closed,SFMA-130137689,2015-09-14
2015,3,0.0,STATE FARM MUTUAL AUTOMOBILE INSURANCE COMPANY,Closed,SFMA-129955632,2015-07-01
2015,3,0.0,TREXIS ONE INSURANCE CORPORATION,Closed,VSGP-130136785,2015-09-11
2015,3,0.0,UNITED STATES LIABILITY INSURANCE COMPANY,Closed,USLI-129783694,2015-08-15
2015,3,0.0,VISION INSURANCE COMPANY,Closed,PERR-130216442,2015-09-28
2015,3,0.6,OLD AMERICAN COUNTY MUTUAL FIRE INSURANCE COMPANY,Closed,OAMF-130147885,2015-07-01
2015,3,0.8,GEICO INDEMNITY COMPANY,Closed,GECC-130039583,2015-08-02
2015,3,1.5,OLD AMERICAN COUNTY MUTUAL FIRE INSURANCE COMPANY,Closed,OAMF-130188157,2015-09-01
2015,3,1.6,HOME STATE COUNTY MUTUAL INSURANCE COMPANY,Closed,HMSG-130126949,2015-08-01
2015,3,1.6,OLD AMERICAN COUNTY MUTUAL FIRE INSURANCE COMPANY,Closed,OAMF-130147807,2015-07-01
2015,3,1.6,OLD AMERICAN COUNTY MUTUAL FIRE INSURANCE COMPANY,Closed,OAMF-130147979,2015-07-01
2015,3,1.7,ELEPHANT INSURANCE COMPANY,Closed,EINS-130106430,2015-08-10
2015,3,1.8,ELEPHANT INSURANCE COMPANY,Closed,EINS-130160958,2015-09-23
2015,3,2.0,FARMERS LLOYDS INSURANCE COMPANY OF TEXAS,Closed,METX-G130152799,2015-09-19
2015,3,2.0,GOVERNMENT EMPLOYEES INSURANCE COMPANY,Closed,GECC-130126237,2015-09-11
2015,3,2.1,LYNDON SOUTHERN INSURANCE COMPANY,Closed,KMKC-130102430,2015-08-01
2015,3,2.4,STATE FARM MUTUAL AUTOMOBILE INSURANCE COMPANY,Closed,SFMA-130137689,2015-09-14
2015,3,2.5,"MGA INSURANCE COMPANY, INC.",Closed,GNSC-130099522,2015-07-27
2015,3,2.6,ALINSCO INSURANCE COMPANY,Closed,AINS-130098383,2015-07-01
2015,3,2.6,"GENERAL AUTOMOBILE INSURANCE COMPANY, INC., THE",Closed,PGAC-130166107,2015-08-18
2015,3,2.6,OLD AMERICAN COUNTY MUTUAL FIRE INSURANCE COMPANY,Closed,OAMF-130147752,2015-07-01
2015,3,2.7,ALLSTATE PROPERTY AND CASUALTY INSURANCE COMPANY,Closed,ALSE-130115844,2015-08-06
2015,3,2.8,GEICO ADVANTAGE INSURANCE COMPANY,Closed,GECC-130126237,2015-09-11
2015,3,2.8,UNITRIN COUNTY MUTUAL INSURANCE COMPANY,Closed,UTRN-130069229,2015-08-13
2015,3,2.9,LYNDON SOUTHERN INSURANCE COMPANY,Closed,LFST-130183992,2015-08-01
2015,3,3.2,BRISTOL WEST SPECIALTY INSURANCE COMPANY,Closed,BRWS-130253996,2015-09-30
2015,3,3.2,BRISTOL WEST SPECIALTY INSURANCE COMPANY,Closed,BRWS-130276743,2015-09-30
2015,3,3.2,OLD AMERICAN COUNTY MUTUAL FIRE INSURANCE COMPANY,Closed,OAMF-130188130,2015-09-01
2015,3,3.2,OLD AMERICAN COUNTY MUTUAL FIRE INSURANCE COMPANY,Closed,OAMF-130188318,2015-09-01
2015,3,3.3,NATIONWIDE AGRIBUSINESS INSURANCE COMPANY,Closed,NWPC-129946671,2015-07-01
2015,3,3.5,HOME STATE COUNTY MUTUAL INSURANCE COMPANY,Closed,HMSG-130075537,2015-08-08
2015,3,3.5,HOME STATE COUNTY MUTUAL INSURANCE COMPANY,Closed,HMSG-130075884,2015-08-08
2015,3,3.5,PROGRESSIVE COUNTY MUTUAL INSURANCE COMPANY,Closed,PRGS-130132104,2015-07-23
2015,3,3.7,CONCERT INSURANCE COMPANY,Closed,PERR-130189301,2015-08-01
2015,3,3.7,"MGA INSURANCE COMPANY, INC.",Closed,GNSC-130201084,2015-09-28
2015,3,3.7,NATIONAL UNITY INSURANCE COMPANY,Closed,KMKC-130090795,2015-08-01
2015,3,3.8,HOME STATE COUNTY MUTUAL INSURANCE COMPANY,Closed,HMSG-130085103,2015-07-01
2015,3,3.8,HOME STATE COUNTY MUTUAL INSURANCE COMPANY,Closed,HMSG-130253227,2015-09-30
2015,3,3.8,PROGRESSIVE COUNTY MUTUAL INSURANCE COMPANY,Closed,PRGS-130132093,2015-07-23
2015,3,4.1,COLONIAL COUNTY MUTUAL INSURANCE COMPANY,Closed,GECC-130126255,2015-09-11
2015,3,4.1,COLONIAL COUNTY MUTUAL INSURANCE COMPANY,Closed,NTWP-130081320,2015-08-08
2015,3,4.1,GEICO COUNTY MUTUAL INSURANCE COMPANY,Closed,GECC-130126237,2015-09-11
2015,3,4.3,AFFIRMATIVE INSURANCE COMPANY,Closed,AFIN-130141434,2015-08-19
2015,3,4.3,FOREMOST COUNTY MUTUAL INSURANCE COMPANY,Closed,BRWS-130102984,2015-07-08
2015,3,4.3,FOREMOST COUNTY MUTUAL INSURANCE COMPANY,Closed,BRWS-130209392,2015-09-30
2015,3,4.3,OLD AMERICAN COUNTY MUTUAL FIRE INSURANCE COMPANY,Closed,OAMF-130166176,2015-08-19
2015,3,4.4,ALLSTATE FIRE AND CASUALTY INSURANCE COMPANY,Closed,ALSE-130093838,2015-07-16
2015,3,4.5,HOME STATE COUNTY MUTUAL INSURANCE COMPANY,Closed,HMSG-130170914,2015-09-01
2015,3,4.5,UNITRIN COUNTY MUTUAL INSURANCE COMPANY,Closed,UTRN-130113610,2015-08-27
2015,3,4.7,GEICO CHOICE INSURANCE COMPANY,Closed,GECC-130126237,2015-09-11
2015,3,4.7,HOME STATE COUNTY MUTUAL INSURANCE COMPANY,Closed,HMSG-130142261,2015-07-01
2015,3,4.8,HOME STATE COUNTY MUTUAL INSURANCE COMPANY,Closed,HMSG-130091420,2015-07-01
2015,3,4.8,OLD AMERICAN COUNTY MUTUAL FIRE INSURANCE COMPANY,Closed,OAMF-130148073,2015-08-01
2015,3,4.8,OLD AMERICAN COUNTY MUTUAL FIRE INSURANCE COMPANY,Closed,OAMF-130176895,2015-08-14
2015,3,4.9,COLONIAL COUNTY MUTUAL INSURANCE COMPANY,Closed,NTWP-130081492,2015-08-08
2015,3,5.0,HOME STATE COUNTY MUTUAL INSURANCE COMPANY,Closed,HMSG-130121410,2015-08-01
2015,3,5.1,OLD AMERICAN COUNTY MUTUAL FIRE INSURANCE COMPANY,Closed,OAMF-130124221,2015-07-15
2015,3,5.1,OLD AMERICAN COUNTY MUTUAL FIRE INSURANCE COMPANY,Closed,OAMF-130223755,2015-09-15
2015,3,5.2,OLD AMERICAN COUNTY MUTUAL FIRE INSURANCE COMPANY,Closed,OAMF-130124514,2015-07-15
2015,3,5.3,HOME STATE COUNTY MUTUAL INSURANCE COMPANY,Closed,HMSG-130134930,2015-08-01
2015,3,5.4,GENERAL INSURANCE COMPANY OF AMERICA,Closed,LBPM-129940939,2015-07-03
2015,3,5.4,SAFECO INSURANCE COMPANY OF AMERICA,Closed,LBPM-129940939,2015-07-03
2015,3,5.4,SAFECO INSURANCE COMPANY OF ILLINOIS,Closed,LBPM-129940939,2015-07-03
2015,3,5.4,SAFECO LLOYDS INSURANCE COMPANY,Closed,LBPM-129940939,2015-07-03
2015,3,5.5,HALLMARK COUNTY MUTUAL INSURANCE COMPANY,Closed,PHXN-130109807,2015-08-21
2015,3,5.5,TREXIS ONE INSURANCE CORPORATION,Closed,VSGP-130184130,2015-09-11
2015,3,5.8,GEICO SECURE INSURANCE COMPANY,Closed,GECC-130126237,2015-09-11
2015,3,6.6,OLD AMERICAN COUNTY MUTUAL FIRE INSURANCE COMPANY,Closed,OAMF-130124637,2015-07-15
2015,3,6.7,BANKERS STANDARD INSURANCE COMPANY,Closed,ACEH-129986591,2015-09-11
2015,3,6.7,WESTERN GENERAL AUTOMOBILE INSURANCE COMPANY,Closed,PERR-130167680,2015-09-01
2015,3,6.9,HOME STATE COUNTY MUTUAL INSURANCE COMPANY,Closed,HMSG-130155871,2015-08-28
2015,3,7.2,AMERICAN FAMILY CONNECT PROPERTY AND CASUALTY INSURANCE COMPANY,Closed,MLCO-129993174,2015-08-04
2015,3,7.3,HOME STATE COUNTY MUTUAL INSURANCE COMPANY,Closed,HMSG-130145844,2015-08-01
2015,3,7.5,OLD AMERICAN COUNTY MUTUAL FIRE INSURANCE COMPANY,Closed,OAMF-130188387,2015-09-01
2015,3,7.7,OLD AMERICAN COUNTY MUTUAL FIRE INSURANCE COMPANY,Closed,OAMF-130099376,2015-07-01
2015,3,8.0,KNIGHTBROOK INSURANCE COMPANY,Closed,AGGI-130217846,2015-09-15
2015,3,8.6,STATE FARM COUNTY MUTUAL INSURANCE COMPANY OF TEXAS,Closed,SFMA-130137689,2015-09-14
2015,3,8.9,HOME STATE COUNTY MUTUAL INSURANCE COMPANY,Closed,HMSG-130183225,2015-09-15
2015,3,9.0,CALIFORNIA CASUALTY INDEMNITY EXCHANGE,Closed,CALC-130024977,2015-09-01
2015,3,9.0,UNITRIN COUNTY MUTUAL INSURANCE COMPANY,Closed,UTRN-130049055,2015-07-09
2015,3,9.6,COMMERCIAL ALLIANCE INSURANCE COMPANY,Closed,OCCD-130179211,2015-09-01
2015,3,10.0,GEICO TEXAS COUNTY MUTUAL INSURANCE COMPANY,Closed,TRGR-130066488,2015-08-09
2015,3,10.0,NATIONWIDE MUTUAL INSURANCE COMPANY,Closed,NWLC-129966689,2015-08-15
2015,3,10.1,ENCOMPASS INDEMNITY COMPANY,Closed,ALSE-130078992,2015-07-31
2015,3,11.1,VISION INSURANCE COMPANY,Closed,PERR-130170316,2015-08-20
2015,3,12.0,GEICO TEXAS COUNTY MUTUAL INSURANCE COMPANY,Closed,TRGR-130072909,2015-08-09
2015,3,12.1,KNIGHTBROOK INSURANCE COMPANY,Closed,AGGI-129667368,2015-09-01
2015,3,12.4,COLONIAL COUNTY MUTUAL INSURANCE COMPANY,Closed,NWSP-130085502,2015-07-21
2015,3,12.7,HOME STATE COUNTY MUTUAL INSURANCE COMPANY,Closed,HMSG-130146885,2015-08-01
2015,3,15.4,ENCOMPASS HOME AND AUTO INSURANCE COMPANY,Closed,ALSE-130078888,2015-07-31
2015,3,15.9,ENCOMPASS PROPERTY AND CASUALTY COMPANY,Closed,ALSE-130078888,2015-07-31
2015,3,16.0,ENCOMPASS INSURANCE COMPANY OF AMERICA,Closed,ALSE-130078888,2015-07-31
2015,4,-30.0,HOME STATE COUNTY MUTUAL INSURANCE COMPANY,Closed,HMSG-130327143,2015-12-19
2015,4,-6.9,PROGRESSIVE COUNTY MUTUAL INSURANCE COMPANY,Closed,PRGS-130301580,2015-12-23
2015,4,-0.5,PROGRESSIVE COUNTY MUTUAL INSURANCE COMPANY,Closed,PRGS-130226238,2015-12-23
2015,4,-0.5,PROGRESSIVE COUNTY MUTUAL INSURANCE COMPANY,Closed,PRGS-130323693,2015-12-23
2015,4,-0.2,OLD AMERICAN COUNTY MUTUAL FIRE INSURANCE COMPANY,Closed,OAMF-130308320,2015-12-01
2015,4,0.0,ALLSTATE COUNTY MUTUAL INSURANCE COMPANY,Closed,ALSE-130170310,2015-10-01
2015,4,0.0,ALLSTATE COUNTY MUTUAL INSURANCE COMPANY,Closed,ALSE-130170575,2015-10-01
2015,4,0.0,ALLSTATE FIRE AND CASUALTY INSURANCE COMPANY,Closed,ALSE-130156607,2015-12-07
2015,4,0.0,ALLSTATE FIRE AND CASUALTY INSURANCE COMPANY,Closed,ALSE-130171946,2015-10-01
2015,4,0.0,ALLSTATE FIRE AND CASUALTY INSURANCE COMPANY,Closed,ALSE-130197419,2015-10-01
2015,4,0.0,ALLSTATE FIRE AND CASUALTY INSURANCE COMPANY,Closed,ALSE-130283926,2015-12-03
2015,4,0.0,ALLSTATE INDEMNITY COMPANY,Closed,ALSE-130170987,2015-10-01
2015,4,0.0,ALLSTATE INSURANCE COMPANY,Closed,ALSE-130170987,2015-10-01
2015,4,0.0,ALLSTATE PROPERTY AND CASUALTY INSURANCE COMPANY,Closed,ALSE-130170987,2015-10-01
2015,4,0.0,COLONIAL COUNTY MUTUAL INSURANCE COMPANY,Closed,GECC-130305348,2015-12-03
2015,4,0.0,COLONIAL COUNTY MUTUAL INSURANCE COMPANY,Closed,NWPC-130255062,2015-10-20
2015,4,0.0,COLONIAL COUNTY MUTUAL INSURANCE COMPANY,Closed,NWSP-130275196,2015-12-22
2015,4,0.0,CONSUMERS COUNTY MUTUAL INSURANCE COMPANY,Closed,TEXS-130200234,2015-11-13
2015,4,0.0,ECONOMY PREFERRED INSURANCE COMPANY,Closed,METX-G130038927,2015-12-15
2015,4,0.0,ECONOMY PREMIER ASSURANCE COMPANY,Closed,METX-G130038927,2015-12-15
2015,4,0.0,ELEPHANT INSURANCE COMPANY,Closed,EINS-130282728,2015-12-13
2015,4,0.0,ELEPHANT INSURANCE COMPANY,Closed,EINS-130298259,2015-10-29
2015,4,0.0,ELEPHANT INSURANCE COMPANY,Closed,EINS-130313245,2015-10-27
2015,4,0.0,ENCOMPASS INDEMNITY COMPANY,Closed,ALSE-130175654,2015-10-01
2015,4,0.0,FARMERS TEXAS COUNTY MUTUAL INSURANCE COMPANY,Closed,FARM-130226809,2015-11-17
2015,4,0.0,FOREMOST COUNTY MUTUAL INSURANCE COMPANY,Closed,FORE-129943798,2015-11-15
2015,4,0.0,FOREMOST COUNTY MUTUAL INSURANCE COMPANY,Closed,FORE-130184115,2015-11-15
2015,4,0.0,"FOREMOST INSURANCE COMPANY GRAND RAPIDS, MICHIGAN",Closed,FORE-130147605,2015-12-01
2015,4,0.0,"FOREMOST INSURANCE COMPANY GRAND RAPIDS, MICHIGAN",Closed,FORE-130147988,2015-12-01
2015,4,0.0,GEICO ADVANTAGE INSURANCE COMPANY,Closed,GECC-130305243,2015-12-03
2015,4,0.0,GEICO CHOICE INSURANCE COMPANY,Closed,GECC-130305243,2015-12-03
2015,4,0.0,GEICO COUNTY MUTUAL INSURANCE COMPANY,Closed,GECC-130305243,2015-12-03
2015,4,0.0,GEICO GENERAL INSURANCE COMPANY,Closed,GECC-130305243,2015-12-03
2015,4,0.0,GEICO INDEMNITY COMPANY,Closed,GECC-130305243,2015-12-03
2015,4,0.0,GEICO SECURE INSURANCE COMPANY,Closed,GECC-130305243,2015-12-03
2015,4,0.0,GOVERNMENT EMPLOYEES INSURANCE COMPANY,Closed,GECC-130305243,2015-12-03
2015,4,0.0,HOME STATE COUNTY MUTUAL INSURANCE COMPANY,Closed,HMSG-130141359,2015-10-24
2015,4,0.0,HOME STATE COUNTY MUTUAL INSURANCE COMPANY,Closed,HMSG-130253075,2015-12-18
2015,4,0.0,HOME STATE COUNTY MUTUAL INSURANCE COMPANY,Closed,HMSG-130253137,2015-12-18
2015,4,0.0,HOME STATE COUNTY MUTUAL INSURANCE COMPANY,Closed,HMSG-130253171,2015-12-18
2015,4,0.0,HOME STATE COUNTY MUTUAL INSURANCE COMPANY,Closed,HMSG-130253175,2015-12-18
2015,4,0.0,"INSURANCE SERVICES OFFICE, INC.",Closed,ISOF-130381268,2015-12-24
2015,4,0.0,"INSURANCE SERVICES OFFICE, INC.",Closed,TEXS-130301251,2015-10-23
2015,4,0.0,"INSURANCE SERVICES OFFICE, INC.",Closed,TEXS-130304207,2015-10-26
2015,4,0.0,"INSURANCE SERVICES OFFICE, INC.",Closed,TEXS-130304545,2015-10-26
2015,4,0.0,"INSURANCE SERVICES OFFICE, INC.",Closed,TEXS-130364942,2015-12-11
2015,4,0.0,"INSURANCE SERVICES OFFICE, INC.",Closed,TEXS-130365085,2015-12-11
2015,4,0.0,"INSURANCE SERVICES OFFICE, INC.",Closed,TEXS-130367612,2015-12-04
2015,4,0.0,INTEGON INDEMNITY CORPORATION,Closed,GMMX-130103298,2015-10-07
2015,4,0.0,INTEGON INDEMNITY CORPORATION,Closed,GMMX-130306080,2015-12-19
2015,4,0.0,OLD AMERICAN COUNTY MUTUAL FIRE INSURANCE COMPANY,Closed,OAMF-130281564,2015-10-09
2015,4,0.0,OLD AMERICAN COUNTY MUTUAL FIRE INSURANCE COMPANY,Closed,OAMF-130308165,2015-12-01
2015,4,0.0,OLD AMERICAN COUNTY MUTUAL FIRE INSURANCE COMPANY,Closed,OAMF-130310681,2015-11-01
2015,4,0.0,OLD AMERICAN COUNTY MUTUAL FIRE INSURANCE COMPANY,Closed,OAMF-130329232,2015-11-15
2015,4,0.0,PROGRESSIVE COUNTY MUTUAL INSURANCE COMPANY,Closed,PRGS-130760831,2015-12-13
2015,4,0.0,PROGRESSIVE COUNTY MUTUAL INSURANCE COMPANY,Closed,PRGS-131266981,2015-12-23
2015,4,0.0,STILLWATER INSURANCE COMPANY,Closed,FDLY-130207358,2015-10-25
2015,4,0.0,TEACHERS INSURANCE COMPANY,Closed,HRMN-130217643,2015-11-16
2015,4,0.5,PROGRESSIVE COUNTY MUTUAL INSURANCE COMPANY,Closed,PRGS-130240566,2015-10-15
2015,4,0.8,"GENERAL AUTOMOBILE INSURANCE COMPANY, INC., THE",Closed,PGAC-130254357,2015-10-25
2015,4,1.0,OLD AMERICAN COUNTY MUTUAL FIRE INSURANCE COMPANY,Closed,OAMF-130270187,2015-10-06
2015,4,1.0,PROGRESSIVE COUNTY MUTUAL INSURANCE COMPANY,Closed,PRGS-130240653,2015-10-15
2015,4,1.2,FARMERS LLOYDS INSURANCE COMPANY OF TEXAS,Closed,METX-G130287346,2015-12-19
2015,4,1.5,HOME STATE COUNTY MUTUAL INSURANCE COMPANY,Closed,HMSG-130292740,2015-12-26
2015,4,1.8,"FOREMOST INSURANCE COMPANY GRAND RAPIDS, MICHIGAN",Closed,FORE-129915460,2015-12-01
2015,4,2.0,CONSUMERS COUNTY MUTUAL INSURANCE COMPANY,Closed,TEXS-130276329,2015-12-18
2015,4,2.0,HORACE MANN PROPERTY & CASUALTY INSURANCE COMPANY,Closed,HRMN-130217749,2015-11-16
2015,4,2.0,MERCURY COUNTY MUTUAL INSURANCE COMPANY,Closed,MERY-130200552,2015-10-12
2015,4,2.1,HOME STATE COUNTY MUTUAL INSURANCE COMPANY,Closed,HMSG-130290770,2015-12-26
2015,4,2.2,NATIONAL GENERAL ASSURANCE COMPANY,Closed,GMMX-130284860,2015-12-19
2015,4,2.4,OLD AMERICAN COUNTY MUTUAL FIRE INSURANCE COMPANY,Closed,OAMF-130289470,2015-11-19
2015,4,2.5,"MGA INSURANCE COMPANY, INC.",Closed,GNSC-130256645,2015-11-02
2015,4,2.5,UNITRIN DIRECT PROPERTY & CASUALTY COMPANY,Closed,UNTR-130186228,2015-11-22
2015,4,2.8,COLONIAL COUNTY MUTUAL INSURANCE COMPANY,Closed,NWPC-130244164,2015-10-15
2015,4,3.0,CONSUMERS COUNTY MUTUAL INSURANCE COMPANY,Closed,TEXS-130239148,2015-11-13
2015,4,3.0,ELEPHANT INSURANCE COMPANY,Closed,EINS-130185794,2015-10-27
2015,4,3.0,GARRISON PROPERTY AND CASUALTY INSURANCE COMPANY,Closed,USAA-130201251,2015-11-14
2015,4,3.1,OLD AMERICAN COUNTY MUTUAL FIRE INSURANCE COMPANY,Closed,OAMF-130270121,2015-10-06
2015,4,3.2,OLD AMERICAN COUNTY MUTUAL FIRE INSURANCE COMPANY,Closed,OAMF-130310776,2015-12-01
2015,4,3.5,ESURANCE INSURANCE COMPANY,Closed,ESUR-130165768,2015-10-01
2015,4,3.5,HOME STATE COUNTY MUTUAL INSURANCE COMPANY,Closed,HMSG-130231669,2015-12-16
2015,4,3.7,HOME STATE COUNTY MUTUAL INSURANCE COMPANY,Closed,HMSG-130198430,2015-10-01
2015,4,3.8,"MGA INSURANCE COMPANY, INC.",Closed,GNSC-130289432,2015-11-30
2015,4,4.0,AMERICAN ACCESS CASUALTY COMPANY,Closed,AACI-130228849,2015-11-04
2015,4,4.0,LOYA INSURANCE COMPANY,Closed,PERR-130286746,2015-11-22
2015,4,4.1,GEICO INDEMNITY COMPANY,Closed,GECC-130188984,2015-10-19
2015,4,4.2,NATIONAL GENERAL INSURANCE COMPANY,Closed,GMMX-130284992,2015-12-19
2015,4,4.2,UNITRIN DIRECT INSURANCE COMPANY,Closed,UNTR-130183103,2015-11-22
2015,4,4.4,ALINSCO INSURANCE COMPANY,Closed,AINS-130238801,2015-10-06
2015,4,4.8,COLONIAL COUNTY MUTUAL INSURANCE COMPANY,Closed,GECC-130305348,2015-12-03
2015,4,4.8,HOME STATE COUNTY MUTUAL INSURANCE COMPANY,Closed,HMSG-130266104,2015-11-05
2015,4,4.9,HOME STATE COUNTY MUTUAL INSURANCE COMPANY,Closed,HMSG-130267362,2015-11-05
2015,4,4.9,"RIVERSTONE INTERNATIONAL INSURANCE, INC.",Closed,ELEC-130039529,2015-11-01
2015,4,5.0,USAA CASUALTY INSURANCE COMPANY,Closed,USAA-130201251,2015-11-14
2015,4,5.2,ALLSTATE FIRE AND CASUALTY INSURANCE COMPANY,Closed,ALSE-130301716,2015-12-17
2015,4,5.2,"FOREMOST INSURANCE COMPANY GRAND RAPIDS, MICHIGAN",Closed,FORE-129847080,2015-12-01
2015,4,5.2,HORACE MANN INSURANCE COMPANY,Closed,HRMN-130217687,2015-11-16
2015,4,5.3,HOME STATE COUNTY MUTUAL INSURANCE COMPANY,Closed,HMSG-130253610,2015-11-15
2015,4,5.4,HOME STATE COUNTY MUTUAL INSURANCE COMPANY,Closed,HMSG-130148806,2015-10-31
2015,4,5.4,SAFE AUTO INSURANCE COMPANY,Closed,SAFE-130238877,2015-10-22
2015,4,5.5,OLD AMERICAN COUNTY MUTUAL FIRE INSURANCE COMPANY,Closed,OAMF-130270291,2015-10-06
2015,4,5.9,COLONIAL COUNTY MUTUAL INSURANCE COMPANY,Closed,NWPC-130244256,2015-10-15
2015,4,5.9,COLONIAL COUNTY MUTUAL INSURANCE COMPANY,Closed,NWPC-130244354,2015-10-15
2015,4,5.9,HOME STATE COUNTY MUTUAL INSURANCE COMPANY,Closed,HMSG-130288721,2015-11-15
2015,4,6.0,USAA GENERAL INDEMNITY COMPANY,Closed,USAA-130201251,2015-11-14
2015,4,6.4,HOME STATE COUNTY MUTUAL INSURANCE COMPANY,Closed,HMSG-130242311,2015-11-15
2015,4,6.5,AUTO CLUB COUNTY MUTUAL INSURANCE COMPANY,Closed,IACA-130196363,2015-12-15
2015,4,6.5,AUTO CLUB COUNTY MUTUAL INSURANCE COMPANY,Closed,IACA-130196365,2015-12-15
2015,4,6.5,HOME STATE COUNTY MUTUAL INSURANCE COMPANY,Closed,HMSG-130209700,2015-12-01
2015,4,6.5,NATIONAL INTERSTATE INSURANCE COMPANY,Closed,NTNL-130120156,2015-11-05
2015,4,6.7,CONCERT INSURANCE COMPANY,Closed,PERR-130318691,2015-11-20
2015,4,6.7,LYNDON SOUTHERN INSURANCE COMPANY,Closed,LFST-130298446,2015-11-20
2015,4,6.7,REDPOINT COUNTY MUTUAL INSURANCE COMPANY,Closed,SWCM-130296757,2015-11-20
2015,4,6.9,COLONIAL COUNTY MUTUAL INSURANCE COMPANY,Closed,GECC-130217856,2015-11-16
2015,4,7.0,UNITED SERVICES AUTOMOBILE ASSOCIATION,Closed,USAA-130201251,2015-11-14
2015,4,7.1,HOME STATE COUNTY MUTUAL INSURANCE COMPANY,Closed,HMSG-130253764,2015-11-15
2015,4,7.2,UNITRIN COUNTY MUTUAL INSURANCE COMPANY,Closed,UTRN-130254579,2015-12-03
2015,4,7.3,GEICO ADVANTAGE INSURANCE COMPANY,Closed,GECC-130217236,2015-11-16
2015,4,7.5,HOME STATE COUNTY MUTUAL INSURANCE COMPANY,Closed,HMSG-130196957,2015-11-22
2015,4,7.5,HOME STATE COUNTY MUTUAL INSURANCE COMPANY,Closed,HMSG-130226763,2015-11-01
2015,4,7.6,GEICO COUNTY MUTUAL INSURANCE COMPANY,Closed,GECC-130217236,2015-11-16
2015,4,7.6,GEICO SECURE INSURANCE COMPANY,Closed,GECC-130217236,2015-11-16
2015,4,7.9,GEICO CHOICE INSURANCE COMPANY,Closed,GECC-130217236,2015-11-16
2015,4,7.9,GEICO INDEMNITY COMPANY,Closed,GECC-130217236,2015-11-16
2015,4,8.1,OLD AMERICAN COUNTY MUTUAL FIRE INSURANCE COMPANY,Closed,OAMF-130289213,2015-11-15
2015,4,8.2,FARMERS TEXAS COUNTY MUTUAL INSURANCE COMPANY,Closed,FARM-130373430,2015-12-22
2015,4,8.2,HOME STATE COUNTY MUTUAL INSURANCE COMPANY,Closed,HMSG-130253418,2015-11-01
2015,4,8.3,GOVERNMENT EMPLOYEES INSURANCE COMPANY,Closed,GECC-130217236,2015-11-16
2015,4,8.4,OLD AMERICAN COUNTY MUTUAL FIRE INSURANCE COMPANY,Closed,OAMF-130287234,2015-11-15
2015,4,8.5,HALLMARK COUNTY MUTUAL INSURANCE COMPANY,Closed,PHXN-130251090,2015-11-20
2015,4,8.6,TRIUMPHE CASUALTY COMPANY,Closed,NTNL-130120156,2015-11-05
2015,4,8.9,HOME STATE COUNTY MUTUAL INSURANCE COMPANY,Closed,HMSG-130218079,2015-10-01
2015,4,9.0,DAIRYLAND COUNTY MUTUAL INSURANCE COMPANY OF TEXAS,Closed,VKNG-130249939,2015-10-05
2015,4,9.0,LIBERTY COUNTY MUTUAL INSURANCE COMPANY,Closed,LBPM-130230631,2015-12-13
2015,4,9.0,OLD AMERICAN COUNTY MUTUAL FIRE INSURANCE COMPANY,Closed,OAMF-130260214,2015-11-01
2015,4,9.2,FEDNAT INSURANCE COMPANY,Closed,AMVE-130321268,2015-12-15
2015,4,9.2,FOREMOST COUNTY MUTUAL INSURANCE COMPANY,Closed,BRWS-130316130,2015-12-23
2015,4,9.9,21ST CENTURY CENTENNIAL INSURANCE COMPANY,Closed,AGMK-130231532,2015-10-21
2015,4,9.9,"ACCIDENT INSURANCE COMPANY, INC.",Closed,PERR-130297320,2015-12-15
2015,4,9.9,COLONIAL COUNTY MUTUAL INSURANCE COMPANY,Closed,NTWP-130246646,2015-12-26
2015,4,9.9,PRIVILEGE UNDERWRITERS RECIPROCAL EXCHANGE,Closed,PRIV-130134311,2015-10-14
2015,4,10.0,DAIRYLAND COUNTY MUTUAL INSURANCE COMPANY OF TEXAS,Closed,VKNG-130343112,2015-12-14
2015,4,10.0,DAIRYLAND COUNTY MUTUAL INSURANCE COMPANY OF TEXAS,Closed,VKNG-130343164,2015-12-14
2015,4,10.2,HOME STATE COUNTY MUTUAL INSURANCE COMPANY,Closed,HMSG-130228422,2015-11-01
2015,4,10.7,AFFIRMATIVE INSURANCE COMPANY,Closed,AFIN-130261655,2015-11-01
2015,4,11.0,FOREMOST COUNTY MUTUAL INSURANCE COMPANY,Closed,AGMK-130231906,2015-10-21
2015,4,11.0,OLD AMERICAN COUNTY MUTUAL FIRE INSURANCE COMPANY,Closed,OAMF-130342301,2015-12-24
2015,4,12.7,FEDNAT INSURANCE COMPANY,Closed,PERR-130216135,2015-12-01
2015,4,13.0,DIRECT GENERAL INSURANCE COMPANY,Closed,DRCT-130234373,2015-11-08
2015,4,17.7,HOME STATE COUNTY MUTUAL INSURANCE COMPANY,Closed,HMSG-130293164,2015-11-27
2015,4,18.7,AMERICAN ALTERNATIVE INSURANCE CORPORATION,Closed,AMLX-G130133323,2015-10-15
2015,4,19.6,COLONIAL COUNTY MUTUAL INSURANCE COMPANY,Closed,NTWP-130246678,2015-12-26
2015,4,20.2,NATIONAL UNITY INSURANCE COMPANY,Closed,NUIC-130242453,2015-11-15
2015,4,22.6,FEDNAT INSURANCE COMPANY,Closed,AMVE-130344721,2015-12-15
2015,4,34.3,OLD AMERICAN COUNTY MUTUAL FIRE INSURANCE COMPANY,Closed,OAMF-130260253,2015-11-01
2015,4,41.0,AFFIRMATIVE INSURANCE COMPANY,Closed,AFIN-130261641,2015-11-01
2016,1,-0.4,FARMERS TEXAS COUNTY MUTUAL INSURANCE COMPANY,Closed,FARM-130564219,2016-02-09
2016,1,-0.3,STATE FARM COUNTY MUTUAL INSURANCE COMPANY OF TEXAS,Closed,SFMA-129610183,2016-02-14
2016,1,-0.1,DAIRYLAND COUNTY MUTUAL INSURANCE COMPANY OF TEXAS,Closed,VKNG-130379677,2016-03-02
2016,1,-0.1,STATE FARM MUTUAL AUTOMOBILE INSURANCE COMPANY,Closed,SFMA-129610183,2016-02-14
2016,1,0.0,ALLSTATE COUNTY MUTUAL INSURANCE COMPANY,Closed,ALSE-130353870,2016-01-28
2016,1,0.0,ALLSTATE FIRE AND CASUALTY INSURANCE COMPANY,Closed,ALSE-130349127,2016-01-21
2016,1,0.0,ALLSTATE FIRE AND CASUALTY INSURANCE COMPANY,Closed,ALSE-130387174,2016-02-25
2016,1,0.0,ALLSTATE INDEMNITY COMPANY,Closed,ALSE-130354926,2016-01-28
2016,1,0.0,ALLSTATE INSURANCE COMPANY,Closed,ALSE-130355014,2016-01-28
2016,1,0.0,ALLSTATE PROPERTY AND CASUALTY INSURANCE COMPANY,Closed,ALSE-130354937,2016-01-28
2016,1,0.0,AMERICAN GUARANTEE AND LIABILITY INSURANCE COMPANY,Closed,ZURC-130327872,2016-01-01
2016,1,0.0,AMERICAN ZURICH INSURANCE COMPANY,Closed,ZURC-130327872,2016-01-01
2016,1,0.0,AUTO CLUB COUNTY MUTUAL INSURANCE COMPANY,Closed,IACA-130388803,2016-01-07
2016,1,0.0,AUTO CLUB INDEMNITY COMPANY,Closed,IACA-130388803,2016-01-07
2016,1,0.0,BRISTOL WEST SPECIALTY INSURANCE COMPANY,Closed,BRWS-130354418,2016-01-08
2016,1,0.0,BRISTOL WEST SPECIALTY INSURANCE COMPANY,Closed,BRWS-130372998,2016-02-03
2016,1,0.0,COLONIAL COUNTY MUTUAL INSURANCE COMPANY,Closed,NWPC-130183411,2016-01-10
2016,1,0.0,COLONIAL COUNTY MUTUAL INSURANCE COMPANY,Closed,NWSP-130276072,2016-01-10
2016,1,0.0,COLONIAL COUNTY MUTUAL INSURANCE COMPANY,Closed,NWSP-130313234,2016-01-10
2016,1,0.0,ELEPHANT INSURANCE COMPANY,Closed,EINS-130310810,2016-02-10
2016,1,0.0,ELEPHANT INSURANCE COMPANY,Closed,EINS-130406761,2016-03-21
2016,1,0.0,EMPIRE FIRE AND MARINE INSURANCE COMPANY,Closed,ZURC-130327872,2016-01-01
2016,1,0.0,FARMERS TEXAS COUNTY MUTUAL INSURANCE COMPANY,Closed,FARM-130162747,2016-01-04
2016,1,0.0,FARMERS TEXAS COUNTY MUTUAL INSURANCE COMPANY,Closed,FARM-130397520,2016-01-26
2016,1,0.0,FIDELITY AND DEPOSIT COMPANY OF MARYLAND,Closed,ZURC-130327872,2016-01-01
2016,1,0.0,FOREMOST COUNTY MUTUAL INSURANCE COMPANY,Closed,AGMK-130403692,2016-03-18
2016,1,0.0,FOREMOST COUNTY MUTUAL INSURANCE COMPANY,Closed,BRWS-130354516,2016-01-08
2016,1,0.0,"FOREMOST INSURANCE COMPANY GRAND RAPIDS, MICHIGAN",Closed,FORE-130238706,2016-03-15
2016,1,0.0,"FOREMOST INSURANCE COMPANY GRAND RAPIDS, MICHIGAN",Closed,FORE-130238736,2016-03-15
2016,1,-0.0,GEICO TEXAS COUNTY MUTUAL INSURANCE COMPANY,Closed,TRGR-130354202,2016-01-30
2016,1,-0.0,GEICO TEXAS COUNTY MUTUAL INSURANCE COMPANY,Closed,TRGR-130354521,2016-01-30
2016,1,0.0,HOME STATE COUNTY MUTUAL INSURANCE COMPANY,Closed,HMSG-130377019,2016-03-01
2016,1,0.0,HOME STATE COUNTY MUTUAL INSURANCE COMPANY,Closed,HMSG-130414257,2016-01-22
2016,1,0.0,HOME STATE COUNTY MUTUAL INSURANCE COMPANY,Closed,HMSG-130414845,2016-02-01
2016,1,0.0,HOME STATE COUNTY MUTUAL INSURANCE COMPANY,Closed,HMSG-130424469,2016-03-01
2016,1,0.0,HOME STATE COUNTY MUTUAL INSURANCE COMPANY,Closed,HMSG-130777587,2016-03-01
2016,1,0.0,HOME STATE COUNTY MUTUAL INSURANCE COMPANY,Closed,HMSG-130777622,2016-03-01
2016,1,0.0,INFINITY COUNTY MUTUAL INSURANCE COMPANY,Closed,NFNT-130354337,2016-02-23
2016,1,0.0,INFINITY COUNTY MUTUAL INSURANCE COMPANY,Closed,NFNT-130354474,2016-02-23
2016,1,0.0,"INSURANCE SERVICES OFFICE, INC.",Closed,ISOF-130441470,2016-02-10
2016,1,0.0,"INSURANCE SERVICES OFFICE, INC.",Closed,ISOF-130466559,2016-03-01
2016,1,0.0,"INSURANCE SERVICES OFFICE, INC.",Closed,TEXS-130403185,2016-01-04
2016,1,0.0,"INSURANCE SERVICES OFFICE, INC.",Closed,TEXS-130419786,2016-01-25
2016,1,0.0,"INSURANCE SERVICES OFFICE, INC.",Closed,TEXS-130460567,2016-02-22
2016,1,0.0,"INSURANCE SERVICES OFFICE, INC.",Closed,TEXS-130467844,2016-02-23
2016,1,0.0,INTERINSURANCE EXCHANGE OF THE AUTOMOBILE CLUB,Closed,IACA-130388803,2016-01-07
2016,1,0.0,LYNDON SOUTHERN INSURANCE COMPANY,Closed,LFST-130499704,2016-02-01
2016,1,0.0,OLD AMERICAN COUNTY MUTUAL FIRE INSURANCE COMPANY,Closed,OAMF-130373906,2016-01-15
2016,1,0.0,OLD AMERICAN COUNTY MUTUAL FIRE INSURANCE COMPANY,Closed,OAMF-130387971,2016-01-04
2016,1,0.0,OLD AMERICAN COUNTY MUTUAL FIRE INSURANCE COMPANY,Closed,OAMF-130387984,2016-01-04
2016,1,0.0,OLD AMERICAN COUNTY MUTUAL FIRE INSURANCE COMPANY,Closed,OAMF-130424107,2016-02-01
2016,1,0.0,OLD AMERICAN COUNTY MUTUAL FIRE INSURANCE COMPANY,Closed,OAMF-130424160,2016-02-01
2016,1,0.0,OLD AMERICAN COUNTY MUTUAL FIRE INSURANCE COMPANY,Closed,OAMF-130424220,2016-02-01
2016,1,0.0,OLD AMERICAN COUNTY MUTUAL FIRE INSURANCE COMPANY,Closed,OAMF-130490890,2016-03-15
2016,1,0.0,REDPOINT COUNTY MUTUAL INSURANCE COMPANY,Closed,SWCM-130422126,2016-01-28
2016,1,0.0,STATE FARM COUNTY MUTUAL INSURANCE COMPANY OF TEXAS,Closed,SFMA-130260685,2016-01-01
2016,1,0.0,STATE FARM COUNTY MUTUAL INSURANCE COMPANY OF TEXAS,Closed,SFMA-130393796,2016-03-07
2016,1,0.0,STATE FARM COUNTY MUTUAL INSURANCE COMPANY OF TEXAS,Closed,SFMA-130403907,2016-01-15
2016,1,0.0,STATE FARM FIRE AND CASUALTY COMPANY,Closed,SFMA-129610183,2016-02-14
2016,1,0.0,STATE FARM FIRE AND CASUALTY COMPANY,Closed,SFMA-130260685,2016-01-01
2016,1,0.0,STATE FARM FIRE AND CASUALTY COMPANY,Closed,SFMA-130393796,2016-03-07
2016,1,0.0,STATE FARM FIRE AND CASUALTY COMPANY,Closed,SFMA-130403907,2016-01-15
2016,1,0.0,STATE FARM MUTUAL AUTOMOBILE INSURANCE COMPANY,Closed,SFMA-130260685,2016-01-01
2016,1,0.0,STATE FARM MUTUAL AUTOMOBILE INSURANCE COMPANY,Closed,SFMA-130393796,2016-03-07
2016,1,0.0,STATE FARM MUTUAL AUTOMOBILE INSURANCE COMPANY,Closed,SFMA-130403907,2016-01-15
2016,1,0.0,UNIVERSAL UNDERWRITERS INSURANCE COMPANY,Closed,ZURC-130327872,2016-01-01
2016,1,0.0,UNIVERSAL UNDERWRITERS OF TEXAS INSURANCE COMPANY,Closed,ZURC-130327872,2016-01-01
2016,1,0.0,ZURICH AMERICAN INSURANCE COMPANY,Closed,ZURC-130327872,2016-01-01
2016,1,0.0,ZURICH AMERICAN INSURANCE COMPANY OF ILLINOIS,Closed,ZURC-130327872,2016-01-01
2016,1,1.1,PROGRESSIVE COUNTY MUTUAL INSURANCE COMPANY,Closed,PRGS-130353760,2016-01-07
2016,1,1.2,PROGRESSIVE COUNTY MUTUAL INSURANCE COMPANY,Closed,PRGS-130454461,2016-03-24
2016,1,1.2,PROGRESSIVE COUNTY MUTUAL INSURANCE COMPANY,Closed,PRGS-130454521,2016-03-24
2016,1,1.3,ESSENTIA INSURANCE COMPANY,Closed,ESSN-130254999,2016-03-01
2016,1,1.3,HOME STATE COUNTY MUTUAL INSURANCE COMPANY,Closed,HMSG-130415799,2016-03-01
2016,1,1.4,HOME STATE COUNTY MUTUAL INSURANCE COMPANY,Closed,HMSG-130355220,2016-03-15
2016,1,1.4,OLD AMERICAN COUNTY MUTUAL FIRE INSURANCE COMPANY,Closed,OAMF-130474049,2016-03-07
2016,1,1.4,STATE AUTO PROPERTY & CASUALTY INSURANCE COMPANY,Closed,STAT-130318990,2016-03-26
2016,1,2.0,UNITRIN COUNTY MUTUAL INSURANCE COMPANY,Closed,UNTR-130300927,2016-02-14
2016,1,2.2,PROGRESSIVE COUNTY MUTUAL INSURANCE COMPANY,Closed,PRGS-130353814,2016-01-07
2016,1,2.3,OLD AMERICAN COUNTY MUTUAL FIRE INSURANCE COMPANY,Closed,OAMF-130474036,2016-03-07
2016,1,2.6,HOME STATE COUNTY MUTUAL INSURANCE COMPANY,Closed,HMSG-130404756,2016-02-15
2016,1,2.7,OLD AMERICAN COUNTY MUTUAL FIRE INSURANCE COMPANY,Closed,OAMF-130344372,2016-01-01
2016,1,2.8,GREAT NORTHERN INSURANCE COMPANY,Closed,CHUB-130099153,2016-01-22
2016,1,2.9,ALLSTATE PROPERTY AND CASUALTY INSURANCE COMPANY,Closed,ALSE-130393848,2016-03-03
2016,1,3.0,CHUBB LLOYDS INSURANCE COMPANY OF TEXAS,Closed,CHUB-130099153,2016-01-22
2016,1,3.0,DAIRYLAND COUNTY MUTUAL INSURANCE COMPANY OF TEXAS,Closed,VKNG-130399892,2016-03-17
2016,1,3.0,FEDERAL INSURANCE COMPANY,Closed,CHUB-130099153,2016-01-22
2016,1,3.0,UNITRIN COUNTY MUTUAL INSURANCE COMPANY,Closed,UTRN-130398267,2016-03-27
2016,1,3.1,OLD AMERICAN COUNTY MUTUAL FIRE INSURANCE COMPANY,Closed,OAMF-130474039,2016-03-07
2016,1,3.1,TEXAS PACIFIC INDEMNITY COMPANY,Closed,CHUB-130099153,2016-01-22
2016,1,3.2,OLD AMERICAN COUNTY MUTUAL FIRE INSURANCE COMPANY,Closed,OAMF-130384580,2016-02-01
2016,1,3.3,HOCHHEIM PRAIRIE CASUALTY INSURANCE COMPANY,Closed,TEXS-130266308,2016-01-01
2016,1,3.6,ALINSCO INSURANCE COMPANY,Closed,AINS-130418926,2016-03-07
2016,1,3.7,"MGA INSURANCE COMPANY, INC.",Closed,GNSC-130422888,2016-03-14
2016,1,3.7,VIGILANT INSURANCE COMPANY,Closed,CHUB-130099153,2016-01-22
2016,1,3.9,OLD AMERICAN COUNTY MUTUAL FIRE INSURANCE COMPANY,Closed,OAMF-130383224,2016-02-01
2016,1,3.9,OLD AMERICAN COUNTY MUTUAL FIRE INSURANCE COMPANY,Closed,OAMF-130474043,2016-03-07
2016,1,4.0,CHUBB NATIONAL INSURANCE COMPANY,Closed,CHUB-130099153,2016-01-22
2016,1,4.1,OLD AMERICAN COUNTY MUTUAL FIRE INSURANCE COMPANY,Closed,OAMF-130437523,2016-03-02
2016,1,4.1,PACIFIC INDEMNITY COMPANY,Closed,CHUB-130099153,2016-01-22
2016,1,4.2,TRISURA INSURANCE COMPANY,Closed,AGMK-130287757,2016-01-01
2016,1,4.3,ACCC INSURANCE COMPANY,Closed,ACCC-130286475,2016-01-01
2016,1,4.3,ACCC INSURANCE COMPANY,Closed,ACCC-130289055,2016-01-01
2016,1,4.4,HOME STATE COUNTY MUTUAL INSURANCE COMPANY,Closed,HMSG-130363267,2016-01-11
2016,1,4.4,OLD AMERICAN COUNTY MUTUAL FIRE INSURANCE COMPANY,Closed,OAMF-130356169,2016-01-01
2016,1,5.0,AIG PROPERTY CASUALTY COMPANY,Closed,APCG-130216025,2016-01-24
2016,1,5.0,CENTRAL INSURANCE COMPANY,Closed,CEMC-130347315,2016-03-01
2016,1,5.0,"FIRST ACCEPTANCE INSURANCE COMPANY, INC.",Closed,FRST-130372269,2016-02-12
2016,1,5.8,AMERICAN NATIONAL COUNTY MUTUAL INSURANCE COMPANY,Closed,ANPC-130174620,2016-03-09
2016,1,5.9,HOME STATE COUNTY MUTUAL INSURANCE COMPANY,Closed,HMSG-130319256,2016-02-15
2016,1,6.3,FALCON INSURANCE COMPANY,Closed,FIGC-130399638,2016-02-25
2016,1,6.5,FARMERS LLOYDS INSURANCE COMPANY OF TEXAS,Closed,METX-G130413147,2016-03-31
2016,1,6.8,HOME STATE COUNTY MUTUAL INSURANCE COMPANY,Closed,HMSG-130415982,2016-03-01
2016,1,6.8,TEXAS FARM BUREAU CASUALTY INSURANCE COMPANY,Closed,TEXS-130390204,2016-01-01
2016,1,6.8,TEXAS FARM BUREAU MUTUAL INSURANCE COMPANY,Closed,TEXS-130403183,2016-01-01
2016,1,6.9,NATIONWIDE AGRIBUSINESS INSURANCE COMPANY,Closed,NWPC-130240809,2016-03-01
2016,1,7.2,ALLIED PROPERTY AND CASUALTY INSURANCE COMPANY,Closed,NWPC-130240785,2016-03-01
2016,1,7.4,DEPOSITORS INSURANCE COMPANY,Closed,NWPC-130240785,2016-03-01
2016,1,7.4,ELEPHANT INSURANCE COMPANY,Closed,EINS-130367483,2016-02-17
2016,1,7.5,FALCON INSURANCE COMPANY,Closed,FIGC-130279864,2016-01-04
2016,1,7.5,UNITRIN COUNTY MUTUAL INSURANCE COMPANY,Closed,UTRN-130398508,2016-03-27
2016,1,7.7,HOME STATE COUNTY MUTUAL INSURANCE COMPANY,Closed,HMSG-130347591,2016-01-15
2016,1,7.9,NATIONAL UNITY INSURANCE COMPANY,Closed,KMKC-130346389,2016-01-25
2016,1,8.5,OLD AMERICAN COUNTY MUTUAL FIRE INSURANCE COMPANY,Closed,OAMF-130424278,2016-03-01
2016,1,8.7,HOME STATE COUNTY MUTUAL INSURANCE COMPANY,Closed,HMSG-130370395,2016-03-01
2016,1,8.7,SAFE AUTO INSURANCE COMPANY,Closed,SAFE-130372302,2016-01-25
2016,1,9.3,OLD AMERICAN COUNTY MUTUAL FIRE INSURANCE COMPANY,Closed,OAMF-130379676,2016-01-01
2016,1,9.4,LYNDON SOUTHERN INSURANCE COMPANY,Closed,LFST-130331322,2016-02-01
2016,1,9.9,OLD AMERICAN COUNTY MUTUAL FIRE INSURANCE COMPANY,Closed,OAMF-130379618,2016-02-01
2016,1,10.8,OLD AMERICAN COUNTY MUTUAL FIRE INSURANCE COMPANY,Closed,OAMF-130446006,2016-03-15
2016,1,11.3,FARM BUREAU COUNTY MUTUAL INSURANCE COMPANY OF TEXAS,Closed,TEXS-130391951,2016-01-01
2016,1,11.8,HALLMARK COUNTY MUTUAL INSURANCE COMPANY,Closed,PHXN-130367007,2016-02-05
2016,1,11.9,YOUNG AMERICA INSURANCE COMPANY,Closed,PERR-130385922,2016-02-07
2016,1,12.0,HOME STATE COUNTY MUTUAL INSURANCE COMPANY,Closed,HMSG-130340288,2016-02-01
2016,1,12.8,KNIGHTBROOK INSURANCE COMPANY,Closed,AGGI-130371906,2016-02-01
2016,1,13.2,HOME STATE COUNTY MUTUAL INSURANCE COMPANY,Closed,HMSG-130345265,2016-01-01
2016,1,13.4,GEICO TEXAS COUNTY MUTUAL INSURANCE COMPANY,Closed,TRGR-130358405,2016-01-30
2016,1,16.6,HOME STATE COUNTY MUTUAL INSURANCE COMPANY,Closed,HMSG-130345508,2016-01-15
2016,2,-29.4,HOME STATE COUNTY MUTUAL INSURANCE COMPANY,Closed,HMSG-130454278,2016-04-02
2016,2,-29.4,INTEGON INDEMNITY CORPORATION,Closed,GMMX-130419514,2016-04-02
2016,2,-4.8,HOME STATE COUNTY MUTUAL INSURANCE COMPANY,Closed,HMSG-130484746,2016-04-01
2016,2,-0.9,HOME STATE COUNTY MUTUAL INSURANCE COMPANY,Closed,HMSG-130598117,2016-06-24
2016,2,-0.4,TEXAS PACIFIC INDEMNITY COMPANY,Closed,CHUB-130151720,2016-05-20
2016,2,-0.1,FEDERAL INSURANCE COMPANY,Closed,CHUB-130151720,2016-05-20
2016,2,0.0,"ACCIDENT INSURANCE COMPANY, INC.",Closed,PERR-130545282,2016-06-16
2016,2,0.0,"AMERICAN FAMILY MUTUAL INSURANCE COMPANY, S.I.",Closed,AMFC-130383595,2016-06-01
2016,2,0.0,"AMERICAN FAMILY MUTUAL INSURANCE COMPANY, S.I.",Closed,AMFC-130384289,2016-04-27
2016,2,0.0,AMERICAN NATIONAL COUNTY MUTUAL INSURANCE COMPANY,Closed,ANPC-130479697,2016-05-16
2016,2,0.0,CENTRAL INSURANCE COMPANY,Closed,CEMC-130434302,2016-06-01
2016,2,0.0,CHUBB LLOYDS INSURANCE COMPANY OF TEXAS,Closed,CHUB-130151720,2016-05-20
2016,2,0.0,CHUBB NATIONAL INSURANCE COMPANY,Closed,CHUB-130151720,2016-05-20
2016,2,0.0,COLONIAL COUNTY MUTUAL INSURANCE COMPANY,Closed,GECC-130487497,2016-06-20
2016,2,0.0,COLONIAL COUNTY MUTUAL INSURANCE COMPANY,Closed,GECC-130487497,2016-06-20
2016,2,0.0,ELEPHANT INSURANCE COMPANY,Closed,EINS-130433616,2016-04-25
2016,2,0.0,ELEPHANT INSURANCE COMPANY,Closed,EINS-130466315,2016-05-24
2016,2,0.0,ELEPHANT INSURANCE COMPANY,Closed,EINS-130521961,2016-06-12
2016,2,0.0,ELEPHANT INSURANCE COMPANY,Closed,EINS-130536450,2016-06-28
2016,2,0.0,ENCOMPASS HOME AND AUTO INSURANCE COMPANY,Closed,ALSE-130430824,2016-05-26
2016,2,0.0,ENCOMPASS HOME AND AUTO INSURANCE COMPANY,Closed,ALSE-130433340,2016-05-26
2016,2,0.0,ENCOMPASS INDEMNITY COMPANY,Closed,ALSE-130430824,2016-05-26
2016,2,0.0,ENCOMPASS INSURANCE COMPANY OF AMERICA,Closed,ALSE-130430824,2016-05-26
2016,2,0.0,ENCOMPASS PROPERTY AND CASUALTY COMPANY,Closed,ALSE-130430824,2016-05-26
2016,2,0.0,FARMERS LLOYDS INSURANCE COMPANY OF TEXAS,Closed,METX-G130488096,2016-05-30
2016,2,0.0,FARMERS TEXAS COUNTY MUTUAL INSURANCE COMPANY,Closed,FARM-130616333,2016-06-13
2016,2,0.0,FOREMOST COUNTY MUTUAL INSURANCE COMPANY,Closed,BRWS-130595881,2016-06-30
2016,2,0.0,GEICO ADVANTAGE INSURANCE COMPANY,Closed,GECC-130457456,2016-06-06
2016,2,0.0,GEICO ADVANTAGE INSURANCE COMPANY,Closed,GECC-130487410,2016-06-20
2016,2,0.0,GEICO CHOICE INSURANCE COMPANY,Closed,GECC-130457456,2016-06-06
2016,2,0.0,GEICO CHOICE INSURANCE COMPANY,Closed,GECC-130487410,2016-06-20
2016,2,0.0,GEICO COUNTY MUTUAL INSURANCE COMPANY,Closed,GECC-130457456,2016-06-06
2016,2,0.0,GEICO COUNTY MUTUAL INSURANCE COMPANY,Closed,GECC-130487410,2016-06-20
2016,2,0.0,GEICO INDEMNITY COMPANY,Closed,GECC-130457456,2016-06-06
2016,2,0.0,GEICO INDEMNITY COMPANY,Closed,GECC-130487410,2016-06-20
2016,2,0.0,GEICO SECURE INSURANCE COMPANY,Closed,GECC-130457456,2016-06-06
2016,2,0.0,GEICO SECURE INSURANCE COMPANY,Closed,GECC-130487410,2016-06-20
2016,2,0.0,GEICO TEXAS COUNTY MUTUAL INSURANCE COMPANY,Closed,TRGR-130448754,2016-05-01
2016,2,0.0,GEICO TEXAS COUNTY MUTUAL INSURANCE COMPANY,Closed,TRGR-130484045,2016-05-01
2016,2,0.0,GEICO TEXAS COUNTY MUTUAL INSURANCE COMPANY,Closed,TRGR-130524627,2016-05-19
2016,2,0.0,GEICO TEXAS COUNTY MUTUAL INSURANCE COMPANY,Closed,TRGR-130529134,2016-05-12
2016,2,0.0,GOVERNMENT EMPLOYEES INSURANCE COMPANY,Closed,GECC-130457456,2016-06-06
2016,2,0.0,GOVERNMENT EMPLOYEES INSURANCE COMPANY,Closed,GECC-130487410,2016-06-20
2016,2,0.0,GREAT NORTHERN INSURANCE COMPANY,Closed,CHUB-130151720,2016-05-20
2016,2,0.0,HOME STATE COUNTY MUTUAL INSURANCE COMPANY,Closed,HMSG-130430137,2016-04-01
2016,2,0.0,HORACE MANN PROPERTY & CASUALTY INSURANCE COMPANY,Closed,HRMN-130431394,2016-05-01
2016,2,0.0,"INSURANCE SERVICES OFFICE, INC.",Closed,TEXS-130545046,2016-04-27
2016,2,0.0,"INSURANCE SERVICES OFFICE, INC.",Closed,TEXS-130545060,2016-04-27
2016,2,0.0,"INSURANCE SERVICES OFFICE, INC.",Closed,TEXS-130566708,2016-05-05
2016,2,0.0,"INSURANCE SERVICES OFFICE, INC.",Closed,TEXS-130605196,2016-06-06
2016,2,0.0,"INSURANCE SERVICES OFFICE, INC.",Closed,TEXS-130607027,2016-06-06
2016,2,0.0,"INSURANCE SERVICES OFFICE, INC.",Closed,TEXS-130623588,2016-06-03
2016,2,0.0,LIBERTY COUNTY MUTUAL INSURANCE COMPANY,Closed,LBPM-130356368,2016-06-08
2016,2,0.0,LIBERTY COUNTY MUTUAL INSURANCE COMPANY,Closed,LBPM-130396185,2016-06-08
2016,2,0.0,LIBERTY COUNTY MUTUAL INSURANCE COMPANY,Closed,LBPM-130396196,2016-06-08
2016,2,0.0,LIBERTY COUNTY MUTUAL INSURANCE COMPANY,Closed,LBRM-130347701,2016-06-08
2016,2,0.0,LIBERTY COUNTY MUTUAL INSURANCE COMPANY,Closed,LBRM-130347740,2016-06-08
2016,2,0.0,LIBERTY COUNTY MUTUAL INSURANCE COMPANY,Closed,LBRM-130347741,2016-06-08
2016,2,0.0,NATIONAL INTERSTATE INSURANCE COMPANY,Closed,NTNL-130625931,2016-06-24
2016,2,0.0,NATIONAL UNITY INSURANCE COMPANY,Closed,NUIC-130405050,2016-05-11
2016,2,0.0,OLD AMERICAN COUNTY MUTUAL FIRE INSURANCE COMPANY,Closed,OAMF-130523079,2016-04-10
2016,2,0.0,REDPOINT COUNTY MUTUAL INSURANCE COMPANY,Closed,SWCM-130502716,2016-04-23
2016,2,0.0,REDPOINT COUNTY MUTUAL INSURANCE COMPANY,Closed,SWCM-130591585,2016-06-01
2016,2,0.0,STATE FARM COUNTY MUTUAL INSURANCE COMPANY OF TEXAS,Closed,SFMA-130622229,2016-06-24
2016,2,0.0,STATE FARM FIRE AND CASUALTY COMPANY,Closed,SFMA-130622229,2016-06-24
2016,2,0.0,STATE FARM MUTUAL AUTOMOBILE INSURANCE COMPANY,Closed,SFMA-130622229,2016-06-24
2016,2,0.0,TRIUMPHE CASUALTY COMPANY,Closed,NTNL-130625931,2016-06-24
2016,2,0.1,ENCOMPASS INSURANCE COMPANY OF AMERICA,Closed,ALSE-130433340,2016-05-26
2016,2,0.1,ENCOMPASS PROPERTY AND CASUALTY COMPANY,Closed,ALSE-130433340,2016-05-26
2016,2,0.2,USAA CASUALTY INSURANCE COMPANY,Closed,USAA-130317674,2016-05-14
2016,2,0.3,ENCOMPASS INDEMNITY COMPANY,Closed,ALSE-130433407,2016-05-26
2016,2,0.3,GARRISON PROPERTY AND CASUALTY INSURANCE COMPANY,Closed,USAA-130317674,2016-05-14
2016,2,0.3,UNITED SERVICES AUTOMOBILE ASSOCIATION,Closed,USAA-130317674,2016-05-14
2016,2,0.5,PACIFIC INDEMNITY COMPANY,Closed,CHUB-130151720,2016-05-20
2016,2,0.5,USAA GENERAL INDEMNITY COMPANY,Closed,USAA-130317674,2016-05-14
2016,2,0.8,ESURANCE INSURANCE COMPANY,Closed,ESUR-130447063,2016-05-05
2016,2,0.9,HOME STATE COUNTY MUTUAL INSURANCE COMPANY,Closed,HMSG-130478784,2016-05-05
2016,2,0.9,VIGILANT INSURANCE COMPANY,Closed,CHUB-130151720,2016-05-20
2016,2,1.0,COLONIAL COUNTY MUTUAL INSURANCE COMPANY,Closed,NTWP-130455147,2016-04-01
2016,2,1.3,HOME STATE COUNTY MUTUAL INSURANCE COMPANY,Closed,HMSG-130484678,2016-04-01
2016,2,1.4,HOME STATE COUNTY MUTUAL INSURANCE COMPANY,Closed,HMSG-130571421,2016-06-15
2016,2,1.4,TEACHERS INSURANCE COMPANY,Closed,HRMN-130431396,2016-05-01
2016,2,1.6,LOYA INSURANCE COMPANY,Closed,PERR-130489009,2016-04-15
2016,2,1.6,MERCURY COUNTY MUTUAL INSURANCE COMPANY,Closed,MERY-130325998,2016-04-16
2016,2,1.6,OLD AMERICAN COUNTY MUTUAL FIRE INSURANCE COMPANY,Closed,OAMF-130513158,2016-06-01
2016,2,2.0,ELEPHANT INSURANCE COMPANY,Closed,EINS-130466310,2016-05-02
2016,2,2.6,AGRICULTURAL WORKERS MUTUAL AUTO INSURANCE COMPANY,Closed,AGWG-130552747,2016-06-15
2016,2,2.8,ALLSTATE INDEMNITY COMPANY,Closed,ALSE-130482780,2016-04-28
2016,2,2.8,FOREMOST COUNTY MUTUAL INSURANCE COMPANY,Closed,FORE-130340849,2016-06-01
2016,2,3.0,TRINITY UNIVERSAL INSURANCE COMPANY,Closed,KEMP-130568396,2016-06-15
2016,2,3.0,UNITED SERVICES AUTOMOBILE ASSOCIATION,Closed,USAA-130450316,2016-05-21
2016,2,3.1,HOME STATE COUNTY MUTUAL INSURANCE COMPANY,Closed,HMSG-130577564,2016-06-20
2016,2,3.2,OLD AMERICAN COUNTY MUTUAL FIRE INSURANCE COMPANY,Closed,OAMF-130604075,2016-06-10
2016,2,3.5,COLONIAL COUNTY MUTUAL INSURANCE COMPANY,Closed,NWPC-130429667,2016-04-15
2016,2,3.5,SAFE AUTO INSURANCE COMPANY,Closed,SAFE-130483315,2016-04-23
2016,2,3.8,HOME STATE COUNTY MUTUAL INSURANCE COMPANY,Closed,HMSG-130495551,2016-04-18
2016,2,3.8,"RIVERSTONE INTERNATIONAL INSURANCE, INC.",Closed,ELEC-130296398,2016-06-18
2016,2,3.8,SAFEWAY INSURANCE COMPANY,Closed,PERR-130349599,2016-04-01
2016,2,3.9,OLD AMERICAN COUNTY MUTUAL FIRE INSURANCE COMPANY,Closed,OAMF-130488156,2016-04-14
2016,2,4.0,AMICA MUTUAL INSURANCE COMPANY,Closed,AMMA-130301289,2016-06-01
2016,2,4.0,USAA GENERAL INDEMNITY COMPANY,Closed,USAA-130450316,2016-05-21
2016,2,4.1,OLD AMERICAN COUNTY MUTUAL FIRE INSURANCE COMPANY,Closed,OAMF-130603966,2016-06-10
2016,2,4.1,OLD AMERICAN COUNTY MUTUAL FIRE INSURANCE COMPANY,Closed,OAMF-130604029,2016-06-10
2016,2,4.2,GERMANIA SELECT INSURANCE COMPANY,Closed,GEIN-130482281,2016-05-01
2016,2,4.3,ALINSCO INSURANCE COMPANY,Closed,AINS-130543586,2016-06-10
2016,2,4.3,OLD AMERICAN COUNTY MUTUAL FIRE INSURANCE COMPANY,Closed,OAMF-130488566,2016-04-14
2016,2,4.5,CONSUMERS COUNTY MUTUAL INSURANCE COMPANY,Closed,TEXS-130539975,2016-06-17
2016,2,4.7,HOME STATE COUNTY MUTUAL INSURANCE COMPANY,Closed,HMSG-130470591,2016-04-16
2016,2,4.8,PROGRESSIVE COUNTY MUTUAL INSURANCE COMPANY,Closed,PRGS-130560257,2016-06-09
2016,2,4.9,BRISTOL WEST SPECIALTY INSURANCE COMPANY,Closed,BRWS-130518854,2016-04-13
2016,2,5.0,AIG PROPERTY CASUALTY COMPANY,Closed,APCG-130359256,2016-04-24
2016,2,5.0,GEICO TEXAS COUNTY MUTUAL INSURANCE COMPANY,Closed,TRGR-130461071,2016-06-01
2016,2,5.0,PROGRESSIVE COUNTY MUTUAL INSURANCE COMPANY,Closed,PRGS-130560348,2016-06-09
2016,2,5.0,USAA CASUALTY INSURANCE COMPANY,Closed,USAA-130450316,2016-05-21
2016,2,5.1,DAIRYLAND COUNTY MUTUAL INSURANCE COMPANY OF TEXAS,Closed,VKNG-130527018,2016-05-02
2016,2,5.1,GEICO TEXAS COUNTY MUTUAL INSURANCE COMPANY,Closed,TRGR-130514224,2016-06-15
2016,2,5.1,GERMANIA FIRE & CASUALTY COMPANY,Closed,GEIN-130482281,2016-05-01
2016,2,5.1,HOME STATE COUNTY MUTUAL INSURANCE COMPANY,Closed,HMSG-130502376,2016-04-13
2016,2,5.1,HOME STATE COUNTY MUTUAL INSURANCE COMPANY,Closed,HMSG-130507843,2016-05-15
2016,2,5.1,OLD AMERICAN COUNTY MUTUAL FIRE INSURANCE COMPANY,Closed,OAMF-130604019,2016-06-10
2016,2,5.2,FALCON INSURANCE COMPANY,Closed,FIGC-130472961,2016-04-21
2016,2,5.2,HOME STATE COUNTY MUTUAL INSURANCE COMPANY,Closed,HMSG-130547191,2016-05-28
2016,2,5.2,OLD AMERICAN COUNTY MUTUAL FIRE INSURANCE COMPANY,Closed,OAMF-130532695,2016-05-15
2016,2,5.4,ALLSTATE INSURANCE COMPANY,Closed,ALSE-130482638,2016-04-28
2016,2,5.4,GEICO TEXAS COUNTY MUTUAL INSURANCE COMPANY,Closed,TRGR-130462938,2016-06-15
2016,2,5.6,ACCC INSURANCE COMPANY,Closed,ACCC-130548477,2016-06-15
2016,2,5.6,OLD AMERICAN COUNTY MUTUAL FIRE INSURANCE COMPANY,Closed,OAMF-130490662,2016-04-15
2016,2,5.7,AMERICAN ACCESS CASUALTY COMPANY,Closed,AACI-130448390,2016-04-19
2016,2,5.8,WESTERN GENERAL AUTOMOBILE INSURANCE COMPANY,Closed,PERR-130511730,2016-05-01
2016,2,5.9,OLD AMERICAN COUNTY MUTUAL FIRE INSURANCE COMPANY,Closed,OAMF-130533018,2016-05-15
2016,2,6.0,GARRISON PROPERTY AND CASUALTY INSURANCE COMPANY,Closed,USAA-130450316,2016-05-21
2016,2,6.2,HOME STATE COUNTY MUTUAL INSURANCE COMPANY,Closed,HMSG-130512563,2016-05-01
2016,2,6.3,HOME STATE COUNTY MUTUAL INSURANCE COMPANY,Closed,HMSG-130517125,2016-06-01
2016,2,6.5,INFINITY COUNTY MUTUAL INSURANCE COMPANY,Closed,NFNT-130514023,2016-05-03
2016,2,6.6,HOME STATE COUNTY MUTUAL INSURANCE COMPANY,Closed,HMSG-130455175,2016-06-01
2016,2,6.6,OLD AMERICAN COUNTY MUTUAL FIRE INSURANCE COMPANY,Closed,OAMF-130533045,2016-05-15
2016,2,6.7,INFINITY COUNTY MUTUAL INSURANCE COMPANY,Closed,NFNT-130477257,2016-04-05
2016,2,6.9,ALLSTATE COUNTY MUTUAL INSURANCE COMPANY,Closed,ALSE-130482458,2016-04-28
2016,2,7.0,COLONIAL COUNTY MUTUAL INSURANCE COMPANY,Closed,NWPC-130429785,2016-04-15
2016,2,7.0,GERMANIA INSURANCE COMPANY,Closed,GEIN-130482281,2016-05-01
2016,2,7.0,HOME STATE COUNTY MUTUAL INSURANCE COMPANY,Closed,HMSG-130518273,2016-05-01
2016,2,7.1,DIRECT GENERAL INSURANCE COMPANY,Closed,DRCT-130559946,2016-06-27
2016,2,7.3,LOYA INSURANCE COMPANY,Closed,PERR-130587846,2016-06-30
2016,2,7.5,OLD AMERICAN COUNTY MUTUAL FIRE INSURANCE COMPANY,Closed,OAMF-130619352,2016-06-15
2016,2,8.0,HOME STATE COUNTY MUTUAL INSURANCE COMPANY,Closed,HMSG-130546564,2016-06-01
2016,2,8.0,OLD AMERICAN COUNTY MUTUAL FIRE INSURANCE COMPANY,Closed,OAMF-130512095,2016-05-01
2016,2,8.1,HOME STATE COUNTY MUTUAL INSURANCE COMPANY,Closed,HMSG-130577851,2016-06-20
2016,2,8.4,DAIRYLAND COUNTY MUTUAL INSURANCE COMPANY OF TEXAS,Closed,VKNG-130526958,2016-05-02
2016,2,8.5,COLONIAL COUNTY MUTUAL INSURANCE COMPANY,Closed,NWPC-130429715,2016-04-15
2016,2,8.7,NATIONAL UNITY INSURANCE COMPANY,Closed,KMKC-130502627,2016-04-01
2016,2,8.7,SAFE AUTO INSURANCE COMPANY,Closed,SAFE-130560714,2016-06-18
2016,2,9.0,"MGA INSURANCE COMPANY, INC.",Closed,GNSC-130454087,2016-04-04
2016,2,9.1,HOME STATE COUNTY MUTUAL INSURANCE COMPANY,Closed,HMSG-130516393,2016-06-01
2016,2,9.1,OLD AMERICAN COUNTY MUTUAL FIRE INSURANCE COMPANY,Closed,OAMF-130601521,2016-06-29
2016,2,9.3,MERCURY COUNTY MUTUAL INSURANCE COMPANY,Closed,MERY-130383945,2016-04-16
2016,2,9.5,OLD AMERICAN COUNTY MUTUAL FIRE INSURANCE COMPANY,Closed,OAMF-130513409,2016-05-01
2016,2,9.8,HALLMARK COUNTY MUTUAL INSURANCE COMPANY,Closed,PHXN-130520562,2016-05-11
2016,2,9.8,INFINITY COUNTY MUTUAL INSURANCE COMPANY,Closed,NFNT-130477260,2016-04-05
2016,2,9.8,OLD AMERICAN COUNTY MUTUAL FIRE INSURANCE COMPANY,Closed,OAMF-130469315,2016-04-01
2016,2,9.9,BANKERS STANDARD INSURANCE COMPANY,Closed,ACEH-130301174,2016-04-15
2016,2,9.9,HOME STATE COUNTY MUTUAL INSURANCE COMPANY,Closed,HMSG-130499784,2016-05-15
2016,2,10.1,DIRECT GENERAL INSURANCE COMPANY,Closed,DRCT-130061785,2016-06-18
2016,2,10.9,OLD AMERICAN COUNTY MUTUAL FIRE INSURANCE COMPANY,Closed,OAMF-130513450,2016-04-01
2016,2,11.0,OLD AMERICAN COUNTY MUTUAL FIRE INSURANCE COMPANY,Closed,OAMF-130513317,2016-05-01
2016,2,11.1,21ST CENTURY CENTENNIAL INSURANCE COMPANY,Closed,AGMK-130524517,2016-05-25
2016,2,11.1,21ST CENTURY CENTENNIAL INSURANCE COMPANY,Closed,AGMK-130533015,2016-05-25
2016,2,11.3,FOREMOST COUNTY MUTUAL INSURANCE COMPANY,Closed,BRWS-130525735,2016-05-18
2016,2,11.3,HORACE MANN INSURANCE COMPANY,Closed,HRMN-130431379,2016-05-01
2016,2,12.2,LIBERTY COUNTY MUTUAL INSURANCE COMPANY,Closed,LBPM-130407353,2016-04-18
2016,2,12.6,COLONIAL COUNTY MUTUAL INSURANCE COMPANY,Closed,NTWP-130455195,2016-04-01
2016,2,12.6,"MGA INSURANCE COMPANY, INC.",Closed,GNSC-130481387,2016-04-18
2016,2,12.9,AMERICAN ALTERNATIVE INSURANCE CORPORATION,Closed,AMLX-G130464644,2016-04-01
2016,2,12.9,OLD AMERICAN COUNTY MUTUAL FIRE INSURANCE COMPANY,Closed,OAMF-130579222,2016-06-20
2016,2,13.4,HOME STATE COUNTY MUTUAL INSURANCE COMPANY,Closed,HMSG-130512266,2016-05-01
2016,2,13.6,LYNDON SOUTHERN INSURANCE COMPANY,Closed,LFST-130485362,2016-05-01
2016,2,15.8,FOREMOST COUNTY MUTUAL INSURANCE COMPANY,Closed,FORE-130298145,2016-05-15
2016,2,16.6,PERMANENT GENERAL ASSURANCE CORPORATION,Closed,PGAC-130508124,2016-05-03
2016,2,18.6,INFINITY COUNTY MUTUAL INSURANCE COMPANY,Closed,NFNT-130477268,2016-04-05
2016,2,19.1,NATIONAL UNITY INSURANCE COMPANY,Closed,VCBT-130548484,2016-06-06
2016,2,19.2,"GENERAL AUTOMOBILE INSURANCE COMPANY, INC., THE",Closed,PGAC-130508124,2016-05-03
2016,2,19.4,VISION INSURANCE COMPANY,Closed,PERR-130519068,2016-05-15
2016,2,19.6,NATIONAL UNITY INSURANCE COMPANY,Closed,NUIC-130539685,2016-06-20
2016,2,19.6,YOUNG AMERICA INSURANCE COMPANY,Closed,PERR-130583709,2016-06-20
2016,2,20.2,FOREMOST COUNTY MUTUAL INSURANCE COMPANY,Closed,AGMK-130524206,2016-05-25
2016,2,20.2,FOREMOST COUNTY MUTUAL INSURANCE COMPANY,Closed,AGMK-130533001,2016-05-25
2016,2,20.5,RLI INSURANCE COMPANY,Closed,RLSC-130430730,2016-06-01
2016,2,23.7,PERMANENT GENERAL ASSURANCE CORPORATION OF OHIO,Closed,PGAC-130508124,2016-05-03
2016,3,-4.3,HOME STATE COUNTY MUTUAL INSURANCE COMPANY,Closed,HMSG-130588101,2016-07-09
2016,3,-4.3,INTEGON INDEMNITY CORPORATION,Closed,GMMX-130565319,2016-07-09
2016,3,-0.3,"CINCINNATI INSURANCE COMPANY, THE",Closed,CNNB-130531590,2016-07-01
2016,3,-0.3,HOME STATE COUNTY MUTUAL INSURANCE COMPANY,Closed,HMSG-130589407,2016-07-15
2016,3,0.0,ASSURANCEAMERICA INSURANCE COMPANY,Closed,ASRN-130652299,2016-08-15
2016,3,0.0,AUTO CLUB COUNTY MUTUAL INSURANCE COMPANY,Closed,IACA-130540580,2016-07-01
2016,3,0.0,AUTO CLUB COUNTY MUTUAL INSURANCE COMPANY,Closed,IACA-130567153,2016-09-10
2016,3,0.0,BRISTOL WEST SPECIALTY INSURANCE COMPANY,Closed,BRWS-130590431,2016-07-01
2016,3,0.0,CLEAR BLUE INSURANCE COMPANY,Closed,PERR-130667456,2016-07-27
2016,3,0.0,ECONOMY PREFERRED INSURANCE COMPANY,Closed,METX-G130571825,2016-07-16
2016,3,0.0,ECONOMY PREMIER ASSURANCE COMPANY,Closed,METX-G130571825,2016-07-16
2016,3,0.0,ELEPHANT INSURANCE COMPANY,Closed,EINS-130577903,2016-07-15
2016,3,0.0,FEDNAT INSURANCE COMPANY,Closed,PERR-130616409,2016-08-15
2016,3,0.0,GARRISON PROPERTY AND CASUALTY INSURANCE COMPANY,Closed,USAA-130538396,2016-09-08
2016,3,0.0,HOME STATE COUNTY MUTUAL INSURANCE COMPANY,Closed,HMSG-130515056,2016-07-01
2016,3,0.0,HOME STATE COUNTY MUTUAL INSURANCE COMPANY,Closed,HMSG-130654939,2016-08-18
2016,3,0.0,HOME STATE COUNTY MUTUAL INSURANCE COMPANY,Closed,HMSG-130675893,2016-09-05
2016,3,0.0,"INSURANCE SERVICES OFFICE, INC.",Closed,TEXS-130691335,2016-08-11
2016,3,0.0,"INSURANCE SERVICES OFFICE, INC.",Closed,TEXS-130691583,2016-08-11
2016,3,0.0,"INSURANCE SERVICES OFFICE, INC.",Closed,TEXS-130699143,2016-08-10
2016,3,0.0,"INSURANCE SERVICES OFFICE, INC.",Closed,TEXS-130712583,2016-08-25
2016,3,0.0,"INSURANCE SERVICES OFFICE, INC.",Closed,TEXS-130725514,2016-08-25
2016,3,0.0,LIBERTY COUNTY MUTUAL INSURANCE COMPANY,Closed,LBPM-130410092,2016-08-17
2016,3,0.0,LIBERTY COUNTY MUTUAL INSURANCE COMPANY,Closed,LBPM-130496794,2016-07-28
2016,3,0.0,LIBERTY COUNTY MUTUAL INSURANCE COMPANY,Closed,LBPM-130496796,2016-07-28
2016,3,0.0,LIBERTY COUNTY MUTUAL INSURANCE COMPANY,Closed,LBPM-130531968,2016-08-19
2016,3,0.0,REDPOINT COUNTY MUTUAL INSURANCE COMPANY,Closed,PERR-130620017,2016-08-15
2016,3,0.0,REDPOINT COUNTY MUTUAL INSURANCE COMPANY,Closed,PERR-130620037,2016-08-15
2016,3,0.0,REDPOINT COUNTY MUTUAL INSURANCE COMPANY,Closed,PERR-130621242,2016-08-15
2016,3,0.0,REDPOINT COUNTY MUTUAL INSURANCE COMPANY,Closed,SWCM-130614379,2016-07-01
2016,3,0.0,REDPOINT COUNTY MUTUAL INSURANCE COMPANY,Closed,SWCM-130626127,2016-07-01
2016,3,0.0,REDPOINT COUNTY MUTUAL INSURANCE COMPANY,Closed,SWCM-130641902,2016-07-06
2016,3,0.0,REDPOINT COUNTY MUTUAL INSURANCE COMPANY,Closed,SWCM-130643357,2016-07-15
2016,3,0.0,REDPOINT COUNTY MUTUAL INSURANCE COMPANY,Closed,SWCM-130654814,2016-09-01
2016,3,0.0,REDPOINT COUNTY MUTUAL INSURANCE COMPANY,Closed,SWCM-130681099,2016-08-05
2016,3,0.0,RIVERPORT INSURANCE COMPANY,Closed,BEUW-130531302,2016-09-01
2016,3,0.0,STATE FARM COUNTY MUTUAL INSURANCE COMPANY OF TEXAS,Closed,SFMA-130451456,2016-08-15
2016,3,0.0,STATE FARM COUNTY MUTUAL INSURANCE COMPANY OF TEXAS,Closed,SFMA-130477625,2016-07-01
2016,3,0.0,STATE FARM FIRE AND CASUALTY COMPANY,Closed,SFMA-130451456,2016-08-15
2016,3,0.0,STATE FARM FIRE AND CASUALTY COMPANY,Closed,SFMA-130477625,2016-07-01
2016,3,0.0,STATE FARM MUTUAL AUTOMOBILE INSURANCE COMPANY,Closed,SFMA-130451456,2016-08-15
2016,3,0.0,STATE FARM MUTUAL AUTOMOBILE INSURANCE COMPANY,Closed,SFMA-130477625,2016-07-01
2016,3,0.0,UNITED SERVICES AUTOMOBILE ASSOCIATION,Closed,USAA-130538396,2016-09-08
2016,3,0.0,USAA CASUALTY INSURANCE COMPANY,Closed,USAA-130538396,2016-09-08
2016,3,0.0,USAA GENERAL INDEMNITY COMPANY,Closed,USAA-130538396,2016-09-08
2016,3,0.0,"WOODLANDS INSURANCE COMPANY, THE",Closed,PERR-130573124,2016-08-20
2016,3,0.5,NATIONAL GENERAL ASSURANCE COMPANY,Closed,GMMX-130653682,2016-09-03
2016,3,0.5,NATIONAL GENERAL INSURANCE COMPANY,Closed,GMMX-130665436,2016-09-03
2016,3,1.2,INFINITY COUNTY MUTUAL INSURANCE COMPANY,Closed,NFNT-130464406,2016-08-30
2016,3,1.5,OLD AMERICAN COUNTY MUTUAL FIRE INSURANCE COMPANY,Closed,OAMF-130615169,2016-07-15
2016,3,2.0,OLD AMERICAN COUNTY MUTUAL FIRE INSURANCE COMPANY,Closed,OAMF-130672930,2016-09-01
2016,3,2.0,REDPOINT COUNTY MUTUAL INSURANCE COMPANY,Closed,SWCM-130659263,2016-08-20
2016,3,2.1,CONCERT INSURANCE COMPANY,Closed,PERR-130662251,2016-08-20
2016,3,2.3,TEXAS FARM BUREAU CASUALTY INSURANCE COMPANY,Closed,TXFB-130653684,2016-07-01
2016,3,2.3,TEXAS FARM BUREAU MUTUAL INSURANCE COMPANY,Closed,TXFB-130651570,2016-07-01
2016,3,2.4,DIRECT GENERAL INSURANCE COMPANY,Closed,DRCT-130675401,2016-09-19
2016,3,2.5,FARM BUREAU COUNTY MUTUAL INSURANCE COMPANY OF TEXAS,Closed,TXFB-130653793,2016-07-01
2016,3,2.7,OLD AMERICAN COUNTY MUTUAL FIRE INSURANCE COMPANY,Closed,OAMF-130653756,2016-08-15
2016,3,2.9,PROGRESSIVE COUNTY MUTUAL INSURANCE COMPANY,Closed,PRGS-130653845,2016-08-25
2016,3,2.9,YOUNG AMERICA INSURANCE COMPANY,Closed,PERR-130628101,2016-07-27
2016,3,3.0,CALIFORNIA CASUALTY INDEMNITY EXCHANGE,Closed,CALC-130505679,2016-09-01
2016,3,3.0,DAIRYLAND COUNTY MUTUAL INSURANCE COMPANY OF TEXAS,Closed,VKNG-130644857,2016-08-01
2016,3,3.1,HOME STATE COUNTY MUTUAL INSURANCE COMPANY,Closed,HMSG-130681450,2016-09-15
2016,3,3.2,LOYA INSURANCE COMPANY,Closed,PERR-130618588,2016-07-20
2016,3,3.5,PROGRESSIVE COUNTY MUTUAL INSURANCE COMPANY,Closed,PRGS-130653829,2016-08-25
2016,3,3.8,GEICO ADVANTAGE INSURANCE COMPANY,Closed,GECC-130519645,2016-07-25
2016,3,3.8,KNIGHTBROOK INSURANCE COMPANY,Closed,AGGI-130704996,2016-09-15
2016,3,4.0,LOYA INSURANCE COMPANY,Closed,PERR-130655040,2016-08-18
2016,3,4.3,HOME STATE COUNTY MUTUAL INSURANCE COMPANY,Closed,HMSG-130681322,2016-09-03
2016,3,4.3,OLD AMERICAN COUNTY MUTUAL FIRE INSURANCE COMPANY,Closed,OAMF-130686279,2016-08-10
2016,3,4.4,HOME STATE COUNTY MUTUAL INSURANCE COMPANY,Closed,HMSG-130719186,2016-09-15
2016,3,4.5,"MGA INSURANCE COMPANY, INC.",Closed,GNSC-130580120,2016-07-04
2016,3,4.5,OLD AMERICAN COUNTY MUTUAL FIRE INSURANCE COMPANY,Closed,OAMF-130686214,2016-08-10
2016,3,4.5,OLD AMERICAN COUNTY MUTUAL FIRE INSURANCE COMPANY,Closed,OAMF-130686224,2016-08-10
2016,3,4.5,OLD AMERICAN COUNTY MUTUAL FIRE INSURANCE COMPANY,Closed,OAMF-130686232,2016-08-10
2016,3,4.6,COLONIAL COUNTY MUTUAL INSURANCE COMPANY,Closed,GECC-130519677,2016-07-25
2016,3,4.6,GEICO COUNTY MUTUAL INSURANCE COMPANY,Closed,GECC-130519645,2016-07-25
2016,3,4.6,OLD AMERICAN COUNTY MUTUAL FIRE INSURANCE COMPANY,Closed,OAMF-130673014,2016-08-15
2016,3,4.6,OLD AMERICAN COUNTY MUTUAL FIRE INSURANCE COMPANY,Closed,OAMF-130703759,2016-09-24
2016,3,4.8,"MGA INSURANCE COMPANY, INC.",Closed,GNSC-130580190,2016-07-04
2016,3,4.9,HOME STATE COUNTY MUTUAL INSURANCE COMPANY,Closed,HMSG-130632159,2016-07-01
2016,3,4.9,HOME STATE COUNTY MUTUAL INSURANCE COMPANY,Closed,HMSG-130632931,2016-08-18
2016,3,4.9,HOME STATE COUNTY MUTUAL INSURANCE COMPANY,Closed,HMSG-130681393,2016-09-03
2016,3,5.0,HALLMARK COUNTY MUTUAL INSURANCE COMPANY,Closed,PHXN-130661843,2016-09-08
2016,3,5.1,GEICO CHOICE INSURANCE COMPANY,Closed,GECC-130519645,2016-07-25
2016,3,5.2,GEICO SECURE INSURANCE COMPANY,Closed,GECC-130519645,2016-07-25
2016,3,5.2,REDPOINT COUNTY MUTUAL INSURANCE COMPANY,Closed,SWCM-130595686,2016-07-01
2016,3,5.4,VISION INSURANCE COMPANY,Closed,PERR-130642800,2016-08-10
2016,3,5.5,ALINSCO INSURANCE COMPANY,Closed,AINS-130625750,2016-08-10
2016,3,5.5,CONCERT INSURANCE COMPANY,Closed,PERR-130595955,2016-07-01
2016,3,5.5,LYNDON SOUTHERN INSURANCE COMPANY,Closed,LFST-130597059,2016-07-01
2016,3,5.5,LYNDON SOUTHERN INSURANCE COMPANY,Closed,LFST-130661636,2016-08-20
2016,3,5.7,FALCON INSURANCE COMPANY,Closed,FIGC-130697108,2016-09-24
2016,3,5.8,ANCHOR GENERAL INSURANCE COMPANY,Closed,AGIN-130549120,2016-07-05
2016,3,6.2,VISION INSURANCE COMPANY,Closed,PERR-130677617,2016-09-07
2016,3,6.3,FARMERS LLOYDS INSURANCE COMPANY OF TEXAS,Closed,METX-G130669650,2016-09-30
2016,3,6.6,MARKEL AMERICAN INSURANCE COMPANY,Closed,MRKA-130604108,2016-09-06
2016,3,6.7,OLD AMERICAN COUNTY MUTUAL FIRE INSURANCE COMPANY,Closed,OAMF-130653650,2016-08-15
2016,3,6.9,COLONIAL COUNTY MUTUAL INSURANCE COMPANY,Closed,GECC-130556319,2016-08-08
2016,3,7.0,AMERICAN NATIONAL COUNTY MUTUAL INSURANCE COMPANY,Closed,ANPC-130582249,2016-09-09
2016,3,7.2,STILLWATER INSURANCE COMPANY,Closed,FDLY-130590279,2016-07-24
2016,3,7.3,GEICO ADVANTAGE INSURANCE COMPANY,Closed,GECC-130556223,2016-08-08
2016,3,7.3,OLD AMERICAN COUNTY MUTUAL FIRE INSURANCE COMPANY,Closed,OAMF-130653549,2016-08-15
2016,3,7.5,AMERICAN FAMILY CONNECT PROPERTY AND CASUALTY INSURANCE COMPANY,Closed,PRCA-130535953,2016-08-07
2016,3,7.6,GEICO COUNTY MUTUAL INSURANCE COMPANY,Closed,GECC-130556223,2016-08-08
2016,3,7.6,GEICO SECURE INSURANCE COMPANY,Closed,GECC-130556223,2016-08-08
2016,3,7.8,HOME STATE COUNTY MUTUAL INSURANCE COMPANY,Closed,HMSG-130653898,2016-08-15
2016,3,7.9,GEICO CHOICE INSURANCE COMPANY,Closed,GECC-130556223,2016-08-08
2016,3,7.9,GEICO INDEMNITY COMPANY,Closed,GECC-130556223,2016-08-08
2016,3,7.9,HOME STATE COUNTY MUTUAL INSURANCE COMPANY,Closed,HMSG-130612154,2016-07-15
2016,3,7.9,OLD AMERICAN COUNTY MUTUAL FIRE INSURANCE COMPANY,Closed,OAMF-130636503,2016-08-01
2016,3,8.1,SAFECO INSURANCE COMPANY OF ILLINOIS,Closed,LBPM-130455186,2016-07-03
2016,3,8.1,SAFECO LLOYDS INSURANCE COMPANY,Closed,LBPM-130455186,2016-07-03
2016,3,8.2,COLONIAL COUNTY MUTUAL INSURANCE COMPANY,Closed,NTWP-130655197,2016-09-03
2016,3,8.2,SAFECO INSURANCE COMPANY OF AMERICA,Closed,LBPM-130455186,2016-07-03
2016,3,8.3,GENERAL INSURANCE COMPANY OF AMERICA,Closed,LBPM-130455186,2016-07-03
2016,3,8.3,GOVERNMENT EMPLOYEES INSURANCE COMPANY,Closed,GECC-130556223,2016-08-08
2016,3,8.3,HOME STATE COUNTY MUTUAL INSURANCE COMPANY,Closed,HMSG-130653673,2016-08-15
2016,3,8.5,HOME STATE COUNTY MUTUAL INSURANCE COMPANY,Closed,HMSG-130612513,2016-08-01
2016,3,8.7,ALLSTATE FIRE AND CASUALTY INSURANCE COMPANY,Closed,ALSE-130591765,2016-07-28
2016,3,8.9,HOME STATE COUNTY MUTUAL INSURANCE COMPANY,Closed,HMSG-130575952,2016-07-01
2016,3,8.9,OLD AMERICAN COUNTY MUTUAL FIRE INSURANCE COMPANY,Closed,OAMF-130709155,2016-09-30
2016,3,9.1,COLONIAL COUNTY MUTUAL INSURANCE COMPANY,Closed,NTWP-130655348,2016-09-03
2016,3,9.2,STATE FARM FIRE AND CASUALTY COMPANY,Closed,SFMA-130593418,2016-08-15
2016,3,9.2,STATE FARM MUTUAL AUTOMOBILE INSURANCE COMPANY,Closed,SFMA-130593418,2016-08-15
2016,3,9.4,FEDNAT INSURANCE COMPANY,Closed,AMVE-130610843,2016-07-15
2016,3,9.5,UNITRIN COUNTY MUTUAL INSURANCE COMPANY,Closed,UTRN-130544117,2016-07-06
2016,3,9.8,HOCHHEIM PRAIRIE CASUALTY INSURANCE COMPANY,Closed,HOCH-130587922,2016-08-01
2016,3,10.0,FARMERS TEXAS COUNTY MUTUAL INSURANCE COMPANY,Closed,FARM-130580179,2016-07-19
2016,3,10.2,OLD AMERICAN COUNTY MUTUAL FIRE INSURANCE COMPANY,Closed,OAMF-130709181,2016-09-30
2016,3,10.9,GEICO TEXAS COUNTY MUTUAL INSURANCE COMPANY,Closed,TRGR-130594136,2016-07-23
2016,3,11.0,"FIRST ACCEPTANCE INSURANCE COMPANY, INC.",Closed,FRST-130610373,2016-07-15
2016,3,11.0,MERCURY COUNTY MUTUAL INSURANCE COMPANY,Closed,MERY-130490384,2016-08-13
2016,3,11.4,HOME STATE COUNTY MUTUAL INSURANCE COMPANY,Closed,HMSG-130658810,2016-08-19
2016,3,11.5,HALLMARK COUNTY MUTUAL INSURANCE COMPANY,Closed,PHXN-130697734,2016-08-22
2016,3,13.7,FARMERS TEXAS COUNTY MUTUAL INSURANCE COMPANY,Closed,FARM-130613639,2016-07-19
2016,3,13.9,GEICO TEXAS COUNTY MUTUAL INSURANCE COMPANY,Closed,TRGR-130564031,2016-07-02
2016,3,14.0,STATE FARM COUNTY MUTUAL INSURANCE COMPANY OF TEXAS,Closed,SFMA-130593418,2016-08-15
2016,3,14.2,GEICO TEXAS COUNTY MUTUAL INSURANCE COMPANY,Closed,TRGR-130565101,2016-07-02
2016,3,14.7,"ACCIDENT INSURANCE COMPANY, INC.",Closed,PERR-130644531,2016-07-07
2016,3,19.9,OLD AMERICAN COUNTY MUTUAL FIRE INSURANCE COMPANY,Closed,OAMF-130660991,2016-08-30
2016,3,20.3,COMMERCIAL ALLIANCE INSURANCE COMPANY,Closed,OCCD-130606225,2016-07-15
2016,3,20.4,VISION INSURANCE COMPANY,Closed,PERR-130630006,2016-07-30
2016,3,22.7,COLONIAL COUNTY MUTUAL INSURANCE COMPANY,Closed,NWSP-130600285,2016-08-23
2016,3,37.5,HOME STATE COUNTY MUTUAL INSURANCE COMPANY,Closed,HMSG-130612507,2016-07-15
2016,3,102.0,LIBERTY COUNTY MUTUAL INSURANCE COMPANY,Closed,LBPM-130396192,2016-07-02
2016,4,-9.0,REDPOINT COUNTY MUTUAL INSURANCE COMPANY,Closed,SWCM-130787595,2016-11-02
2016,4,-5.0,TREXIS ONE INSURANCE CORPORATION,Closed,VSGP-130713052,2016-10-07
2016,4,-3.7,LIBERTY COUNTY MUTUAL INSURANCE COMPANY,Closed,LBPM-130628319,2016-11-08
2016,4,-3.3,HOME STATE COUNTY MUTUAL INSURANCE COMPANY,Closed,HMSG-130735112,2016-11-01
2016,4,-2.4,HOME STATE COUNTY MUTUAL INSURANCE COMPANY,Closed,HMSG-130742510,2016-11-01
2016,4,-1.3,GERMANIA FIRE & CASUALTY COMPANY,Closed,GEIN-130744541,2016-11-01
2016,4,-1.3,GERMANIA INSURANCE COMPANY,Closed,GEIN-130744541,2016-11-01
2016,4,-1.3,GERMANIA SELECT INSURANCE COMPANY,Closed,GEIN-130744541,2016-11-01
2016,4,-1.1,GERMANIA INSURANCE COMPANY,Closed,GEIN-130752898,2016-11-01
2016,4,-1.1,GERMANIA SELECT INSURANCE COMPANY,Closed,GEIN-130752898,2016-11-01
2016,4,-1.1,HOME STATE COUNTY MUTUAL INSURANCE COMPANY,Closed,HMSG-130759899,2016-11-01
2016,4,-1.0,GERMANIA FIRE & CASUALTY COMPANY,Closed,GEIN-130752898,2016-11-01
2016,4,-0.1,AUTO CLUB COUNTY MUTUAL INSURANCE COMPANY,Closed,IACA-130730722,2016-12-05
2016,4,0.0,ALLIED PROPERTY AND CASUALTY INSURANCE COMPANY,Closed,NWPC-130694607,2016-12-01
2016,4,0.0,ALLSTATE COUNTY MUTUAL INSURANCE COMPANY,Closed,ALSE-130691674,2016-10-06
2016,4,0.0,ALLSTATE COUNTY MUTUAL INSURANCE COMPANY,Closed,ALSE-130691780,2016-10-06
2016,4,0.0,ALLSTATE COUNTY MUTUAL INSURANCE COMPANY,Closed,ALSE-130726567,2016-10-27
2016,4,0.0,ALLSTATE COUNTY MUTUAL INSURANCE COMPANY,Closed,ALSE-130726577,2016-10-27
2016,4,0.0,ALLSTATE FIRE AND CASUALTY INSURANCE COMPANY,Closed,ALSE-130689262,2016-10-06
2016,4,0.0,ALLSTATE FIRE AND CASUALTY INSURANCE COMPANY,Closed,ALSE-130691759,2016-10-06
2016,4,0.0,ALLSTATE FIRE AND CASUALTY INSURANCE COMPANY,Closed,ALSE-130726593,2016-10-27
2016,4,0.0,ALLSTATE FIRE AND CASUALTY INSURANCE COMPANY,Closed,ALSE-130761475,2016-12-01
2016,4,0.0,ALLSTATE INDEMNITY COMPANY,Closed,ALSE-130691913,2016-10-06
2016,4,0.0,ALLSTATE INDEMNITY COMPANY,Closed,ALSE-130726504,2016-10-27
2016,4,0.0,ALLSTATE INSURANCE COMPANY,Closed,ALSE-130691913,2016-10-06
2016,4,0.0,ALLSTATE INSURANCE COMPANY,Closed,ALSE-130726504,2016-10-27
2016,4,0.0,ALLSTATE PROPERTY AND CASUALTY INSURANCE COMPANY,Closed,ALSE-130691913,2016-10-06
2016,4,0.0,ALLSTATE PROPERTY AND CASUALTY INSURANCE COMPANY,Closed,ALSE-130726504,2016-10-27
2016,4,0.0,AMERICAN NATIONAL COUNTY MUTUAL INSURANCE COMPANY,Closed,ANPC-130768893,2016-12-21
2016,4,0.0,AMICA MUTUAL INSURANCE COMPANY,Closed,AMMA-130658874,2016-11-01
2016,4,0.0,AUTO CLUB COUNTY MUTUAL INSURANCE COMPANY,Closed,IACA-130703622,2016-10-20
2016,4,0.0,AUTO CLUB COUNTY MUTUAL INSURANCE COMPANY,Closed,IACA-130839533,2016-12-15
2016,4,0.0,BRISTOL WEST SPECIALTY INSURANCE COMPANY,Closed,BRWS-130828354,2016-12-30
2016,4,0.0,CENTRAL INSURANCE COMPANY,Closed,CEMC-130682932,2016-11-01
2016,4,0.0,COLONIAL COUNTY MUTUAL INSURANCE COMPANY,Closed,NWPC-130779335,2016-11-30
2016,4,0.0,COLONIAL COUNTY MUTUAL INSURANCE COMPANY,Closed,NWPC-130779336,2016-11-30
2016,4,0.0,COLONIAL COUNTY MUTUAL INSURANCE COMPANY,Closed,NWPC-130779337,2016-11-30
2016,4,0.0,COLONIAL COUNTY MUTUAL INSURANCE COMPANY,Closed,NWSP-130635340,2016-10-25
2016,4,0.0,CONSUMERS COUNTY MUTUAL INSURANCE COMPANY,Closed,TEXS-130797226,2016-12-16
2016,4,0.0,DEPOSITORS INSURANCE COMPANY,Closed,NWPC-130694607,2016-12-01
2016,4,0.0,ELEPHANT INSURANCE COMPANY,Closed,EINS-130681439,2016-10-25
2016,4,0.0,ENCOMPASS INDEMNITY COMPANY,Closed,ALSE-130693982,2016-10-10
2016,4,0.0,FARMERS PROPERTY AND CASUALTY INSURANCE COMPANY,Closed,METX-130734438,2016-11-29
2016,4,0.0,FOREMOST COUNTY MUTUAL INSURANCE COMPANY,Closed,BRWS-130828461,2016-12-30
2016,4,0.0,GEICO TEXAS COUNTY MUTUAL INSURANCE COMPANY,Closed,TRGR-130747222,2016-10-03
2016,4,0.0,GEICO TEXAS COUNTY MUTUAL INSURANCE COMPANY,Closed,TRGR-130840667,2016-12-15
2016,4,0.0,HOME STATE COUNTY MUTUAL INSURANCE COMPANY,Closed,HMSG-130802748,2016-12-10
2016,4,0.0,"INSURANCE SERVICES OFFICE, INC.",Closed,ISOF-130822501,2016-12-01
2016,4,0.0,"INSURANCE SERVICES OFFICE, INC.",Closed,ISOF-130825177,2016-12-01
2016,4,0.0,"INSURANCE SERVICES OFFICE, INC.",Closed,ISOF-130839343,2016-12-09
2016,4,0.0,"INSURANCE SERVICES OFFICE, INC.",Closed,TEXS-130760325,2016-10-07
2016,4,0.0,LIBERTY COUNTY MUTUAL INSURANCE COMPANY,Closed,LBPM-130533847,2016-11-26
2016,4,0.0,LIBERTY COUNTY MUTUAL INSURANCE COMPANY,Closed,LBPM-130556483,2016-10-31
2016,4,0.0,LIBERTY COUNTY MUTUAL INSURANCE COMPANY,Closed,LBPM-130576275,2016-10-31
2016,4,0.0,LIBERTY COUNTY MUTUAL INSURANCE COMPANY,Closed,LBPM-130598443,2016-11-08
2016,4,0.0,MERCURY COUNTY MUTUAL INSURANCE COMPANY,Closed,MERY-130744647,2016-10-15
2016,4,0.0,OLD AMERICAN COUNTY MUTUAL FIRE INSURANCE COMPANY,Closed,OAMF-130700212,2016-10-01
2016,4,0.0,STILLWATER INSURANCE COMPANY,Closed,FDLY-130697542,2016-11-06
2016,4,0.1,FARMERS LLOYDS INSURANCE COMPANY OF TEXAS,Closed,METX-130702400,2016-10-31
2016,4,0.6,HOME STATE COUNTY MUTUAL INSURANCE COMPANY,Closed,HMSG-130739748,2016-10-24
2016,4,1.0,PROGRESSIVE COUNTY MUTUAL INSURANCE COMPANY,Closed,PRGS-130741728,2016-10-27
2016,4,1.1,PROGRESSIVE COUNTY MUTUAL INSURANCE COMPANY,Closed,PRGS-130741777,2016-10-27
2016,4,1.4,GOVERNMENT EMPLOYEES INSURANCE COMPANY,Closed,GECC-130705165,2016-12-19
2016,4,1.5,GARRISON PROPERTY AND CASUALTY INSURANCE COMPANY,Closed,USAA-130652017,2016-11-21
2016,4,1.5,GEICO GENERAL INSURANCE COMPANY,Closed,GECC-130705165,2016-12-19
2016,4,1.6,HOME STATE COUNTY MUTUAL INSURANCE COMPANY,Closed,HMSG-130769504,2016-12-15
2016,4,1.6,INFINITY COUNTY MUTUAL INSURANCE COMPANY,Closed,NFNT-130778092,2016-12-06
2016,4,1.7,ALLSTATE COUNTY MUTUAL INSURANCE COMPANY,Closed,ALSE-130734942,2016-11-10
2016,4,1.7,ALLSTATE INDEMNITY COMPANY,Closed,ALSE-130734850,2016-11-10
2016,4,2.0,USAA CASUALTY INSURANCE COMPANY,Closed,USAA-130652017,2016-11-21
2016,4,2.9,ELEPHANT INSURANCE COMPANY,Closed,EINS-130711544,2016-12-02
2016,4,3.0,FARMERS CASUALTY INSURANCE COMPANY,Closed,METX-130734438,2016-11-29
2016,4,3.0,UNITED SERVICES AUTOMOBILE ASSOCIATION,Closed,USAA-130652017,2016-11-21
2016,4,3.1,ESURANCE INSURANCE COMPANY,Closed,ESUR-130724219,2016-12-15
2016,4,3.1,GEICO INDEMNITY COMPANY,Closed,GECC-130705165,2016-12-19
2016,4,3.1,INFINITY COUNTY MUTUAL INSURANCE COMPANY,Closed,NFNT-130809050,2016-12-06
2016,4,3.3,INFINITY COUNTY MUTUAL INSURANCE COMPANY,Closed,NFNT-130797316,2016-12-06
2016,4,3.4,CRESTBROOK INSURANCE COMPANY,Closed,SCTT-130685974,2016-10-15
2016,4,3.4,DAIRYLAND COUNTY MUTUAL INSURANCE COMPANY OF TEXAS,Closed,VKNG-130646109,2016-11-04
2016,4,3.4,OLD AMERICAN COUNTY MUTUAL FIRE INSURANCE COMPANY,Closed,OAMF-130768641,2016-11-15
2016,4,3.5,COLONIAL COUNTY MUTUAL INSURANCE COMPANY,Closed,NWPC-130768971,2016-10-15
2016,4,4.0,FARMERS DIRECT PROPERTY AND CASUALTY INSURANCE COMPANY,Closed,METX-130734438,2016-11-29
2016,4,4.0,HOME STATE COUNTY MUTUAL INSURANCE COMPANY,Closed,HMSG-130737716,2016-11-27
2016,4,4.1,HOME STATE COUNTY MUTUAL INSURANCE COMPANY,Closed,HMSG-130749797,2016-10-15
2016,4,4.2,PHARMACISTS INSURANCE COMPANY,Closed,PHAR-130529573,2016-12-15
2016,4,4.2,PHARMACISTS INSURANCE COMPANY,Closed,PHAR-130760446,2016-12-15
2016,4,4.3,LIBERTY COUNTY MUTUAL INSURANCE COMPANY,Closed,LBPM-130695995,2016-12-06
2016,4,4.4,ALINSCO INSURANCE COMPANY,Closed,AINS-130785856,2016-12-01
2016,4,4.5,HOME STATE COUNTY MUTUAL INSURANCE COMPANY,Closed,HMSG-130741651,2016-11-01
2016,4,4.6,NATIONAL INTERSTATE INSURANCE COMPANY,Closed,NTNL-130552281,2016-10-20
2016,4,4.9,AUTO CLUB COUNTY MUTUAL INSURANCE COMPANY,Closed,IACA-130590136,2016-12-15
2016,4,4.9,AUTO CLUB COUNTY MUTUAL INSURANCE COMPANY,Closed,IACA-130676852,2016-12-15
2016,4,4.9,OLD AMERICAN COUNTY MUTUAL FIRE INSURANCE COMPANY,Closed,OAMF-130785418,2016-12-01
2016,4,5.0,CONSUMERS COUNTY MUTUAL INSURANCE COMPANY,Closed,TEXS-130717531,2016-11-23
2016,4,5.0,USAA GENERAL INDEMNITY COMPANY,Closed,USAA-130652017,2016-11-21
2016,4,5.1,"MGA INSURANCE COMPANY, INC.",Closed,GNSC-130759217,2016-11-21
2016,4,5.2,FALCON INSURANCE COMPANY,Closed,FIGC-130741595,2016-11-15
2016,4,5.2,HOME STATE COUNTY MUTUAL INSURANCE COMPANY,Closed,HMSG-130816223,2016-11-23
2016,4,5.3,BRISTOL WEST SPECIALTY INSURANCE COMPANY,Closed,BRWS-130815016,2016-11-23
2016,4,5.3,HOME STATE COUNTY MUTUAL INSURANCE COMPANY,Closed,HMSG-130821317,2016-12-01
2016,4,5.3,"MGA INSURANCE COMPANY, INC.",Closed,GNSC-130767312,2016-11-28
2016,4,5.4,HOME STATE COUNTY MUTUAL INSURANCE COMPANY,Closed,HMSG-130800844,2016-12-10
2016,4,5.6,OLD AMERICAN COUNTY MUTUAL FIRE INSURANCE COMPANY,Closed,OAMF-130751320,2016-11-01
2016,4,5.7,LIBERTY COUNTY MUTUAL INSURANCE COMPANY,Closed,LBPM-130711397,2016-12-24
2016,4,5.7,UNITRIN COUNTY MUTUAL INSURANCE COMPANY,Closed,UTRN-130679073,2016-12-16
2016,4,5.8,AMERICAN ACCESS CASUALTY COMPANY,Closed,AACI-130694131,2016-11-09
2016,4,5.9,METROPOLITAN GENERAL INSURANCE COMPANY,Closed,METX-130734438,2016-11-29
2016,4,5.9,SAFE AUTO INSURANCE COMPANY,Closed,SAFE-130740317,2016-10-31
2016,4,5.9,WESTERN GENERAL AUTOMOBILE INSURANCE COMPANY,Closed,PERR-130796857,2016-12-01
2016,4,6.0,COLONIAL COUNTY MUTUAL INSURANCE COMPANY,Closed,NWPC-130768995,2016-10-15
2016,4,6.1,OLD AMERICAN COUNTY MUTUAL FIRE INSURANCE COMPANY,Closed,OAMF-130747163,2016-11-01
2016,4,6.2,OLD AMERICAN COUNTY MUTUAL FIRE INSURANCE COMPANY,Closed,OAMF-130785385,2016-10-30
2016,4,6.7,LYNDON SOUTHERN INSURANCE COMPANY,Closed,LFST-130715064,2016-10-25
2016,4,7.0,FARMERS GROUP PROPERTY AND CASUALTY INSURANCE COMPANY,Closed,METX-130734438,2016-11-29
2016,4,7.0,INFINITY COUNTY MUTUAL INSURANCE COMPANY,Closed,NFNT-130809079,2016-12-06
2016,4,7.0,OLD AMERICAN COUNTY MUTUAL FIRE INSURANCE COMPANY,Closed,OAMF-130713614,2016-10-01
2016,4,7.4,OLD AMERICAN COUNTY MUTUAL FIRE INSURANCE COMPANY,Closed,OAMF-130731690,2016-10-15
2016,4,7.5,HOME STATE COUNTY MUTUAL INSURANCE COMPANY,Closed,HMSG-130800600,2016-12-10
2016,4,7.7,STATE AUTO PROPERTY & CASUALTY INSURANCE COMPANY,Closed,STAT-130694450,2016-10-27
2016,4,7.9,ALLSTATE COUNTY MUTUAL INSURANCE COMPANY,Closed,ALSE-130734901,2016-11-10
2016,4,7.9,OLD AMERICAN COUNTY MUTUAL FIRE INSURANCE COMPANY,Closed,OAMF-130715555,2016-10-01
2016,4,8.0,CONSUMERS COUNTY MUTUAL INSURANCE COMPANY,Closed,TEXS-130801558,2016-12-16
2016,4,8.3,INCLINE CASUALTY COMPANY,Closed,AGWG-130702795,2016-11-01
2016,4,8.4,OLD AMERICAN COUNTY MUTUAL FIRE INSURANCE COMPANY,Closed,OAMF-130732508,2016-10-15
2016,4,9.2,HOME STATE COUNTY MUTUAL INSURANCE COMPANY,Closed,HMSG-130707711,2016-11-15
2016,4,9.4,HOME STATE COUNTY MUTUAL INSURANCE COMPANY,Closed,HMSG-130755587,2016-12-03
2016,4,9.5,COLONIAL COUNTY MUTUAL INSURANCE COMPANY,Closed,NWPC-130768997,2016-10-15
2016,4,9.5,FOREMOST COUNTY MUTUAL INSURANCE COMPANY,Closed,BRWS-130685935,2016-11-19
2016,4,9.6,OLD AMERICAN COUNTY MUTUAL FIRE INSURANCE COMPANY,Closed,OAMF-130731805,2016-10-15
2016,4,10.0,ANCHOR GENERAL INSURANCE COMPANY,Closed,AGIN-130714203,2016-12-01
2016,4,10.0,REDPOINT COUNTY MUTUAL INSURANCE COMPANY,Closed,SWCM-130764734,2016-11-01
2016,4,10.7,SAFEWAY INSURANCE COMPANY,Closed,PERR-130712336,2016-11-15
2016,4,11.4,LIBERTY COUNTY MUTUAL INSURANCE COMPANY,Closed,LBPM-130592037,2016-11-08
2016,4,12.0,HOME STATE COUNTY MUTUAL INSURANCE COMPANY,Closed,HMSG-130825748,2016-12-01
2016,4,13.1,OLD AMERICAN COUNTY MUTUAL FIRE INSURANCE COMPANY,Closed,OAMF-130800886,2016-12-15
2016,4,13.8,HOME STATE COUNTY MUTUAL INSURANCE COMPANY,Closed,HMSG-130724435,2016-11-15
2016,4,14.0,LIBERTY COUNTY MUTUAL INSURANCE COMPANY,Closed,LBPM-130698057,2016-12-13
2016,4,14.9,TRIUMPHE CASUALTY COMPANY,Closed,NTNL-130784156,2016-10-31
2016,4,15.0,NATIONAL INTERSTATE INSURANCE COMPANY,Closed,NTNL-130784156,2016-10-31
2016,4,16.8,HALLMARK COUNTY MUTUAL INSURANCE COMPANY,Closed,PHXN-130723460,2016-12-01
2016,4,20.4,ESURANCE PROPERTY AND CASUALTY INSURANCE COMPANY,Closed,ESUR-130728521,2016-11-10
2016,4,25.0,YOUNG AMERICA INSURANCE COMPANY,Closed,PERR-130820167,2016-12-28
2016,4,26.7,OLD AMERICAN COUNTY MUTUAL FIRE INSURANCE COMPANY,Closed,OAMF-130799786,2016-12-21
2017,1,-12.5,ASSURANCEAMERICA INSURANCE COMPANY,Closed,ASRN-130864155,2017-02-23
2017,1,-1.1,OLD AMERICAN COUNTY MUTUAL FIRE INSURANCE COMPANY,Closed,OAMF-130931477,2017-03-16
2017,1,-0.9,HOME STATE COUNTY MUTUAL INSURANCE COMPANY,Closed,HMSG-130804967,2017-01-05
2017,1,-0.8,ESURANCE INSURANCE COMPANY,Closed,ESUR-130739687,2017-01-05
2017,1,-0.3,AUTO CLUB COUNTY MUTUAL INSURANCE COMPANY,Closed,IACA-130784591,2017-02-01
2017,1,-0.3,TEXAS FARM BUREAU CASUALTY INSURANCE COMPANY,Closed,TXFB-130862663,2017-01-01
2017,1,0.0,ALINSCO INSURANCE COMPANY,Closed,AINS-130813756,2017-01-01
2017,1,0.0,AMERICAN ASSOCIATION OF INSURANCE SERVICES,Closed,AMAX-130882851,2017-01-17
2017,1,0.0,AMERICAN GUARANTEE AND LIABILITY INSURANCE COMPANY,Closed,ZURC-130843349,2017-01-01
2017,1,0.0,AMERICAN MILLENNIUM INSURANCE COMPANY,Closed,WESA-130442637,2017-01-10
2017,1,0.0,AMERICAN ZURICH INSURANCE COMPANY,Closed,ZURC-130843349,2017-01-01
2017,1,0.0,AUTO CLUB COUNTY MUTUAL INSURANCE COMPANY,Closed,IACA-130856520,2017-01-04
2017,1,0.0,AUTO CLUB INDEMNITY COMPANY,Closed,IACA-130856520,2017-01-04
2017,1,0.0,CLEAR BLUE INSURANCE COMPANY,Closed,PERR-130878688,2017-01-13
2017,1,0.0,CONSUMERS COUNTY MUTUAL INSURANCE COMPANY,Closed,TEXS-130897934,2017-03-10
2017,1,0.0,DAIRYLAND COUNTY MUTUAL INSURANCE COMPANY OF TEXAS,Closed,VKNG-130741671,2017-02-12
2017,1,0.0,DAIRYLAND COUNTY MUTUAL INSURANCE COMPANY OF TEXAS,Closed,VKNG-130787039,2017-03-12
2017,1,0.0,ECONOMY FIRE & CASUALTY COMPANY,Closed,METX-G130560337,2017-01-13
2017,1,0.0,ELEPHANT INSURANCE COMPANY,Closed,EINS-130778025,2017-01-17
2017,1,0.0,ELEPHANT INSURANCE COMPANY,Closed,EINS-130808408,2017-02-15
2017,1,0.0,ELEPHANT INSURANCE COMPANY,Closed,EINS-130884604,2017-03-19
2017,1,0.0,EMPIRE FIRE AND MARINE INSURANCE COMPANY,Closed,ZURC-130843349,2017-01-01
2017,1,0.0,ESSENTIA INSURANCE COMPANY,Closed,ESSN-130723942,2017-02-22
2017,1,0.0,FIDELITY AND DEPOSIT COMPANY OF MARYLAND,Closed,ZURC-130843349,2017-01-01
2017,1,0.0,FOREMOST COUNTY MUTUAL INSURANCE COMPANY,Closed,BRWS-130819631,2017-02-28
2017,1,0.0,GEICO TEXAS COUNTY MUTUAL INSURANCE COMPANY,Closed,TRGR-130887823,2017-03-12
2017,1,0.0,GEICO TEXAS COUNTY MUTUAL INSURANCE COMPANY,Closed,TRGR-130888047,2017-03-12
2017,1,0.0,GEICO TEXAS COUNTY MUTUAL INSURANCE COMPANY,Closed,TRGR-130888144,2017-03-12
2017,1,0.0,GERMANIA FIRE & CASUALTY COMPANY,Closed,GEIN-130764164,2017-01-19
2017,1,0.0,GERMANIA INSURANCE COMPANY,Closed,GEIN-130764164,2017-01-19
2017,1,0.0,GERMANIA SELECT INSURANCE COMPANY,Closed,GEIN-130764164,2017-01-19
2017,1,0.0,HOME STATE COUNTY MUTUAL INSURANCE COMPANY,Closed,HMSG-130892112,2017-01-25
2017,1,0.0,HOME STATE COUNTY MUTUAL INSURANCE COMPANY,Closed,HMSG-130892113,2017-01-25
2017,1,0.0,HOME STATE COUNTY MUTUAL INSURANCE COMPANY,Closed,HMSG-130919468,2017-02-17
2017,1,0.0,HOME STATE COUNTY MUTUAL INSURANCE COMPANY,Closed,HMSG-130919509,2017-02-17
2017,1,0.0,HOME STATE COUNTY MUTUAL INSURANCE COMPANY,Closed,HMSG-130945611,2017-03-15
2017,1,0.0,"INSURANCE SERVICES OFFICE, INC.",Closed,ISOF-130886428,2017-01-19
2017,1,0.0,"INSURANCE SERVICES OFFICE, INC.",Closed,ISOF-130903387,2017-02-03
2017,1,0.0,"INSURANCE SERVICES OFFICE, INC.",Closed,ISOF-130909349,2017-02-07
2017,1,0.0,"INSURANCE SERVICES OFFICE, INC.",Closed,ISOF-130969656,2017-03-23
2017,1,0.0,"INSURANCE SERVICES OFFICE, INC.",Closed,ISOF-130983104,2017-03-30
2017,1,0.0,INTERINSURANCE EXCHANGE OF THE AUTOMOBILE CLUB,Closed,IACA-130856520,2017-01-04
2017,1,0.0,LOYA INSURANCE COMPANY,Closed,PERR-130896505,2017-01-29
2017,1,0.0,LOYA INSURANCE COMPANY,Closed,PERR-130924513,2017-03-20
2017,1,0.0,NATIONAL UNITY INSURANCE COMPANY,Closed,NUIC-130804056,2017-01-15
2017,1,0.0,NATIONWIDE MUTUAL INSURANCE COMPANY,Closed,NWLC-130751963,2017-02-21
2017,1,0.0,NEW HAMPSHIRE INSURANCE COMPANY,Closed,AGDE-130484654,2017-01-01
2017,1,0.0,OLD AMERICAN COUNTY MUTUAL FIRE INSURANCE COMPANY,Closed,OAMF-130853414,2017-01-01
2017,1,0.0,OLD AMERICAN COUNTY MUTUAL FIRE INSURANCE COMPANY,Closed,OAMF-130853417,2017-01-01
2017,1,0.0,OLD AMERICAN COUNTY MUTUAL FIRE INSURANCE COMPANY,Closed,OAMF-130853442,2017-01-01
2017,1,0.0,REDPOINT COUNTY MUTUAL INSURANCE COMPANY,Closed,SWCM-130755459,2017-01-01
2017,1,0.0,REDPOINT COUNTY MUTUAL INSURANCE COMPANY,Closed,SWCM-130951552,2017-03-15
2017,1,0.0,"RIVERSTONE INTERNATIONAL INSURANCE, INC.",Closed,ELEC-130849012,2017-03-01
2017,1,0.0,STATE AUTO PROPERTY & CASUALTY INSURANCE COMPANY,Closed,STAT-130844246,2017-01-12
2017,1,0.0,STATE FARM COUNTY MUTUAL INSURANCE COMPANY OF TEXAS,Closed,SFMA-130744056,2017-01-01
2017,1,0.0,STATE FARM COUNTY MUTUAL INSURANCE COMPANY OF TEXAS,Closed,SFMA-130766346,2017-03-20
2017,1,0.0,STATE FARM FIRE AND CASUALTY COMPANY,Closed,SFMA-130744056,2017-01-01
2017,1,0.0,STATE FARM FIRE AND CASUALTY COMPANY,Closed,SFMA-130766346,2017-03-20
2017,1,0.0,STATE FARM MUTUAL AUTOMOBILE INSURANCE COMPANY,Closed,SFMA-130744056,2017-01-01
2017,1,0.0,STATE FARM MUTUAL AUTOMOBILE INSURANCE COMPANY,Closed,SFMA-130766346,2017-03-20
2017,1,0.0,UNIVERSAL UNDERWRITERS INSURANCE COMPANY,Closed,ZURC-130843349,2017-01-01
2017,1,0.0,UNIVERSAL UNDERWRITERS OF TEXAS INSURANCE COMPANY,Closed,ZURC-130843349,2017-01-01
2017,1,0.0,VISION INSURANCE COMPANY,Closed,PERR-130896510,2017-01-29
2017,1,0.0,ZURICH AMERICAN INSURANCE COMPANY,Closed,ZURC-130843349,2017-01-01
2017,1,0.0,ZURICH AMERICAN INSURANCE COMPANY OF ILLINOIS,Closed,ZURC-130843349,2017-01-01
2017,1,0.1,GEICO GENERAL INSURANCE COMPANY,Closed,GECC-130849656,2017-03-13
2017,1,0.3,GOVERNMENT EMPLOYEES INSURANCE COMPANY,Closed,GECC-130849656,2017-03-13
2017,1,0.4,GEICO ADVANTAGE INSURANCE COMPANY,Closed,GECC-130849656,2017-03-13
2017,1,0.4,GEICO CHOICE INSURANCE COMPANY,Closed,GECC-130849656,2017-03-13
2017,1,0.5,GEICO COUNTY MUTUAL INSURANCE COMPANY,Closed,GECC-130849656,2017-03-13
2017,1,0.5,GEICO SECURE INSURANCE COMPANY,Closed,GECC-130849656,2017-03-13
2017,1,0.6,GEICO INDEMNITY COMPANY,Closed,GECC-130849656,2017-03-13
2017,1,0.6,HOME STATE COUNTY MUTUAL INSURANCE COMPANY,Closed,HMSG-130803969,2017-02-17
2017,1,1.0,TEXAS FARM BUREAU MUTUAL INSURANCE COMPANY,Closed,TXFB-130861002,2017-01-01
2017,1,1.5,PROGRESSIVE COUNTY MUTUAL INSURANCE COMPANY,Closed,PRGS-130885977,2017-02-23
2017,1,1.6,UNITRIN DIRECT PROPERTY & CASUALTY COMPANY,Closed,UNTR-130803943,2017-03-05
2017,1,2.0,PROGRESSIVE COUNTY MUTUAL INSURANCE COMPANY,Closed,PRGS-130886019,2017-02-23
2017,1,2.0,REDPOINT COUNTY MUTUAL INSURANCE COMPANY,Closed,SWCM-131306197,2017-02-22
2017,1,2.2,LOYA INSURANCE COMPANY,Closed,PERR-130842882,2017-01-19
2017,1,2.6,HOME STATE COUNTY MUTUAL INSURANCE COMPANY,Closed,HMSG-130899917,2017-03-01
2017,1,2.7,OLD AMERICAN COUNTY MUTUAL FIRE INSURANCE COMPANY,Closed,OAMF-130914618,2017-02-15
2017,1,3.0,HOME STATE COUNTY MUTUAL INSURANCE COMPANY,Closed,HMSG-130818024,2017-01-01
2017,1,3.0,PRIVILEGE UNDERWRITERS RECIPROCAL EXCHANGE,Closed,PRIV-130742860,2017-02-01
2017,1,3.3,COLONIAL COUNTY MUTUAL INSURANCE COMPANY,Closed,NWSP-130773281,2017-02-21
2017,1,3.7,OLD AMERICAN COUNTY MUTUAL FIRE INSURANCE COMPANY,Closed,OAMF-130809952,2017-01-01
2017,1,3.9,ALLSTATE FIRE AND CASUALTY INSURANCE COMPANY,Closed,ALSE-130870821,2017-03-02
2017,1,4.0,AMERICAN FAMILY CONNECT PROPERTY AND CASUALTY INSURANCE COMPANY,Closed,PRCA-130842608,2017-03-05
2017,1,4.0,DAIRYLAND COUNTY MUTUAL INSURANCE COMPANY OF TEXAS,Closed,VKNG-130841474,2017-01-02
2017,1,4.1,REDPOINT COUNTY MUTUAL INSURANCE COMPANY,Closed,SWCM-130903404,2017-03-01
2017,1,4.2,HOME STATE COUNTY MUTUAL INSURANCE COMPANY,Closed,HMSG-130889099,2017-01-25
2017,1,4.3,"FOREMOST INSURANCE COMPANY GRAND RAPIDS, MICHIGAN",Closed,FORE-130731913,2017-03-15
2017,1,4.4,ENCOMPASS HOME AND AUTO INSURANCE COMPANY,Closed,ALSE-130886743,2017-03-09
2017,1,4.4,ENCOMPASS INDEMNITY COMPANY,Closed,ALSE-130887357,2017-03-09
2017,1,4.4,ENCOMPASS INSURANCE COMPANY OF AMERICA,Closed,ALSE-130886743,2017-03-09
2017,1,4.4,ENCOMPASS PROPERTY AND CASUALTY COMPANY,Closed,ALSE-130886743,2017-03-09
2017,1,4.4,HOME STATE COUNTY MUTUAL INSURANCE COMPANY,Closed,HMSG-130878413,2017-01-15
2017,1,4.6,HOME STATE COUNTY MUTUAL INSURANCE COMPANY,Closed,HMSG-130848465,2017-02-15
2017,1,4.8,CONCERT INSURANCE COMPANY,Closed,PERR-130870230,2017-01-15
2017,1,4.8,FARM BUREAU COUNTY MUTUAL INSURANCE COMPANY OF TEXAS,Closed,TXFB-130862962,2017-01-01
2017,1,4.8,OLD AMERICAN COUNTY MUTUAL FIRE INSURANCE COMPANY,Closed,OAMF-130887261,2017-02-01
2017,1,4.8,"WOODLANDS INSURANCE COMPANY, THE",Closed,PERR-130868519,2017-01-15
2017,1,4.9,MERCURY COUNTY MUTUAL INSURANCE COMPANY,Closed,MERY-130834095,2017-01-30
2017,1,4.9,REDPOINT COUNTY MUTUAL INSURANCE COMPANY,Closed,SWCM-130860425,2017-01-15
2017,1,5.0,ALINSCO INSURANCE COMPANY,Closed,AINS-130893424,2017-03-01
2017,1,5.0,CHUBB LLOYDS INSURANCE COMPANY OF TEXAS,Closed,CHUB-130570838,2017-01-23
2017,1,5.0,CONSUMERS COUNTY MUTUAL INSURANCE COMPANY,Closed,TEXS-130887057,2017-03-10
2017,1,5.0,FEDERAL INSURANCE COMPANY,Closed,CHUB-130570838,2017-01-23
2017,1,5.0,GREAT NORTHERN INSURANCE COMPANY,Closed,CHUB-130570838,2017-01-23
2017,1,5.0,TEXAS PACIFIC INDEMNITY COMPANY,Closed,CHUB-130570838,2017-01-23
2017,1,5.2,OLD AMERICAN COUNTY MUTUAL FIRE INSURANCE COMPANY,Closed,OAMF-130821412,2017-01-01
2017,1,5.4,OLD AMERICAN COUNTY MUTUAL FIRE INSURANCE COMPANY,Closed,OAMF-130961371,2017-03-15
2017,1,5.5,FEDNAT INSURANCE COMPANY,Closed,AMVE-130836859,2017-01-01
2017,1,5.5,OLD AMERICAN COUNTY MUTUAL FIRE INSURANCE COMPANY,Closed,OAMF-130827786,2017-01-01
2017,1,5.6,CHUBB NATIONAL INSURANCE COMPANY,Closed,CHUB-130570838,2017-01-23
2017,1,5.6,PACIFIC INDEMNITY COMPANY,Closed,CHUB-130570838,2017-01-23
2017,1,5.6,VIGILANT INSURANCE COMPANY,Closed,CHUB-130570838,2017-01-23
2017,1,5.9,GEICO SECURE INSURANCE COMPANY,Closed,GECC-130821300,2017-02-28
2017,1,5.9,HOME STATE COUNTY MUTUAL INSURANCE COMPANY,Closed,HMSG-130818166,2017-01-01
2017,1,6.0,GEICO CHOICE INSURANCE COMPANY,Closed,GECC-130821300,2017-02-28
2017,1,6.0,GEICO COUNTY MUTUAL INSURANCE COMPANY,Closed,GECC-130821300,2017-02-28
2017,1,6.0,GEICO TEXAS COUNTY MUTUAL INSURANCE COMPANY,Closed,TRGR-130816125,2017-02-01
2017,1,6.0,NATIONAL GENERAL ASSURANCE COMPANY,Closed,GMMX-130820784,2017-01-21
2017,1,6.0,OLD AMERICAN COUNTY MUTUAL FIRE INSURANCE COMPANY,Closed,OAMF-130854354,2017-01-01
2017,1,6.0,UNITRIN COUNTY MUTUAL INSURANCE COMPANY,Closed,UTRN-130838673,2017-02-08
2017,1,6.1,GEICO ADVANTAGE INSURANCE COMPANY,Closed,GECC-130821300,2017-02-28
2017,1,6.5,FALCON INSURANCE COMPANY,Closed,FIGC-130854666,2017-02-15
2017,1,6.6,OLD AMERICAN COUNTY MUTUAL FIRE INSURANCE COMPANY,Closed,OAMF-130854388,2017-02-01
2017,1,6.9,FARMERS TEXAS COUNTY MUTUAL INSURANCE COMPANY,Closed,FARM-130879914,2017-01-17
2017,1,7.0,CENTRAL INSURANCE COMPANY,Closed,CEMC-130819470,2017-03-01
2017,1,7.0,CLEAR BLUE INSURANCE COMPANY,Closed,PERR-130931153,2017-03-01
2017,1,7.0,FOREMOST COUNTY MUTUAL INSURANCE COMPANY,Closed,AGMK-130809274,2017-01-01
2017,1,7.0,VISION INSURANCE COMPANY,Closed,PERR-130889403,2017-02-27
2017,1,7.1,"AMERICAN FAMILY MUTUAL INSURANCE COMPANY, S.I.",Closed,AMFC-130753980,2017-02-01
2017,1,7.3,21ST CENTURY CENTENNIAL INSURANCE COMPANY,Closed,AGMK-130809115,2017-01-01
2017,1,7.4,OLD AMERICAN COUNTY MUTUAL FIRE INSURANCE COMPANY,Closed,OAMF-130898834,2017-03-01
2017,1,7.4,OLD AMERICAN COUNTY MUTUAL FIRE INSURANCE COMPANY,Closed,OAMF-130898896,2017-03-01
2017,1,8.0,AMICA MUTUAL INSURANCE COMPANY,Closed,AMMA-130693333,2017-02-01
2017,1,8.0,ELEPHANT INSURANCE COMPANY,Closed,EINS-130837840,2017-02-17
2017,1,8.0,OLD AMERICAN COUNTY MUTUAL FIRE INSURANCE COMPANY,Closed,OAMF-130902345,2017-03-03
2017,1,8.4,OLD AMERICAN COUNTY MUTUAL FIRE INSURANCE COMPANY,Closed,OAMF-130872485,2017-02-08
2017,1,9.0,HOME STATE COUNTY MUTUAL INSURANCE COMPANY,Closed,HMSG-130889013,2017-01-25
2017,1,9.1,OLD AMERICAN COUNTY MUTUAL FIRE INSURANCE COMPANY,Closed,OAMF-130910904,2017-03-15
2017,1,9.2,STILLWATER INSURANCE COMPANY,Closed,FDLY-130747850,2017-03-12
2017,1,9.5,NATIONAL UNITY INSURANCE COMPANY,Closed,NUIC-130905666,2017-03-15
2017,1,9.7,OLD AMERICAN COUNTY MUTUAL FIRE INSURANCE COMPANY,Closed,OAMF-130902240,2017-03-03
2017,1,9.7,VISION INSURANCE COMPANY,Closed,PERR-130912045,2017-03-15
2017,1,9.9,FARMERS TEXAS COUNTY MUTUAL INSURANCE COMPANY,Closed,FARM-130846668,2017-01-17
2017,1,9.9,PRIVILEGE UNDERWRITERS RECIPROCAL EXCHANGE,Closed,PRIV-130476294,2017-02-01
2017,1,10.1,LYNDON SOUTHERN INSURANCE COMPANY,Closed,LFST-130846127,2017-01-01
2017,1,10.2,HALLMARK COUNTY MUTUAL INSURANCE COMPANY,Closed,PHXN-130833132,2017-01-23
2017,1,10.3,ACCC INSURANCE COMPANY,Closed,ACCC-130805544,2017-01-15
2017,1,10.5,INTEGON INDEMNITY CORPORATION,Closed,GMMX-130755171,2017-02-18
2017,1,11.2,TRISURA INSURANCE COMPANY,Closed,AGMK-130809144,2017-01-01
2017,1,12.3,21ST CENTURY NORTH AMERICA INSURANCE COMPANY,Closed,AGMK-130809090,2017-01-01
2017,1,12.9,NATIONWIDE AGRIBUSINESS INSURANCE COMPANY,Closed,NWPC-130785996,2017-01-01
2017,1,13.6,OLD AMERICAN COUNTY MUTUAL FIRE INSURANCE COMPANY,Closed,OAMF-130842279,2017-01-15
2017,1,14.6,OLD AMERICAN COUNTY MUTUAL FIRE INSURANCE COMPANY,Closed,OAMF-130903391,2017-02-24
2017,1,14.9,ALLIED PROPERTY AND CASUALTY INSURANCE COMPANY,Closed,NWPC-130785870,2017-01-01
2017,1,15.0,GEICO TEXAS COUNTY MUTUAL INSURANCE COMPANY,Closed,TRGR-130833524,2017-02-04
2017,1,15.3,PROGRESSIVE COUNTY MUTUAL INSURANCE COMPANY,Closed,PRGS-130789953,2017-01-25
2017,1,15.4,"FOREMOST INSURANCE COMPANY GRAND RAPIDS, MICHIGAN",Closed,FORE-130734818,2017-03-15
2017,1,15.6,DEPOSITORS INSURANCE COMPANY,Closed,NWPC-130785870,2017-01-01
2017,1,16.5,COLONIAL COUNTY MUTUAL INSURANCE COMPANY,Closed,NTWP-130846231,2017-01-25
2017,1,19.9,"ACCIDENT INSURANCE COMPANY, INC.",Closed,WESA-130854738,2017-01-22
2017,1,20.1,COLONIAL COUNTY MUTUAL INSURANCE COMPANY,Closed,NTWP-130845181,2017-01-25
2017,1,27.4,HOME STATE COUNTY MUTUAL INSURANCE COMPANY,Closed,HMSG-130823954,2017-01-01
2017,2,-13.5,CLEAR BLUE INSURANCE COMPANY,Closed,PERR-130985944,2017-04-15
2017,2,-0.3,GEICO COUNTY MUTUAL INSURANCE COMPANY,Closed,GECC-130891954,2017-05-08
2017,2,-0.1,"MGA INSURANCE COMPANY, INC.",Closed,GNSC-130967151,2017-05-08
2017,2,-0.1,OLD AMERICAN COUNTY MUTUAL FIRE INSURANCE COMPANY,Closed,OAMF-131025377,2017-06-02
2017,2,0.0,ALLSTATE COUNTY MUTUAL INSURANCE COMPANY,Closed,ALSE-130989294,2017-05-25
2017,2,0.0,ALLSTATE FIRE AND CASUALTY INSURANCE COMPANY,Closed,ALSE-130956304,2017-05-04
2017,2,0.0,ALLSTATE FIRE AND CASUALTY INSURANCE COMPANY,Closed,ALSE-130973587,2017-04-07
2017,2,0.0,ALLSTATE FIRE AND CASUALTY INSURANCE COMPANY,Closed,ALSE-130989294,2017-05-25
2017,2,0.0,ALLSTATE PROPERTY AND CASUALTY INSURANCE COMPANY,Closed,ALSE-130989294,2017-05-25
2017,2,0.0,AMICA PROPERTY AND CASUALTY INSURANCE COMPANY,Closed,AMMA-130717120,2017-04-01
2017,2,0.0,"AUTOMOBILE INSURANCE COMPANY OF HARTFORD, CONNECTICUT, THE",Closed,TRVA-131023152,2017-06-15
2017,2,0.0,BERKSHIRE HATHAWAY SPECIALTY INSURANCE COMPANY,Closed,PERR-131021960,2017-05-10
2017,2,0.0,BRISTOL WEST SPECIALTY INSURANCE COMPANY,Closed,BRWS-131057093,2017-06-30
2017,2,0.0,ELEPHANT INSURANCE COMPANY,Closed,EINS-130908365,2017-04-23
2017,2,0.0,ELEPHANT INSURANCE COMPANY,Closed,EINS-130977024,2017-06-11
2017,2,0.0,FARMERS PROPERTY AND CASUALTY INSURANCE COMPANY,Closed,METX-130971789,2017-05-30
2017,2,0.0,HOME STATE COUNTY MUTUAL INSURANCE COMPANY,Closed,HMSG-130721078,2017-06-15
2017,2,0.0,HOME STATE COUNTY MUTUAL INSURANCE COMPANY,Closed,HMSG-130850152,2017-05-01
2017,2,0.0,HOME STATE COUNTY MUTUAL INSURANCE COMPANY,Closed,HMSG-130850218,2017-05-01
2017,2,0.0,HOME STATE COUNTY MUTUAL INSURANCE COMPANY,Closed,HMSG-130968336,2017-04-18
2017,2,0.0,HOME STATE COUNTY MUTUAL INSURANCE COMPANY,Closed,HMSG-130970596,2017-04-18
2017,2,0.0,INCLINE CASUALTY COMPANY,Closed,AGWG-130965114,2017-04-01
2017,2,0.0,"INSURANCE SERVICES OFFICE, INC.",Closed,ISOF-131027206,2017-05-04
2017,2,0.0,KNIGHTBROOK INSURANCE COMPANY,Closed,AGGI-130946537,2017-04-15
2017,2,0.0,LIBERTY COUNTY MUTUAL INSURANCE COMPANY,Closed,LBPM-130904699,2017-05-24
2017,2,0.0,LYNDON SOUTHERN INSURANCE COMPANY,Closed,LFST-131020606,2017-05-01
2017,2,0.0,"MGA INSURANCE COMPANY, INC.",Closed,GNSC-130933526,2017-04-10
2017,2,0.0,OLD AMERICAN COUNTY MUTUAL FIRE INSURANCE COMPANY,Closed,OAMF-130945527,2017-04-18
2017,2,0.0,OLD AMERICAN COUNTY MUTUAL FIRE INSURANCE COMPANY,Closed,OAMF-130945566,2017-04-18
2017,2,-0.0,OLD AMERICAN COUNTY MUTUAL FIRE INSURANCE COMPANY,Closed,OAMF-131003113,2017-05-01
2017,2,0.0,OLD AMERICAN COUNTY MUTUAL FIRE INSURANCE COMPANY,Closed,OAMF-131005498,2017-05-01
2017,2,0.0,REDPOINT COUNTY MUTUAL INSURANCE COMPANY,Closed,SWCM-130902401,2017-06-16
2017,2,0.9,GEICO ADVANTAGE INSURANCE COMPANY,Closed,GECC-130891954,2017-05-08
2017,2,0.9,GEICO CHOICE INSURANCE COMPANY,Closed,GECC-130891954,2017-05-08
2017,2,1.1,GEICO SECURE INSURANCE COMPANY,Closed,GECC-130891954,2017-05-08
2017,2,2.7,REDPOINT COUNTY MUTUAL INSURANCE COMPANY,Closed,SWCM-130968253,2017-04-15
2017,2,3.0,ELEPHANT INSURANCE COMPANY,Closed,EINS-130887006,2017-04-05
2017,2,3.0,HORACE MANN PROPERTY & CASUALTY INSURANCE COMPANY,Closed,HRMN-130873550,2017-05-01
2017,2,3.0,"MGA INSURANCE COMPANY, INC.",Closed,GNSC-130987817,2017-05-22
2017,2,3.5,GARRISON PROPERTY AND CASUALTY INSURANCE COMPANY,Closed,USAA-130873614,2017-05-21
2017,2,3.6,NATIONAL GENERAL INSURANCE COMPANY,Closed,GMMX-130924097,2017-04-01
2017,2,4.5,FARMERS CASUALTY INSURANCE COMPANY,Closed,METX-130971789,2017-05-30
2017,2,4.6,GERMANIA FIRE & CASUALTY COMPANY,Closed,GEIN-130971626,2017-05-01
2017,2,4.6,GERMANIA INSURANCE COMPANY,Closed,GEIN-130971626,2017-05-01
2017,2,4.6,GERMANIA SELECT INSURANCE COMPANY,Closed,GEIN-130971626,2017-05-01
2017,2,4.7,OLD AMERICAN COUNTY MUTUAL FIRE INSURANCE COMPANY,Closed,OAMF-131078030,2017-06-15
2017,2,4.9,HOME STATE COUNTY MUTUAL INSURANCE COMPANY,Closed,HMSG-130993267,2017-05-01
2017,2,5.0,TRINITY UNIVERSAL INSURANCE COMPANY,Closed,KEMP-131022311,2017-06-28
2017,2,5.1,HOME STATE COUNTY MUTUAL INSURANCE COMPANY,Closed,HMSG-130980525,2017-05-15
2017,2,5.4,HOME STATE COUNTY MUTUAL INSURANCE COMPANY,Closed,HMSG-130978767,2017-06-01
2017,2,5.4,OLD AMERICAN COUNTY MUTUAL FIRE INSURANCE COMPANY,Closed,OAMF-130953378,2017-04-15
2017,2,5.5,AMERICAN ACCESS CASUALTY COMPANY,Closed,AACI-130930094,2017-06-05
2017,2,5.5,TEACHERS INSURANCE COMPANY,Closed,HRMN-130873528,2017-05-01
2017,2,5.7,OLD AMERICAN COUNTY MUTUAL FIRE INSURANCE COMPANY,Closed,OAMF-131034678,2017-06-15
2017,2,5.9,LIBERTY COUNTY MUTUAL INSURANCE COMPANY,Closed,LBPM-130800966,2017-05-24
2017,2,6.0,OLD AMERICAN COUNTY MUTUAL FIRE INSURANCE COMPANY,Closed,OAMF-130998825,2017-05-18
2017,2,6.1,"RIVERSTONE INTERNATIONAL INSURANCE, INC.",Closed,ELEC-130978127,2017-06-18
2017,2,6.2,USAA CASUALTY INSURANCE COMPANY,Closed,USAA-130873614,2017-05-21
2017,2,6.2,USAA GENERAL INDEMNITY COMPANY,Closed,USAA-130873614,2017-05-21
2017,2,6.4,"CINCINNATI INSURANCE COMPANY, THE",Closed,CNNB-130594820,2017-04-01
2017,2,6.5,HOME STATE COUNTY MUTUAL INSURANCE COMPANY,Closed,HMSG-130937729,2017-04-01
2017,2,6.9,ALINSCO INSURANCE COMPANY,Closed,AINS-130999203,2017-05-15
2017,2,6.9,UNITED SERVICES AUTOMOBILE ASSOCIATION,Closed,USAA-130873614,2017-05-21
2017,2,7.0,METROPOLITAN GENERAL INSURANCE COMPANY,Closed,METX-130971789,2017-05-30
2017,2,7.1,OLD AMERICAN COUNTY MUTUAL FIRE INSURANCE COMPANY,Closed,OAMF-130997699,2017-05-18
2017,2,7.5,FARMERS DIRECT PROPERTY AND CASUALTY INSURANCE COMPANY,Closed,METX-130971789,2017-05-30
2017,2,7.6,REDPOINT COUNTY MUTUAL INSURANCE COMPANY,Closed,SWCM-131012126,2017-04-25
2017,2,7.8,UNITED FIRE & CASUALTY COMPANY,Closed,UNFG-130789940,2017-04-01
2017,2,7.8,UNITED FIRE & INDEMNITY COMPANY,Closed,UNFG-130789940,2017-04-01
2017,2,8.0,ECONOMY FIRE & CASUALTY COMPANY,Closed,METX-130908831,2017-04-16
2017,2,8.0,FARMERS GROUP PROPERTY AND CASUALTY INSURANCE COMPANY,Closed,METX-130971789,2017-05-30
2017,2,8.0,OLD AMERICAN COUNTY MUTUAL FIRE INSURANCE COMPANY,Closed,OAMF-130962357,2017-04-15
2017,2,8.0,UNITRIN COUNTY MUTUAL INSURANCE COMPANY,Closed,UNTR-130880182,2017-04-16
2017,2,8.2,COLONIAL COUNTY MUTUAL INSURANCE COMPANY,Closed,NWPC-130886894,2017-04-15
2017,2,8.2,HOME STATE COUNTY MUTUAL INSURANCE COMPANY,Closed,HMSG-130968393,2017-06-01
2017,2,8.3,HOME STATE COUNTY MUTUAL INSURANCE COMPANY,Closed,HMSG-130963491,2017-05-18
2017,2,8.7,HOME STATE COUNTY MUTUAL INSURANCE COMPANY,Closed,HMSG-130999980,2017-05-21
2017,2,9.0,HOME STATE COUNTY MUTUAL INSURANCE COMPANY,Closed,HMSG-130961639,2017-05-01
2017,2,9.1,WESTERN GENERAL AUTOMOBILE INSURANCE COMPANY,Closed,PERR-130945830,2017-04-01
2017,2,9.2,GEICO INDEMNITY COMPANY,Closed,GECC-130878478,2017-04-21
2017,2,9.4,GOVERNMENT EMPLOYEES INSURANCE COMPANY,Closed,GECC-130878478,2017-04-21
2017,2,9.6,HOME STATE COUNTY MUTUAL INSURANCE COMPANY,Closed,HMSG-130928125,2017-04-01
2017,2,9.6,HOME STATE COUNTY MUTUAL INSURANCE COMPANY,Closed,HMSG-130962448,2017-05-18
2017,2,9.6,STATE FARM FIRE AND CASUALTY COMPANY,Closed,SFMA-130960659,2017-05-15
2017,2,9.6,STATE FARM MUTUAL AUTOMOBILE INSURANCE COMPANY,Closed,SFMA-130960659,2017-05-15
2017,2,9.9,FALCON INSURANCE COMPANY,Closed,FIGC-130990218,2017-06-24
2017,2,10.0,REDPOINT COUNTY MUTUAL INSURANCE COMPANY,Closed,SWCM-131056492,2017-06-01
2017,2,10.2,HOME STATE COUNTY MUTUAL INSURANCE COMPANY,Closed,HMSG-130978837,2017-06-15
2017,2,10.7,FARMERS LLOYDS INSURANCE COMPANY OF TEXAS,Closed,METX-130896031,2017-04-01
2017,2,10.7,PERMANENT GENERAL ASSURANCE CORPORATION OF OHIO,Closed,PGAC-130998421,2017-06-05
2017,2,10.8,VISION INSURANCE COMPANY,Closed,PERR-130972081,2017-04-27
2017,2,11.0,"GENERAL AUTOMOBILE INSURANCE COMPANY, INC., THE",Closed,PGAC-130998421,2017-06-05
2017,2,11.7,HOME STATE COUNTY MUTUAL INSURANCE COMPANY,Closed,HMSG-130961353,2017-05-01
2017,2,12.0,LIBERTY COUNTY MUTUAL INSURANCE COMPANY,Closed,LBPM-130889198,2017-04-18
2017,2,12.1,HORACE MANN INSURANCE COMPANY,Closed,HRMN-130873533,2017-05-01
2017,2,12.2,HOME STATE COUNTY MUTUAL INSURANCE COMPANY,Closed,HMSG-130933247,2017-04-22
2017,2,12.3,AMERICAN NATIONAL COUNTY MUTUAL INSURANCE COMPANY,Closed,ANPC-130835521,2017-04-13
2017,2,12.3,HOME STATE COUNTY MUTUAL INSURANCE COMPANY,Closed,HMSG-130991201,2017-05-17
2017,2,12.4,OLD AMERICAN COUNTY MUTUAL FIRE INSURANCE COMPANY,Closed,OAMF-130957233,2017-04-15
2017,2,12.5,HOME STATE COUNTY MUTUAL INSURANCE COMPANY,Closed,HMSG-131005291,2017-05-19
2017,2,12.5,UNITRIN DIRECT INSURANCE COMPANY,Closed,UNTR-130886576,2017-04-30
2017,2,12.9,OLD AMERICAN COUNTY MUTUAL FIRE INSURANCE COMPANY,Closed,OAMF-130980447,2017-04-15
2017,2,13.0,COLONIAL COUNTY MUTUAL INSURANCE COMPANY,Closed,NWPC-130886840,2017-04-15
2017,2,13.0,COLONIAL COUNTY MUTUAL INSURANCE COMPANY,Closed,NWPC-130886908,2017-04-15
2017,2,14.7,STATE FARM COUNTY MUTUAL INSURANCE COMPANY OF TEXAS,Closed,SFMA-130960659,2017-05-15
2017,2,15.5,HALLMARK COUNTY MUTUAL INSURANCE COMPANY,Closed,PHXN-130919016,2017-04-03
2017,2,17.5,STATE AUTO PROPERTY & CASUALTY INSURANCE COMPANY,Closed,STAT-130797729,2017-04-27
2017,2,18.8,GEICO CHOICE INSURANCE COMPANY,Closed,GECC-130878478,2017-04-21
2017,2,19.1,GEICO COUNTY MUTUAL INSURANCE COMPANY,Closed,GECC-130878478,2017-04-21
2017,2,19.5,GEICO ADVANTAGE INSURANCE COMPANY,Closed,GECC-130878478,2017-04-21
2017,2,20.1,GEICO SECURE INSURANCE COMPANY,Closed,GECC-130878478,2017-04-21
2017,3,-3.7,FOREMOST COUNTY MUTUAL INSURANCE COMPANY,Closed,BRWS-131065788,2017-07-27
2017,3,-0.4,AMERICAN MODERN PROPERTY AND CASUALTY INSURANCE COMPANY,Closed,AMMH-130474295,2017-07-01
2017,3,-0.3,GEICO COUNTY MUTUAL INSURANCE COMPANY,Closed,GECC-131004015,2017-09-19
2017,3,-0.2,OLD AMERICAN COUNTY MUTUAL FIRE INSURANCE COMPANY,Closed,OAMF-131181633,2017-09-27
2017,3,-0.1,ELEPHANT INSURANCE COMPANY,Closed,EINS-130947600,2017-07-29
2017,3,-0.1,HOME STATE COUNTY MUTUAL INSURANCE COMPANY,Closed,HMSG-131108896,2017-09-02
2017,3,-0.1,STATE FARM MUTUAL AUTOMOBILE INSURANCE COMPANY,Closed,SFMA-131113072,2017-09-18
2017,3,0.0,AGRICULTURAL WORKERS MUTUAL AUTO INSURANCE COMPANY,Closed,PERR-131144834,2017-08-11
2017,3,0.0,AGRICULTURAL WORKERS MUTUAL AUTO INSURANCE COMPANY,Closed,PERR-131145015,2017-08-11
2017,3,0.0,ALLSTATE COUNTY MUTUAL INSURANCE COMPANY,Closed,ALSE-131135412,2017-09-28
2017,3,0.0,ALLSTATE COUNTY MUTUAL INSURANCE COMPANY,Closed,ALSE-131135476,2017-09-28
2017,3,0.0,ALLSTATE FIRE AND CASUALTY INSURANCE COMPANY,Closed,ALSE-131064531,2017-07-27
2017,3,0.0,ALLSTATE FIRE AND CASUALTY INSURANCE COMPANY,Closed,ALSE-131135495,2017-08-28
2017,3,0.0,ALLSTATE INDEMNITY COMPANY,Closed,ALSE-131135316,2017-09-28
2017,3,0.0,ALLSTATE INSURANCE COMPANY,Closed,ALSE-131135316,2017-09-28
2017,3,0.0,ALLSTATE PROPERTY AND CASUALTY INSURANCE COMPANY,Closed,ALSE-131135316,2017-09-28
2017,3,0.0,AMERICAN ALTERNATIVE INSURANCE CORPORATION,Closed,AMLX-G131203419,2017-09-25
2017,3,0.0,AMERICAN MODERN PROPERTY AND CASUALTY INSURANCE COMPANY,Closed,AMMH-130875562,2017-09-01
2017,3,0.0,AXA INSURANCE COMPANY,Closed,PERR-131007281,2017-08-01
2017,3,0.0,"CINCINNATI INSURANCE COMPANY, THE",Closed,CNNB-130994068,2017-09-01
2017,3,0.0,CONSUMERS COUNTY MUTUAL INSURANCE COMPANY,Closed,TEXS-131059191,2017-08-20
2017,3,0.0,CONSUMERS COUNTY MUTUAL INSURANCE COMPANY,Closed,TEXS-131156696,2017-09-22
2017,3,0.0,ECONOMY FIRE & CASUALTY COMPANY,Closed,METX-131041858,2017-08-29
2017,3,0.0,ELEPHANT INSURANCE COMPANY,Closed,EINS-130931007,2017-07-30
2017,3,0.0,ELEPHANT INSURANCE COMPANY,Closed,EINS-131044208,2017-08-05
2017,3,0.0,ENCOMPASS INDEMNITY COMPANY,Closed,ALSE-131149063,2017-09-28
2017,3,-0.0,ESSENTIA INSURANCE COMPANY,Closed,ESSN-131031844,2017-09-15
2017,3,0.0,ESURANCE INSURANCE COMPANY,Closed,ESUR-131140114,2017-08-23
2017,3,0.0,ESURANCE PROPERTY AND CASUALTY INSURANCE COMPANY,Closed,ESUR-131108754,2017-08-11
2017,3,0.0,FARMERS TEXAS COUNTY MUTUAL INSURANCE COMPANY,Closed,FARM-131119090,2017-08-01
2017,3,0.0,FARMERS TEXAS COUNTY MUTUAL INSURANCE COMPANY,Closed,FARM-131132350,2017-08-18
2017,3,0.0,FARMERS TEXAS COUNTY MUTUAL INSURANCE COMPANY,Closed,FARM-131201498,2017-09-18
2017,3,0.0,"FOREMOST INSURANCE COMPANY GRAND RAPIDS, MICHIGAN",Closed,FORE-130923025,2017-07-01
2017,3,0.0,GEICO TEXAS COUNTY MUTUAL INSURANCE COMPANY,Closed,TRGR-130885432,2017-08-27
2017,3,0.0,GEICO TEXAS COUNTY MUTUAL INSURANCE COMPANY,Closed,TRGR-130887406,2017-08-27
2017,3,0.0,GEICO TEXAS COUNTY MUTUAL INSURANCE COMPANY,Closed,TRGR-130900236,2017-08-27
2017,3,0.0,GEICO TEXAS COUNTY MUTUAL INSURANCE COMPANY,Closed,TRGR-131039117,2017-07-09
2017,3,0.0,GEICO TEXAS COUNTY MUTUAL INSURANCE COMPANY,Closed,TRGR-131065961,2017-07-01
2017,3,0.0,HOME STATE COUNTY MUTUAL INSURANCE COMPANY,Closed,HMSG-131065048,2017-09-15
2017,3,0.0,HOME STATE COUNTY MUTUAL INSURANCE COMPANY,Closed,HMSG-131096944,2017-07-30
2017,3,0.0,HOME STATE COUNTY MUTUAL INSURANCE COMPANY,Closed,HMSG-131142005,2017-08-23
2017,3,0.0,INFINITY COUNTY MUTUAL INSURANCE COMPANY,Closed,NFNT-131127332,2017-07-24
2017,3,0.0,INFINITY COUNTY MUTUAL INSURANCE COMPANY,Closed,NFNT-131146552,2017-07-24
2017,3,0.0,"INSURANCE SERVICES OFFICE, INC.",Closed,ISOF-131109641,2017-07-12
2017,3,0.0,"INSURANCE SERVICES OFFICE, INC.",Closed,ISOF-131124454,2017-07-19
2017,3,0.0,"INSURANCE SERVICES OFFICE, INC.",Closed,ISOF-131145115,2017-08-04
2017,3,0.0,"INSURANCE SERVICES OFFICE, INC.",Closed,ISOF-131164748,2017-08-22
2017,3,0.0,MERCURY COUNTY MUTUAL INSURANCE COMPANY,Closed,MERY-130753571,2017-08-10
2017,3,0.0,MIDVALE INDEMNITY COMPANY,Closed,AMFC-130918188,2017-09-29
2017,3,0.0,MIDVALE INDEMNITY COMPANY,Closed,AMFC-130918190,2017-09-29
2017,3,0.0,OLD AMERICAN COUNTY MUTUAL FIRE INSURANCE COMPANY,Closed,OAMF-131149698,2017-09-01
2017,3,0.0,OLD AMERICAN COUNTY MUTUAL FIRE INSURANCE COMPANY,Closed,OAMF-131154373,2017-07-27
2017,3,0.0,OLD AMERICAN COUNTY MUTUAL FIRE INSURANCE COMPANY,Closed,OAMF-131155230,2017-09-01
2017,3,0.0,PACIFIC INDEMNITY COMPANY,Closed,ACEH-131046960,2017-09-30
2017,3,0.0,REDPOINT COUNTY MUTUAL INSURANCE COMPANY,Closed,SWCM-131024405,2017-07-15
2017,3,0.0,REDPOINT COUNTY MUTUAL INSURANCE COMPANY,Closed,SWCM-131027392,2017-07-01
2017,3,0.0,REDPOINT COUNTY MUTUAL INSURANCE COMPANY,Closed,SWCM-131050066,2017-07-01
2017,3,0.0,REDPOINT COUNTY MUTUAL INSURANCE COMPANY,Closed,SWCM-131128468,2017-08-15
2017,3,0.0,SAFE AUTO INSURANCE COMPANY,Closed,SAFE-131135696,2017-09-30
2017,3,0.0,STATE FARM COUNTY MUTUAL INSURANCE COMPANY OF TEXAS,Closed,SFMA-130946298,2017-07-01
2017,3,0.0,STATE FARM COUNTY MUTUAL INSURANCE COMPANY OF TEXAS,Closed,SFMA-131056788,2017-07-05
2017,3,0.0,STATE FARM COUNTY MUTUAL INSURANCE COMPANY OF TEXAS,Closed,SFMA-131113072,2017-09-18
2017,3,0.0,STATE FARM FIRE AND CASUALTY COMPANY,Closed,SFMA-130946298,2017-07-01
2017,3,0.0,STATE FARM FIRE AND CASUALTY COMPANY,Closed,SFMA-131056788,2017-07-05
2017,3,0.0,STATE FARM FIRE AND CASUALTY COMPANY,Closed,SFMA-131113072,2017-09-18
2017,3,0.0,STATE FARM MUTUAL AUTOMOBILE INSURANCE COMPANY,Closed,SFMA-130946298,2017-07-01
2017,3,0.0,STATE FARM MUTUAL AUTOMOBILE INSURANCE COMPANY,Closed,SFMA-131056788,2017-07-05
2017,3,0.0,TEXAS FARM BUREAU UNDERWRITERS,Closed,TXFB-130860760,2017-07-01
2017,3,0.9,GEICO ADVANTAGE INSURANCE COMPANY,Closed,GECC-131004015,2017-09-19
2017,3,0.9,GEICO CHOICE INSURANCE COMPANY,Closed,GECC-131004015,2017-09-19
2017,3,0.9,MERCURY COUNTY MUTUAL INSURANCE COMPANY,Closed,MERY-130983261,2017-09-14
2017,3,0.9,PROGRESSIVE COUNTY MUTUAL INSURANCE COMPANY,Closed,PRGS-131072980,2017-07-13
2017,3,1.1,GEICO SECURE INSURANCE COMPANY,Closed,GECC-131004015,2017-09-19
2017,3,1.3,AMERICAN MODERN PROPERTY AND CASUALTY INSURANCE COMPANY,Closed,AMMH-130481972,2017-07-01
2017,3,1.4,HOME STATE COUNTY MUTUAL INSURANCE COMPANY,Closed,HMSG-131047791,2017-07-15
2017,3,1.8,CONCERT INSURANCE COMPANY,Closed,PERR-131177453,2017-09-05
2017,3,1.9,HOME STATE COUNTY MUTUAL INSURANCE COMPANY,Closed,HMSG-131103597,2017-08-15
2017,3,1.9,PROGRESSIVE COUNTY MUTUAL INSURANCE COMPANY,Closed,PRGS-131072982,2017-07-13
2017,3,1.9,"WOODLANDS INSURANCE COMPANY, THE",Closed,PERR-131178248,2017-09-05
2017,3,2.0,ELEPHANT INSURANCE COMPANY,Closed,EINS-131088292,2017-08-26
2017,3,2.0,NATIONAL UNITY INSURANCE COMPANY,Closed,NUIC-131151126,2017-09-05
2017,3,2.0,REDPOINT COUNTY MUTUAL INSURANCE COMPANY,Closed,SWCM-131152773,2017-09-05
2017,3,2.4,LYNDON SOUTHERN INSURANCE COMPANY,Closed,LFST-131093337,2017-07-01
2017,3,2.4,SAFE AUTO INSURANCE COMPANY,Closed,SAFE-130952923,2017-07-23
2017,3,2.5,HOME STATE COUNTY MUTUAL INSURANCE COMPANY,Closed,HMSG-130984856,2017-09-14
2017,3,2.6,ESURANCE INSURANCE COMPANY,Closed,ESUR-130974133,2017-09-14
2017,3,2.7,HOME STATE COUNTY MUTUAL INSURANCE COMPANY,Closed,HMSG-131148715,2017-09-30
2017,3,2.9,COLONIAL COUNTY MUTUAL INSURANCE COMPANY,Closed,NWSP-131066884,2017-09-26
2017,3,2.9,INFINITY COUNTY MUTUAL INSURANCE COMPANY,Closed,NFNT-131092000,2017-07-25
2017,3,3.4,GOVERNMENT EMPLOYEES INSURANCE COMPANY,Closed,GECC-130985713,2017-07-07
2017,3,3.6,INFINITY COUNTY MUTUAL INSURANCE COMPANY,Closed,NFNT-131095997,2017-07-25
2017,3,3.7,INFINITY COUNTY MUTUAL INSURANCE COMPANY,Closed,NFNT-131091636,2017-07-25
2017,3,3.7,OLD AMERICAN COUNTY MUTUAL FIRE INSURANCE COMPANY,Closed,OAMF-131096709,2017-07-01
2017,3,3.8,HOME STATE COUNTY MUTUAL INSURANCE COMPANY,Closed,HMSG-131138774,2017-09-04
2017,3,3.8,SAFE AUTO INSURANCE COMPANY,Closed,SAFE-131139909,2017-09-12
2017,3,4.0,CALIFORNIA CASUALTY INDEMNITY EXCHANGE,Closed,CALC-130989243,2017-09-01
2017,3,4.0,HOME STATE COUNTY MUTUAL INSURANCE COMPANY,Closed,HMSG-131126784,2017-09-16
2017,3,4.5,FARMERS TEXAS COUNTY MUTUAL INSURANCE COMPANY,Closed,FARM-131118916,2017-07-18
2017,3,4.5,HOME STATE COUNTY MUTUAL INSURANCE COMPANY,Closed,HMSG-131056540,2017-07-15
2017,3,5.0,GEICO INDEMNITY COMPANY,Closed,GECC-130985713,2017-07-07
2017,3,5.2,DIRECT GENERAL INSURANCE COMPANY,Closed,GMMX-131069283,2017-07-08
2017,3,5.8,FARMERS TEXAS COUNTY MUTUAL INSURANCE COMPANY,Closed,FARM-131081925,2017-07-18
2017,3,6.0,INFINITY COUNTY MUTUAL INSURANCE COMPANY,Closed,NFNT-131096048,2017-07-25
2017,3,6.1,FARMERS LLOYDS INSURANCE COMPANY OF TEXAS,Closed,METX-131133068,2017-09-30
2017,3,6.1,GEICO TEXAS COUNTY MUTUAL INSURANCE COMPANY,Closed,TRGR-131086281,2017-08-01
2017,3,6.1,OLD AMERICAN COUNTY MUTUAL FIRE INSURANCE COMPANY,Closed,OAMF-131121047,2017-08-21
2017,3,6.1,UNITRIN COUNTY MUTUAL INSURANCE COMPANY,Closed,UTRN-131089870,2017-08-28
2017,3,6.3,ANCHOR GENERAL INSURANCE COMPANY,Closed,AGIN-130859204,2017-08-05
2017,3,7.2,OLD AMERICAN COUNTY MUTUAL FIRE INSURANCE COMPANY,Closed,OAMF-131146981,2017-09-15
2017,3,7.3,OLD AMERICAN COUNTY MUTUAL FIRE INSURANCE COMPANY,Closed,OAMF-131117444,2017-08-15
2017,3,7.3,OLD AMERICAN COUNTY MUTUAL FIRE INSURANCE COMPANY,Closed,OAMF-131124487,2017-08-15
2017,3,7.6,HOME STATE COUNTY MUTUAL INSURANCE COMPANY,Closed,HMSG-131056585,2017-07-15
2017,3,7.6,HOME STATE COUNTY MUTUAL INSURANCE COMPANY,Closed,HMSG-131119177,2017-08-21
2017,3,7.6,HOME STATE COUNTY MUTUAL INSURANCE COMPANY,Closed,HMSG-131125898,2017-08-21
2017,3,7.7,OLD AMERICAN COUNTY MUTUAL FIRE INSURANCE COMPANY,Closed,OAMF-131076514,2017-07-15
2017,3,7.7,TREXIS ONE INSURANCE CORPORATION,Closed,VSGP-131122158,2017-08-25
2017,3,8.0,CONSUMERS COUNTY MUTUAL INSURANCE COMPANY,Closed,TEXS-131156569,2017-09-22
2017,3,8.8,HOME STATE COUNTY MUTUAL INSURANCE COMPANY,Closed,HMSG-131119247,2017-08-21
2017,3,8.8,HOME STATE COUNTY MUTUAL INSURANCE COMPANY,Closed,HMSG-131125756,2017-08-21
2017,3,8.9,ACCC INSURANCE COMPANY,Closed,ACCC-131030295,2017-07-15
2017,3,9.2,OLD AMERICAN COUNTY MUTUAL FIRE INSURANCE COMPANY,Closed,OAMF-131121055,2017-08-21
2017,3,9.4,GEICO TEXAS COUNTY MUTUAL INSURANCE COMPANY,Closed,TRGR-131033596,2017-08-01
2017,3,9.5,GEICO SECURE INSURANCE COMPANY,Closed,GECC-130985713,2017-07-07
2017,3,9.6,DAIRYLAND COUNTY MUTUAL INSURANCE COMPANY OF TEXAS,Closed,VKNG-131097878,2017-09-01
2017,3,9.7,GEICO CHOICE INSURANCE COMPANY,Closed,GECC-130985713,2017-07-07
2017,3,9.7,HALLMARK COUNTY MUTUAL INSURANCE COMPANY,Closed,PHXN-131074193,2017-07-31
2017,3,10.0,GEICO COUNTY MUTUAL INSURANCE COMPANY,Closed,GECC-130985713,2017-07-07
2017,3,10.1,GEICO ADVANTAGE INSURANCE COMPANY,Closed,GECC-130985713,2017-07-07
2017,3,10.3,PROGRESSIVE COUNTY MUTUAL INSURANCE COMPANY,Closed,PRGS-131043856,2017-08-02
2017,3,10.9,GEICO TEXAS COUNTY MUTUAL INSURANCE COMPANY,Closed,TRGR-131042596,2017-07-09
2017,3,11.6,COLONIAL COUNTY MUTUAL INSURANCE COMPANY,Closed,NWSP-131081532,2017-08-29
2017,3,12.5,GEICO TEXAS COUNTY MUTUAL INSURANCE COMPANY,Closed,TRGR-131044335,2017-07-09
2017,3,12.5,GEICO TEXAS COUNTY MUTUAL INSURANCE COMPANY,Closed,TRGR-131045946,2017-07-09
2017,3,12.9,SAFECO INSURANCE COMPANY OF ILLINOIS,Closed,LBPM-130991512,2017-07-03
2017,3,13.1,SAFECO INSURANCE COMPANY OF AMERICA,Closed,LBPM-130991512,2017-07-03
2017,3,13.1,SAFECO LLOYDS INSURANCE COMPANY,Closed,LBPM-130991512,2017-07-03
2017,3,13.3,GENERAL INSURANCE COMPANY OF AMERICA,Closed,LBPM-130991512,2017-07-03
2017,3,13.5,CLEAR BLUE INSURANCE COMPANY,Closed,PERR-131117311,2017-08-15
2017,3,15.1,REDPOINT COUNTY MUTUAL INSURANCE COMPANY,Closed,SWCM-131057570,2017-08-08
2017,3,17.3,OLD AMERICAN COUNTY MUTUAL FIRE INSURANCE COMPANY,Closed,OAMF-131173009,2017-09-29
2017,3,17.3,REDPOINT COUNTY MUTUAL INSURANCE COMPANY,Closed,SWCM-131128009,2017-08-25
2017,3,55.9,DAIRYLAND COUNTY MUTUAL INSURANCE COMPANY OF TEXAS,Closed,VKNG-131109949,2017-09-29
2017,4,-5.2,LOYA INSURANCE COMPANY,Closed,PERR-131254669,2017-12-06
2017,4,-2.0,DAIRYLAND COUNTY MUTUAL INSURANCE COMPANY OF TEXAS,Closed,VKNG-131235295,2017-12-18
2017,4,-1.9,HOME STATE COUNTY MUTUAL INSURANCE COMPANY,Closed,HMSG-131233556,2017-11-20
2017,4,-1.5,ELEPHANT INSURANCE COMPANY,Closed,EINS-131217580,2017-12-05
2017,4,-1.5,ELEPHANT INSURANCE COMPANY,Closed,EINS-131219642,2017-11-05
2017,4,-1.3,REDPOINT COUNTY MUTUAL INSURANCE COMPANY,Closed,SWCM-131219595,2017-11-05
2017,4,-0.6,"MGA INSURANCE COMPANY, INC.",Closed,GNSC-131224775,2017-12-27
2017,4,0.0,21ST CENTURY CENTENNIAL INSURANCE COMPANY,Closed,AGMK-131291478,2017-12-18
2017,4,0.0,21ST CENTURY NORTH AMERICA INSURANCE COMPANY,Closed,AGMK-131291708,2017-12-18
2017,4,0.0,AMICA PROPERTY AND CASUALTY INSURANCE COMPANY,Closed,AMMA-131059786,2017-11-01
2017,4,0.0,AUTO CLUB COUNTY MUTUAL INSURANCE COMPANY,Closed,IACA-131124712,2017-11-01
2017,4,0.0,AUTO CLUB COUNTY MUTUAL INSURANCE COMPANY,Closed,IACA-131125554,2017-11-01
2017,4,0.0,BANKERS STANDARD INSURANCE COMPANY,Closed,ACEH-131100138,2017-10-01
2017,4,0.0,BRISTOL WEST SPECIALTY INSURANCE COMPANY,Closed,BRWS-131240051,2017-12-30
2017,4,0.0,CONCERT INSURANCE COMPANY,Closed,PERR-131221076,2017-11-20
2017,4,0.0,DAIRYLAND COUNTY MUTUAL INSURANCE COMPANY OF TEXAS,Closed,VKNG-131081563,2017-10-01
2017,4,0.0,ELEPHANT INSURANCE COMPANY,Closed,EINS-131193150,2017-11-16
2017,4,0.0,ELEPHANT INSURANCE COMPANY,Closed,EINS-131230239,2017-12-28
2017,4,0.0,ENCOMPASS INDEMNITY COMPANY,Closed,ALSE-131227044,2017-11-30
2017,4,0.0,FOREMOST COUNTY MUTUAL INSURANCE COMPANY,Closed,AGMK-131303285,2017-12-18
2017,4,0.0,GEICO ADVANTAGE INSURANCE COMPANY,Closed,GECC-131151577,2017-12-04
2017,4,0.0,GEICO CHOICE INSURANCE COMPANY,Closed,GECC-131151577,2017-12-04
2017,4,0.0,GEICO COUNTY MUTUAL INSURANCE COMPANY,Closed,GECC-131151577,2017-12-04
2017,4,0.0,GEICO GENERAL INSURANCE COMPANY,Closed,GECC-131151577,2017-12-04
2017,4,0.0,GEICO INDEMNITY COMPANY,Closed,GECC-131151577,2017-12-04
2017,4,0.0,GEICO SECURE INSURANCE COMPANY,Closed,GECC-131151577,2017-12-04
2017,4,0.0,GEICO TEXAS COUNTY MUTUAL INSURANCE COMPANY,Closed,TRGR-131300455,2017-12-21
2017,4,0.0,GERMANIA FIRE & CASUALTY COMPANY,Closed,GEIN-131314541,2017-12-22
2017,4,0.0,GERMANIA INSURANCE COMPANY,Closed,GEIN-131314541,2017-12-22
2017,4,0.0,GERMANIA SELECT INSURANCE COMPANY,Closed,GEIN-131314541,2017-12-22
2017,4,0.0,GOVERNMENT EMPLOYEES INSURANCE COMPANY,Closed,GECC-131151577,2017-12-04
2017,4,0.0,HOME STATE COUNTY MUTUAL INSURANCE COMPANY,Closed,HMSG-131158296,2017-12-08
2017,4,0.0,HOME STATE COUNTY MUTUAL INSURANCE COMPANY,Closed,HMSG-131199789,2017-11-02
2017,4,0.0,HOME STATE COUNTY MUTUAL INSURANCE COMPANY,Closed,HMSG-131248592,2017-10-30
2017,4,0.0,HOME STATE COUNTY MUTUAL INSURANCE COMPANY,Closed,HMSG-131278862,2017-11-22
2017,4,0.0,HOME STATE COUNTY MUTUAL INSURANCE COMPANY,Closed,HMSG-131315618,2017-12-22
2017,4,0.0,HOUSTON GENERAL INSURANCE EXCHANGE,Closed,MRTN-130734981,2017-11-06
2017,4,0.0,INTEGON INDEMNITY CORPORATION,Closed,GMMX-131197864,2017-11-18
2017,4,0.0,KNIGHTBROOK INSURANCE COMPANY,Closed,KBIC-131209802,2017-10-31
2017,4,0.0,NATIONAL GENERAL ASSURANCE COMPANY,Closed,GMMX-131199071,2017-11-18
2017,4,0.0,NATIONAL GENERAL INSURANCE COMPANY,Closed,GMMX-131198809,2017-11-18
2017,4,0.0,QUALITAS INSURANCE COMPANY,Closed,PERR-131178596,2017-11-10
2017,4,0.0,REDPOINT COUNTY MUTUAL INSURANCE COMPANY,Closed,SWCM-131149740,2017-10-15
2017,4,0.0,REDPOINT COUNTY MUTUAL INSURANCE COMPANY,Closed,SWCM-131193848,2017-11-16
2017,4,0.0,REDPOINT COUNTY MUTUAL INSURANCE COMPANY,Closed,SWCM-131230349,2017-12-28
2017,4,0.0,REDPOINT COUNTY MUTUAL INSURANCE COMPANY,Closed,SWCM-131264768,2017-11-10
2017,4,0.0,ROOT INSURANCE COMPANY,Closed,CLIN-131217345,2017-10-31
2017,4,0.0,TRISURA INSURANCE COMPANY,Closed,AGMK-131303218,2017-12-18
2017,4,0.0,UNITRIN COUNTY MUTUAL INSURANCE COMPANY,Closed,UTRN-131113247,2017-10-20
2017,4,0.0,UNITRIN COUNTY MUTUAL INSURANCE COMPANY,Closed,UTRN-131232236,2017-11-18
2017,4,0.0,WINDHAVEN NATIONAL INSURANCE COMPANY,Closed,WDHV-131184556,2017-10-08
2017,4,0.0,"WOODLANDS INSURANCE COMPANY, THE",Closed,PERR-131205247,2017-11-20
2017,4,0.1,HOME STATE COUNTY MUTUAL INSURANCE COMPANY,Closed,HMSG-131165819,2017-10-01
2017,4,0.5,HOME STATE COUNTY MUTUAL INSURANCE COMPANY,Closed,HMSG-131217515,2017-11-20
2017,4,0.9,OLD AMERICAN COUNTY MUTUAL FIRE INSURANCE COMPANY,Closed,OAMF-131206168,2017-11-01
2017,4,1.0,USAA GENERAL INDEMNITY COMPANY,Closed,USAA-131092082,2017-11-21
2017,4,1.3,REDPOINT COUNTY MUTUAL INSURANCE COMPANY,Closed,SWCM-131166112,2017-10-24
2017,4,1.4,HOME STATE COUNTY MUTUAL INSURANCE COMPANY,Closed,HMSG-131199447,2017-11-15
2017,4,1.6,ELEPHANT INSURANCE COMPANY,Closed,EINS-131160194,2017-10-24
2017,4,1.9,PROGRESSIVE COUNTY MUTUAL INSURANCE COMPANY,Closed,PRGS-131220211,2017-11-09
2017,4,1.9,PROGRESSIVE COUNTY MUTUAL INSURANCE COMPANY,Closed,PRGS-131220280,2017-11-09
2017,4,2.0,HOME STATE COUNTY MUTUAL INSURANCE COMPANY,Closed,HMSG-131158650,2017-12-03
2017,4,2.1,"MGA INSURANCE COMPANY, INC.",Closed,GNSC-131165859,2017-10-09
2017,4,2.9,INCLINE CASUALTY COMPANY,Closed,AGWG-131199047,2017-11-01
2017,4,3.0,CONSUMERS COUNTY MUTUAL INSURANCE COMPANY,Closed,TEXS-131226148,2017-12-01
2017,4,3.1,INFINITY COUNTY MUTUAL INSURANCE COMPANY,Closed,NFNT-131256444,2017-12-05
2017,4,3.5,LIBERTY COUNTY MUTUAL INSURANCE COMPANY,Closed,LBPM-131163966,2017-12-26
2017,4,3.5,OLD AMERICAN COUNTY MUTUAL FIRE INSURANCE COMPANY,Closed,OAMF-131207937,2017-11-01
2017,4,3.6,ALLSTATE PROPERTY AND CASUALTY INSURANCE COMPANY,Closed,ALSE-131145474,2017-12-28
2017,4,3.6,OLD AMERICAN COUNTY MUTUAL FIRE INSURANCE COMPANY,Closed,OAMF-131211060,2017-11-01
2017,4,3.7,HOME STATE COUNTY MUTUAL INSURANCE COMPANY,Closed,HMSG-131195825,2017-11-01
2017,4,3.7,HOME STATE COUNTY MUTUAL INSURANCE COMPANY,Closed,HMSG-131195920,2017-11-01
2017,4,4.0,INFINITY COUNTY MUTUAL INSURANCE COMPANY,Closed,NFNT-131256346,2017-12-05
2017,4,4.2,HORACE MANN PROPERTY & CASUALTY INSURANCE COMPANY,Closed,HRMN-131173125,2017-11-16
2017,4,4.3,OLD AMERICAN COUNTY MUTUAL FIRE INSURANCE COMPANY,Closed,OAMF-131183003,2017-10-08
2017,4,4.3,OLD AMERICAN COUNTY MUTUAL FIRE INSURANCE COMPANY,Closed,OAMF-131183226,2017-10-08
2017,4,4.6,ALINSCO INSURANCE COMPANY,Closed,AINS-131255957,2017-12-15
2017,4,4.6,GARRISON PROPERTY AND CASUALTY INSURANCE COMPANY,Closed,USAA-131092082,2017-11-21
2017,4,5.0,PRIVILEGE UNDERWRITERS RECIPROCAL EXCHANGE,Closed,PRIV-131072540,2017-12-20
2017,4,5.3,WESTERN GENERAL AUTOMOBILE INSURANCE COMPANY,Closed,WGIA-131151772,2017-10-01
2017,4,5.5,OLD AMERICAN COUNTY MUTUAL FIRE INSURANCE COMPANY,Closed,OAMF-131178029,2017-10-01
2017,4,5.6,USAA CASUALTY INSURANCE COMPANY,Closed,USAA-131092082,2017-11-21
2017,4,5.7,HOME STATE COUNTY MUTUAL INSURANCE COMPANY,Closed,HMSG-131186894,2017-10-15
2017,4,5.7,OLD AMERICAN COUNTY MUTUAL FIRE INSURANCE COMPANY,Closed,OAMF-131178004,2017-10-01
2017,4,5.9,AMERICAN FAMILY CONNECT PROPERTY AND CASUALTY INSURANCE COMPANY,Closed,PRCA-131176992,2017-12-31
2017,4,5.9,HOME STATE COUNTY MUTUAL INSURANCE COMPANY,Closed,HMSG-131194718,2017-11-01
2017,4,6.0,FALCON INSURANCE COMPANY,Closed,FIGC-131216611,2017-11-25
2017,4,6.0,OLD AMERICAN COUNTY MUTUAL FIRE INSURANCE COMPANY,Closed,OAMF-131177944,2017-10-01
2017,4,6.1,"FOREMOST INSURANCE COMPANY GRAND RAPIDS, MICHIGAN",Closed,FORE-131129391,2017-12-15
2017,4,6.1,TEACHERS INSURANCE COMPANY,Closed,HRMN-131173152,2017-11-16
2017,4,6.3,HALLMARK COUNTY MUTUAL INSURANCE COMPANY,Closed,PHXN-131088203,2017-10-01
2017,4,6.7,HORACE MANN INSURANCE COMPANY,Closed,HRMN-131173129,2017-11-16
2017,4,6.8,OLD AMERICAN COUNTY MUTUAL FIRE INSURANCE COMPANY,Closed,OAMF-131193335,2017-10-15
2017,4,7.1,"GENERAL AUTOMOBILE INSURANCE COMPANY, INC., THE",Closed,PGAC-131229057,2017-12-18
2017,4,7.1,SAFE AUTO INSURANCE COMPANY,Closed,SAFE-131263244,2017-12-22
2017,4,7.4,STILLWATER INSURANCE COMPANY,Closed,FDLY-131163638,2017-11-12
2017,4,7.7,UNITED SERVICES AUTOMOBILE ASSOCIATION,Closed,USAA-131092082,2017-11-21
2017,4,7.9,OLD AMERICAN COUNTY MUTUAL FIRE INSURANCE COMPANY,Closed,OAMF-131210769,2017-11-01
2017,4,8.1,OLD AMERICAN COUNTY MUTUAL FIRE INSURANCE COMPANY,Closed,OAMF-131210066,2017-11-01
2017,4,8.2,"AMERICAN FAMILY MUTUAL INSURANCE COMPANY, S.I.",Closed,AMFC-131192463,2017-10-01
2017,4,8.2,MIDVALE INDEMNITY COMPANY,Closed,AMFC-130971990,2017-10-01
2017,4,8.3,HOME STATE COUNTY MUTUAL INSURANCE COMPANY,Closed,HMSG-131198218,2017-11-01
2017,4,8.5,AMERICAN ACCESS CASUALTY COMPANY,Closed,AACI-131200822,2017-12-04
2017,4,9.0,ASSURANCEAMERICA INSURANCE COMPANY,Closed,ASRN-131162006,2017-11-01
2017,4,11.2,AUTO CLUB COUNTY MUTUAL INSURANCE COMPANY,Closed,IACA-131124736,2017-10-01
2017,4,11.9,SAFEWAY INSURANCE COMPANY,Closed,PERR-131099906,2017-11-01
2017,4,12.0,LIBERTY COUNTY MUTUAL INSURANCE COMPANY,Closed,LBPM-131164443,2017-12-13
2017,4,12.1,REDPOINT COUNTY MUTUAL INSURANCE COMPANY,Closed,SWCM-131219296,2017-11-07
2017,4,12.5,DIRECT GENERAL INSURANCE COMPANY,Closed,GMMX-131234599,2017-10-18
2017,4,12.7,AMICA MUTUAL INSURANCE COMPANY,Closed,AMMA-131021786,2017-11-01
2017,4,14.4,CRESTBROOK INSURANCE COMPANY,Closed,SCTT-131175426,2017-11-15
2017,4,15.2,LIBERTY COUNTY MUTUAL INSURANCE COMPANY,Closed,LBPM-131052862,2017-11-08
2017,4,30.3,LIBERTY COUNTY MUTUAL INSURANCE COMPANY,Closed,LBPM-131172909,2017-12-30
2018,1,-5.0,HALLMARK COUNTY MUTUAL INSURANCE COMPANY,Closed,PHXN-131341004,2018-03-05
2018,1,-4.7,FALCON INSURANCE COMPANY,Closed,FIGC-131327016,2018-02-17
2018,1,-2.7,ELEPHANT INSURANCE COMPANY,Closed,EINS-131257089,2018-01-07
2018,1,-1.8,STATE FARM MUTUAL AUTOMOBILE INSURANCE COMPANY,Closed,SFMA-131299502,2018-01-29
2018,1,-0.5,REDPOINT COUNTY MUTUAL INSURANCE COMPANY,Closed,SWCM-131199690,2018-01-23
2018,1,-0.4,WINDHAVEN NATIONAL INSURANCE COMPANY,Closed,WDHV-131361782,2018-03-02
2018,1,-0.2,"MGA INSURANCE COMPANY, INC.",Closed,GNSC-131363978,2018-03-26
2018,1,0.0,ACCC INSURANCE COMPANY,Closed,ACCC-131276361,2018-01-01
2018,1,0.0,AMERICAN MODERN PROPERTY AND CASUALTY INSURANCE COMPANY,Closed,AMMH-131167229,2018-03-15
2018,1,0.0,AMERICAN MODERN PROPERTY AND CASUALTY INSURANCE COMPANY,Closed,AMMH-131172471,2018-03-15
2018,1,0.0,AMERICAN NATIONAL COUNTY MUTUAL INSURANCE COMPANY,Closed,ANPC-131149659,2018-01-01
2018,1,0.0,AMICA MUTUAL INSURANCE COMPANY,Closed,AMMA-131238884,2018-02-01
2018,1,0.0,AMICA MUTUAL INSURANCE COMPANY,Closed,AMMA-131309193,2018-01-01
2018,1,0.0,AMICA PROPERTY AND CASUALTY INSURANCE COMPANY,Closed,AMMA-131238865,2018-02-01
2018,1,0.0,AMICA PROPERTY AND CASUALTY INSURANCE COMPANY,Closed,AMMA-131309269,2018-01-01
2018,1,0.0,ASSURANCEAMERICA INSURANCE COMPANY,Closed,ASRN-131381631,2018-02-16
2018,1,0.0,ASSURANCEAMERICA INSURANCE COMPANY,Closed,ASRN-131384096,2018-02-20
2018,1,0.0,AUTO CLUB COUNTY MUTUAL INSURANCE COMPANY,Closed,IACA-131315729,2018-01-01
2018,1,0.0,COLONIAL COUNTY MUTUAL INSURANCE COMPANY,Closed,NWPC-131012525,2018-01-17
2018,1,0.0,CONSUMERS COUNTY MUTUAL INSURANCE COMPANY,Closed,TEXS-131412930,2018-03-01
2018,1,0.0,ELEPHANT INSURANCE COMPANY,Closed,EINS-131178126,2018-03-02
2018,1,0.0,ENCOMPASS INDEMNITY COMPANY,Closed,ALSE-131336702,2018-03-09
2018,1,0.0,ESURANCE INSURANCE COMPANY,Closed,ESUR-131346745,2018-02-21
2018,1,0.0,FALCON INSURANCE COMPANY,Closed,FIGC-131290201,2018-01-12
2018,1,0.0,FARMERS TEXAS COUNTY MUTUAL INSURANCE COMPANY,Closed,FARM-131373875,2018-02-12
2018,1,0.0,FARMERS TEXAS COUNTY MUTUAL INSURANCE COMPANY,Closed,FARM-131375035,2018-02-12
2018,1,0.0,FARMERS TEXAS COUNTY MUTUAL INSURANCE COMPANY,Closed,FARM-131425066,2018-03-20
2018,1,0.0,FARMERS TEXAS COUNTY MUTUAL INSURANCE COMPANY,Closed,FARM-131425140,2018-03-30
2018,1,0.0,FOREMOST COUNTY MUTUAL INSURANCE COMPANY,Closed,BRWS-131313338,2018-01-01
2018,1,0.0,GARRISON PROPERTY AND CASUALTY INSURANCE COMPANY,Closed,USAA-131363028,2018-02-07
2018,1,0.0,GENERAL INSURANCE COMPANY OF AMERICA,Closed,LBPM-131420650,2018-03-14
2018,1,0.0,GENERAL INSURANCE COMPANY OF AMERICA,Closed,LBPM-131420700,2018-03-14
2018,1,0.0,GERMANIA FIRE & CASUALTY COMPANY,Closed,GEIN-131295589,2018-01-25
2018,1,0.0,GERMANIA FIRE & CASUALTY COMPANY,Closed,GEIN-131334965,2018-01-15
2018,1,0.0,GERMANIA INSURANCE COMPANY,Closed,GEIN-131295589,2018-01-25
2018,1,0.0,GERMANIA INSURANCE COMPANY,Closed,GEIN-131334965,2018-01-15
2018,1,0.0,GERMANIA SELECT INSURANCE COMPANY,Closed,GEIN-131295589,2018-01-25
2018,1,0.0,GERMANIA SELECT INSURANCE COMPANY,Closed,GEIN-131334965,2018-01-15
2018,1,0.0,HOCHHEIM PRAIRIE CASUALTY INSURANCE COMPANY,Closed,HOCH-131226126,2018-01-01
2018,1,0.0,HOME STATE COUNTY MUTUAL INSURANCE COMPANY,Closed,HMSG-131188083,2018-02-05
2018,1,0.0,HOME STATE COUNTY MUTUAL INSURANCE COMPANY,Closed,HMSG-131320196,2018-02-19
2018,1,0.0,HOME STATE COUNTY MUTUAL INSURANCE COMPANY,Closed,HMSG-131335334,2018-01-15
2018,1,0.0,HOME STATE COUNTY MUTUAL INSURANCE COMPANY,Closed,HMSG-131373491,2018-02-21
2018,1,0.0,INTEGON INDEMNITY CORPORATION,Closed,GMMX-131361115,2018-03-20
2018,1,0.0,LIBERTY COUNTY MUTUAL INSURANCE COMPANY,Closed,LBPM-131191800,2018-03-30
2018,1,0.0,LIBERTY COUNTY MUTUAL INSURANCE COMPANY,Closed,LBPM-131230865,2018-03-31
2018,1,-0.0,LIBERTY COUNTY MUTUAL INSURANCE COMPANY,Closed,LBPM-131264778,2018-03-03
2018,1,0.0,LIBERTY COUNTY MUTUAL INSURANCE COMPANY,Closed,LBPM-131267507,2018-03-30
2018,1,0.0,LIBERTY COUNTY MUTUAL INSURANCE COMPANY,Closed,LBPM-131309043,2018-03-03
2018,1,0.0,LIBERTY COUNTY MUTUAL INSURANCE COMPANY,Closed,LBPM-131408251,2018-03-14
2018,1,0.0,LIBERTY COUNTY MUTUAL INSURANCE COMPANY,Closed,LBPM-131418819,2018-03-14
2018,1,0.0,MERCURY COUNTY MUTUAL INSURANCE COMPANY,Closed,MERY-131276477,2018-01-15
2018,1,0.0,MIDVALE INDEMNITY COMPANY,Closed,HMSS-131161243,2018-01-01
2018,1,0.0,OLD AMERICAN COUNTY MUTUAL FIRE INSURANCE COMPANY,Closed,OAMF-131284042,2018-01-01
2018,1,0.0,OLD AMERICAN COUNTY MUTUAL FIRE INSURANCE COMPANY,Closed,OAMF-131302151,2018-01-14
2018,1,0.0,OLD AMERICAN COUNTY MUTUAL FIRE INSURANCE COMPANY,Closed,OAMF-131302170,2018-01-14
2018,1,0.0,OLD AMERICAN COUNTY MUTUAL FIRE INSURANCE COMPANY,Closed,OAMF-131339013,2018-02-20
2018,1,0.0,OLD AMERICAN COUNTY MUTUAL FIRE INSURANCE COMPANY,Closed,OAMF-131357071,2018-03-02
2018,1,0.0,OLD AMERICAN COUNTY MUTUAL FIRE INSURANCE COMPANY,Closed,OAMF-131364968,2018-03-05
2018,1,0.0,OLD AMERICAN COUNTY MUTUAL FIRE INSURANCE COMPANY,Closed,OAMF-131364974,2018-03-05
2018,1,0.0,OLD AMERICAN COUNTY MUTUAL FIRE INSURANCE COMPANY,Closed,OAMF-131368896,2018-02-09
2018,1,0.0,REDPOINT COUNTY MUTUAL INSURANCE COMPANY,Closed,SWCM-131195996,2018-03-30
2018,1,0.0,REDPOINT COUNTY MUTUAL INSURANCE COMPANY,Closed,SWCM-131256943,2018-02-01
2018,1,0.0,REDPOINT COUNTY MUTUAL INSURANCE COMPANY,Closed,SWCM-131307144,2018-01-01
2018,1,0.0,REDPOINT COUNTY MUTUAL INSURANCE COMPANY,Closed,SWCM-131321354,2018-01-01
2018,1,0.0,REDPOINT COUNTY MUTUAL INSURANCE COMPANY,Closed,SWCM-131394891,2018-02-26
2018,1,0.0,REDPOINT COUNTY MUTUAL INSURANCE COMPANY,Closed,SWCM-131421324,2018-03-14
2018,1,0.0,SAFECO INSURANCE COMPANY OF AMERICA,Closed,LBPM-131420650,2018-03-14
2018,1,0.0,SAFECO INSURANCE COMPANY OF AMERICA,Closed,LBPM-131420700,2018-03-14
2018,1,0.0,SAFECO INSURANCE COMPANY OF ILLINOIS,Closed,LBPM-131420650,2018-03-14
2018,1,0.0,SAFECO INSURANCE COMPANY OF ILLINOIS,Closed,LBPM-131420700,2018-03-14
2018,1,0.0,SAFECO LLOYDS INSURANCE COMPANY,Closed,LBPM-131420650,2018-03-14
2018,1,0.0,SAFECO LLOYDS INSURANCE COMPANY,Closed,LBPM-131420700,2018-03-14
2018,1,0.0,STATE FARM COUNTY MUTUAL INSURANCE COMPANY OF TEXAS,Closed,SFMA-131175419,2018-01-01
2018,1,0.0,STATE FARM COUNTY MUTUAL INSURANCE COMPANY OF TEXAS,Closed,SFMA-131323005,2018-01-11
2018,1,0.0,STATE FARM FIRE AND CASUALTY COMPANY,Closed,SFMA-131175419,2018-01-01
2018,1,0.0,STATE FARM FIRE AND CASUALTY COMPANY,Closed,SFMA-131323005,2018-01-11
2018,1,0.0,STATE FARM MUTUAL AUTOMOBILE INSURANCE COMPANY,Closed,SFMA-131175419,2018-01-01
2018,1,0.0,STATE FARM MUTUAL AUTOMOBILE INSURANCE COMPANY,Closed,SFMA-131323005,2018-01-11
2018,1,0.0,STILLWATER INSURANCE COMPANY,Closed,FDLY-131392594,2018-03-25
2018,1,0.0,UNITED SERVICES AUTOMOBILE ASSOCIATION,Closed,USAA-131363028,2018-02-07
2018,1,0.0,USAA CASUALTY INSURANCE COMPANY,Closed,USAA-131363028,2018-02-07
2018,1,0.0,USAA GENERAL INDEMNITY COMPANY,Closed,USAA-131363028,2018-02-07
2018,1,0.0,WINDHAVEN NATIONAL INSURANCE COMPANY,Closed,WDHV-131305559,2018-01-14
2018,1,0.2,"TRAVELERS INDEMNITY COMPANY OF AMERICA, THE",Closed,TRVA-131292434,2018-03-01
2018,1,0.2,"TRAVELERS INDEMNITY COMPANY, THE",Closed,TRVA-131292434,2018-03-01
2018,1,0.3,"AUTOMOBILE INSURANCE COMPANY OF HARTFORD, CONNECTICUT, THE",Closed,TRVA-131292434,2018-03-01
2018,1,0.3,"CHARTER OAK FIRE INSURANCE COMPANY, THE",Closed,TRVA-131292434,2018-03-01
2018,1,0.3,"PHOENIX INSURANCE COMPANY, THE",Closed,TRVA-131292434,2018-03-01
2018,1,0.3,"TRAVELERS INDEMNITY COMPANY OF CONNECTICUT, THE",Closed,TRVA-131292434,2018-03-01
2018,1,0.5,DAIRYLAND COUNTY MUTUAL INSURANCE COMPANY OF TEXAS,Closed,VKNG-131300063,2018-01-01
2018,1,0.5,TRAVELERS PERSONAL SECURITY INSURANCE COMPANY,Closed,TRVA-131292434,2018-03-01
2018,1,0.7,GEICO INDEMNITY COMPANY,Closed,GECC-131271875,2018-03-05
2018,1,1.0,UNITRIN DIRECT PROPERTY & CASUALTY COMPANY,Closed,UNTR-131283529,2018-03-04
2018,1,1.3,HOME STATE COUNTY MUTUAL INSURANCE COMPANY,Closed,HMSG-131318039,2018-02-01
2018,1,1.7,TEXAS FARM BUREAU CASUALTY INSURANCE COMPANY,Closed,TXFB-131319913,2018-01-01
2018,1,1.8,FOREMOST COUNTY MUTUAL INSURANCE COMPANY,Closed,BRWS-131388350,2018-03-28
2018,1,1.8,TEXAS FARM BUREAU UNDERWRITERS,Closed,TXFB-131320003,2018-01-01
2018,1,2.4,FARMERS TEXAS COUNTY MUTUAL INSURANCE COMPANY,Closed,FARM-131336786,2018-01-18
2018,1,2.7,FARMERS TEXAS COUNTY MUTUAL INSURANCE COMPANY,Closed,FARM-131305496,2018-01-18
2018,1,2.7,HOME STATE COUNTY MUTUAL INSURANCE COMPANY,Closed,HMSG-131317777,2018-02-01
2018,1,3.0,GOVERNMENT EMPLOYEES INSURANCE COMPANY,Closed,GECC-131193747,2018-01-07
2018,1,3.0,HOME STATE COUNTY MUTUAL INSURANCE COMPANY,Closed,HMSG-131296669,2018-01-15
2018,1,3.1,HOME STATE COUNTY MUTUAL INSURANCE COMPANY,Closed,HMSG-131339566,2018-02-16
2018,1,3.1,HOME STATE COUNTY MUTUAL INSURANCE COMPANY,Closed,HMSG-131350199,2018-03-01
2018,1,3.3,DEPOSITORS INSURANCE COMPANY,Closed,NWPC-131251948,2018-01-17
2018,1,3.5,DEPOSITORS INSURANCE COMPANY,Closed,NWPC-130908041,2018-01-17
2018,1,3.5,GEICO INDEMNITY COMPANY,Closed,GECC-131193747,2018-01-07
2018,1,3.8,HOME STATE COUNTY MUTUAL INSURANCE COMPANY,Closed,HMSG-131297783,2018-01-15
2018,1,3.9,OLD AMERICAN COUNTY MUTUAL FIRE INSURANCE COMPANY,Closed,OAMF-131326258,2018-02-08
2018,1,3.9,TEXAS FARM BUREAU MUTUAL INSURANCE COMPANY,Closed,TXFB-131319792,2018-01-01
2018,1,4.1,OLD AMERICAN COUNTY MUTUAL FIRE INSURANCE COMPANY,Closed,OAMF-131336118,2018-02-15
2018,1,4.1,OLD AMERICAN COUNTY MUTUAL FIRE INSURANCE COMPANY,Closed,OAMF-131336155,2018-02-15
2018,1,4.3,OLD AMERICAN COUNTY MUTUAL FIRE INSURANCE COMPANY,Closed,OAMF-131319194,2018-02-01
2018,1,4.5,COLONIAL COUNTY MUTUAL INSURANCE COMPANY,Closed,NWPC-131250035,2018-01-17
2018,1,4.5,NATIONWIDE MUTUAL INSURANCE COMPANY,Closed,NWPC-131014449,2018-01-17
2018,1,4.6,GEICO GENERAL INSURANCE COMPANY,Closed,GECC-131193747,2018-01-07
2018,1,4.6,LYNDON SOUTHERN INSURANCE COMPANY,Closed,LFST-131320018,2018-02-01
2018,1,5.0,CONCERT INSURANCE COMPANY,Closed,PERR-131341587,2018-01-20
2018,1,5.0,GEICO SECURE INSURANCE COMPANY,Closed,GECC-131193747,2018-01-07
2018,1,5.0,NATIONAL UNITY INSURANCE COMPANY,Closed,NUIC-131332558,2018-01-20
2018,1,5.0,OLD AMERICAN COUNTY MUTUAL FIRE INSURANCE COMPANY,Closed,OAMF-131331715,2018-02-15
2018,1,5.0,REDPOINT COUNTY MUTUAL INSURANCE COMPANY,Closed,SWCM-131331313,2018-01-20
2018,1,5.0,REDPOINT COUNTY MUTUAL INSURANCE COMPANY,Closed,SWCM-131371769,2018-03-15
2018,1,5.0,"WOODLANDS INSURANCE COMPANY, THE",Closed,PERR-131341585,2018-01-20
2018,1,5.4,MARKEL AMERICAN INSURANCE COMPANY,Closed,MRKA-131246670,2018-03-13
2018,1,5.4,MARKEL AMERICAN INSURANCE COMPANY,Closed,MRKA-131269446,2018-03-14
2018,1,5.4,TREXIS ONE INSURANCE CORPORATION,Closed,VSGP-131393444,2018-03-16
2018,1,5.5,NATIONAL GENERAL INSURANCE COMPANY,Closed,GMMX-131330930,2018-02-17
2018,1,5.6,REDPOINT COUNTY MUTUAL INSURANCE COMPANY,Closed,SWCM-131280607,2018-01-01
2018,1,6.0,INCLINE CASUALTY COMPANY,Closed,AGWG-131291557,2018-02-01
2018,1,6.2,OLD AMERICAN COUNTY MUTUAL FIRE INSURANCE COMPANY,Closed,OAMF-131319274,2018-02-01
2018,1,6.3,OLD AMERICAN COUNTY MUTUAL FIRE INSURANCE COMPANY,Closed,OAMF-131319385,2018-02-01
2018,1,6.6,HOME STATE COUNTY MUTUAL INSURANCE COMPANY,Closed,HMSG-131317741,2018-02-01
2018,1,6.6,VIGILANT INSURANCE COMPANY,Closed,ACEH-131049326,2018-02-02
2018,1,6.8,GERMANIA SELECT INSURANCE COMPANY,Closed,GEIN-131206950,2018-01-20
2018,1,6.8,GERMANIA SELECT INSURANCE COMPANY,Closed,GEIN-131219193,2018-01-25
2018,1,6.9,PACIFIC INDEMNITY COMPANY,Closed,ACEH-131049326,2018-02-02
2018,1,7.0,CHUBB LLOYDS INSURANCE COMPANY OF TEXAS,Closed,ACEH-131049326,2018-02-02
2018,1,7.0,CHUBB NATIONAL INSURANCE COMPANY,Closed,ACEH-131049326,2018-02-02
2018,1,7.0,FEDERAL INSURANCE COMPANY,Closed,ACEH-131049326,2018-02-02
2018,1,7.0,GEICO CHOICE INSURANCE COMPANY,Closed,GECC-131193747,2018-01-07
2018,1,7.0,HOME STATE COUNTY MUTUAL INSURANCE COMPANY,Closed,HMSG-131300569,2018-01-15
2018,1,7.3,GREAT NORTHERN INSURANCE COMPANY,Closed,ACEH-131049326,2018-02-02
2018,1,7.4,ANCHOR GENERAL INSURANCE COMPANY,Closed,AGIN-131236633,2018-02-21
2018,1,7.6,HOME STATE COUNTY MUTUAL INSURANCE COMPANY,Closed,HMSG-131327608,2018-03-01
2018,1,8.0,BANKERS STANDARD INSURANCE COMPANY,Closed,ACEH-131145892,2018-02-04
2018,1,8.0,GEICO TEXAS COUNTY MUTUAL INSURANCE COMPANY,Closed,TRGR-131299186,2018-02-10
2018,1,8.0,OLD AMERICAN COUNTY MUTUAL FIRE INSURANCE COMPANY,Closed,OAMF-131286446,2018-01-01
2018,1,8.0,REDPOINT COUNTY MUTUAL INSURANCE COMPANY,Closed,SWCM-131288313,2018-01-01
2018,1,8.3,OLD AMERICAN COUNTY MUTUAL FIRE INSURANCE COMPANY,Closed,OAMF-131356633,2018-03-01
2018,1,8.4,GEICO COUNTY MUTUAL INSURANCE COMPANY,Closed,GECC-131193747,2018-01-07
2018,1,8.6,REDPOINT COUNTY MUTUAL INSURANCE COMPANY,Closed,SWCM-131401048,2018-03-12
2018,1,8.6,UNITRIN COUNTY MUTUAL INSURANCE COMPANY,Closed,UTRN-131278042,2018-02-27
2018,1,8.9,WESTERN GENERAL AUTOMOBILE INSURANCE COMPANY,Closed,WGIA-131309508,2018-02-15
2018,1,9.6,GEICO ADVANTAGE INSURANCE COMPANY,Closed,GECC-131193747,2018-01-07
2018,1,9.8,GERMANIA INSURANCE COMPANY,Closed,GEIN-131206950,2018-01-20
2018,1,9.8,GERMANIA INSURANCE COMPANY,Closed,GEIN-131219193,2018-01-25
2018,1,9.8,HOME STATE COUNTY MUTUAL INSURANCE COMPANY,Closed,HMSG-131309244,2018-01-21
2018,1,9.9,ALLSTATE PROPERTY AND CASUALTY INSURANCE COMPANY,Closed,ALSE-131259392,2018-01-04
2018,1,9.9,AMERICAN NATIONAL COUNTY MUTUAL INSURANCE COMPANY,Closed,ANPC-131300960,2018-02-18
2018,1,9.9,CENTRAL INSURANCE COMPANY,Closed,CEMC-131219440,2018-03-01
2018,1,9.9,COLONIAL COUNTY MUTUAL INSURANCE COMPANY,Closed,NWPC-131014470,2018-01-17
2018,1,9.9,COLONIAL COUNTY MUTUAL INSURANCE COMPANY,Closed,NWPC-131250048,2018-01-17
2018,1,9.9,HOCHHEIM PRAIRIE CASUALTY INSURANCE COMPANY,Closed,HOCH-131223062,2018-01-01
2018,1,10.0,ALLIED PROPERTY AND CASUALTY INSURANCE COMPANY,Closed,NWPC-130907990,2018-01-17
2018,1,10.0,ALLIED PROPERTY AND CASUALTY INSURANCE COMPANY,Closed,NWPC-131251948,2018-01-17
2018,1,10.0,FARM BUREAU COUNTY MUTUAL INSURANCE COMPANY OF TEXAS,Closed,TXFB-131316753,2018-01-01
2018,1,10.0,NATIONAL GENERAL ASSURANCE COMPANY,Closed,GMMX-131329556,2018-02-17
2018,1,10.0,NATIONWIDE AGRIBUSINESS INSURANCE COMPANY,Closed,NWPC-130908041,2018-01-17
2018,1,10.0,NATIONWIDE AGRIBUSINESS INSURANCE COMPANY,Closed,NWPC-131251948,2018-01-17
2018,1,10.1,GERMANIA FIRE & CASUALTY COMPANY,Closed,GEIN-131206950,2018-01-20
2018,1,10.1,GERMANIA FIRE & CASUALTY COMPANY,Closed,GEIN-131219193,2018-01-25
2018,1,10.2,COLONIAL COUNTY MUTUAL INSURANCE COMPANY,Closed,NWPC-131014490,2018-01-17
2018,1,10.2,COLONIAL COUNTY MUTUAL INSURANCE COMPANY,Closed,NWPC-131250013,2018-01-17
2018,1,10.8,HOME STATE COUNTY MUTUAL INSURANCE COMPANY,Closed,HMSG-131214110,2018-01-25
2018,1,11.4,OLD AMERICAN COUNTY MUTUAL FIRE INSURANCE COMPANY,Closed,OAMF-131319280,2018-02-28
2018,1,12.3,OLD AMERICAN COUNTY MUTUAL FIRE INSURANCE COMPANY,Closed,OAMF-131326195,2018-02-08
2018,1,14.7,ECONOMY PREFERRED INSURANCE COMPANY,Closed,METX-131232891,2018-01-19
2018,1,14.7,ECONOMY PREMIER ASSURANCE COMPANY,Closed,METX-131232891,2018-01-19
2018,1,15.0,REDPOINT COUNTY MUTUAL INSURANCE COMPANY,Closed,SWCM-131273538,2018-01-04
2018,1,16.3,CENTRAL INSURANCE COMPANY,Closed,CEMC-131269441,2018-03-01
2018,1,19.9,HOME STATE COUNTY MUTUAL INSURANCE COMPANY,Closed,HMSG-131307748,2018-02-06
2018,2,-3.0,STATE FARM MUTUAL AUTOMOBILE INSURANCE COMPANY,Closed,SFMA-131420319,2018-05-28
2018,2,-2.8,HOME STATE COUNTY MUTUAL INSURANCE COMPANY,Closed,HMSG-131396917,2018-04-01
2018,2,-1.8,HOME STATE COUNTY MUTUAL INSURANCE COMPANY,Closed,HMSG-131393410,2018-04-06
2018,2,-1.5,HOME STATE COUNTY MUTUAL INSURANCE COMPANY,Closed,HMSG-131367378,2018-04-01
2018,2,-1.2,AUTO CLUB COUNTY MUTUAL INSURANCE COMPANY,Closed,IACA-131289428,2018-04-01
2018,2,-1.2,OLD AMERICAN COUNTY MUTUAL FIRE INSURANCE COMPANY,Closed,OAMF-131482443,2018-06-01
2018,2,-0.1,INFINITY COUNTY MUTUAL INSURANCE COMPANY,Closed,NFNT-131420384,2018-05-29
2018,2,0.0,"ACUITY, A MUTUAL INSURANCE COMPANY",Closed,ACUT-131258162,2018-06-11
2018,2,0.0,ALLSTATE COUNTY MUTUAL INSURANCE COMPANY,Closed,ALSE-131383233,2018-04-12
2018,2,0.0,ALLSTATE COUNTY MUTUAL INSURANCE COMPANY,Closed,ALSE-131383371,2018-04-12
2018,2,0.0,ALLSTATE COUNTY MUTUAL INSURANCE COMPANY,Closed,ALSE-131383417,2018-04-12
2018,2,0.0,ALLSTATE COUNTY MUTUAL INSURANCE COMPANY,Closed,ALSE-131383496,2018-04-12
2018,2,0.0,ALLSTATE FIRE AND CASUALTY INSURANCE COMPANY,Closed,ALSE-131383559,2018-04-12
2018,2,0.0,ALLSTATE FIRE AND CASUALTY INSURANCE COMPANY,Closed,ALSE-131452648,2018-04-16
2018,2,0.0,ALLSTATE PROPERTY AND CASUALTY INSURANCE COMPANY,Closed,ALSE-131386173,2018-04-12
2018,2,0.0,ALLSTATE PROPERTY AND CASUALTY INSURANCE COMPANY,Closed,ALSE-131386177,2018-04-12
2018,2,0.0,ALLSTATE PROPERTY AND CASUALTY INSURANCE COMPANY,Closed,ALSE-131399198,2018-04-12
2018,2,0.0,AMICA MUTUAL INSURANCE COMPANY,Closed,AMMA-131345932,2018-04-01
2018,2,0.0,AMICA PROPERTY AND CASUALTY INSURANCE COMPANY,Closed,AMMA-131346048,2018-04-01
2018,2,0.0,ASSURANCEAMERICA INSURANCE COMPANY,Closed,ASRN-131427930,2018-05-07
2018,2,0.0,BRISTOL WEST SPECIALTY INSURANCE COMPANY,Closed,BRWS-131506772,2018-06-20
2018,2,0.0,BRISTOL WEST SPECIALTY INSURANCE COMPANY,Closed,BRWS-131540386,2018-06-20
2018,2,0.0,CONCERT INSURANCE COMPANY,Closed,PERR-131463632,2018-06-15
2018,2,0.0,CONCERT INSURANCE COMPANY,Closed,PERR-131529039,2018-06-15
2018,2,0.0,CONSUMERS COUNTY MUTUAL INSURANCE COMPANY,Closed,TEXS-131442423,2018-05-20
2018,2,0.0,DAIRYLAND COUNTY MUTUAL INSURANCE COMPANY OF TEXAS,Closed,VKNG-131416153,2018-06-01
2018,2,0.0,DAIRYLAND COUNTY MUTUAL INSURANCE COMPANY OF TEXAS,Closed,VKNG-131417599,2018-06-01
2018,2,0.0,ELEPHANT INSURANCE COMPANY,Closed,EINS-131373752,2018-04-16
2018,2,0.0,ELEPHANT INSURANCE COMPANY,Closed,EINS-131392034,2018-06-29
2018,2,0.0,FARMERS LLOYDS INSURANCE COMPANY OF TEXAS,Closed,METX-131378606,2018-05-30
2018,2,0.0,FARMERS TEXAS COUNTY MUTUAL INSURANCE COMPANY,Closed,FARM-131434959,2018-04-09
2018,2,0.0,FARMERS TEXAS COUNTY MUTUAL INSURANCE COMPANY,Closed,FARM-131435027,2018-04-09
2018,2,0.0,FOREMOST COUNTY MUTUAL INSURANCE COMPANY,Closed,BRWS-131506826,2018-06-20
2018,2,0.0,GEICO ADVANTAGE INSURANCE COMPANY,Closed,GECC-131438280,2018-05-17
2018,2,0.0,GEICO CHOICE INSURANCE COMPANY,Closed,GECC-131438280,2018-05-17
2018,2,0.0,GEICO COUNTY MUTUAL INSURANCE COMPANY,Closed,GECC-131438280,2018-05-17
2018,2,0.0,GEICO GENERAL INSURANCE COMPANY,Closed,GECC-131438280,2018-05-17
2018,2,0.0,GEICO INDEMNITY COMPANY,Closed,GECC-131438280,2018-05-17
2018,2,0.0,GEICO SECURE INSURANCE COMPANY,Closed,GECC-131438280,2018-05-17
2018,2,0.0,GEICO TEXAS COUNTY MUTUAL INSURANCE COMPANY,Closed,TRGR-131420560,2018-05-18
2018,2,0.0,GEICO TEXAS COUNTY MUTUAL INSURANCE COMPANY,Closed,TRGR-131504323,2018-05-19
2018,2,0.0,GOVERNMENT EMPLOYEES INSURANCE COMPANY,Closed,GECC-131438280,2018-05-17
2018,2,0.0,HOME STATE COUNTY MUTUAL INSURANCE COMPANY,Closed,HMSG-131374309,2018-06-11
2018,2,0.0,HOME STATE COUNTY MUTUAL INSURANCE COMPANY,Closed,HMSG-131456850,2018-06-01
2018,2,0.0,HOME STATE COUNTY MUTUAL INSURANCE COMPANY,Closed,HMSG-131487393,2018-06-04
2018,2,0.0,HOME STATE COUNTY MUTUAL INSURANCE COMPANY,Closed,HMSG-131500444,2018-05-15
2018,2,0.0,HOME STATE COUNTY MUTUAL INSURANCE COMPANY,Closed,HMSG-131500524,2018-05-15
2018,2,0.0,LIBERTY COUNTY MUTUAL INSURANCE COMPANY,Closed,LBPM-131406974,2018-04-29
2018,2,0.0,MERCURY COUNTY MUTUAL INSURANCE COMPANY,Closed,MERY-131321376,2018-04-14
2018,2,0.0,MIDVALE INDEMNITY COMPANY,Closed,HMSS-131383457,2018-04-26
2018,2,0.0,NATIONAL UNITY INSURANCE COMPANY,Closed,NUIC-131448709,2018-04-04
2018,2,0.0,NATIONAL UNITY INSURANCE COMPANY,Closed,NUIC-131509084,2018-06-21
2018,2,0.0,OLD AMERICAN COUNTY MUTUAL FIRE INSURANCE COMPANY,Closed,OAMF-131293787,2018-04-13
2018,2,0.0,OLD AMERICAN COUNTY MUTUAL FIRE INSURANCE COMPANY,Closed,OAMF-131448312,2018-06-01
2018,2,0.0,OLD AMERICAN COUNTY MUTUAL FIRE INSURANCE COMPANY,Closed,OAMF-131463984,2018-04-18
2018,2,0.0,OLD AMERICAN COUNTY MUTUAL FIRE INSURANCE COMPANY,Closed,OAMF-131469297,2018-05-20
2018,2,0.0,OLD AMERICAN COUNTY MUTUAL FIRE INSURANCE COMPANY,Closed,OAMF-131469417,2018-05-20
2018,2,0.0,OLD AMERICAN COUNTY MUTUAL FIRE INSURANCE COMPANY,Closed,OAMF-131475401,2018-05-01
2018,2,0.0,OLD AMERICAN COUNTY MUTUAL FIRE INSURANCE COMPANY,Closed,OAMF-131486372,2018-06-02
2018,2,0.0,PROGRESSIVE COUNTY MUTUAL INSURANCE COMPANY,Closed,PRGS-131529244,2018-06-05
2018,2,0.0,PROGRESSIVE COUNTY MUTUAL INSURANCE COMPANY,Closed,PRGS-131529293,2018-06-05
2018,2,0.0,REDPOINT COUNTY MUTUAL INSURANCE COMPANY,Closed,SWCM-131373779,2018-04-16
2018,2,0.0,REDPOINT COUNTY MUTUAL INSURANCE COMPANY,Closed,SWCM-131393673,2018-04-15
2018,2,0.0,REDPOINT COUNTY MUTUAL INSURANCE COMPANY,Closed,SWCM-131394437,2018-06-29
2018,2,0.0,REDPOINT COUNTY MUTUAL INSURANCE COMPANY,Closed,SWCM-131399987,2018-04-01
2018,2,0.0,REDPOINT COUNTY MUTUAL INSURANCE COMPANY,Closed,SWCM-131418531,2018-06-01
2018,2,0.0,REDPOINT COUNTY MUTUAL INSURANCE COMPANY,Closed,SWCM-131440032,2018-04-01
2018,2,0.0,REDPOINT COUNTY MUTUAL INSURANCE COMPANY,Closed,SWCM-131453084,2018-06-01
2018,2,0.0,REDPOINT COUNTY MUTUAL INSURANCE COMPANY,Closed,SWCM-131458610,2018-05-15
2018,2,0.0,REDPOINT COUNTY MUTUAL INSURANCE COMPANY,Closed,SWCM-131501914,2018-06-15
2018,2,0.0,REDPOINT COUNTY MUTUAL INSURANCE COMPANY,Closed,SWCM-131508868,2018-05-21
2018,2,0.0,SAFE AUTO INSURANCE COMPANY,Closed,SAFE-131467721,2018-06-19
2018,2,0.0,SAFEWAY INSURANCE COMPANY,Closed,PERR-131462346,2018-04-18
2018,2,0.0,STATE FARM COUNTY MUTUAL INSURANCE COMPANY OF TEXAS,Closed,SFMA-131343697,2018-04-09
2018,2,0.0,STATE FARM COUNTY MUTUAL INSURANCE COMPANY OF TEXAS,Closed,SFMA-131476848,2018-05-01
2018,2,0.0,STATE FARM FIRE AND CASUALTY COMPANY,Closed,SFMA-131343697,2018-04-09
2018,2,0.0,STATE FARM FIRE AND CASUALTY COMPANY,Closed,SFMA-131476848,2018-05-01
2018,2,0.0,STATE FARM MUTUAL AUTOMOBILE INSURANCE COMPANY,Closed,SFMA-131343697,2018-04-09
2018,2,0.0,STATE FARM MUTUAL AUTOMOBILE INSURANCE COMPANY,Closed,SFMA-131476848,2018-05-01
2018,2,0.0,WINDHAVEN NATIONAL INSURANCE COMPANY,Closed,WDHV-131470347,2018-05-20
2018,2,0.0,WINDHAVEN NATIONAL INSURANCE COMPANY,Closed,WDHV-131487356,2018-05-03
2018,2,0.0,"WOODLANDS INSURANCE COMPANY, THE",Closed,PERR-131464944,2018-06-15
2018,2,0.0,"WOODLANDS INSURANCE COMPANY, THE",Closed,PERR-131529067,2018-06-15
2018,2,0.2,USAA CASUALTY INSURANCE COMPANY,Closed,USAA-131353464,2018-05-21
2018,2,0.3,REDPOINT COUNTY MUTUAL INSURANCE COMPANY,Closed,SWCM-131457110,2018-05-15
2018,2,1.0,HOME STATE COUNTY MUTUAL INSURANCE COMPANY,Closed,HMSG-131411217,2018-04-15
2018,2,1.8,OLD AMERICAN COUNTY MUTUAL FIRE INSURANCE COMPANY,Closed,OAMF-131421941,2018-04-15
2018,2,2.0,OLD AMERICAN COUNTY MUTUAL FIRE INSURANCE COMPANY,Closed,OAMF-131408840,2018-04-15
2018,2,2.0,USAA GENERAL INDEMNITY COMPANY,Closed,USAA-131353464,2018-05-21
2018,2,2.3,HOME STATE COUNTY MUTUAL INSURANCE COMPANY,Closed,HMSG-131499973,2018-06-15
2018,2,2.4,REDPOINT COUNTY MUTUAL INSURANCE COMPANY,Closed,SWCM-131492295,2018-06-01
2018,2,2.5,HOME STATE COUNTY MUTUAL INSURANCE COMPANY,Closed,HMSG-131448505,2018-05-11
2018,2,2.7,OLD AMERICAN COUNTY MUTUAL FIRE INSURANCE COMPANY,Closed,OAMF-131483183,2018-06-01
2018,2,2.7,OLD AMERICAN COUNTY MUTUAL FIRE INSURANCE COMPANY,Closed,OAMF-131483238,2018-06-01
2018,2,2.7,UNITED SERVICES AUTOMOBILE ASSOCIATION,Closed,USAA-131353464,2018-05-21
2018,2,3.1,SAFE AUTO INSURANCE COMPANY,Closed,SAFE-131408560,2018-04-14
2018,2,3.7,GARRISON PROPERTY AND CASUALTY INSURANCE COMPANY,Closed,USAA-131353464,2018-05-21
2018,2,3.8,HOME STATE COUNTY MUTUAL INSURANCE COMPANY,Closed,HMSG-131378923,2018-04-01
2018,2,3.9,HOME STATE COUNTY MUTUAL INSURANCE COMPANY,Closed,HMSG-131411762,2018-04-15
2018,2,4.2,HOME STATE COUNTY MUTUAL INSURANCE COMPANY,Closed,HMSG-131428550,2018-05-01
2018,2,4.5,HOME STATE COUNTY MUTUAL INSURANCE COMPANY,Closed,HMSG-131452187,2018-06-16
2018,2,4.5,REDPOINT COUNTY MUTUAL INSURANCE COMPANY,Closed,SWCM-131476973,2018-06-01
2018,2,4.7,REDPOINT COUNTY MUTUAL INSURANCE COMPANY,Closed,SWCM-131411518,2018-04-09
2018,2,4.8,GERMANIA SELECT INSURANCE COMPANY,Closed,GEIN-131459291,2018-05-01
2018,2,4.9,GERMANIA FIRE & CASUALTY COMPANY,Closed,GEIN-131459291,2018-05-01
2018,2,4.9,GERMANIA INSURANCE COMPANY,Closed,GEIN-131459291,2018-05-01
2018,2,5.0,TRINITY UNIVERSAL INSURANCE COMPANY,Closed,KEMP-131494254,2018-06-28
2018,2,5.0,UNITRIN COUNTY MUTUAL INSURANCE COMPANY,Closed,UNTR-131285145,2018-04-22
2018,2,5.1,HOME STATE COUNTY MUTUAL INSURANCE COMPANY,Closed,HMSG-131473510,2018-05-01
2018,2,5.1,OLD AMERICAN COUNTY MUTUAL FIRE INSURANCE COMPANY,Closed,OAMF-131411153,2018-04-15
2018,2,5.2,HOME STATE COUNTY MUTUAL INSURANCE COMPANY,Closed,HMSG-131387492,2018-04-01
2018,2,5.2,HOME STATE COUNTY MUTUAL INSURANCE COMPANY,Closed,HMSG-131404901,2018-04-17
2018,2,5.3,COLONIAL COUNTY MUTUAL INSURANCE COMPANY,Closed,NWPP-131382100,2018-06-19
2018,2,5.6,FALCON INSURANCE COMPANY,Closed,FIGC-131479350,2018-06-16
2018,2,6.0,ACCC INSURANCE COMPANY,Closed,ACCC-131380478,2018-05-01
2018,2,6.0,HOME STATE COUNTY MUTUAL INSURANCE COMPANY,Closed,HMSG-131473752,2018-06-01
2018,2,6.1,FARMERS LLOYDS INSURANCE COMPANY OF TEXAS,Closed,METX-131323734,2018-04-01
2018,2,6.3,ECONOMY FIRE & CASUALTY COMPANY,Closed,METX-131364206,2018-04-16
2018,2,6.3,ECONOMY FIRE & CASUALTY COMPANY,Closed,METX-131372983,2018-04-16
2018,2,7.0,HALLMARK COUNTY MUTUAL INSURANCE COMPANY,Closed,PHXN-131127314,2018-04-15
2018,2,7.0,HOME STATE COUNTY MUTUAL INSURANCE COMPANY,Closed,HMSG-131500040,2018-06-15
2018,2,7.0,HOME STATE COUNTY MUTUAL INSURANCE COMPANY,Closed,HMSG-131513783,2018-06-01
2018,2,7.3,COLONIAL COUNTY MUTUAL INSURANCE COMPANY,Closed,NWPP-131301426,2018-04-24
2018,2,7.4,"GENERAL AUTOMOBILE INSURANCE COMPANY, INC., THE",Closed,PGAC-131395208,2018-04-02
2018,2,7.6,ANCHOR GENERAL INSURANCE COMPANY,Closed,AGIN-131381740,2018-06-05
2018,2,7.7,HOME STATE COUNTY MUTUAL INSURANCE COMPANY,Closed,HMSG-131480933,2018-06-30
2018,2,7.8,STATE AUTO PROPERTY & CASUALTY INSURANCE COMPANY,Closed,STAT-131441758,2018-06-26
2018,2,7.9,OLD AMERICAN COUNTY MUTUAL FIRE INSURANCE COMPANY,Closed,OAMF-131402363,2018-04-01
2018,2,8.8,OLD AMERICAN COUNTY MUTUAL FIRE INSURANCE COMPANY,Closed,OAMF-131438474,2018-05-01
2018,2,9.2,CLEAR BLUE INSURANCE COMPANY,Closed,PERR-131419575,2018-04-15
2018,2,9.2,PROGRESSIVE COUNTY MUTUAL INSURANCE COMPANY,Closed,PRGS-131311263,2018-04-18
2018,2,9.5,"RIVERSTONE INTERNATIONAL INSURANCE, INC.",Closed,ELEC-131322401,2018-06-18
2018,2,9.5,UNITRIN DIRECT INSURANCE COMPANY,Closed,UNTR-131342495,2018-05-06
2018,2,9.6,OLD AMERICAN COUNTY MUTUAL FIRE INSURANCE COMPANY,Closed,OAMF-131402462,2018-04-01
2018,2,10.9,INTEGON INDEMNITY CORPORATION,Closed,GMMX-131412907,2018-04-17
2018,2,11.7,REDPOINT COUNTY MUTUAL INSURANCE COMPANY,Closed,PERR-131458093,2018-05-15
2018,2,11.8,LIBERTY COUNTY MUTUAL INSURANCE COMPANY,Closed,LBPM-131335468,2018-04-18
2018,2,12.4,LIBERTY COUNTY MUTUAL INSURANCE COMPANY,Closed,LBPM-131310293,2018-05-23
2018,2,13.4,GEICO TEXAS COUNTY MUTUAL INSURANCE COMPANY,Closed,TRGR-131398285,2018-05-01
2018,2,14.3,ALLSTATE PROPERTY AND CASUALTY INSURANCE COMPANY,Closed,ALSE-131449335,2018-05-31
2018,2,14.7,ALLSTATE INSURANCE COMPANY,Closed,ALSE-131452743,2018-05-31
2018,2,15.0,ALLSTATE INDEMNITY COMPANY,Closed,ALSE-131449184,2018-05-31
2018,2,20.0,ALLSTATE COUNTY MUTUAL INSURANCE COMPANY,Closed,ALSE-131449521,2018-05-31
2018,2,20.0,ALLSTATE FIRE AND CASUALTY INSURANCE COMPANY,Closed,ALSE-131452861,2018-05-31
2018,2,34.3,ROOT INSURANCE COMPANY,Closed,CLIN-131566174,2018-06-29
2018,3,-3.8,STATE FARM MUTUAL AUTOMOBILE INSURANCE COMPANY,Closed,SFMA-131530840,2018-07-29
2018,3,-3.4,OLD AMERICAN COUNTY MUTUAL FIRE INSURANCE COMPANY,Closed,OAMF-131519626,2018-07-01
2018,3,-1.3,LIBERTY COUNTY MUTUAL INSURANCE COMPANY,Closed,LBPM-131541918,2018-09-18
2018,3,-1.0,PROGRESSIVE COUNTY MUTUAL INSURANCE COMPANY,Closed,PRGS-131570493,2018-08-16
2018,3,-1.0,REDPOINT COUNTY MUTUAL INSURANCE COMPANY,Closed,SWCM-131416434,2018-08-30
2018,3,-0.5,PROGRESSIVE COUNTY MUTUAL INSURANCE COMPANY,Closed,PRGS-131570561,2018-08-16
2018,3,-0.3,FOREMOST COUNTY MUTUAL INSURANCE COMPANY,Closed,BRWS-131620958,2018-09-26
2018,3,-0.1,"MGA INSURANCE COMPANY, INC.",Closed,GNSC-131529204,2018-07-30
2018,3,0.0,"ACUITY, A MUTUAL INSURANCE COMPANY",Closed,ACUT-131489588,2018-07-15
2018,3,0.0,ALINSCO INSURANCE COMPANY,Closed,AINS-131614267,2018-09-15
2018,3,0.0,ALLSTATE FIRE AND CASUALTY INSURANCE COMPANY,Closed,ALSE-131523425,2018-08-30
2018,3,0.0,ALLSTATE PROPERTY AND CASUALTY INSURANCE COMPANY,Closed,ALSE-131540793,2018-08-30
2018,3,0.0,CONSUMERS COUNTY MUTUAL INSURANCE COMPANY,Closed,TEXS-131453107,2018-08-26
2018,3,0.0,CONSUMERS COUNTY MUTUAL INSURANCE COMPANY,Closed,TEXS-131589124,2018-09-23
2018,3,0.0,CONSUMERS COUNTY MUTUAL INSURANCE COMPANY,Closed,TEXS-131605779,2018-09-23
2018,3,0.0,ELEPHANT INSURANCE COMPANY,Closed,EINS-131517817,2018-08-25
2018,3,0.0,ENCOMPASS INDEMNITY COMPANY,Closed,ALSE-131583685,2018-09-27
2018,3,0.0,ESURANCE PROPERTY AND CASUALTY INSURANCE COMPANY,Closed,ESUR-131449616,2018-07-11
2018,3,0.0,FARMERS TEXAS COUNTY MUTUAL INSURANCE COMPANY,Closed,FARM-131570883,2018-07-06
2018,3,0.0,FARMERS TEXAS COUNTY MUTUAL INSURANCE COMPANY,Closed,FARM-131570884,2018-07-06
2018,3,0.0,FARMERS TEXAS COUNTY MUTUAL INSURANCE COMPANY,Closed,FARM-131576071,2018-09-12
2018,3,0.0,FARMERS TEXAS COUNTY MUTUAL INSURANCE COMPANY,Closed,FARM-131576153,2018-09-12
2018,3,0.0,GARRISON PROPERTY AND CASUALTY INSURANCE COMPANY,Closed,USAA-131343680,2018-07-07
2018,3,0.0,GARRISON PROPERTY AND CASUALTY INSURANCE COMPANY,Closed,USAA-131472925,2018-09-26
2018,3,0.0,GEICO ADVANTAGE INSURANCE COMPANY,Closed,GECC-131423177,2018-08-24
2018,3,0.0,GEICO ADVANTAGE INSURANCE COMPANY,Closed,GECC-131493502,2018-07-31
2018,3,0.0,GEICO ADVANTAGE INSURANCE COMPANY,Closed,GECC-131519650,2018-09-17
2018,3,0.0,GEICO ADVANTAGE INSURANCE COMPANY,Closed,GECC-131628021,2018-08-31
2018,3,0.0,GEICO CHOICE INSURANCE COMPANY,Closed,GECC-131423177,2018-08-24
2018,3,0.0,GEICO CHOICE INSURANCE COMPANY,Closed,GECC-131493502,2018-07-31
2018,3,0.0,GEICO CHOICE INSURANCE COMPANY,Closed,GECC-131519650,2018-09-17
2018,3,0.0,GEICO CHOICE INSURANCE COMPANY,Closed,GECC-131628021,2018-08-31
2018,3,0.0,GEICO COUNTY MUTUAL INSURANCE COMPANY,Closed,GECC-131423177,2018-08-24
2018,3,0.0,GEICO COUNTY MUTUAL INSURANCE COMPANY,Closed,GECC-131493502,2018-07-31
2018,3,0.0,GEICO COUNTY MUTUAL INSURANCE COMPANY,Closed,GECC-131519650,2018-09-17
2018,3,0.0,GEICO COUNTY MUTUAL INSURANCE COMPANY,Closed,GECC-131628021,2018-08-31
2018,3,0.0,GEICO GENERAL INSURANCE COMPANY,Closed,GECC-131519650,2018-09-17
2018,3,0.0,GEICO INDEMNITY COMPANY,Closed,GECC-131519650,2018-09-17
2018,3,0.0,GEICO SECURE INSURANCE COMPANY,Closed,GECC-131423177,2018-08-24
2018,3,0.0,GEICO SECURE INSURANCE COMPANY,Closed,GECC-131493502,2018-07-31
2018,3,0.0,GEICO SECURE INSURANCE COMPANY,Closed,GECC-131519650,2018-09-17
2018,3,0.0,GEICO SECURE INSURANCE COMPANY,Closed,GECC-131628021,2018-08-31
2018,3,0.0,GEICO TEXAS COUNTY MUTUAL INSURANCE COMPANY,Closed,TRGR-131501790,2018-07-07
2018,3,0.0,GEICO TEXAS COUNTY MUTUAL INSURANCE COMPANY,Closed,TRGR-131502136,2018-07-07
2018,3,0.0,GOVERNMENT EMPLOYEES INSURANCE COMPANY,Closed,GECC-131519650,2018-09-17
2018,3,0.0,HALLMARK COUNTY MUTUAL INSURANCE COMPANY,Closed,PHXN-131542535,2018-08-07
2018,3,0.0,HOME STATE COUNTY MUTUAL INSURANCE COMPANY,Closed,HMSG-131503359,2018-07-04
2018,3,0.0,HOME STATE COUNTY MUTUAL INSURANCE COMPANY,Closed,HMSG-131538411,2018-07-16
2018,3,0.0,HOME STATE COUNTY MUTUAL INSURANCE COMPANY,Closed,HMSG-131543706,2018-07-12
2018,3,0.0,HOME STATE COUNTY MUTUAL INSURANCE COMPANY,Closed,HMSG-131584745,2018-07-30
2018,3,0.0,HOME STATE COUNTY MUTUAL INSURANCE COMPANY,Closed,HMSG-131595075,2018-09-01
2018,3,0.0,HOME STATE COUNTY MUTUAL INSURANCE COMPANY,Closed,HMSG-131644342,2018-09-18
2018,3,0.0,INFINITY COUNTY MUTUAL INSURANCE COMPANY,Closed,NFNT-131625854,2018-08-28
2018,3,0.0,MERCURY COUNTY MUTUAL INSURANCE COMPANY,Closed,MERY-131333242,2018-07-14
2018,3,0.0,"OFFICE OF MUTUAL SERVICES, INC.",Closed,MUOF-131484428,2018-07-15
2018,3,0.0,"OFFICE OF MUTUAL SERVICES, INC.",Closed,MUOF-131516703,2018-07-15
2018,3,0.0,OLD AMERICAN COUNTY MUTUAL FIRE INSURANCE COMPANY,Closed,OAMF-131497411,2018-07-01
2018,3,0.0,OLD AMERICAN COUNTY MUTUAL FIRE INSURANCE COMPANY,Closed,OAMF-131596245,2018-09-01
2018,3,0.0,OLD AMERICAN COUNTY MUTUAL FIRE INSURANCE COMPANY,Closed,OAMF-131596352,2018-09-01
2018,3,0.0,OLD AMERICAN COUNTY MUTUAL FIRE INSURANCE COMPANY,Closed,OAMF-131613334,2018-09-07
2018,3,0.0,REDPOINT COUNTY MUTUAL INSURANCE COMPANY,Closed,SWCM-131507883,2018-07-23
2018,3,0.0,REDPOINT COUNTY MUTUAL INSURANCE COMPANY,Closed,SWCM-131517834,2018-08-25
2018,3,0.0,REDPOINT COUNTY MUTUAL INSURANCE COMPANY,Closed,SWCM-131572920,2018-09-01
2018,3,0.0,SAFE AUTO INSURANCE COMPANY,Closed,SAFE-131505332,2018-07-02
2018,3,0.0,STATE FARM COUNTY MUTUAL INSURANCE COMPANY OF TEXAS,Closed,SFMA-131530840,2018-07-29
2018,3,0.0,STATE FARM COUNTY MUTUAL INSURANCE COMPANY OF TEXAS,Closed,SFMA-131581297,2018-09-03
2018,3,0.0,STATE FARM FIRE AND CASUALTY COMPANY,Closed,SFMA-131530840,2018-07-29
2018,3,0.0,STATE FARM FIRE AND CASUALTY COMPANY,Closed,SFMA-131581297,2018-09-03
2018,3,0.0,STATE FARM MUTUAL AUTOMOBILE INSURANCE COMPANY,Closed,SFMA-131581297,2018-09-03
2018,3,0.0,TREXIS ONE INSURANCE CORPORATION,Closed,VSGP-131637646,2018-09-05
2018,3,0.0,UNITED FIRE & CASUALTY COMPANY,Closed,UNFG-131450084,2018-08-01
2018,3,0.0,UNITED FIRE & CASUALTY COMPANY,Closed,UNFG-131477163,2018-08-01
2018,3,0.0,UNITED FIRE & INDEMNITY COMPANY,Closed,UNFG-131450084,2018-08-01
2018,3,0.0,UNITED FIRE & INDEMNITY COMPANY,Closed,UNFG-131477163,2018-08-01
2018,3,0.0,UNITED FIRE LLOYDS,Closed,UNFG-131450084,2018-08-01
2018,3,0.0,UNITED FIRE LLOYDS,Closed,UNFG-131477163,2018-08-01
2018,3,0.0,UNITED SERVICES AUTOMOBILE ASSOCIATION,Closed,USAA-131343680,2018-07-07
2018,3,0.0,UNITED SERVICES AUTOMOBILE ASSOCIATION,Closed,USAA-131472925,2018-09-26
2018,3,0.0,USAA CASUALTY INSURANCE COMPANY,Closed,USAA-131343680,2018-07-07
2018,3,0.0,USAA CASUALTY INSURANCE COMPANY,Closed,USAA-131472925,2018-09-26
2018,3,0.0,USAA GENERAL INDEMNITY COMPANY,Closed,USAA-131343680,2018-07-07
2018,3,0.0,USAA GENERAL INDEMNITY COMPANY,Closed,USAA-131472925,2018-09-26
2018,3,0.1,STATE FARM COUNTY MUTUAL INSURANCE COMPANY OF TEXAS,Closed,SFMA-131400946,2018-07-01
2018,3,0.1,STATE FARM FIRE AND CASUALTY COMPANY,Closed,SFMA-131400946,2018-07-01
2018,3,0.1,STATE FARM MUTUAL AUTOMOBILE INSURANCE COMPANY,Closed,SFMA-131400946,2018-07-01
2018,3,0.3,NATIONWIDE MUTUAL INSURANCE COMPANY,Closed,NWLC-131186586,2018-09-15
2018,3,0.5,OLD AMERICAN COUNTY MUTUAL FIRE INSURANCE COMPANY,Closed,OAMF-131443006,2018-07-01
2018,3,1.1,REDPOINT COUNTY MUTUAL INSURANCE COMPANY,Closed,SWCM-131551795,2018-08-01
2018,3,1.9,FARMERS LLOYDS INSURANCE COMPANY OF TEXAS,Closed,METX-131583373,2018-09-30
2018,3,1.9,INFINITY COUNTY MUTUAL INSURANCE COMPANY,Closed,NFNT-131554842,2018-08-25
2018,3,2.0,ELEPHANT INSURANCE COMPANY,Closed,EINS-131415239,2018-08-30
2018,3,2.0,HORACE MANN PROPERTY & CASUALTY INSURANCE COMPANY,Closed,HRMN-131552459,2018-09-16
2018,3,2.1,HOME STATE COUNTY MUTUAL INSURANCE COMPANY,Closed,HMSG-131475609,2018-07-10
2018,3,2.3,HOME STATE COUNTY MUTUAL INSURANCE COMPANY,Closed,HMSG-131563506,2018-08-12
2018,3,2.5,UNITRIN DIRECT PROPERTY & CASUALTY COMPANY,Closed,UNTR-131526203,2018-09-09
2018,3,2.6,FARMERS TEXAS COUNTY MUTUAL INSURANCE COMPANY,Closed,FARM-131566429,2018-07-18
2018,3,2.9,FARMERS TEXAS COUNTY MUTUAL INSURANCE COMPANY,Closed,FARM-131540066,2018-07-18
2018,3,3.0,DAIRYLAND COUNTY MUTUAL INSURANCE COMPANY OF TEXAS,Closed,VKNG-131628149,2018-09-24
2018,3,3.3,INFINITY COUNTY MUTUAL INSURANCE COMPANY,Closed,NFNT-131554671,2018-08-25
2018,3,3.4,ALINSCO INSURANCE COMPANY,Closed,AINS-131516496,2018-07-01
2018,3,3.9,DAIRYLAND COUNTY MUTUAL INSURANCE COMPANY OF TEXAS,Closed,VKNG-131576661,2018-09-28
2018,3,4.0,CALIFORNIA CASUALTY INDEMNITY EXCHANGE,Closed,CALC-131449131,2018-09-01
2018,3,4.0,CONSUMERS COUNTY MUTUAL INSURANCE COMPANY,Closed,TEXS-131588593,2018-08-31
2018,3,4.0,DAIRYLAND COUNTY MUTUAL INSURANCE COMPANY OF TEXAS,Closed,VKNG-131576739,2018-09-28
2018,3,4.0,HOME STATE COUNTY MUTUAL INSURANCE COMPANY,Closed,HMSG-131521228,2018-09-28
2018,3,4.0,OLD AMERICAN COUNTY MUTUAL FIRE INSURANCE COMPANY,Closed,OAMF-131553133,2018-07-24
2018,3,4.2,INCLINE CASUALTY COMPANY,Closed,AGWG-131436320,2018-08-01
2018,3,4.3,ENCOMPASS INSURANCE COMPANY OF AMERICA,Closed,ALSE-131611742,2018-09-27
2018,3,4.3,ENCOMPASS PROPERTY AND CASUALTY COMPANY,Closed,ALSE-131611742,2018-09-27
2018,3,4.5,OLD AMERICAN COUNTY MUTUAL FIRE INSURANCE COMPANY,Closed,OAMF-131625370,2018-09-01
2018,3,4.7,AMERICAN NATIONAL COUNTY MUTUAL INSURANCE COMPANY,Closed,ANPC-131511981,2018-08-18
2018,3,4.7,ENCOMPASS HOME AND AUTO INSURANCE COMPANY,Closed,ALSE-131611742,2018-09-27
2018,3,4.8,ENCOMPASS INDEMNITY COMPANY,Closed,ALSE-131610920,2018-09-27
2018,3,4.8,REDPOINT COUNTY MUTUAL INSURANCE COMPANY,Closed,SWCM-131565928,2018-08-02
2018,3,5.0,ELEPHANT INSURANCE COMPANY,Closed,EINS-131507455,2018-07-23
2018,3,5.2,OLD AMERICAN COUNTY MUTUAL FIRE INSURANCE COMPANY,Closed,OAMF-131606346,2018-09-21
2018,3,5.2,U S LLOYDS INSURANCE COMPANY,Closed,USLL-131561887,2018-09-01
2018,3,5.2,U S LLOYDS INSURANCE COMPANY,Closed,USLL-131573751,2018-09-01
2018,3,5.5,HOME STATE COUNTY MUTUAL INSURANCE COMPANY,Closed,HMSG-131610439,2018-08-26
2018,3,5.5,LYNDON SOUTHERN INSURANCE COMPANY,Closed,LFST-131545385,2018-09-01
2018,3,5.8,OLD AMERICAN COUNTY MUTUAL FIRE INSURANCE COMPANY,Closed,OAMF-131560033,2018-08-16
2018,3,6.1,"FOREMOST INSURANCE COMPANY GRAND RAPIDS, MICHIGAN",Closed,FORE-131195109,2018-07-01
2018,3,6.1,OLD AMERICAN COUNTY MUTUAL FIRE INSURANCE COMPANY,Closed,OAMF-131552135,2018-07-24
2018,3,6.3,SAFECO INSURANCE COMPANY OF ILLINOIS,Closed,LBPM-131379832,2018-07-03
2018,3,6.3,SAFECO LLOYDS INSURANCE COMPANY,Closed,LBPM-131379832,2018-07-03
2018,3,6.4,SAFECO INSURANCE COMPANY OF AMERICA,Closed,LBPM-131379832,2018-07-03
2018,3,6.5,GENERAL INSURANCE COMPANY OF AMERICA,Closed,LBPM-131379832,2018-07-03
2018,3,6.7,INFINITY COUNTY MUTUAL INSURANCE COMPANY,Closed,NFNT-131588913,2018-08-22
2018,3,7.0,HOME STATE COUNTY MUTUAL INSURANCE COMPANY,Closed,HMSG-131560965,2018-08-15
2018,3,7.1,TREXIS ONE INSURANCE CORPORATION,Closed,VSGP-131634524,2018-09-28
2018,3,7.3,ACCC INSURANCE COMPANY,Closed,ACCC-131555632,2018-09-01
2018,3,7.7,REDPOINT COUNTY MUTUAL INSURANCE COMPANY,Closed,SWCM-131588744,2018-08-16
2018,3,8.3,CONCERT INSURANCE COMPANY,Closed,PERR-131626563,2018-09-01
2018,3,8.3,NATIONAL UNITY INSURANCE COMPANY,Closed,NUIC-131616364,2018-09-01
2018,3,8.3,REDPOINT COUNTY MUTUAL INSURANCE COMPANY,Closed,SWCM-131615222,2018-09-01
2018,3,8.3,"WOODLANDS INSURANCE COMPANY, THE",Closed,PERR-131626247,2018-09-01
2018,3,8.4,UNITED FIRE & CASUALTY COMPANY,Closed,UNFG-131404471,2018-08-01
2018,3,8.4,UNITED FIRE & INDEMNITY COMPANY,Closed,UNFG-131404471,2018-08-01
2018,3,8.4,UNITED FIRE LLOYDS,Closed,UNFG-131404471,2018-08-01
2018,3,9.9,REDPOINT COUNTY MUTUAL INSURANCE COMPANY,Closed,PERR-131576252,2018-08-15
2018,3,11.2,OLD AMERICAN COUNTY MUTUAL FIRE INSURANCE COMPANY,Closed,OAMF-131540891,2018-07-06
2018,3,12.3,INTEGON INDEMNITY CORPORATION,Closed,GMMX-131149357,2018-09-16
2018,3,12.6,TEACHERS INSURANCE COMPANY,Closed,HRMN-131552525,2018-09-16
2018,3,14.6,"FOREMOST INSURANCE COMPANY GRAND RAPIDS, MICHIGAN",Closed,FORE-131225913,2018-07-15
2018,3,15.5,HORACE MANN INSURANCE COMPANY,Closed,HRMN-131552412,2018-09-16
2018,3,19.9,"FOREMOST INSURANCE COMPANY GRAND RAPIDS, MICHIGAN",Closed,FORE-131226517,2018-07-15
2018,3,21.0,STILLWATER INSURANCE COMPANY,Closed,FDLY-131520922,2018-08-31
2018,3,21.5,REDPOINT COUNTY MUTUAL INSURANCE COMPANY,Closed,SWCM-131561755,2018-08-01
2018,3,25.2,CRESTBROOK INSURANCE COMPANY,Closed,NWPP-131441189,2018-07-25
2018,3,31.8,REDPOINT COUNTY MUTUAL INSURANCE COMPANY,Closed,SWCM-131562097,2018-07-01
2018,4,-5.0,COLONIAL COUNTY MUTUAL INSURANCE COMPANY,Closed,NWPP-131329795,2018-10-15
2018,4,-3.3,ALINSCO INSURANCE COMPANY,Closed,AINS-131704614,2018-12-01
2018,4,-3.0,INFINITY COUNTY MUTUAL INSURANCE COMPANY,Closed,NFNT-131733275,2018-12-28
2018,4,-2.8,HOME STATE COUNTY MUTUAL INSURANCE COMPANY,Closed,HMSG-131693530,2018-12-10
2018,4,-2.7,FALCON INSURANCE COMPANY,Closed,FIGC-131713934,2018-12-15
2018,4,-2.6,"MGA INSURANCE COMPANY, INC.",Closed,GNSC-131615176,2018-10-01
2018,4,-2.1,HOME STATE COUNTY MUTUAL INSURANCE COMPANY,Closed,HMSG-131655741,2018-10-20
2018,4,-2.0,HOME STATE COUNTY MUTUAL INSURANCE COMPANY,Closed,HMSG-131655687,2018-10-20
2018,4,-2.0,REDPOINT COUNTY MUTUAL INSURANCE COMPANY,Closed,SWCM-131630697,2018-10-31
2018,4,-1.8,WESTERN GENERAL AUTOMOBILE INSURANCE COMPANY,Closed,WGIA-131652619,2018-10-03
2018,4,-1.3,FOREMOST PROPERTY AND CASUALTY INSURANCE COMPANY,Closed,FORE-130933355,2018-11-15
2018,4,-1.2,REDPOINT COUNTY MUTUAL INSURANCE COMPANY,Closed,SWCM-131701955,2018-11-06
2018,4,-1.1,REDPOINT COUNTY MUTUAL INSURANCE COMPANY,Closed,SWCM-131710175,2018-11-06
2018,4,-1.0,ELEPHANT INSURANCE COMPANY,Closed,EINS-131631115,2018-10-31
2018,4,-1.0,FOREMOST COUNTY MUTUAL INSURANCE COMPANY,Closed,FORE-130928201,2018-11-15
2018,4,-1.0,PROGRESSIVE COUNTY MUTUAL INSURANCE COMPANY,Closed,PRGS-131713577,2018-12-13
2018,4,-0.5,PROGRESSIVE COUNTY MUTUAL INSURANCE COMPANY,Closed,PRGS-131713550,2018-12-13
2018,4,-0.2,OLD AMERICAN COUNTY MUTUAL FIRE INSURANCE COMPANY,Closed,OAMF-131683346,2018-11-20
2018,4,-0.1,LOYA INSURANCE COMPANY,Closed,PERR-131723464,2018-12-16
2018,4,0.0,AIG PROPERTY CASUALTY COMPANY,Closed,APCG-131766447,2018-12-21
2018,4,0.0,ALLIED PROPERTY AND CASUALTY INSURANCE COMPANY,Closed,NWPC-131341365,2018-10-15
2018,4,0.0,ALLIED PROPERTY AND CASUALTY INSURANCE COMPANY,Closed,NWPP-131547771,2018-11-02
2018,4,0.0,ALLSTATE COUNTY MUTUAL INSURANCE COMPANY,Closed,ALSE-131640456,2018-11-08
2018,4,0.0,ALLSTATE COUNTY MUTUAL INSURANCE COMPANY,Closed,ALSE-131640556,2018-11-08
2018,4,0.0,ALLSTATE COUNTY MUTUAL INSURANCE COMPANY,Closed,ALSE-131757530,2018-12-17
2018,4,0.0,ALLSTATE FIRE AND CASUALTY INSURANCE COMPANY,Closed,ALSE-131638823,2018-11-08
2018,4,0.0,ALLSTATE FIRE AND CASUALTY INSURANCE COMPANY,Closed,ALSE-131757583,2018-12-17
2018,4,0.0,ALLSTATE INDEMNITY COMPANY,Closed,ALSE-131638783,2018-11-08
2018,4,0.0,ALLSTATE INDEMNITY COMPANY,Closed,ALSE-131757622,2018-12-17
2018,4,0.0,ALLSTATE INSURANCE COMPANY,Closed,ALSE-131638783,2018-11-08
2018,4,0.0,ALLSTATE INSURANCE COMPANY,Closed,ALSE-131757622,2018-12-17
2018,4,0.0,ALLSTATE PROPERTY AND CASUALTY INSURANCE COMPANY,Closed,ALSE-131638783,2018-11-08
2018,4,0.0,ALLSTATE PROPERTY AND CASUALTY INSURANCE COMPANY,Closed,ALSE-131757543,2018-12-17
2018,4,0.0,ALLSTATE PROPERTY AND CASUALTY INSURANCE COMPANY,Closed,ALSE-131757622,2018-12-17
2018,4,0.0,ALLSTATE PROPERTY AND CASUALTY INSURANCE COMPANY,Closed,ALSE-131757754,2018-12-17
2018,4,0.0,AMERICAN ASSOCIATION OF INSURANCE SERVICES,Closed,AMAX-131691531,2018-10-19
2018,4,0.0,AMERICAN MODERN PROPERTY AND CASUALTY INSURANCE COMPANY,Closed,AMMH-131569938,2018-12-12
2018,4,-0.0,AUTO CLUB COUNTY MUTUAL INSURANCE COMPANY,Closed,IACA-131246267,2018-11-01
2018,4,0.0,BRISTOL WEST SPECIALTY INSURANCE COMPANY,Closed,BRWS-131721387,2018-12-17
2018,4,0.0,CALIFORNIA CASUALTY INDEMNITY EXCHANGE,Closed,CALC-131614996,2018-11-01
2018,4,0.0,CHUBB LLOYDS INSURANCE COMPANY OF TEXAS,Closed,ACEH-131668725,2018-10-04
2018,4,0.0,CHUBB LLOYDS INSURANCE COMPANY OF TEXAS,Closed,ACEH-131675538,2018-12-11
2018,4,0.0,CHUBB NATIONAL INSURANCE COMPANY,Closed,ACEH-131668725,2018-10-04
2018,4,0.0,CHUBB NATIONAL INSURANCE COMPANY,Closed,ACEH-131675538,2018-12-11
2018,4,0.0,"CINCINNATI INSURANCE COMPANY, THE",Closed,CNNB-131305587,2018-10-01
2018,4,0.0,"CINCINNATI INSURANCE COMPANY, THE",Closed,CNNB-131554868,2018-10-01
2018,4,0.0,COLONIAL COUNTY MUTUAL INSURANCE COMPANY,Closed,NWPC-131356053,2018-10-15
2018,4,0.0,COLONIAL COUNTY MUTUAL INSURANCE COMPANY,Closed,NWPC-131356054,2018-10-15
2018,4,0.0,COLONIAL COUNTY MUTUAL INSURANCE COMPANY,Closed,NWPC-131356066,2018-10-15
2018,4,0.0,COLONIAL COUNTY MUTUAL INSURANCE COMPANY,Closed,NWPP-131547771,2018-11-02
2018,4,0.0,ELEPHANT INSURANCE COMPANY,Closed,EINS-131565797,2018-10-06
2018,4,0.0,ELEPHANT INSURANCE COMPANY,Closed,EINS-131645186,2018-11-24
2018,4,0.0,ELEPHANT INSURANCE COMPANY,Closed,EINS-131679756,2018-12-26
2018,4,0.0,ENCOMPASS INDEMNITY COMPANY,Closed,ALSE-131631333,2018-11-19
2018,4,0.0,ENCOMPASS INDEMNITY COMPANY,Closed,ALSE-131682212,2018-11-29
2018,4,0.0,FARM BUREAU COUNTY MUTUAL INSURANCE COMPANY OF TEXAS,Closed,TXFB-131706472,2018-11-01
2018,4,0.0,FARMERS TEXAS COUNTY MUTUAL INSURANCE COMPANY,Closed,FARM-131628139,2018-11-13
2018,4,0.0,FARMERS TEXAS COUNTY MUTUAL INSURANCE COMPANY,Closed,FARM-131628184,2018-11-13
2018,4,0.0,FARMERS TEXAS COUNTY MUTUAL INSURANCE COMPANY,Closed,FARM-131713104,2018-11-19
2018,4,0.0,FEDERAL INSURANCE COMPANY,Closed,ACEH-131668725,2018-10-04
2018,4,0.0,FEDERAL INSURANCE COMPANY,Closed,ACEH-131675538,2018-12-11
2018,4,0.0,"FIRST ACCEPTANCE INSURANCE COMPANY, INC.",Closed,FRST-131650208,2018-10-06
2018,4,0.0,FOREMOST COUNTY MUTUAL INSURANCE COMPANY,Closed,BRWS-131721505,2018-12-20
2018,4,0.0,FOREMOST COUNTY MUTUAL INSURANCE COMPANY,Closed,FORE-131370374,2018-11-15
2018,4,0.0,FOREMOST COUNTY MUTUAL INSURANCE COMPANY,Closed,FORE-131644607,2018-11-15
2018,4,0.0,FOREMOST PROPERTY AND CASUALTY INSURANCE COMPANY,Closed,FORE-131644792,2018-11-15
2018,4,0.0,GEICO TEXAS COUNTY MUTUAL INSURANCE COMPANY,Closed,TRGR-131173106,2018-10-14
2018,4,0.0,GEICO TEXAS COUNTY MUTUAL INSURANCE COMPANY,Closed,TRGR-131175130,2018-10-14
2018,4,0.0,GEICO TEXAS COUNTY MUTUAL INSURANCE COMPANY,Closed,TRGR-131177378,2018-10-14
2018,4,0.0,GEICO TEXAS COUNTY MUTUAL INSURANCE COMPANY,Closed,TRGR-131701354,2018-11-17
2018,4,0.0,GEICO TEXAS COUNTY MUTUAL INSURANCE COMPANY,Closed,TRGR-131756584,2018-12-20
2018,4,0.0,GREAT NORTHERN INSURANCE COMPANY,Closed,ACEH-131668725,2018-10-04
2018,4,0.0,GREAT NORTHERN INSURANCE COMPANY,Closed,ACEH-131675538,2018-12-11
2018,4,0.0,HOCHHEIM PRAIRIE CASUALTY INSURANCE COMPANY,Closed,HOCH-131461482,2018-10-01
2018,4,0.0,HOME STATE COUNTY MUTUAL INSURANCE COMPANY,Closed,HMSG-131655416,2018-10-20
2018,4,0.0,HOME STATE COUNTY MUTUAL INSURANCE COMPANY,Closed,HMSG-131655608,2018-10-20
2018,4,0.0,HOME STATE COUNTY MUTUAL INSURANCE COMPANY,Closed,HMSG-131667438,2018-12-01
2018,4,0.0,HOME STATE COUNTY MUTUAL INSURANCE COMPANY,Closed,HMSG-131677113,2018-11-19
2018,4,0.0,HOME STATE COUNTY MUTUAL INSURANCE COMPANY,Closed,HMSG-131695624,2018-11-19
2018,4,0.0,INFINITY COUNTY MUTUAL INSURANCE COMPANY,Closed,NFNT-131641210,2018-10-06
2018,4,0.0,INFINITY COUNTY MUTUAL INSURANCE COMPANY,Closed,NFNT-131688200,2018-11-16
2018,4,0.0,INFINITY COUNTY MUTUAL INSURANCE COMPANY,Closed,NFNT-131688273,2018-11-16
2018,4,0.0,KNIGHTBROOK INSURANCE COMPANY,Closed,PERR-131590548,2018-10-06
2018,4,0.0,LIBERTY COUNTY MUTUAL INSURANCE COMPANY,Closed,LBPM-131618782,2018-11-08
2018,4,0.0,LYNDON SOUTHERN INSURANCE COMPANY,Closed,LFST-131647406,2018-10-13
2018,4,0.0,NATIONWIDE AGRIBUSINESS INSURANCE COMPANY,Closed,NWPC-131341276,2018-10-15
2018,4,0.0,NATIONWIDE AGRIBUSINESS INSURANCE COMPANY,Closed,NWPP-131547771,2018-11-02
2018,4,0.0,NATIONWIDE MUTUAL INSURANCE COMPANY,Closed,NWPC-131356055,2018-10-15
2018,4,0.0,NATIONWIDE MUTUAL INSURANCE COMPANY,Closed,NWPP-131547771,2018-11-02
2018,4,0.0,OLD AMERICAN COUNTY MUTUAL FIRE INSURANCE COMPANY,Closed,OAMF-131600579,2018-11-15
2018,4,0.0,OLD AMERICAN COUNTY MUTUAL FIRE INSURANCE COMPANY,Closed,OAMF-131687148,2018-11-30
2018,4,0.0,OLD AMERICAN COUNTY MUTUAL FIRE INSURANCE COMPANY,Closed,OAMF-131687233,2018-11-30
2018,4,0.0,OLD AMERICAN COUNTY MUTUAL FIRE INSURANCE COMPANY,Closed,OAMF-131704861,2018-12-01
2018,4,0.0,OLD AMERICAN COUNTY MUTUAL FIRE INSURANCE COMPANY,Closed,OAMF-131720811,2018-12-29
2018,4,0.0,OLD AMERICAN COUNTY MUTUAL FIRE INSURANCE COMPANY,Closed,OAMF-131721415,2018-12-29
2018,4,0.0,PACIFIC INDEMNITY COMPANY,Closed,ACEH-131668725,2018-10-04
2018,4,0.0,PACIFIC INDEMNITY COMPANY,Closed,ACEH-131675538,2018-12-11
2018,4,0.0,REDPOINT COUNTY MUTUAL INSURANCE COMPANY,Closed,SWCM-131566193,2018-10-06
2018,4,0.0,REDPOINT COUNTY MUTUAL INSURANCE COMPANY,Closed,SWCM-131599050,2018-10-01
2018,4,0.0,REDPOINT COUNTY MUTUAL INSURANCE COMPANY,Closed,SWCM-131606654,2018-12-22
2018,4,0.0,REDPOINT COUNTY MUTUAL INSURANCE COMPANY,Closed,SWCM-131641232,2018-10-15
2018,4,0.0,REDPOINT COUNTY MUTUAL INSURANCE COMPANY,Closed,SWCM-131656465,2018-11-24
2018,4,0.0,REDPOINT COUNTY MUTUAL INSURANCE COMPANY,Closed,SWCM-131663088,2018-10-02
2018,4,0.0,REDPOINT COUNTY MUTUAL INSURANCE COMPANY,Closed,SWCM-131688195,2018-12-26
2018,4,0.0,REDPOINT COUNTY MUTUAL INSURANCE COMPANY,Closed,SWCM-131700996,2018-12-01
2018,4,0.0,REDPOINT COUNTY MUTUAL INSURANCE COMPANY,Closed,SWCM-131717070,2018-12-12
2018,4,-0.0,REDPOINT COUNTY MUTUAL INSURANCE COMPANY,Closed,SWCM-132031297,2018-11-01
2018,4,0.0,TEXAS FARM BUREAU CASUALTY INSURANCE COMPANY,Closed,TXFB-131706391,2018-11-01
2018,4,0.0,TEXAS FARM BUREAU MUTUAL INSURANCE COMPANY,Closed,TXFB-131706277,2018-11-01
2018,4,0.0,TEXAS FARM BUREAU UNDERWRITERS,Closed,TXFB-131706406,2018-11-01
2018,4,0.0,"TRAVELERS HOME AND MARINE INSURANCE COMPANY, THE",Closed,TRVD-131694142,2018-12-23
2018,4,0.0,VIGILANT INSURANCE COMPANY,Closed,ACEH-131668725,2018-10-04
2018,4,0.0,VIGILANT INSURANCE COMPANY,Closed,ACEH-131675538,2018-12-11
2018,4,0.0,WINDHAVEN NATIONAL INSURANCE COMPANY,Closed,WDHV-131687341,2018-11-30
2018,4,0.0,WINDHAVEN NATIONAL INSURANCE COMPANY,Closed,WDHV-131721678,2018-11-14
2018,4,0.1,HOME STATE COUNTY MUTUAL INSURANCE COMPANY,Closed,HMSG-131503854,2018-10-04
2018,4,0.1,HOME STATE COUNTY MUTUAL INSURANCE COMPANY,Closed,HMSG-131637950,2018-11-01
2018,4,0.2,DEPOSITORS INSURANCE COMPANY,Closed,NWPC-131341276,2018-10-15
2018,4,0.2,ESURANCE INSURANCE COMPANY,Closed,ESUR-131626581,2018-11-01
2018,4,0.3,HOME STATE COUNTY MUTUAL INSURANCE COMPANY,Closed,HMSG-131599909,2018-11-19
2018,4,0.3,REDPOINT COUNTY MUTUAL INSURANCE COMPANY,Closed,SWCM-131662128,2018-11-01
2018,4,0.5,HOME STATE COUNTY MUTUAL INSURANCE COMPANY,Closed,HMSG-131596544,2018-10-01
2018,4,1.0,FALCON INSURANCE COMPANY,Closed,FIGC-131647007,2018-11-03
2018,4,1.1,DAIRYLAND COUNTY MUTUAL INSURANCE COMPANY OF TEXAS,Closed,VKNG-131733696,2018-12-24
2018,4,1.2,OLD AMERICAN COUNTY MUTUAL FIRE INSURANCE COMPANY,Closed,OAMF-131661326,2018-10-01
2018,4,1.4,ESURANCE INSURANCE COMPANY,Closed,ESUR-131479577,2018-10-04
2018,4,2.1,OLD AMERICAN COUNTY MUTUAL FIRE INSURANCE COMPANY,Closed,OAMF-131659701,2018-11-01
2018,4,3.5,GEICO TEXAS COUNTY MUTUAL INSURANCE COMPANY,Closed,TRGR-131579150,2018-10-01
2018,4,4.8,LIBERTY COUNTY MUTUAL INSURANCE COMPANY,Closed,LBPM-131519839,2018-11-08
2018,4,5.0,AMICA MUTUAL INSURANCE COMPANY,Closed,AMMA-131525180,2018-12-01
2018,4,5.0,AUTO CLUB COUNTY MUTUAL INSURANCE COMPANY,Closed,IACA-131511165,2018-11-01
2018,4,5.2,U S LLOYDS INSURANCE COMPANY,Closed,USLL-131575515,2018-12-15
2018,4,5.8,AMERICAN ACCESS CASUALTY COMPANY,Closed,AACI-131540631,2018-11-05
2018,4,6.0,HARTFORD INSURANCE COMPANY OF THE MIDWEST,Closed,HART-131642135,2018-11-03
2018,4,6.2,LOYA INSURANCE COMPANY,Closed,PERR-131682264,2018-11-14
2018,4,6.7,ESSENTIA INSURANCE COMPANY,Closed,ESSN-131434848,2018-10-01
2018,4,6.9,PRIVILEGE UNDERWRITERS RECIPROCAL EXCHANGE,Closed,PRIV-131514651,2018-12-26
2018,4,7.0,AIG PROPERTY CASUALTY COMPANY,Closed,APCG-131371775,2018-12-15
2018,4,7.4,LIBERTY COUNTY MUTUAL INSURANCE COMPANY,Closed,LBPM-131634003,2018-12-13
2018,4,8.0,AMICA PROPERTY AND CASUALTY INSURANCE COMPANY,Closed,AMMA-131525227,2018-12-01
2018,4,10.0,LIBERTY COUNTY MUTUAL INSURANCE COMPANY,Closed,LBPM-131589111,2018-11-13
2018,4,10.0,SENTRY SELECT INSURANCE COMPANY,Closed,VKNG-131654565,2018-12-10
2018,4,14.5,MIDVALE INDEMNITY COMPANY,Closed,HMSS-131451465,2018-10-15
2018,4,26.9,LIBERTY COUNTY MUTUAL INSURANCE COMPANY,Closed,LBPM-131576870,2018-12-30
2018,4,28.5,FOREMOST COUNTY MUTUAL INSURANCE COMPANY,Closed,FORE-130938941,2018-11-15
2019,1,-11.0,REDPOINT COUNTY MUTUAL INSURANCE COMPANY,Closed,SWCM-131756544,2019-01-14
2019,1,-8.0,UNITRIN COUNTY MUTUAL INSURANCE COMPANY,Closed,UTRN-131727161,2019-01-30
2019,1,-6.4,REDPOINT COUNTY MUTUAL INSURANCE COMPANY,Closed,SWCM-131820673,2019-03-14
2019,1,-5.2,OLD AMERICAN COUNTY MUTUAL FIRE INSURANCE COMPANY,Closed,OAMF-131770517,2019-02-01
2019,1,-4.3,STATE FARM MUTUAL AUTOMOBILE INSURANCE COMPANY,Closed,SFMA-131747985,2019-02-18
2019,1,-4.1,GEICO INDEMNITY COMPANY,Closed,GECC-131667174,2019-01-07
2019,1,-2.5,ACCC INSURANCE COMPANY,Closed,ACCC-131713816,2019-03-15
2019,1,-2.3,INFINITY COUNTY MUTUAL INSURANCE COMPANY,Closed,NFNT-131753497,2019-01-11
2019,1,-2.3,INFINITY COUNTY MUTUAL INSURANCE COMPANY,Closed,NFNT-131824548,2019-03-15
2019,1,-2.2,SAFE AUTO INSURANCE COMPANY,Closed,SAFE-131749436,2019-01-22
2019,1,-2.0,INFINITY COUNTY MUTUAL INSURANCE COMPANY,Closed,NFNT-131824695,2019-03-15
2019,1,-1.9,INFINITY COUNTY MUTUAL INSURANCE COMPANY,Closed,NFNT-131753378,2019-01-11
2019,1,-1.4,GERMANIA INSURANCE COMPANY,Closed,GEIN-131741668,2019-01-25
2019,1,-1.2,GERMANIA FIRE & CASUALTY COMPANY,Closed,GEIN-131741668,2019-01-25
2019,1,-1.1,HOME STATE COUNTY MUTUAL INSURANCE COMPANY,Closed,HMSG-131787567,2019-03-03
2019,1,-0.8,HOME STATE COUNTY MUTUAL INSURANCE COMPANY,Closed,HMSG-131781426,2019-01-25
2019,1,-0.3,STATE FARM COUNTY MUTUAL INSURANCE COMPANY OF TEXAS,Closed,SFMA-131747985,2019-02-18
2019,1,-0.2,REDPOINT COUNTY MUTUAL INSURANCE COMPANY,Closed,SWCM-131761570,2019-02-25
2019,1,-0.1,OLD AMERICAN COUNTY MUTUAL FIRE INSURANCE COMPANY,Closed,OAMF-131800578,2019-02-28
2019,1,0.0,ACCC INSURANCE COMPANY,Closed,ACCC-131764264,2019-02-15
2019,1,0.0,AIG PROPERTY CASUALTY COMPANY,Closed,APCG-131798958,2019-03-01
2019,1,0.0,AMICA MUTUAL INSURANCE COMPANY,Closed,AMMA-131636126,2019-01-01
2019,1,0.0,AMICA MUTUAL INSURANCE COMPANY,Closed,AMMA-131726776,2019-03-01
2019,1,0.0,AMICA PROPERTY AND CASUALTY INSURANCE COMPANY,Closed,AMMA-131636126,2019-01-01
2019,1,0.0,AMICA PROPERTY AND CASUALTY INSURANCE COMPANY,Closed,AMMA-131726776,2019-03-01
2019,1,0.0,AUTO CLUB COUNTY MUTUAL INSURANCE COMPANY,Closed,IACA-131764553,2019-01-01
2019,1,0.0,AUTO CLUB COUNTY MUTUAL INSURANCE COMPANY,Closed,IACA-131772399,2019-01-03
2019,1,0.0,BERKLEY INSURANCE COMPANY,Closed,BKON-131495561,2019-01-01
2019,1,0.0,BRISTOL WEST SPECIALTY INSURANCE COMPANY,Closed,BRWS-131795551,2019-01-22
2019,1,0.0,BRISTOL WEST SPECIALTY INSURANCE COMPANY,Closed,BRWS-131820115,2019-03-14
2019,1,0.0,"CAMBRIDGE MOBILE TELEMATICS, INC.",Closed,FRCS-131734485,2019-01-01
2019,1,0.0,"CINCINNATI INSURANCE COMPANY, THE",Closed,CNNB-131708340,2019-02-01
2019,1,0.0,COLONIAL COUNTY MUTUAL INSURANCE COMPANY,Closed,NWPP-131702835,2019-01-26
2019,1,0.0,CONSUMERS COUNTY MUTUAL INSURANCE COMPANY,Closed,TEXS-131742666,2019-03-24
2019,1,0.0,FARMERS PROPERTY AND CASUALTY INSURANCE COMPANY,Closed,METX-131376828,2019-01-05
2019,1,0.0,FARMERS TEXAS COUNTY MUTUAL INSURANCE COMPANY,Closed,FARM-131705014,2019-01-15
2019,1,0.0,FARMERS TEXAS COUNTY MUTUAL INSURANCE COMPANY,Closed,FARM-131709909,2019-01-15
2019,1,0.0,"FIRST ACCEPTANCE INSURANCE COMPANY, INC.",Closed,FRST-131472783,2019-02-07
2019,1,0.0,"FIRST ACCEPTANCE INSURANCE COMPANY, INC.",Closed,FRST-131785543,2019-03-27
2019,1,0.0,GEICO TEXAS COUNTY MUTUAL INSURANCE COMPANY,Closed,TRGR-131698696,2019-03-15
2019,1,0.0,GERMANIA SELECT INSURANCE COMPANY,Closed,GEIN-131741668,2019-01-25
2019,1,0.0,HOME STATE COUNTY MUTUAL INSURANCE COMPANY,Closed,HMSG-131613798,2019-01-14
2019,1,0.0,HOME STATE COUNTY MUTUAL INSURANCE COMPANY,Closed,HMSG-131682673,2019-01-07
2019,1,0.0,HOME STATE COUNTY MUTUAL INSURANCE COMPANY,Closed,HMSG-131683639,2019-01-07
2019,1,0.0,HOME STATE COUNTY MUTUAL INSURANCE COMPANY,Closed,HMSG-131709558,2019-01-03
2019,1,0.0,HOME STATE COUNTY MUTUAL INSURANCE COMPANY,Closed,HMSG-131716229,2019-01-01
2019,1,0.0,HOME STATE COUNTY MUTUAL INSURANCE COMPANY,Closed,HMSG-131735867,2019-01-10
2019,1,0.0,"INSURANCE SERVICES OFFICE, INC.",Closed,ISOF-131833681,2019-02-20
2019,1,0.0,"INSURANCE SERVICES OFFICE, INC.",Closed,ISOF-131833690,2019-02-20
2019,1,0.0,"INSURANCE SERVICES OFFICE, INC.",Closed,ISOF-131873855,2019-03-20
2019,1,0.0,"INSURANCE SERVICES OFFICE, INC.",Closed,ISOF-131875106,2019-03-21
2019,1,0.0,LIBERTY COUNTY MUTUAL INSURANCE COMPANY,Closed,LBPM-131645497,2019-02-13
2019,1,0.0,LIBERTY COUNTY MUTUAL INSURANCE COMPANY,Closed,LBPM-131646172,2019-02-13
2019,1,0.0,LIBERTY COUNTY MUTUAL INSURANCE COMPANY,Closed,LBPM-131646199,2019-02-13
2019,1,0.0,LIBERTY COUNTY MUTUAL INSURANCE COMPANY,Closed,LBPM-131717044,2019-02-13
2019,1,0.0,MERCURY COUNTY MUTUAL INSURANCE COMPANY,Closed,MERY-131660525,2019-01-05
2019,1,0.0,NATIONAL GENERAL ASSURANCE COMPANY,Closed,GMMX-131731753,2019-01-04
2019,1,0.0,NATIONAL GENERAL INSURANCE COMPANY,Closed,GMMX-131731912,2019-01-04
2019,1,0.0,NATIONAL GENERAL INSURANCE COMPANY,Closed,GMMX-131734944,2019-01-04
2019,1,0.0,OLD AMERICAN COUNTY MUTUAL FIRE INSURANCE COMPANY,Closed,OAMF-131724911,2019-01-03
2019,1,0.0,OLD AMERICAN COUNTY MUTUAL FIRE INSURANCE COMPANY,Closed,OAMF-131725935,2019-01-03
2019,1,0.0,OLD AMERICAN COUNTY MUTUAL FIRE INSURANCE COMPANY,Closed,OAMF-131769888,2019-02-01
2019,1,-0.0,OLD AMERICAN COUNTY MUTUAL FIRE INSURANCE COMPANY,Closed,OAMF-131801248,2019-02-28
2019,1,0.0,REDPOINT COUNTY MUTUAL INSURANCE COMPANY,Closed,SWCM-131731291,2019-03-31
2019,1,0.0,REDPOINT COUNTY MUTUAL INSURANCE COMPANY,Closed,SWCM-131745770,2019-02-01
2019,1,0.0,REDPOINT COUNTY MUTUAL INSURANCE COMPANY,Closed,SWCM-131763264,2019-01-01
2019,1,0.0,REDPOINT COUNTY MUTUAL INSURANCE COMPANY,Closed,SWCM-131784819,2019-02-01
2019,1,0.0,REDPOINT COUNTY MUTUAL INSURANCE COMPANY,Closed,SWCM-131814733,2019-02-15
2019,1,0.0,STATE FARM FIRE AND CASUALTY COMPANY,Closed,SFMA-131747985,2019-02-18
2019,1,0.0,STILLWATER INSURANCE COMPANY,Closed,FDLY-131769625,2019-02-01
2019,1,0.0,UNITRIN COUNTY MUTUAL INSURANCE COMPANY,Closed,UTRN-131469326,2019-01-03
2019,1,0.0,WINDHAVEN NATIONAL INSURANCE COMPANY,Closed,WDHV-131726405,2019-01-03
2019,1,0.1,HOME STATE COUNTY MUTUAL INSURANCE COMPANY,Closed,HMSG-131729245,2019-02-04
2019,1,0.1,HOME STATE COUNTY MUTUAL INSURANCE COMPANY,Closed,HMSG-131729985,2019-01-10
2019,1,0.1,STATE FARM COUNTY MUTUAL INSURANCE COMPANY OF TEXAS,Closed,SFMA-131616980,2019-01-01
2019,1,0.1,STATE FARM FIRE AND CASUALTY COMPANY,Closed,SFMA-131616980,2019-01-01
2019,1,0.1,STATE FARM MUTUAL AUTOMOBILE INSURANCE COMPANY,Closed,SFMA-131616980,2019-01-01
2019,1,0.6,OLD AMERICAN COUNTY MUTUAL FIRE INSURANCE COMPANY,Closed,OAMF-131780630,2019-02-06
2019,1,1.5,HALLMARK COUNTY MUTUAL INSURANCE COMPANY,Closed,PHXN-131780416,2019-02-18
2019,1,2.4,REDPOINT COUNTY MUTUAL INSURANCE COMPANY,Closed,SWCM-131734883,2019-01-01
2019,1,2.7,DIRECT GENERAL INSURANCE COMPANY,Closed,GMMX-131548830,2019-01-13
2019,1,2.7,FARMERS TEXAS COUNTY MUTUAL INSURANCE COMPANY,Closed,FARM-131749082,2019-01-18
2019,1,2.7,FARMERS TEXAS COUNTY MUTUAL INSURANCE COMPANY,Closed,FARM-131774255,2019-01-18
2019,1,3.0,OLD AMERICAN COUNTY MUTUAL FIRE INSURANCE COMPANY,Closed,OAMF-131547826,2019-01-13
2019,1,3.4,OLD AMERICAN COUNTY MUTUAL FIRE INSURANCE COMPANY,Closed,OAMF-131781178,2019-02-15
2019,1,3.4,OLD AMERICAN COUNTY MUTUAL FIRE INSURANCE COMPANY,Closed,OAMF-131783747,2019-02-15
2019,1,3.5,GEICO TEXAS COUNTY MUTUAL INSURANCE COMPANY,Closed,TRGR-131755332,2019-02-08
2019,1,3.5,HOME STATE COUNTY MUTUAL INSURANCE COMPANY,Closed,HMSG-131742809,2019-01-18
2019,1,3.6,TEXAS FARM BUREAU CASUALTY INSURANCE COMPANY,Closed,TXFB-131766592,2019-01-01
2019,1,3.9,TEXAS FARM BUREAU MUTUAL INSURANCE COMPANY,Closed,TXFB-131765390,2019-01-01
2019,1,4.0,TEXAS FARM BUREAU UNDERWRITERS,Closed,TXFB-131766625,2019-01-01
2019,1,4.2,REDPOINT COUNTY MUTUAL INSURANCE COMPANY,Closed,SWCM-131773857,2019-02-07
2019,1,4.3,OLD AMERICAN COUNTY MUTUAL FIRE INSURANCE COMPANY,Closed,OAMF-131827591,2019-03-15
2019,1,4.5,CHUBB LLOYDS INSURANCE COMPANY OF TEXAS,Closed,ACEH-131604700,2019-02-09
2019,1,4.5,VIGILANT INSURANCE COMPANY,Closed,ACEH-131604700,2019-02-09
2019,1,4.6,CHUBB NATIONAL INSURANCE COMPANY,Closed,ACEH-131604700,2019-02-09
2019,1,4.6,FEDERAL INSURANCE COMPANY,Closed,ACEH-131604700,2019-02-09
2019,1,4.8,GREAT NORTHERN INSURANCE COMPANY,Closed,ACEH-131604700,2019-02-09
2019,1,4.9,"CINCINNATI INSURANCE COMPANY, THE",Closed,CNNB-131496989,2019-01-01
2019,1,4.9,PACIFIC INDEMNITY COMPANY,Closed,ACEH-131604700,2019-02-09
2019,1,5.6,"GENERAL AUTOMOBILE INSURANCE COMPANY, INC., THE",Closed,PGAC-131733606,2019-01-07
2019,1,5.6,REDPOINT COUNTY MUTUAL INSURANCE COMPANY,Closed,SWCM-131776064,2019-02-15
2019,1,5.6,REDPOINT COUNTY MUTUAL INSURANCE COMPANY,Closed,SWCM-131782661,2019-03-15
2019,1,6.7,HOME STATE COUNTY MUTUAL INSURANCE COMPANY,Closed,HMSG-131684325,2019-01-01
2019,1,7.7,HOCHHEIM PRAIRIE CASUALTY INSURANCE COMPANY,Closed,HOCH-131636199,2019-01-01
2019,1,8.0,HALLMARK COUNTY MUTUAL INSURANCE COMPANY,Closed,PHXN-131596672,2019-01-01
2019,1,8.0,INTEGON INDEMNITY CORPORATION,Closed,GMMX-131753623,2019-01-18
2019,1,8.3,"FOREMOST INSURANCE COMPANY GRAND RAPIDS, MICHIGAN",Closed,FORE-131552149,2019-03-01
2019,1,9.1,PHARMACISTS INSURANCE COMPANY,Closed,PHAR-131751860,2019-03-01
2019,1,9.9,ALLSTATE PROPERTY AND CASUALTY INSURANCE COMPANY,Closed,ALSE-131733525,2019-01-24
2019,1,9.9,BANKERS STANDARD INSURANCE COMPANY,Closed,ACEH-131603219,2019-02-04
2019,1,10.9,ASSURANCEAMERICA INSURANCE COMPANY,Closed,ASRN-131649238,2019-01-05
2019,1,12.7,REDPOINT COUNTY MUTUAL INSURANCE COMPANY,Closed,SWCM-131773409,2019-02-01
2019,1,13.0,CENTRAL INSURANCE COMPANY,Closed,CEMC-131660858,2019-03-01
2019,1,13.0,CONCERT INSURANCE COMPANY,Closed,PERR-131769431,2019-01-01
2019,1,13.0,NATIONAL UNITY INSURANCE COMPANY,Closed,NUIC-131740716,2019-01-01
2019,1,13.0,REDPOINT COUNTY MUTUAL INSURANCE COMPANY,Closed,SWCM-131757855,2019-01-01
2019,1,13.0,"WOODLANDS INSURANCE COMPANY, THE",Closed,PERR-131769388,2019-01-01
2019,1,14.6,HOME STATE COUNTY MUTUAL INSURANCE COMPANY,Closed,HMSG-131798051,2019-03-30
2019,1,18.0,MARKEL AMERICAN INSURANCE COMPANY,Closed,MRKA-131699844,2019-03-22
2019,2,-10.0,HOME STATE COUNTY MUTUAL INSURANCE COMPANY,Closed,HMSG-131793431,2019-05-20
2019,2,-9.9,OLD AMERICAN COUNTY MUTUAL FIRE INSURANCE COMPANY,Closed,OAMF-131862418,2019-06-15
2019,2,-9.6,COLONIAL COUNTY MUTUAL INSURANCE COMPANY,Closed,NWPP-131735772,2019-04-05
2019,2,-9.6,OLD AMERICAN COUNTY MUTUAL FIRE INSURANCE COMPANY,Closed,OAMF-131862368,2019-06-15
2019,2,-6.8,FOREMOST COUNTY MUTUAL INSURANCE COMPANY,Closed,BRWS-131870735,2019-04-24
2019,2,-6.7,HOME STATE COUNTY MUTUAL INSURANCE COMPANY,Closed,HMSG-131851315,2019-06-15
2019,2,-5.0,REDPOINT COUNTY MUTUAL INSURANCE COMPANY,Closed,SWCM-131860288,2019-04-14
2019,2,-4.9,INFINITY COUNTY MUTUAL INSURANCE COMPANY,Closed,NFNT-131931268,2019-06-07
2019,2,-4.3,UNITRIN COUNTY MUTUAL INSURANCE COMPANY,Closed,UTRN-131858859,2019-05-08
2019,2,-3.5,"MGA INSURANCE COMPANY, INC.",Closed,GNSC-131826082,2019-04-01
2019,2,-3.3,HOME STATE COUNTY MUTUAL INSURANCE COMPANY,Closed,HMSG-131931363,2019-06-15
2019,2,-2.0,GOVERNMENT EMPLOYEES INSURANCE COMPANY,Closed,GECC-131829680,2019-06-03
2019,2,-2.0,PROGRESSIVE COUNTY MUTUAL INSURANCE COMPANY,Closed,PRGS-131851790,2019-04-25
2019,2,-1.9,LIBERTY COUNTY MUTUAL INSURANCE COMPANY,Closed,LBPM-131735321,2019-04-24
2019,2,-1.8,GEICO ADVANTAGE INSURANCE COMPANY,Closed,GECC-131829680,2019-06-03
2019,2,-1.8,GEICO INDEMNITY COMPANY,Closed,GECC-131829680,2019-06-03
2019,2,-1.7,FOREMOST COUNTY MUTUAL INSURANCE COMPANY,Closed,BRWS-131833803,2019-04-03
2019,2,-1.7,HOME STATE COUNTY MUTUAL INSURANCE COMPANY,Closed,HMSG-131835837,2019-04-01
2019,2,-1.7,OLD AMERICAN COUNTY MUTUAL FIRE INSURANCE COMPANY,Closed,OAMF-131877985,2019-05-01
2019,2,-1.6,GEICO CHOICE INSURANCE COMPANY,Closed,GECC-131829680,2019-06-03
2019,2,-1.6,GEICO COUNTY MUTUAL INSURANCE COMPANY,Closed,GECC-131829680,2019-06-03
2019,2,-1.6,GEICO SECURE INSURANCE COMPANY,Closed,GECC-131829680,2019-06-03
2019,2,-1.6,OLD AMERICAN COUNTY MUTUAL FIRE INSURANCE COMPANY,Closed,OAMF-131874320,2019-05-01
2019,2,-1.3,AMERICAN MODERN PROPERTY AND CASUALTY INSURANCE COMPANY,Closed,AMMH-131527154,2019-05-15
2019,2,-1.2,PROGRESSIVE COUNTY MUTUAL INSURANCE COMPANY,Closed,PRGS-131838489,2019-04-25
2019,2,-1.0,CHUBB LLOYDS INSURANCE COMPANY OF TEXAS,Closed,ACEH-131808701,2019-06-14
2019,2,-1.0,PACIFIC INDEMNITY COMPANY,Closed,ACEH-131808701,2019-06-14
2019,2,-0.9,VIGILANT INSURANCE COMPANY,Closed,ACEH-131808701,2019-06-14
2019,2,-0.7,GEICO TEXAS COUNTY MUTUAL INSURANCE COMPANY,Closed,TRGR-131870788,2019-05-10
2019,2,-0.4,FEDERAL INSURANCE COMPANY,Closed,ACEH-131808701,2019-06-14
2019,2,-0.4,GEICO GENERAL INSURANCE COMPANY,Closed,GECC-131812511,2019-05-20
2019,2,-0.4,GOVERNMENT EMPLOYEES INSURANCE COMPANY,Closed,GECC-131812511,2019-05-20
2019,2,-0.3,GEICO INDEMNITY COMPANY,Closed,GECC-131812511,2019-05-20
2019,2,-0.2,GREAT NORTHERN INSURANCE COMPANY,Closed,ACEH-131808701,2019-06-14
2019,2,-0.1,AMERICAN FAMILY CONNECT PROPERTY AND CASUALTY INSURANCE COMPANY,Closed,PRCA-131730894,2019-06-30
2019,2,-0.1,GEICO ADVANTAGE INSURANCE COMPANY,Closed,GECC-131812511,2019-05-20
2019,2,-0.1,GEICO COUNTY MUTUAL INSURANCE COMPANY,Closed,GECC-131812511,2019-05-20
2019,2,-0.1,GEICO SECURE INSURANCE COMPANY,Closed,GECC-131812511,2019-05-20
2019,2,-0.1,INFINITY COUNTY MUTUAL INSURANCE COMPANY,Closed,NFNT-131931205,2019-06-07
2019,2,0.0,AIG PROPERTY CASUALTY COMPANY,Closed,APCG-131744153,2019-04-15
2019,2,0.0,AIG PROPERTY CASUALTY COMPANY,Closed,APCG-131794999,2019-04-15
2019,2,0.0,AMERICAN ASSOCIATION OF INSURANCE SERVICES,Closed,AMAX-131794243,2019-04-01
2019,2,0.0,AMICA MUTUAL INSURANCE COMPANY,Closed,AMMA-131733694,2019-04-01
2019,2,0.0,AMICA PROPERTY AND CASUALTY INSURANCE COMPANY,Closed,AMMA-131733694,2019-04-01
2019,2,0.0,"ARITY, LLC",Closed,ALSE-131772310,2019-04-11
2019,2,0.0,ASSURANCEAMERICA INSURANCE COMPANY,Closed,ASRN-131885908,2019-04-15
2019,2,0.0,AUTO CLUB COUNTY MUTUAL INSURANCE COMPANY,Closed,IACA-131865469,2019-05-15
2019,2,0.0,CHUBB NATIONAL INSURANCE COMPANY,Closed,ACEH-131808701,2019-06-14
2019,2,0.0,COLONIAL COUNTY MUTUAL INSURANCE COMPANY,Closed,NWPP-131802804,2019-05-31
2019,2,0.0,COLONIAL COUNTY MUTUAL INSURANCE COMPANY,Closed,NWPP-131825602,2019-05-31
2019,2,0.0,COLONIAL COUNTY MUTUAL INSURANCE COMPANY,Closed,NWPP-131825634,2019-05-31
2019,2,0.0,DAIRYLAND COUNTY MUTUAL INSURANCE COMPANY OF TEXAS,Closed,VKNG-131855010,2019-04-16
2019,2,0.0,DIRECT GENERAL INSURANCE COMPANY,Closed,GMMX-131897453,2019-04-16
2019,2,0.0,ELEPHANT INSURANCE COMPANY,Closed,EINS-131835630,2019-05-25
2019,2,0.0,ESSENTIA INSURANCE COMPANY,Closed,ESSN-131914633,2019-05-15
2019,2,0.0,FARMERS TEXAS COUNTY MUTUAL INSURANCE COMPANY,Closed,FARM-131918774,2019-05-14
2019,2,0.0,GARRISON PROPERTY AND CASUALTY INSURANCE COMPANY,Closed,USAA-131782804,2019-05-11
2019,2,0.0,GEICO ADVANTAGE INSURANCE COMPANY,Closed,GECC-131854741,2019-04-04
2019,2,0.0,GEICO CHOICE INSURANCE COMPANY,Closed,GECC-131812511,2019-05-20
2019,2,0.0,GEICO CHOICE INSURANCE COMPANY,Closed,GECC-131854741,2019-04-04
2019,2,0.0,GEICO COUNTY MUTUAL INSURANCE COMPANY,Closed,GECC-131854741,2019-04-04
2019,2,0.0,GEICO SECURE INSURANCE COMPANY,Closed,GECC-131854741,2019-04-04
2019,2,0.0,GOVERNMENT EMPLOYEES INSURANCE COMPANY,Closed,GECC-131854741,2019-04-04
2019,2,0.0,HOME STATE COUNTY MUTUAL INSURANCE COMPANY,Closed,HMSG-131863167,2019-04-15
2019,2,0.0,HOME STATE COUNTY MUTUAL INSURANCE COMPANY,Closed,HMSG-131894449,2019-06-01
2019,2,0.0,HOME STATE COUNTY MUTUAL INSURANCE COMPANY,Closed,HMSG-131906484,2019-06-08
2019,2,0.0,HORACE MANN INSURANCE COMPANY,Closed,HRMN-131897994,2019-05-01
2019,2,0.0,HORACE MANN PROPERTY & CASUALTY INSURANCE COMPANY,Closed,HRMN-131897994,2019-05-01
2019,2,0.0,"INSURANCE SERVICES OFFICE, INC.",Closed,ISOF-131888621,2019-04-02
2019,2,0.0,LIBERTY COUNTY MUTUAL INSURANCE COMPANY,Closed,LBPM-131784808,2019-04-18
2019,2,0.0,LIBERTY COUNTY MUTUAL INSURANCE COMPANY,Closed,LBPM-131855304,2019-05-20
2019,2,0.0,OLD AMERICAN COUNTY MUTUAL FIRE INSURANCE COMPANY,Closed,OAMF-131922241,2019-05-01
2019,2,0.0,REDPOINT COUNTY MUTUAL INSURANCE COMPANY,Closed,SWCM-131757374,2019-04-01
2019,2,0.0,REDPOINT COUNTY MUTUAL INSURANCE COMPANY,Closed,SWCM-131836072,2019-05-25
2019,2,0.0,REDPOINT COUNTY MUTUAL INSURANCE COMPANY,Closed,SWCM-131836077,2019-05-25
2019,2,0.0,SAFE AUTO INSURANCE COMPANY,Closed,SAFE-131856627,2019-04-14
2019,2,0.0,TEACHERS INSURANCE COMPANY,Closed,HRMN-131897994,2019-05-01
2019,2,0.0,TEACHERS INSURANCE COMPANY,Closed,HRMN-131903610,2019-06-16
2019,2,0.0,UNITED SERVICES AUTOMOBILE ASSOCIATION,Closed,USAA-131782804,2019-05-11
2019,2,0.0,USAA CASUALTY INSURANCE COMPANY,Closed,USAA-131782804,2019-05-11
2019,2,0.0,USAA GENERAL INDEMNITY COMPANY,Closed,USAA-131782804,2019-05-11
2019,2,0.7,INFINITY COUNTY MUTUAL INSURANCE COMPANY,Closed,NFNT-131890238,2019-05-03
2019,2,0.7,LOYA INSURANCE COMPANY,Closed,PERR-131923113,2019-06-05
2019,2,0.8,ALINSCO INSURANCE COMPANY,Closed,AINS-131919282,2019-06-01
2019,2,1.0,ALLSTATE FIRE AND CASUALTY INSURANCE COMPANY,Closed,ALSE-131883821,2019-05-23
2019,2,1.1,FALCON INSURANCE COMPANY,Closed,FIGC-131937568,2019-06-28
2019,2,1.1,HOME STATE COUNTY MUTUAL INSURANCE COMPANY,Closed,HMSG-131901947,2019-05-03
2019,2,1.7,AMICA MUTUAL INSURANCE COMPANY,Closed,AMMA-131740971,2019-06-01
2019,2,1.7,AMICA PROPERTY AND CASUALTY INSURANCE COMPANY,Closed,AMMA-131740951,2019-06-01
2019,2,1.9,GEICO TEXAS COUNTY MUTUAL INSURANCE COMPANY,Closed,TRGR-131792377,2019-05-01
2019,2,1.9,GEICO TEXAS COUNTY MUTUAL INSURANCE COMPANY,Closed,TRGR-131801957,2019-05-01
2019,2,1.9,OLD AMERICAN COUNTY MUTUAL FIRE INSURANCE COMPANY,Closed,OAMF-131887835,2019-05-01
2019,2,2.1,REDPOINT COUNTY MUTUAL INSURANCE COMPANY,Closed,SWCM-131840632,2019-04-01
2019,2,2.2,ECONOMY FIRE & CASUALTY COMPANY,Closed,METX-131820054,2019-04-30
2019,2,2.5,HOME STATE COUNTY MUTUAL INSURANCE COMPANY,Closed,HMSG-131858498,2019-05-13
2019,2,3.2,GEICO TEXAS COUNTY MUTUAL INSURANCE COMPANY,Closed,TRGR-131884242,2019-06-01
2019,2,3.4,"RIVERSTONE INTERNATIONAL INSURANCE, INC.",Closed,ELEC-131899236,2019-06-18
2019,2,4.1,GERMANIA FIRE & CASUALTY COMPANY,Closed,GEIN-131830712,2019-05-01
2019,2,4.1,GERMANIA INSURANCE COMPANY,Closed,GEIN-131830712,2019-05-01
2019,2,4.1,GERMANIA SELECT INSURANCE COMPANY,Closed,GEIN-131830712,2019-05-01
2019,2,4.1,HOME STATE COUNTY MUTUAL INSURANCE COMPANY,Closed,HMSG-131846739,2019-05-01
2019,2,4.8,ENCOMPASS HOME AND AUTO INSURANCE COMPANY,Closed,ALSE-131838268,2019-04-11
2019,2,4.8,ENCOMPASS INDEMNITY COMPANY,Closed,ALSE-131837131,2019-04-11
2019,2,4.8,ENCOMPASS INSURANCE COMPANY OF AMERICA,Closed,ALSE-131838268,2019-04-11
2019,2,4.8,ENCOMPASS PROPERTY AND CASUALTY COMPANY,Closed,ALSE-131838268,2019-04-11
2019,2,5.2,TREXIS ONE INSURANCE CORPORATION,Closed,VSGP-131893929,2019-05-03
2019,2,7.0,HALLMARK COUNTY MUTUAL INSURANCE COMPANY,Closed,PHXN-131867770,2019-04-29
2019,2,7.4,LIBERTY COUNTY MUTUAL INSURANCE COMPANY,Closed,LBPM-131753046,2019-05-23
2019,2,9.3,ROOT INSURANCE COMPANY,Closed,CLIN-131776318,2019-06-08
2019,2,9.7,ALLSTATE PROPERTY AND CASUALTY INSURANCE COMPANY,Closed,ALSE-131883363,2019-05-23
2019,2,9.8,ALLSTATE INSURANCE COMPANY,Closed,ALSE-131883280,2019-05-23
2019,2,9.9,ALLSTATE INDEMNITY COMPANY,Closed,ALSE-131883339,2019-05-23
2019,2,12.0,REDPOINT COUNTY MUTUAL INSURANCE COMPANY,Closed,SWCM-131880949,2019-06-01
2019,2,12.9,REDPOINT COUNTY MUTUAL INSURANCE COMPANY,Closed,SWCM-131880881,2019-06-01
2019,2,15.5,UNITED FIRE & CASUALTY COMPANY,Closed,WWWW-131798245,2019-05-01
2019,2,15.5,UNITED FIRE & INDEMNITY COMPANY,Closed,WWWW-131798245,2019-05-01
2019,2,15.5,UNITED FIRE LLOYDS,Closed,WWWW-131798245,2019-05-01
2019,2,20.0,ALLSTATE COUNTY MUTUAL INSURANCE COMPANY,Closed,ALSE-131883726,2019-05-23
2019,3,-17.6,REDPOINT COUNTY MUTUAL INSURANCE COMPANY,Closed,SWCM-131958576,2019-07-01
2019,3,-6.9,GEICO INDEMNITY COMPANY,Closed,GECC-131891606,2019-07-22
2019,3,-6.8,HOME STATE COUNTY MUTUAL INSURANCE COMPANY,Closed,HMSG-132028189,2019-09-05
2019,3,-5.0,"CINCINNATI INSURANCE COMPANY, THE",Closed,CNNB-131774778,2019-07-01
2019,3,-5.0,"CINCINNATI INSURANCE COMPANY, THE",Closed,CNNB-131802714,2019-07-01
2019,3,-5.0,"CINCINNATI INSURANCE COMPANY, THE",Closed,CNNB-131802719,2019-07-01
2019,3,-5.0,"CINCINNATI INSURANCE COMPANY, THE",Closed,CNNB-131894525,2019-07-01
2019,3,-4.1,REDPOINT COUNTY MUTUAL INSURANCE COMPANY,Closed,SWCM-131960432,2019-07-01
2019,3,-4.1,REDPOINT COUNTY MUTUAL INSURANCE COMPANY,Closed,SWCM-131961396,2019-08-01
2019,3,-3.8,STATE FARM MUTUAL AUTOMOBILE INSURANCE COMPANY,Closed,SFMA-131989063,2019-08-26
2019,3,-3.3,OLD AMERICAN COUNTY MUTUAL FIRE INSURANCE COMPANY,Closed,OAMF-132036468,2019-09-10
2019,3,-2.5,HOME STATE COUNTY MUTUAL INSURANCE COMPANY,Closed,HMSG-132028374,2019-09-01
2019,3,-1.7,HOME STATE COUNTY MUTUAL INSURANCE COMPANY,Closed,HMSG-131976732,2019-08-15
2019,3,-1.4,OLD AMERICAN COUNTY MUTUAL FIRE INSURANCE COMPANY,Closed,OAMF-132029417,2019-09-01
2019,3,-1.1,AMERICAN ACCESS CASUALTY COMPANY,Closed,AACI-131977109,2019-08-19
2019,3,-0.7,WESTERN GENERAL AUTOMOBILE INSURANCE COMPANY,Closed,WGIA-132036841,2019-09-01
2019,3,-0.6,CONSUMERS COUNTY MUTUAL INSURANCE COMPANY,Closed,CCMC-131958540,2019-08-09
2019,3,-0.5,WINDHAVEN NATIONAL INSURANCE COMPANY,Closed,WDHV-131980652,2019-08-01
2019,3,-0.3,OLD AMERICAN COUNTY MUTUAL FIRE INSURANCE COMPANY,Closed,OAMF-132021473,2019-09-01
2019,3,-0.3,STATE FARM COUNTY MUTUAL INSURANCE COMPANY OF TEXAS,Closed,SFMA-131989063,2019-08-26
2019,3,-0.2,LIBERTY COUNTY MUTUAL INSURANCE COMPANY,Closed,LBPM-131926147,2019-08-31
2019,3,-0.2,MERCURY COUNTY MUTUAL INSURANCE COMPANY,Closed,MERY-131932632,2019-07-13
2019,3,-0.2,"RIVERSTONE INTERNATIONAL INSURANCE, INC.",Closed,ELEC-131744499,2019-08-01
2019,3,-0.2,"RIVERSTONE INTERNATIONAL INSURANCE, INC.",Closed,ELEC-131943746,2019-09-01
2019,3,0.0,"ACUITY, A MUTUAL INSURANCE COMPANY",Closed,ACUT-131840249,2019-08-25
2019,3,-0.0,ALINSCO INSURANCE COMPANY,Closed,AINS-131950139,2019-07-01
2019,3,0.0,ALINSCO INSURANCE COMPANY,Closed,AINS-132067525,2019-09-01
2019,3,0.0,ALLSTATE COUNTY MUTUAL INSURANCE COMPANY,Closed,ALSE-131691269,2019-08-03
2019,3,0.0,ALLSTATE COUNTY MUTUAL INSURANCE COMPANY,Closed,ALSE-131716290,2019-08-03
2019,3,0.0,ALLSTATE COUNTY MUTUAL INSURANCE COMPANY,Closed,ALSE-131985733,2019-07-01
2019,3,0.0,ALLSTATE FIRE AND CASUALTY INSURANCE COMPANY,Closed,ALSE-131689216,2019-08-03
2019,3,0.0,ALLSTATE FIRE AND CASUALTY INSURANCE COMPANY,Closed,ALSE-131953681,2019-08-03
2019,3,0.0,ALLSTATE FIRE AND CASUALTY INSURANCE COMPANY,Closed,ALSE-131966131,2019-08-01
2019,3,0.0,ALLSTATE FIRE AND CASUALTY INSURANCE COMPANY,Closed,ALSE-131985850,2019-07-01
2019,3,0.0,AMERICAN ACCESS CASUALTY COMPANY,Closed,AACI-132044244,2019-09-01
2019,3,0.0,AMERICAN BANKERS INSURANCE COMPANY OF FLORIDA,Closed,ASPX-132015153,2019-09-01
2019,3,0.0,AMERICAN MODERN LLOYD'S INSURANCE COMPANY,Closed,AMMH-132014001,2019-09-01
2019,3,0.0,AMERICAN MODERN PROPERTY AND CASUALTY INSURANCE COMPANY,Closed,AMMH-131887689,2019-08-13
2019,3,0.0,AMERICAN MODERN PROPERTY AND CASUALTY INSURANCE COMPANY,Closed,AMMH-132018956,2019-09-01
2019,3,0.0,AMERICAN MODERN PROPERTY AND CASUALTY INSURANCE COMPANY,Closed,AMMH-132019551,2019-09-01
2019,3,0.0,AMERICAN NATIONAL COUNTY MUTUAL INSURANCE COMPANY,Closed,ANPC-132017665,2019-09-01
2019,3,0.0,AMICA MUTUAL INSURANCE COMPANY,Closed,AMMA-131988388,2019-09-01
2019,3,0.0,AMICA PROPERTY AND CASUALTY INSURANCE COMPANY,Closed,AMMA-131988388,2019-09-01
2019,3,0.0,ANCHOR GENERAL INSURANCE COMPANY,Closed,AGIN-132031779,2019-09-01
2019,3,0.0,ASSURANCEAMERICA INSURANCE COMPANY,Closed,ASRN-132057234,2019-09-01
2019,3,0.0,AUTO CLUB COUNTY MUTUAL INSURANCE COMPANY,Closed,IACA-131970541,2019-09-01
2019,3,0.0,BRISTOL WEST SPECIALTY INSURANCE COMPANY,Closed,BRWS-131996969,2019-08-31
2019,3,0.0,"CINCINNATI CASUALTY COMPANY, THE",Closed,CNNB-131774952,2019-07-01
2019,3,0.0,"CINCINNATI CASUALTY COMPANY, THE",Closed,CNNB-131802714,2019-07-01
2019,3,0.0,"CINCINNATI CASUALTY COMPANY, THE",Closed,CNNB-131802719,2019-07-01
2019,3,0.0,"CINCINNATI INSURANCE COMPANY, THE",Closed,CNNB-131993429,2019-09-01
2019,3,0.0,COLONIAL COUNTY MUTUAL INSURANCE COMPANY,Closed,NWPP-131867118,2019-07-13
2019,3,0.0,COLONIAL COUNTY MUTUAL INSURANCE COMPANY,Closed,NWPP-131947183,2019-08-15
2019,3,0.0,CONCERT INSURANCE COMPANY,Closed,PERR-132054811,2019-09-01
2019,3,0.0,CONSUMERS COUNTY MUTUAL INSURANCE COMPANY,Closed,CCMC-132026295,2019-09-01
2019,3,0.0,DAIRYLAND COUNTY MUTUAL INSURANCE COMPANY OF TEXAS,Closed,VKNG-132023611,2019-09-01
2019,3,0.0,DAIRYLAND COUNTY MUTUAL INSURANCE COMPANY OF TEXAS,Closed,VKNG-132053293,2019-09-01
2019,3,0.0,ECONOMY PREFERRED INSURANCE COMPANY,Closed,METX-131820938,2019-07-18
2019,3,0.0,ECONOMY PREMIER ASSURANCE COMPANY,Closed,METX-131820938,2019-07-18
2019,3,0.0,ELEPHANT INSURANCE COMPANY,Closed,EINS-131808778,2019-07-13
2019,3,0.0,ELEPHANT INSURANCE COMPANY,Closed,EINS-131928429,2019-08-20
2019,3,0.0,ELEPHANT INSURANCE COMPANY,Closed,EINS-131980177,2019-09-17
2019,3,0.0,ELEPHANT INSURANCE COMPANY,Closed,EINS-132009381,2019-08-05
2019,3,0.0,ELEPHANT INSURANCE COMPANY,Closed,EINS-132024057,2019-09-01
2019,3,0.0,ENCOMPASS HOME AND AUTO INSURANCE COMPANY,Closed,ALSE-132042614,2019-09-01
2019,3,0.0,ENCOMPASS INDEMNITY COMPANY,Closed,ALSE-132036444,2019-09-26
2019,3,0.0,ENCOMPASS INDEMNITY COMPANY,Closed,ALSE-132042614,2019-09-01
2019,3,0.0,ENCOMPASS INSURANCE COMPANY OF AMERICA,Closed,ALSE-132042614,2019-09-01
2019,3,0.0,ENCOMPASS PROPERTY AND CASUALTY COMPANY,Closed,ALSE-132042614,2019-09-01
2019,3,0.0,ESSENTIA INSURANCE COMPANY,Closed,ESSN-132004248,2019-09-01
2019,3,0.0,FALCON INSURANCE COMPANY,Closed,FIGC-132010824,2019-09-01
2019,3,0.0,FARMERS LLOYDS INSURANCE COMPANY OF TEXAS,Closed,METX-131968093,2019-08-16
2019,3,0.0,FARMERS TEXAS COUNTY MUTUAL INSURANCE COMPANY,Closed,FARM-132011919,2019-09-30
2019,3,0.0,FARMERS TEXAS COUNTY MUTUAL INSURANCE COMPANY,Closed,FARM-132012063,2019-09-30
2019,3,0.0,"FIRST ACCEPTANCE INSURANCE COMPANY, INC.",Closed,FRST-132048036,2019-09-01
2019,3,0.0,FOREMOST COUNTY MUTUAL INSURANCE COMPANY,Closed,BRWS-132034542,2019-08-31
2019,3,0.0,GARRISON PROPERTY AND CASUALTY INSURANCE COMPANY,Closed,USAA-131952301,2019-07-22
2019,3,0.0,GARRISON PROPERTY AND CASUALTY INSURANCE COMPANY,Closed,USAA-131976161,2019-09-15
2019,3,0.0,GEICO TEXAS COUNTY MUTUAL INSURANCE COMPANY,Closed,TRGR-131942287,2019-08-09
2019,3,0.0,GEICO TEXAS COUNTY MUTUAL INSURANCE COMPANY,Closed,TRGR-131989840,2019-09-10
2019,3,0.0,GEICO TEXAS COUNTY MUTUAL INSURANCE COMPANY,Closed,TRGR-132070236,2019-09-05
2019,3,0.0,GEICO TEXAS COUNTY MUTUAL INSURANCE COMPANY,Closed,TRGR-132070843,2019-09-05
2019,3,0.0,GERMANIA FIRE & CASUALTY COMPANY,Closed,GEIN-132002491,2019-09-01
2019,3,0.0,GERMANIA INSURANCE COMPANY,Closed,GEIN-132002491,2019-09-01
2019,3,0.0,GERMANIA SELECT INSURANCE COMPANY,Closed,GEIN-132002491,2019-09-01
2019,3,0.0,GREAT MIDWEST INSURANCE COMPANY,Closed,DLSN-132025767,2019-09-01
2019,3,0.0,HALLMARK COUNTY MUTUAL INSURANCE COMPANY,Closed,PHXN-132018086,2019-09-01
2019,3,0.0,HOCHHEIM PRAIRIE CASUALTY INSURANCE COMPANY,Closed,HOCH-132001736,2019-09-01
2019,3,0.0,HOME STATE COUNTY MUTUAL INSURANCE COMPANY,Closed,HMSG-131858168,2019-09-01
2019,3,0.0,HOME STATE COUNTY MUTUAL INSURANCE COMPANY,Closed,HMSG-131955310,2019-08-16
2019,3,0.0,HOME STATE COUNTY MUTUAL INSURANCE COMPANY,Closed,HMSG-131955679,2019-07-01
2019,3,0.0,HOME STATE COUNTY MUTUAL INSURANCE COMPANY,Closed,HMSG-131956317,2019-07-05
2019,3,0.0,HOME STATE COUNTY MUTUAL INSURANCE COMPANY,Closed,HMSG-132001250,2019-09-01
2019,3,0.0,HOME STATE COUNTY MUTUAL INSURANCE COMPANY,Closed,HMSG-132029151,2019-08-13
2019,3,0.0,HOME STATE COUNTY MUTUAL INSURANCE COMPANY,Closed,HMSG-132058323,2019-09-01
2019,3,0.0,HOME STATE COUNTY MUTUAL INSURANCE COMPANY,Closed,HMSG-132058426,2019-09-01
2019,3,0.0,HOME STATE COUNTY MUTUAL INSURANCE COMPANY,Closed,HMSG-132058847,2019-09-01
2019,3,0.0,HOME STATE COUNTY MUTUAL INSURANCE COMPANY,Closed,HMSG-132059215,2019-09-01
2019,3,0.0,HOME STATE COUNTY MUTUAL INSURANCE COMPANY,Closed,HMSG-132059219,2019-09-01
2019,3,0.0,HOME STATE COUNTY MUTUAL INSURANCE COMPANY,Closed,HMSG-132059825,2019-09-01
2019,3,0.0,HOME STATE COUNTY MUTUAL INSURANCE COMPANY,Closed,HMSG-132060301,2019-09-01
2019,3,0.0,HOME STATE COUNTY MUTUAL INSURANCE COMPANY,Closed,HMSG-132060589,2019-09-01
2019,3,0.0,HOME STATE COUNTY MUTUAL INSURANCE COMPANY,Closed,HMSG-132061468,2019-09-01
2019,3,0.0,HOME STATE COUNTY MUTUAL INSURANCE COMPANY,Closed,HMSG-132061618,2019-09-01
2019,3,0.0,HOME STATE COUNTY MUTUAL INSURANCE COMPANY,Closed,HMSG-132061663,2019-09-01
2019,3,0.0,HOME STATE COUNTY MUTUAL INSURANCE COMPANY,Closed,HMSG-132061919,2019-09-01
2019,3,0.0,HOME STATE COUNTY MUTUAL INSURANCE COMPANY,Closed,HMSG-132061937,2019-09-01
2019,3,0.0,HOME STATE COUNTY MUTUAL INSURANCE COMPANY,Closed,HMSG-132062139,2019-09-01
2019,3,0.0,HOME STATE COUNTY MUTUAL INSURANCE COMPANY,Closed,HMSG-132063491,2019-09-01
2019,3,0.0,HOME STATE COUNTY MUTUAL INSURANCE COMPANY,Closed,HMSG-132063628,2019-09-01
2019,3,0.0,HOME STATE COUNTY MUTUAL INSURANCE COMPANY,Closed,HMSG-132064018,2019-09-01
2019,3,0.0,HOME STATE COUNTY MUTUAL INSURANCE COMPANY,Closed,HMSG-132064083,2019-09-01
2019,3,0.0,HOME STATE COUNTY MUTUAL INSURANCE COMPANY,Closed,HMSG-132064180,2019-09-01
2019,3,0.0,HOME STATE COUNTY MUTUAL INSURANCE COMPANY,Closed,HMSG-132064278,2019-09-01
2019,3,0.0,HOME STATE COUNTY MUTUAL INSURANCE COMPANY,Closed,HMSG-132064437,2019-09-01
2019,3,0.0,HOME STATE COUNTY MUTUAL INSURANCE COMPANY,Closed,HMSG-132064827,2019-09-01
2019,3,0.0,HOME STATE COUNTY MUTUAL INSURANCE COMPANY,Closed,HMSG-132066025,2019-09-01
2019,3,0.0,HOME STATE COUNTY MUTUAL INSURANCE COMPANY,Closed,HMSG-132066027,2019-09-01
2019,3,0.0,HOME STATE COUNTY MUTUAL INSURANCE COMPANY,Closed,HMSG-132066039,2019-09-01
2019,3,0.0,IMPERIUM INSURANCE COMPANY,Closed,DLSN-132025767,2019-09-01
2019,3,0.0,INCLINE CASUALTY COMPANY,Closed,AGWG-132014788,2019-09-01
2019,3,0.0,INFINITY COUNTY MUTUAL INSURANCE COMPANY,Closed,NFNT-132021833,2019-09-01
2019,3,0.0,INFINITY COUNTY MUTUAL INSURANCE COMPANY,Closed,NFNT-132028291,2019-09-01
2019,3,0.0,INFINITY COUNTY MUTUAL INSURANCE COMPANY,Closed,NFNT-132069585,2019-09-03
2019,3,0.0,INTEGON INDEMNITY CORPORATION,Closed,GMMX-131957012,2019-07-05
2019,3,0.0,INTEGON INDEMNITY CORPORATION,Closed,GMMX-132002299,2019-09-01
2019,3,0.0,INTEGON INDEMNITY CORPORATION,Closed,GMMX-132006914,2019-08-01
2019,3,0.0,LIBERTY COUNTY MUTUAL INSURANCE COMPANY,Closed,LBPM-131252718,2019-09-25
2019,3,0.0,LOYA INSURANCE COMPANY,Closed,PERR-132046904,2019-09-01
2019,3,0.0,MARKEL AMERICAN INSURANCE COMPANY,Closed,MRKA-132004741,2019-09-01
2019,3,0.0,"MGA INSURANCE COMPANY, INC.",Closed,GNSC-132032021,2019-09-01
2019,3,0.0,NATIONAL GENERAL ASSURANCE COMPANY,Closed,GMMX-132002837,2019-09-01
2019,3,0.0,NATIONAL GENERAL INSURANCE COMPANY,Closed,GMMX-132003375,2019-09-01
2019,3,0.0,NATIONWIDE MUTUAL INSURANCE COMPANY,Closed,NWPP-131867118,2019-07-13
2019,3,0.0,NATIONWIDE MUTUAL INSURANCE COMPANY,Closed,NWSP-132004633,2019-09-01
2019,3,0.0,OLD AMERICAN COUNTY MUTUAL FIRE INSURANCE COMPANY,Closed,OAMF-131991217,2019-07-01
2019,3,0.0,OLD AMERICAN COUNTY MUTUAL FIRE INSURANCE COMPANY,Closed,OAMF-131997385,2019-08-15
2019,3,0.0,OLD AMERICAN COUNTY MUTUAL FIRE INSURANCE COMPANY,Closed,OAMF-131997552,2019-08-15
2019,3,0.0,OLD AMERICAN COUNTY MUTUAL FIRE INSURANCE COMPANY,Closed,OAMF-132026106,2019-09-01
2019,3,0.0,OLD AMERICAN COUNTY MUTUAL FIRE INSURANCE COMPANY,Closed,OAMF-132029873,2019-09-01
2019,3,0.0,OLD AMERICAN COUNTY MUTUAL FIRE INSURANCE COMPANY,Closed,OAMF-132030740,2019-09-01
2019,3,0.0,OLD AMERICAN COUNTY MUTUAL FIRE INSURANCE COMPANY,Closed,OAMF-132042442,2019-09-01
2019,3,0.0,OLD AMERICAN COUNTY MUTUAL FIRE INSURANCE COMPANY,Closed,OAMF-132042543,2019-09-01
2019,3,0.0,OLD AMERICAN COUNTY MUTUAL FIRE INSURANCE COMPANY,Closed,OAMF-132045875,2019-09-01
2019,3,0.0,OLD AMERICAN COUNTY MUTUAL FIRE INSURANCE COMPANY,Closed,OAMF-132047364,2019-09-01
2019,3,0.0,OLD AMERICAN COUNTY MUTUAL FIRE INSURANCE COMPANY,Closed,OAMF-132055306,2019-09-01
2019,3,0.0,OLD AMERICAN COUNTY MUTUAL FIRE INSURANCE COMPANY,Closed,OAMF-132055431,2019-09-01
2019,3,0.0,OLD AMERICAN COUNTY MUTUAL FIRE INSURANCE COMPANY,Closed,OAMF-132057340,2019-09-01
2019,3,0.0,OLD AMERICAN COUNTY MUTUAL FIRE INSURANCE COMPANY,Closed,OAMF-132058551,2019-09-01
2019,3,0.0,OLD AMERICAN COUNTY MUTUAL FIRE INSURANCE COMPANY,Closed,OAMF-132058731,2019-09-01
2019,3,0.0,OLD AMERICAN COUNTY MUTUAL FIRE INSURANCE COMPANY,Closed,OAMF-132058881,2019-09-01
2019,3,0.0,OLD AMERICAN COUNTY MUTUAL FIRE INSURANCE COMPANY,Closed,OAMF-132060012,2019-09-01
2019,3,0.0,OLD AMERICAN COUNTY MUTUAL FIRE INSURANCE COMPANY,Closed,OAMF-132060064,2019-09-01
2019,3,0.0,OLD AMERICAN COUNTY MUTUAL FIRE INSURANCE COMPANY,Closed,OAMF-132060175,2019-09-01
2019,3,0.0,OLD AMERICAN COUNTY MUTUAL FIRE INSURANCE COMPANY,Closed,OAMF-132062163,2019-09-01
2019,3,0.0,OLD AMERICAN COUNTY MUTUAL FIRE INSURANCE COMPANY,Closed,OAMF-132062258,2019-09-01
2019,3,0.0,OLD AMERICAN COUNTY MUTUAL FIRE INSURANCE COMPANY,Closed,OAMF-132062492,2019-09-01
2019,3,0.0,OLD AMERICAN COUNTY MUTUAL FIRE INSURANCE COMPANY,Closed,OAMF-132062896,2019-09-01
2019,3,0.0,OLD AMERICAN COUNTY MUTUAL FIRE INSURANCE COMPANY,Closed,OAMF-132062924,2019-09-01
2019,3,0.0,OLD AMERICAN COUNTY MUTUAL FIRE INSURANCE COMPANY,Closed,OAMF-132063002,2019-09-01
2019,3,0.0,OLD AMERICAN COUNTY MUTUAL FIRE INSURANCE COMPANY,Closed,OAMF-132063031,2019-09-01
2019,3,0.0,OLD AMERICAN COUNTY MUTUAL FIRE INSURANCE COMPANY,Closed,OAMF-132063599,2019-09-01
2019,3,0.0,OLD AMERICAN COUNTY MUTUAL FIRE INSURANCE COMPANY,Closed,OAMF-132063671,2019-09-01
2019,3,0.0,OLD AMERICAN COUNTY MUTUAL FIRE INSURANCE COMPANY,Closed,OAMF-132063700,2019-09-01
2019,3,0.0,OLD AMERICAN COUNTY MUTUAL FIRE INSURANCE COMPANY,Closed,OAMF-132066187,2019-09-02
2019,3,0.0,OLD AMERICAN COUNTY MUTUAL FIRE INSURANCE COMPANY,Closed,OAMF-132066405,2019-09-01
2019,3,0.0,OLD AMERICAN COUNTY MUTUAL FIRE INSURANCE COMPANY,Closed,OAMF-132066576,2019-09-11
2019,3,0.0,OLD AMERICAN COUNTY MUTUAL FIRE INSURANCE COMPANY,Closed,OAMF-132067067,2019-09-01
2019,3,0.0,OLD AMERICAN COUNTY MUTUAL FIRE INSURANCE COMPANY,Closed,OAMF-132067094,2019-09-01
2019,3,0.0,OLD AMERICAN COUNTY MUTUAL FIRE INSURANCE COMPANY,Closed,OAMF-132067263,2019-09-01
2019,3,0.0,OLD AMERICAN COUNTY MUTUAL FIRE INSURANCE COMPANY,Closed,OAMF-132067407,2019-09-01
2019,3,0.0,PHILADELPHIA INDEMNITY INSURANCE COMPANY,Closed,PHLX-131986925,2019-07-15
2019,3,0.0,PHILADELPHIA INDEMNITY INSURANCE COMPANY,Closed,PHLX-132047392,2019-09-01
2019,3,0.0,QUALITAS INSURANCE COMPANY,Closed,PERR-132050548,2019-09-01
2019,3,0.0,REDPOINT COUNTY MUTUAL INSURANCE COMPANY,Closed,SWCM-131808809,2019-07-13
2019,3,0.0,REDPOINT COUNTY MUTUAL INSURANCE COMPANY,Closed,SWCM-131808818,2019-07-13
2019,3,0.0,REDPOINT COUNTY MUTUAL INSURANCE COMPANY,Closed,SWCM-131930443,2019-08-20
2019,3,0.0,REDPOINT COUNTY MUTUAL INSURANCE COMPANY,Closed,SWCM-131930594,2019-08-20
2019,3,0.0,REDPOINT COUNTY MUTUAL INSURANCE COMPANY,Closed,SWCM-131984153,2019-09-17
2019,3,0.0,REDPOINT COUNTY MUTUAL INSURANCE COMPANY,Closed,SWCM-131984883,2019-09-17
2019,3,0.0,REDPOINT COUNTY MUTUAL INSURANCE COMPANY,Closed,SWCM-131993364,2019-09-01
2019,3,0.0,REDPOINT COUNTY MUTUAL INSURANCE COMPANY,Closed,SWCM-132009676,2019-08-05
2019,3,0.0,REDPOINT COUNTY MUTUAL INSURANCE COMPANY,Closed,SWCM-132009689,2019-08-05
2019,3,0.0,REDPOINT COUNTY MUTUAL INSURANCE COMPANY,Closed,SWCM-132013191,2019-09-01
2019,3,0.0,REDPOINT COUNTY MUTUAL INSURANCE COMPANY,Closed,SWCM-132024190,2019-09-01
2019,3,0.0,REDPOINT COUNTY MUTUAL INSURANCE COMPANY,Closed,SWCM-132024789,2019-09-01
2019,3,0.0,REDPOINT COUNTY MUTUAL INSURANCE COMPANY,Closed,SWCM-132025264,2019-09-01
2019,3,0.0,REDPOINT COUNTY MUTUAL INSURANCE COMPANY,Closed,SWCM-132027326,2019-09-01
2019,3,0.0,REDPOINT COUNTY MUTUAL INSURANCE COMPANY,Closed,SWCM-132027367,2019-09-01
2019,3,0.0,REDPOINT COUNTY MUTUAL INSURANCE COMPANY,Closed,SWCM-132028467,2019-09-01
2019,3,0.0,REDPOINT COUNTY MUTUAL INSURANCE COMPANY,Closed,SWCM-132030370,2019-09-01
2019,3,0.0,REDPOINT COUNTY MUTUAL INSURANCE COMPANY,Closed,SWCM-132036929,2019-09-01
2019,3,0.0,REDPOINT COUNTY MUTUAL INSURANCE COMPANY,Closed,SWCM-132041951,2019-09-01
2019,3,0.0,REDPOINT COUNTY MUTUAL INSURANCE COMPANY,Closed,SWCM-132041990,2019-09-01
2019,3,0.0,REDPOINT COUNTY MUTUAL INSURANCE COMPANY,Closed,SWCM-132044841,2019-09-01
2019,3,0.0,REDPOINT COUNTY MUTUAL INSURANCE COMPANY,Closed,SWCM-132051035,2019-09-01
2019,3,0.0,REDPOINT COUNTY MUTUAL INSURANCE COMPANY,Closed,SWCM-132075042,2019-09-06
2019,3,0.0,REDPOINT COUNTY MUTUAL INSURANCE COMPANY,Closed,SWCM-132077980,2019-09-10
2019,3,0.0,SAFE AUTO INSURANCE COMPANY,Closed,SAFE-132000893,2019-09-10
2019,3,0.0,SENTRY SELECT INSURANCE COMPANY,Closed,VKNG-132023573,2019-09-01
2019,3,0.0,STATE AUTO PROPERTY & CASUALTY INSURANCE COMPANY,Closed,STAT-132001418,2019-09-16
2019,3,0.0,STATE AUTO PROPERTY & CASUALTY INSURANCE COMPANY,Closed,STAT-132074270,2019-09-16
2019,3,0.0,STATE FARM COUNTY MUTUAL INSURANCE COMPANY OF TEXAS,Closed,SFMA-131858989,2019-07-01
2019,3,0.0,STATE FARM FIRE AND CASUALTY COMPANY,Closed,SFMA-131858989,2019-07-01
2019,3,0.0,STATE FARM FIRE AND CASUALTY COMPANY,Closed,SFMA-131989063,2019-08-26
2019,3,0.0,STATE FARM MUTUAL AUTOMOBILE INSURANCE COMPANY,Closed,SFMA-131858989,2019-07-01
2019,3,0.0,STILLWATER INSURANCE COMPANY,Closed,FDLY-131902025,2019-07-01
2019,3,0.0,STILLWATER INSURANCE COMPANY,Closed,FDLY-132056015,2019-09-01
2019,3,0.0,TREXIS ONE INSURANCE CORPORATION,Closed,VSGP-132065768,2019-09-01
2019,3,0.0,TRINITY UNIVERSAL INSURANCE COMPANY,Closed,KEMP-131683927,2019-09-01
2019,3,0.0,UNITED FIRE & INDEMNITY COMPANY,Closed,UNFG-132169426,2019-09-01
2019,3,0.0,UNITED SERVICES AUTOMOBILE ASSOCIATION,Closed,USAA-131952301,2019-07-22
2019,3,0.0,UNITED SERVICES AUTOMOBILE ASSOCIATION,Closed,USAA-131976161,2019-09-15
2019,3,-0.0,UNITRIN COUNTY MUTUAL INSURANCE COMPANY,Closed,UTRN-131981476,2019-08-21
2019,3,0.0,UNITRIN COUNTY MUTUAL INSURANCE COMPANY,Closed,UTRN-132025943,2019-09-01
2019,3,0.0,USAA CASUALTY INSURANCE COMPANY,Closed,USAA-131952301,2019-07-22
2019,3,0.0,USAA CASUALTY INSURANCE COMPANY,Closed,USAA-131976161,2019-09-15
2019,3,0.0,USAA GENERAL INDEMNITY COMPANY,Closed,USAA-131952301,2019-07-22
2019,3,0.0,USAA GENERAL INDEMNITY COMPANY,Closed,USAA-131976161,2019-09-15
2019,3,0.0,VISION INSURANCE COMPANY,Closed,PERR-132046806,2019-09-01
2019,3,0.0,WESTERN GENERAL AUTOMOBILE INSURANCE COMPANY,Closed,WGIA-132021625,2019-09-01
2019,3,0.0,WINDHAVEN NATIONAL INSURANCE COMPANY,Closed,WDHV-132051197,2019-09-01
2019,3,0.0,"WOODLANDS INSURANCE COMPANY, THE",Closed,PERR-132057274,2019-09-01
2019,3,0.0,XL SPECIALTY INSURANCE COMPANY,Closed,XLAM-131935368,2019-09-01
2019,3,0.0,YOUNG AMERICA INSURANCE COMPANY,Closed,PERR-132046906,2019-09-01
2019,3,0.1,HOME STATE COUNTY MUTUAL INSURANCE COMPANY,Closed,HMSG-131826889,2019-08-25
2019,3,0.1,MIDVALE INDEMNITY COMPANY,Closed,HMSS-132001058,2019-09-01
2019,3,0.2,"MGA INSURANCE COMPANY, INC.",Closed,GNSC-131995009,2019-08-12
2019,3,0.2,"MGA INSURANCE COMPANY, INC.",Closed,GNSC-132032126,2019-09-01
2019,3,0.3,U S LLOYDS INSURANCE COMPANY,Closed,USLL-132023076,2019-09-01
2019,3,0.5,CONCERT INSURANCE COMPANY,Closed,PERR-132068160,2019-09-01
2019,3,0.5,REDPOINT COUNTY MUTUAL INSURANCE COMPANY,Closed,SWCM-132055633,2019-09-01
2019,3,0.6,NATIONAL UNITY INSURANCE COMPANY,Closed,NUIC-132052509,2019-09-01
2019,3,0.6,"WOODLANDS INSURANCE COMPANY, THE",Closed,PERR-132068719,2019-09-01
2019,3,0.9,HOME STATE COUNTY MUTUAL INSURANCE COMPANY,Closed,HMSG-132060186,2019-09-01
2019,3,1.0,AMERICAN NATIONAL COUNTY MUTUAL INSURANCE COMPANY,Closed,ANPC-131895016,2019-08-16
2019,3,1.0,REDPOINT COUNTY MUTUAL INSURANCE COMPANY,Closed,SWCM-131905797,2019-07-01
2019,3,1.5,FARMERS TEXAS COUNTY MUTUAL INSURANCE COMPANY,Closed,FARM-131985645,2019-07-23
2019,3,1.5,FARMERS TEXAS COUNTY MUTUAL INSURANCE COMPANY,Closed,FARM-132014371,2019-07-23
2019,3,2.0,REDPOINT COUNTY MUTUAL INSURANCE COMPANY,Closed,SWCM-131905784,2019-07-01
2019,3,2.9,GENERAL INSURANCE COMPANY OF AMERICA,Closed,LBPM-131782924,2019-07-03
2019,3,2.9,SAFECO INSURANCE COMPANY OF AMERICA,Closed,LBPM-131782924,2019-07-03
2019,3,2.9,SAFECO INSURANCE COMPANY OF ILLINOIS,Closed,LBPM-131782924,2019-07-03
2019,3,2.9,SAFECO LLOYDS INSURANCE COMPANY,Closed,LBPM-131782924,2019-07-03
2019,3,4.6,ELEPHANT INSURANCE COMPANY,Closed,EINS-131905800,2019-07-01
2019,3,4.9,INCLINE CASUALTY COMPANY,Closed,AGWG-131949941,2019-08-01
2019,3,5.0,COLONIAL COUNTY MUTUAL INSURANCE COMPANY,Closed,NWPP-131914551,2019-07-23
2019,3,5.0,ESURANCE INSURANCE COMPANY,Closed,ESUR-131901131,2019-07-11
2019,3,6.7,HOME STATE COUNTY MUTUAL INSURANCE COMPANY,Closed,HMSG-131973921,2019-07-15
2019,3,6.7,HOME STATE COUNTY MUTUAL INSURANCE COMPANY,Closed,HMSG-132019990,2019-08-23
2019,3,7.2,HOME STATE COUNTY MUTUAL INSURANCE COMPANY,Closed,HMSG-131914495,2019-07-11
2019,3,8.4,REDPOINT COUNTY MUTUAL INSURANCE COMPANY,Closed,PERR-131996588,2019-07-30
2019,3,10.5,"FOREMOST INSURANCE COMPANY GRAND RAPIDS, MICHIGAN",Closed,FORE-131849960,2019-09-01
2019,3,16.2,"FOREMOST INSURANCE COMPANY GRAND RAPIDS, MICHIGAN",Closed,FORE-131849817,2019-09-01
2019,4,-11.1,ROOT INSURANCE COMPANY,Closed,CLIN-132072822,2019-10-30
2019,4,-9.7,REDPOINT COUNTY MUTUAL INSURANCE COMPANY,Closed,SWCM-132013966,2019-10-01
2019,4,-9.6,ANCHOR GENERAL INSURANCE COMPANY,Closed,AGIN-132086439,2019-11-11
2019,4,-5.4,HOME STATE COUNTY MUTUAL INSURANCE COMPANY,Closed,HMSG-132082539,2019-10-15
2019,4,-3.6,INFINITY COUNTY MUTUAL INSURANCE COMPANY,Closed,NFNT-132111393,2019-11-08
2019,4,-3.4,REDPOINT COUNTY MUTUAL INSURANCE COMPANY,Closed,SWCM-132090858,2019-11-24
2019,4,-3.0,HOME STATE COUNTY MUTUAL INSURANCE COMPANY,Closed,HMSG-132129648,2019-11-10
2019,4,-2.8,INFINITY COUNTY MUTUAL INSURANCE COMPANY,Closed,NFNT-132111387,2019-11-08
2019,4,-2.3,OLD AMERICAN COUNTY MUTUAL FIRE INSURANCE COMPANY,Closed,OAMF-132137039,2019-11-01
2019,4,-2.3,REDPOINT COUNTY MUTUAL INSURANCE COMPANY,Closed,SWCM-132090813,2019-11-24
2019,4,-2.2,STATE FARM COUNTY MUTUAL INSURANCE COMPANY OF TEXAS,Closed,SFMA-132130416,2019-12-16
2019,4,-1.9,AMERICAN ACCESS CASUALTY COMPANY,Closed,AACI-132095845,2019-12-09
2019,4,-1.6,STATE FARM MUTUAL AUTOMOBILE INSURANCE COMPANY,Closed,SFMA-132130416,2019-12-16
2019,4,-1.3,ELEPHANT INSURANCE COMPANY,Closed,EINS-132090619,2019-11-24
2019,4,-1.3,LIBERTY COUNTY MUTUAL INSURANCE COMPANY,Closed,LBPM-132017091,2019-11-22
2019,4,-1.1,GEICO ADVANTAGE INSURANCE COMPANY,Closed,GECC-132023881,2019-11-25
2019,4,-1.1,GEICO CHOICE INSURANCE COMPANY,Closed,GECC-132023881,2019-11-25
2019,4,-1.1,GEICO COUNTY MUTUAL INSURANCE COMPANY,Closed,GECC-132023881,2019-11-25
2019,4,-1.1,GEICO SECURE INSURANCE COMPANY,Closed,GECC-132023881,2019-11-25
2019,4,-0.7,REDPOINT COUNTY MUTUAL INSURANCE COMPANY,Closed,SWCM-132162028,2019-12-21
2019,4,-0.6,REDPOINT COUNTY MUTUAL INSURANCE COMPANY,Closed,SWCM-132121789,2019-12-01
2019,4,-0.3,FOREMOST COUNTY MUTUAL INSURANCE COMPANY,Closed,BRWS-132125957,2019-12-26
2019,4,0.0,21ST CENTURY CENTENNIAL INSURANCE COMPANY,Closed,AGMK-132118274,2019-11-21
2019,4,0.0,ACCC INSURANCE COMPANY,Closed,ACCC-132083293,2019-12-01
2019,4,0.0,ALLIED PROPERTY AND CASUALTY INSURANCE COMPANY,Closed,NWPP-132135696,2019-12-04
2019,4,0.0,ALLSTATE COUNTY MUTUAL INSURANCE COMPANY,Closed,ALSE-132075895,2019-10-31
2019,4,0.0,ALLSTATE COUNTY MUTUAL INSURANCE COMPANY,Closed,ALSE-132097903,2019-11-28
2019,4,0.0,ALLSTATE COUNTY MUTUAL INSURANCE COMPANY,Closed,ALSE-132097954,2019-11-28
2019,4,0.0,ALLSTATE COUNTY MUTUAL INSURANCE COMPANY,Closed,ALSE-132097992,2019-11-28
2019,4,0.0,ALLSTATE COUNTY MUTUAL INSURANCE COMPANY,Closed,ALSE-132098022,2019-11-28
2019,4,0.0,ALLSTATE FIRE AND CASUALTY INSURANCE COMPANY,Closed,ALSE-132076062,2019-10-31
2019,4,0.0,ALLSTATE FIRE AND CASUALTY INSURANCE COMPANY,Closed,ALSE-132106009,2019-11-28
2019,4,0.0,ALLSTATE FIRE AND CASUALTY INSURANCE COMPANY,Closed,ALSE-132254622,2019-11-28
2019,4,0.0,ALLSTATE INDEMNITY COMPANY,Closed,ALSE-132076060,2019-10-31
2019,4,0.0,ALLSTATE INDEMNITY COMPANY,Closed,ALSE-132097554,2019-11-28
2019,4,0.0,ALLSTATE INSURANCE COMPANY,Closed,ALSE-132076052,2019-10-31
2019,4,0.0,ALLSTATE INSURANCE COMPANY,Closed,ALSE-132097621,2019-11-28
2019,4,0.0,ALLSTATE INSURANCE COMPANY,Closed,ALSE-132098059,2019-11-28
2019,4,0.0,ALLSTATE INSURANCE COMPANY,Closed,ALSE-132105499,2019-11-28
2019,4,0.0,ALLSTATE PROPERTY AND CASUALTY INSURANCE COMPANY,Closed,ALSE-132075997,2019-10-31
2019,4,0.0,ALLSTATE PROPERTY AND CASUALTY INSURANCE COMPANY,Closed,ALSE-132097702,2019-11-28
2019,4,0.0,ALLSTATE PROPERTY AND CASUALTY INSURANCE COMPANY,Closed,ALSE-132098081,2019-11-28
2019,4,0.0,ALLSTATE PROPERTY AND CASUALTY INSURANCE COMPANY,Closed,ALSE-132098165,2019-11-28
2019,4,0.0,AMERICAN FAMILY CONNECT PROPERTY AND CASUALTY INSURANCE COMPANY,Closed,PRCA-132054797,2019-11-03
2019,4,0.0,AMERICAN MODERN PROPERTY AND CASUALTY INSURANCE COMPANY,Closed,AMMH-131851354,2019-10-18
2019,4,0.0,AMICA MUTUAL INSURANCE COMPANY,Closed,AMMA-131956372,2019-11-01
2019,4,0.0,AMICA PROPERTY AND CASUALTY INSURANCE COMPANY,Closed,AMMA-131956372,2019-11-01
2019,4,0.0,"AUTOMOBILE INSURANCE COMPANY OF HARTFORD, CONNECTICUT, THE",Closed,TRVD-132085501,2019-11-24
2019,4,0.0,CENTRAL INSURANCE COMPANY,Closed,CEMC-132068164,2019-11-01
2019,4,0.0,"CHARTER OAK FIRE INSURANCE COMPANY, THE",Closed,TRVD-132086331,2019-11-24
2019,4,0.0,CHUBB LLOYDS INSURANCE COMPANY OF TEXAS,Closed,ACEH-132026657,2019-10-31
2019,4,0.0,CHUBB NATIONAL INSURANCE COMPANY,Closed,ACEH-132026657,2019-10-31
2019,4,0.0,"CINCINNATI CASUALTY COMPANY, THE",Closed,CNNB-131897778,2019-10-01
2019,4,0.0,"CINCINNATI CASUALTY COMPANY, THE",Closed,CNNB-132003789,2019-10-01
2019,4,0.0,CLEAR SPRING PROPERTY AND CASUALTY COMPANY,Closed,WESA-131785618,2019-10-01
2019,4,0.0,CLEARCOVER INSURANCE COMPANY,Closed,WESA-132128952,2019-11-25
2019,4,0.0,COLONIAL COUNTY MUTUAL INSURANCE COMPANY,Closed,NWPP-131895377,2019-10-09
2019,4,0.0,COLONIAL COUNTY MUTUAL INSURANCE COMPANY,Closed,NWPP-132049167,2019-11-08
2019,4,0.0,COLONIAL COUNTY MUTUAL INSURANCE COMPANY,Closed,NWPP-132049175,2019-11-08
2019,4,0.0,COLONIAL COUNTY MUTUAL INSURANCE COMPANY,Closed,NWPP-132135696,2019-12-04
2019,4,0.0,COLONIAL COUNTY MUTUAL INSURANCE COMPANY,Closed,NWPP-132147962,2019-11-08
2019,4,0.0,CONSUMERS COUNTY MUTUAL INSURANCE COMPANY,Closed,CCMC-132090164,2019-11-24
2019,4,0.0,CRESTBROOK INSURANCE COMPANY,Closed,NWPP-132067120,2019-10-30
2019,4,0.0,DAIRYLAND COUNTY MUTUAL INSURANCE COMPANY OF TEXAS,Closed,VKNG-132148719,2019-11-17
2019,4,0.0,DIRECT GENERAL INSURANCE COMPANY,Closed,GMMX-132098509,2019-11-22
2019,4,0.0,DIRECT GENERAL INSURANCE COMPANY,Closed,GMMX-132160385,2019-12-28
2019,4,0.0,ECONOMY FIRE & CASUALTY COMPANY,Closed,METX-132031146,2019-10-05
2019,4,0.0,ELEPHANT INSURANCE COMPANY,Closed,EINS-132059806,2019-11-05
2019,4,0.0,ESURANCE INSURANCE COMPANY,Closed,ESUR-132093710,2019-11-28
2019,4,0.0,FARMERS CASUALTY INSURANCE COMPANY,Closed,METX-132029447,2019-10-05
2019,4,0.0,FARMERS DIRECT PROPERTY AND CASUALTY INSURANCE COMPANY,Closed,METX-132029447,2019-10-05
2019,4,0.0,FARMERS GROUP PROPERTY AND CASUALTY INSURANCE COMPANY,Closed,METX-132029447,2019-10-05
2019,4,0.0,FARMERS LLOYDS INSURANCE COMPANY OF TEXAS,Closed,METX-132031053,2019-10-05
2019,4,0.0,FARMERS PROPERTY AND CASUALTY INSURANCE COMPANY,Closed,METX-132029447,2019-10-05
2019,4,0.0,FARMERS PROPERTY AND CASUALTY INSURANCE COMPANY,Closed,METX-132169015,2019-11-30
2019,4,0.0,FEDERAL INSURANCE COMPANY,Closed,ACEH-132026657,2019-10-31
2019,4,0.0,FOREMOST COUNTY MUTUAL INSURANCE COMPANY,Closed,FORE-132013688,2019-11-01
2019,4,0.0,FOREMOST COUNTY MUTUAL INSURANCE COMPANY,Closed,FORE-132013725,2019-11-01
2019,4,0.0,"FOREMOST INSURANCE COMPANY GRAND RAPIDS, MICHIGAN",Closed,FORE-132013736,2019-11-01
2019,4,0.0,"FOREMOST INSURANCE COMPANY GRAND RAPIDS, MICHIGAN",Closed,FORE-132013796,2019-11-01
2019,4,0.0,FOREMOST PROPERTY AND CASUALTY INSURANCE COMPANY,Closed,FORE-132013666,2019-11-01
2019,4,0.0,GEICO ADVANTAGE INSURANCE COMPANY,Closed,GECC-131986786,2019-10-11
2019,4,0.0,GEICO ADVANTAGE INSURANCE COMPANY,Closed,GECC-132013747,2019-11-05
2019,4,0.0,GEICO CHOICE INSURANCE COMPANY,Closed,GECC-131986786,2019-10-11
2019,4,0.0,GEICO CHOICE INSURANCE COMPANY,Closed,GECC-132013747,2019-11-05
2019,4,0.0,GEICO COUNTY MUTUAL INSURANCE COMPANY,Closed,GECC-131986786,2019-10-11
2019,4,0.0,GEICO COUNTY MUTUAL INSURANCE COMPANY,Closed,GECC-132013747,2019-11-05
2019,4,0.0,GEICO COUNTY MUTUAL INSURANCE COMPANY,Closed,GECC-132017807,2019-11-04
2019,4,0.0,GEICO GENERAL INSURANCE COMPANY,Closed,GECC-132013747,2019-11-05
2019,4,0.0,GEICO INDEMNITY COMPANY,Closed,GECC-131986786,2019-10-11
2019,4,0.0,GEICO INDEMNITY COMPANY,Closed,GECC-132013747,2019-11-05
2019,4,0.0,GEICO INDEMNITY COMPANY,Closed,GECC-132022137,2019-11-03
2019,4,0.0,GEICO SECURE INSURANCE COMPANY,Closed,GECC-131986786,2019-10-11
2019,4,0.0,GEICO SECURE INSURANCE COMPANY,Closed,GECC-132013747,2019-11-05
2019,4,0.0,GEICO TEXAS COUNTY MUTUAL INSURANCE COMPANY,Closed,TRGR-132183188,2019-12-14
2019,4,0.0,GEICO TEXAS COUNTY MUTUAL INSURANCE COMPANY,Closed,TRGR-132184815,2019-12-14
2019,4,0.0,GENERAL INSURANCE COMPANY OF AMERICA,Closed,LBPM-132043548,2019-12-09
2019,4,0.0,GENERAL INSURANCE COMPANY OF AMERICA,Closed,LBPM-132066072,2019-11-25
2019,4,0.0,GENERAL INSURANCE COMPANY OF AMERICA,Closed,LBPM-132072721,2019-11-25
2019,4,0.0,GOVERNMENT EMPLOYEES INSURANCE COMPANY,Closed,GECC-131986786,2019-10-11
2019,4,0.0,GOVERNMENT EMPLOYEES INSURANCE COMPANY,Closed,GECC-132013747,2019-11-05
2019,4,0.0,GREAT NORTHERN INSURANCE COMPANY,Closed,ACEH-132026657,2019-10-31
2019,4,0.0,HOME STATE COUNTY MUTUAL INSURANCE COMPANY,Closed,HMSG-131876942,2019-10-10
2019,4,0.0,HOME STATE COUNTY MUTUAL INSURANCE COMPANY,Closed,HMSG-132060634,2019-10-01
2019,4,0.0,HOME STATE COUNTY MUTUAL INSURANCE COMPANY,Closed,HMSG-132060644,2019-10-15
2019,4,0.0,HOME STATE COUNTY MUTUAL INSURANCE COMPANY,Closed,HMSG-132061333,2019-10-05
2019,4,0.0,HOME STATE COUNTY MUTUAL INSURANCE COMPANY,Closed,HMSG-132061485,2019-10-01
2019,4,0.0,HOME STATE COUNTY MUTUAL INSURANCE COMPANY,Closed,HMSG-132077257,2019-10-01
2019,4,0.0,HOME STATE COUNTY MUTUAL INSURANCE COMPANY,Closed,HMSG-132080287,2019-10-27
2019,4,0.0,HOME STATE COUNTY MUTUAL INSURANCE COMPANY,Closed,HMSG-132099983,2019-11-28
2019,4,0.0,HOME STATE COUNTY MUTUAL INSURANCE COMPANY,Closed,HMSG-132156174,2019-12-28
2019,4,0.0,HOME STATE COUNTY MUTUAL INSURANCE COMPANY,Closed,HMSG-132156707,2019-12-06
2019,4,0.0,HORACE MANN PROPERTY & CASUALTY INSURANCE COMPANY,Closed,HRMN-132051816,2019-12-16
2019,4,0.0,INFINITY COUNTY MUTUAL INSURANCE COMPANY,Closed,NFNT-132204921,2019-12-31
2019,4,0.0,INFINITY COUNTY MUTUAL INSURANCE COMPANY,Closed,NFNT-132204996,2019-12-31
2019,4,0.0,INTEGON INDEMNITY CORPORATION,Closed,GMMX-132138150,2019-12-14
2019,4,0.0,LIBERTY COUNTY MUTUAL INSURANCE COMPANY,Closed,LBPM-132037426,2019-11-12
2019,4,0.0,LIBERTY COUNTY MUTUAL INSURANCE COMPANY,Closed,LBPM-132038906,2019-11-12
2019,4,0.0,LIBERTY COUNTY MUTUAL INSURANCE COMPANY,Closed,LBPM-132043548,2019-12-09
2019,4,0.0,LIBERTY COUNTY MUTUAL INSURANCE COMPANY,Closed,LBPM-132072721,2019-11-25
2019,4,0.0,METROPOLITAN GENERAL INSURANCE COMPANY,Closed,METX-132029447,2019-10-05
2019,4,0.0,"MGA INSURANCE COMPANY, INC.",Closed,GNSC-132055823,2019-10-07
2019,4,0.0,MIDVALE INDEMNITY COMPANY,Closed,HMSS-132104650,2019-11-01
2019,4,0.0,NATIONAL CASUALTY COMPANY,Closed,NWPP-132094460,2019-12-13
2019,4,0.0,NATIONAL CASUALTY COMPANY,Closed,NWPP-132168477,2019-12-10
2019,4,0.0,NATIONAL CASUALTY COMPANY,Closed,NWPP-132347368,2019-12-04
2019,4,0.0,NATIONWIDE AGRIBUSINESS INSURANCE COMPANY,Closed,NWPP-132135696,2019-12-04
2019,4,0.0,NATIONWIDE MUTUAL INSURANCE COMPANY,Closed,NWPP-132135696,2019-12-04
2019,4,0.0,NOBLR RECIPROCAL EXCHANGE,Closed,NOBL-131909057,2019-10-03
2019,4,0.0,NOBLR RECIPROCAL EXCHANGE,Closed,NOBL-132143583,2019-11-18
2019,4,0.0,OLD AMERICAN COUNTY MUTUAL FIRE INSURANCE COMPANY,Closed,OAMF-132096496,2019-11-12
2019,4,0.0,OLD AMERICAN COUNTY MUTUAL FIRE INSURANCE COMPANY,Closed,OAMF-132128403,2019-11-01
2019,4,0.0,OLD AMERICAN COUNTY MUTUAL FIRE INSURANCE COMPANY,Closed,OAMF-132129060,2019-12-02
2019,4,0.0,PACIFIC INDEMNITY COMPANY,Closed,ACEH-132026657,2019-10-31
2019,4,0.0,PACIFIC SPECIALTY INSURANCE COMPANY,Closed,PERR-132068089,2019-10-15
2019,4,0.0,PHARMACISTS INSURANCE COMPANY,Closed,PHAR-132048683,2019-11-01
2019,4,0.0,"PHOENIX INSURANCE COMPANY, THE",Closed,TRVD-132086331,2019-11-24
2019,4,0.0,PROGRESSIVE COUNTY MUTUAL INSURANCE COMPANY,Closed,PRGC-132377467,2019-10-31
2019,4,0.0,PROGRESSIVE COUNTY MUTUAL INSURANCE COMPANY,Closed,PRGC-132377599,2019-10-31
2019,4,0.0,PROGRESSIVE COUNTY MUTUAL INSURANCE COMPANY,Closed,PRGS-132060666,2019-10-31
2019,4,0.0,PROGRESSIVE COUNTY MUTUAL INSURANCE COMPANY,Closed,PRGS-132060667,2019-10-31
2019,4,0.0,PROGRESSIVE COUNTY MUTUAL INSURANCE COMPANY,Closed,PRGS-132355246,2019-10-31
2019,4,0.0,PROGRESSIVE COUNTY MUTUAL INSURANCE COMPANY,Closed,PRGS-132355642,2019-10-31
2019,4,0.0,REDPOINT COUNTY MUTUAL INSURANCE COMPANY,Closed,SWCM-132060183,2019-11-05
2019,4,0.0,REDPOINT COUNTY MUTUAL INSURANCE COMPANY,Closed,SWCM-132060210,2019-11-05
2019,4,0.0,REDPOINT COUNTY MUTUAL INSURANCE COMPANY,Closed,SWCM-132119311,2019-11-18
2019,4,0.0,REDPOINT COUNTY MUTUAL INSURANCE COMPANY,Closed,SWCM-132123005,2019-11-20
2019,4,0.0,SAFECO INSURANCE COMPANY OF AMERICA,Closed,LBPM-132043548,2019-12-09
2019,4,0.0,SAFECO INSURANCE COMPANY OF AMERICA,Closed,LBPM-132066072,2019-11-25
2019,4,0.0,SAFECO INSURANCE COMPANY OF AMERICA,Closed,LBPM-132072721,2019-11-25
2019,4,0.0,SAFECO INSURANCE COMPANY OF ILLINOIS,Closed,LBPM-132043548,2019-12-09
2019,4,0.0,SAFECO INSURANCE COMPANY OF ILLINOIS,Closed,LBPM-132066072,2019-11-25
2019,4,0.0,SAFECO INSURANCE COMPANY OF ILLINOIS,Closed,LBPM-132072721,2019-11-25
2019,4,0.0,SAFECO LLOYDS INSURANCE COMPANY,Closed,LBPM-132043548,2019-12-09
2019,4,0.0,SAFECO LLOYDS INSURANCE COMPANY,Closed,LBPM-132066072,2019-11-25
2019,4,0.0,SAFECO LLOYDS INSURANCE COMPANY,Closed,LBPM-132072721,2019-11-25
2019,4,0.0,STATE FARM FIRE AND CASUALTY COMPANY,Closed,SFMA-132130416,2019-12-16
2019,4,0.0,"TRAVELERS HOME AND MARINE INSURANCE COMPANY, THE",Closed,TRVD-132085374,2019-11-24
2019,4,0.0,"TRAVELERS INDEMNITY COMPANY OF AMERICA, THE",Closed,TRVD-132086331,2019-11-24
2019,4,0.0,"TRAVELERS INDEMNITY COMPANY OF CONNECTICUT, THE",Closed,TRVD-132086331,2019-11-24
2019,4,0.0,"TRAVELERS INDEMNITY COMPANY, THE",Closed,TRVD-132086331,2019-11-24
2019,4,0.0,TRAVELERS PERSONAL SECURITY INSURANCE COMPANY,Closed,TRVD-132086331,2019-11-24
2019,4,0.0,TREXIS ONE INSURANCE CORPORATION,Closed,VSGP-132154916,2019-12-06
2019,4,0.0,VAULT RECIPROCAL EXCHANGE,Closed,SPIS-132120022,2019-12-23
2019,4,0.0,VIGILANT INSURANCE COMPANY,Closed,ACEH-132026657,2019-10-31
2019,4,0.1,REDPOINT COUNTY MUTUAL INSURANCE COMPANY,Closed,SWCM-132121623,2019-11-20
2019,4,0.5,REDPOINT COUNTY MUTUAL INSURANCE COMPANY,Closed,SWCM-132118283,2019-12-01
2019,4,0.8,ECONOMY PREFERRED INSURANCE COMPANY,Closed,METX-132016975,2019-10-27
2019,4,0.8,HOME STATE COUNTY MUTUAL INSURANCE COMPANY,Closed,HMSG-132055148,2019-11-01
2019,4,1.2,PHARMACISTS INSURANCE COMPANY,Closed,PHAR-131964047,2019-12-31
2019,4,2.2,SAFE AUTO INSURANCE COMPANY,Closed,SAFE-132142788,2019-12-14
2019,4,2.5,SENTRY SELECT INSURANCE COMPANY,Closed,VKNG-132124919,2019-12-28
2019,4,2.6,REDPOINT COUNTY MUTUAL INSURANCE COMPANY,Closed,SWCM-132038687,2019-11-01
2019,4,2.8,OLD AMERICAN COUNTY MUTUAL FIRE INSURANCE COMPANY,Closed,OAMF-132097889,2019-11-01
2019,4,2.8,OLD AMERICAN COUNTY MUTUAL FIRE INSURANCE COMPANY,Closed,OAMF-132097972,2019-11-01
2019,4,2.9,ECONOMY FIRE & CASUALTY COMPANY,Closed,METX-132061477,2019-11-01
2019,4,3.1,SAFEWAY INSURANCE COMPANY,Closed,PERR-132064183,2019-11-01
2019,4,3.3,HOME STATE COUNTY MUTUAL INSURANCE COMPANY,Closed,HMSG-132138494,2019-12-14
2019,4,3.4,HORACE MANN INSURANCE COMPANY,Closed,HRMN-132051816,2019-12-16
2019,4,3.5,ELEPHANT INSURANCE COMPANY,Closed,EINS-132054887,2019-10-29
2019,4,3.5,REDPOINT COUNTY MUTUAL INSURANCE COMPANY,Closed,SWCM-132054915,2019-10-29
2019,4,4.8,AGRICULTURAL WORKERS MUTUAL AUTO INSURANCE COMPANY,Closed,PERR-132113087,2019-12-18
2019,4,4.8,ECONOMY PREMIER ASSURANCE COMPANY,Closed,METX-132016975,2019-10-27
2019,4,5.6,DIRECT GENERAL INSURANCE COMPANY,Closed,GMMX-132043749,2019-10-04
2019,4,6.0,REDPOINT COUNTY MUTUAL INSURANCE COMPANY,Closed,SWCM-132123970,2019-12-15
2019,4,6.1,OLD AMERICAN COUNTY MUTUAL FIRE INSURANCE COMPANY,Closed,OAMF-132039090,2019-10-04
2019,4,6.9,PRIVILEGE UNDERWRITERS RECIPROCAL EXCHANGE,Closed,PRIV-131932817,2019-12-25
2019,4,7.0,ASSURANCEAMERICA INSURANCE COMPANY,Closed,ASRN-132041686,2019-10-14
2019,4,7.0,REDPOINT COUNTY MUTUAL INSURANCE COMPANY,Closed,SWCM-132054936,2019-10-29
2019,4,7.1,HALLMARK COUNTY MUTUAL INSURANCE COMPANY,Closed,PHXN-132119431,2019-11-25
2019,4,7.5,HOME STATE COUNTY MUTUAL INSURANCE COMPANY,Closed,HMSG-132083133,2019-10-23
2019,4,9.6,TEACHERS INSURANCE COMPANY,Closed,HRMN-132051816,2019-12-16
2019,4,9.8,CRESTBROOK INSURANCE COMPANY,Closed,NWPP-131962407,2019-11-01
2019,4,11.4,INFINITY COUNTY MUTUAL INSURANCE COMPANY,Closed,NFNT-132086625,2019-10-25
2019,4,16.7,"FOREMOST INSURANCE COMPANY GRAND RAPIDS, MICHIGAN",Closed,FORE-131786176,2019-10-01
2019,4,25.0,RIVERPORT INSURANCE COMPANY,Closed,BKON-131999070,2019-12-15
2020,1,-6.2,FALCON INSURANCE COMPANY,Closed,FIGC-132169062,2020-01-01
2020,1,-5.6,GEICO INDEMNITY COMPANY,Closed,GECC-132127775,2020-02-14
2020,1,-4.2,AMICA MUTUAL INSURANCE COMPANY,Closed,AMMA-132133391,2020-03-01
2020,1,-3.5,AMICA PROPERTY AND CASUALTY INSURANCE COMPANY,Closed,AMMA-132133472,2020-03-01
2020,1,-3.3,ENCOMPASS INDEMNITY COMPANY,Closed,ALSE-132251915,2020-02-17
2020,1,-2.7,OLD AMERICAN COUNTY MUTUAL FIRE INSURANCE COMPANY,Closed,OAMF-132234423,2020-02-01
2020,1,-1.7,GERMANIA FIRE & CASUALTY COMPANY,Closed,GEIN-132172854,2020-01-01
2020,1,-1.7,GERMANIA INSURANCE COMPANY,Closed,GEIN-132172854,2020-01-01
2020,1,-1.7,GERMANIA SELECT INSURANCE COMPANY,Closed,GEIN-132172854,2020-01-01
2020,1,-1.7,HOME STATE COUNTY MUTUAL INSURANCE COMPANY,Closed,HMSG-132173874,2020-01-01
2020,1,-1.4,OLD AMERICAN COUNTY MUTUAL FIRE INSURANCE COMPANY,Closed,OAMF-132200294,2020-01-01
2020,1,-1.3,HOME STATE COUNTY MUTUAL INSURANCE COMPANY,Closed,HMSG-132193949,2020-02-15
2020,1,-1.0,AMICA PROPERTY AND CASUALTY INSURANCE COMPANY,Closed,AMMA-132065690,2020-02-01
2020,1,-0.8,AMICA MUTUAL INSURANCE COMPANY,Closed,AMMA-132065647,2020-02-01
2020,1,-0.7,NATIONAL UNITY INSURANCE COMPANY,Closed,NUIC-132188681,2020-01-01
2020,1,-0.7,OLD AMERICAN COUNTY MUTUAL FIRE INSURANCE COMPANY,Closed,OAMF-132203755,2020-01-01
2020,1,-0.3,TEXAS FARM BUREAU CASUALTY INSURANCE COMPANY,Closed,TXFB-132194664,2020-03-01
2020,1,-0.2,PROGRESSIVE COUNTY MUTUAL INSURANCE COMPANY,Closed,PRGS-132240193,2020-03-19
2020,1,-0.1,TEXAS FARM BUREAU UNDERWRITERS,Closed,TXFB-132194664,2020-03-01
2020,1,0.0,ALLIED PROPERTY AND CASUALTY INSURANCE COMPANY,Closed,NWPP-132338151,2020-03-31
2020,1,0.0,ALLSTATE FIRE AND CASUALTY INSURANCE COMPANY,Closed,ALSE-132095148,2020-03-26
2020,1,0.0,ALLSTATE FIRE AND CASUALTY INSURANCE COMPANY,Closed,ALSE-132175083,2020-01-30
2020,1,0.0,ALLSTATE FIRE AND CASUALTY INSURANCE COMPANY,Closed,ALSE-132247435,2020-03-26
2020,1,0.0,ALLSTATE VEHICLE AND PROPERTY INSURANCE COMPANY,Closed,ALSE-132244481,2020-03-26
2020,1,0.0,AMERICAN ACCESS CASUALTY COMPANY,Closed,AACI-132088606,2020-01-01
2020,1,0.0,AMERICAN ACCESS CASUALTY COMPANY,Closed,AACI-132350517,2020-03-23
2020,1,0.0,AMERICAN FAMILY CONNECT PROPERTY AND CASUALTY INSURANCE COMPANY,Closed,PRCA-132135381,2020-01-26
2020,1,0.0,AMERICAN FAMILY HOME INSURANCE COMPANY,Closed,MRTN-132120637,2020-02-01
2020,1,0.0,AMICA MUTUAL INSURANCE COMPANY,Closed,AMMA-131964965,2020-03-01
2020,1,0.0,AMICA MUTUAL INSURANCE COMPANY,Closed,AMMA-132057578,2020-01-01
2020,1,0.0,AMICA PROPERTY AND CASUALTY INSURANCE COMPANY,Closed,AMMA-131964965,2020-03-01
2020,1,0.0,AMICA PROPERTY AND CASUALTY INSURANCE COMPANY,Closed,AMMA-132057578,2020-01-01
2020,1,0.0,AUTO CLUB COUNTY MUTUAL INSURANCE COMPANY,Closed,IACA-132095865,2020-01-01
2020,1,0.0,AUTO CLUB COUNTY MUTUAL INSURANCE COMPANY,Closed,IACA-132201689,2020-01-01
2020,1,0.0,BRISTOL WEST SPECIALTY INSURANCE COMPANY,Closed,BRWS-132187746,2020-01-14
2020,1,0.0,"CAMBRIDGE MOBILE TELEMATICS, INC.",Closed,FRCS-132151335,2020-01-17
2020,1,0.0,"CINCINNATI CASUALTY COMPANY, THE",Closed,CNNB-132038428,2020-01-01
2020,1,0.0,"CINCINNATI INSURANCE COMPANY, THE",Closed,CNNB-132038195,2020-01-01
2020,1,0.0,COLONIAL COUNTY MUTUAL INSURANCE COMPANY,Closed,NWPP-132338151,2020-03-31
2020,1,0.0,CONCERT INSURANCE COMPANY,Closed,PERR-132201379,2020-01-01
2020,1,0.0,CONSUMERS COUNTY MUTUAL INSURANCE COMPANY,Closed,CCMC-132164143,2020-02-14
2020,1,0.0,CRESTBROOK INSURANCE COMPANY,Closed,NWPP-132338151,2020-03-31
2020,1,0.0,DAIRYLAND COUNTY MUTUAL INSURANCE COMPANY OF TEXAS,Closed,VKNG-132254013,2020-03-10
2020,1,0.0,DAIRYLAND COUNTY MUTUAL INSURANCE COMPANY OF TEXAS,Closed,VKNG-132257750,2020-03-10
2020,1,0.0,DAIRYLAND COUNTY MUTUAL INSURANCE COMPANY OF TEXAS,Closed,VKNG-132273463,2020-03-01
2020,1,0.0,DIRECT GENERAL INSURANCE COMPANY,Closed,GMMX-132199816,2020-01-01
2020,1,0.0,DIRECT GENERAL INSURANCE COMPANY,Closed,GMMX-132295256,2020-03-10
2020,1,0.0,ELEPHANT INSURANCE COMPANY,Closed,EINS-132121611,2020-01-08
2020,1,0.0,ELEPHANT INSURANCE COMPANY,Closed,EINS-132144823,2020-01-12
2020,1,0.0,ELEPHANT INSURANCE COMPANY,Closed,EINS-132160526,2020-01-22
2020,1,0.0,ELEPHANT INSURANCE COMPANY,Closed,EINS-132165417,2020-02-20
2020,1,0.0,ENCOMPASS INDEPENDENT INSURANCE COMPANY,Closed,ALSE-132034466,2020-02-10
2020,1,0.0,ENCOMPASS INDEPENDENT INSURANCE COMPANY,Closed,ALSE-132245020,2020-02-10
2020,1,0.0,FIRST CHICAGO INSURANCE COMPANY,Closed,FCLH-132089679,2020-01-01
2020,1,0.0,FIRST CHICAGO INSURANCE COMPANY,Closed,FCLH-132089682,2020-01-01
2020,1,0.0,FIRST CHICAGO INSURANCE COMPANY,Closed,FCLH-132097870,2020-01-01
2020,1,0.0,FIRST CHICAGO INSURANCE COMPANY,Closed,FCLH-132107104,2020-01-01
2020,1,0.0,FIRST CHICAGO INSURANCE COMPANY,Closed,FCLH-132107152,2020-01-01
2020,1,0.0,FIRST CHICAGO INSURANCE COMPANY,Closed,FCLH-132123672,2020-01-01
2020,1,0.0,FIRST CHICAGO INSURANCE COMPANY,Closed,FCLH-132123673,2020-01-01
2020,1,0.0,FIRST CHICAGO INSURANCE COMPANY,Closed,FCLH-132123735,2020-01-01
2020,1,0.0,FOREMOST COUNTY MUTUAL INSURANCE COMPANY,Closed,BRWS-132189954,2020-01-16
2020,1,0.0,"FOREMOST INSURANCE COMPANY GRAND RAPIDS, MICHIGAN",Closed,FORE-132038334,2020-01-01
2020,1,0.0,"FOREMOST INSURANCE COMPANY GRAND RAPIDS, MICHIGAN",Closed,FORE-132038403,2020-01-01
2020,1,0.0,GEICO TEXAS COUNTY MUTUAL INSURANCE COMPANY,Closed,TRGR-132096053,2020-02-01
2020,1,0.0,GEICO TEXAS COUNTY MUTUAL INSURANCE COMPANY,Closed,TRGR-132187051,2020-02-01
2020,1,0.0,GENERAL SECURITY NATIONAL INSURANCE COMPANY,Closed,WWWW-131967731,2020-02-29
2020,1,0.0,HALLMARK COUNTY MUTUAL INSURANCE COMPANY,Closed,PHXN-132180451,2020-01-13
2020,1,0.0,HOME STATE COUNTY MUTUAL INSURANCE COMPANY,Closed,HMSG-132130506,2020-01-01
2020,1,0.0,HOME STATE COUNTY MUTUAL INSURANCE COMPANY,Closed,HMSG-132171936,2020-01-01
2020,1,0.0,HOME STATE COUNTY MUTUAL INSURANCE COMPANY,Closed,HMSG-132174426,2020-01-01
2020,1,0.0,HOME STATE COUNTY MUTUAL INSURANCE COMPANY,Closed,HMSG-132177024,2020-01-01
2020,1,0.0,HOME STATE COUNTY MUTUAL INSURANCE COMPANY,Closed,HMSG-132177107,2020-01-01
2020,1,0.0,HOME STATE COUNTY MUTUAL INSURANCE COMPANY,Closed,HMSG-132177371,2020-01-01
2020,1,0.0,HOME STATE COUNTY MUTUAL INSURANCE COMPANY,Closed,HMSG-132197558,2020-02-07
2020,1,0.0,HOME STATE COUNTY MUTUAL INSURANCE COMPANY,Closed,HMSG-132208665,2020-03-04
2020,1,0.0,HOME STATE COUNTY MUTUAL INSURANCE COMPANY,Closed,HMSG-132209136,2020-03-04
2020,1,0.0,HOME STATE COUNTY MUTUAL INSURANCE COMPANY,Closed,HMSG-132210381,2020-02-07
2020,1,0.0,HOME STATE COUNTY MUTUAL INSURANCE COMPANY,Closed,HMSG-132210455,2020-02-07
2020,1,0.0,HOME STATE COUNTY MUTUAL INSURANCE COMPANY,Closed,HMSG-132210465,2020-02-07
2020,1,0.0,HOME STATE COUNTY MUTUAL INSURANCE COMPANY,Closed,HMSG-132210573,2020-02-07
2020,1,0.0,HOME STATE COUNTY MUTUAL INSURANCE COMPANY,Closed,HMSG-132210692,2020-02-07
2020,1,0.0,HOME STATE COUNTY MUTUAL INSURANCE COMPANY,Closed,HMSG-132213671,2020-02-01
2020,1,0.0,HOME STATE COUNTY MUTUAL INSURANCE COMPANY,Closed,HMSG-132222834,2020-03-10
2020,1,0.0,HOME STATE COUNTY MUTUAL INSURANCE COMPANY,Closed,HMSG-132350237,2020-03-11
2020,1,0.0,HOUSTON GENERAL INSURANCE EXCHANGE,Closed,MRTN-132218747,2020-01-13
2020,1,0.0,HOUSTON GENERAL INSURANCE EXCHANGE,Closed,MRTN-132235770,2020-03-09
2020,1,0.0,MIDVALE INDEMNITY COMPANY,Closed,HMSS-132124680,2020-03-15
2020,1,0.0,NATIONAL CASUALTY COMPANY,Closed,NWPP-132338151,2020-03-31
2020,1,0.0,NATIONWIDE AGRIBUSINESS INSURANCE COMPANY,Closed,NWPP-132338151,2020-03-31
2020,1,0.0,NATIONWIDE MUTUAL INSURANCE COMPANY,Closed,NWPP-132338151,2020-03-31
2020,1,0.0,"OCTO ANALYTICS, LLC",Closed,OCTO-132035292,2020-01-10
2020,1,0.0,OLD AMERICAN COUNTY MUTUAL FIRE INSURANCE COMPANY,Closed,OAMF-132200301,2020-01-01
2020,1,0.0,OLD AMERICAN COUNTY MUTUAL FIRE INSURANCE COMPANY,Closed,OAMF-132200883,2020-01-01
2020,1,0.0,OLD AMERICAN COUNTY MUTUAL FIRE INSURANCE COMPANY,Closed,OAMF-132200895,2020-01-01
2020,1,0.0,OLD AMERICAN COUNTY MUTUAL FIRE INSURANCE COMPANY,Closed,OAMF-132202924,2020-01-01
2020,1,0.0,OLD AMERICAN COUNTY MUTUAL FIRE INSURANCE COMPANY,Closed,OAMF-132202975,2020-01-01
2020,1,0.0,OLD AMERICAN COUNTY MUTUAL FIRE INSURANCE COMPANY,Closed,OAMF-132202986,2020-02-01
2020,1,0.0,OLD AMERICAN COUNTY MUTUAL FIRE INSURANCE COMPANY,Closed,OAMF-132204832,2020-01-01
2020,1,0.0,OLD AMERICAN COUNTY MUTUAL FIRE INSURANCE COMPANY,Closed,OAMF-132204860,2020-01-01
2020,1,0.0,OLD AMERICAN COUNTY MUTUAL FIRE INSURANCE COMPANY,Closed,OAMF-132204900,2020-01-01
2020,1,0.0,OLD AMERICAN COUNTY MUTUAL FIRE INSURANCE COMPANY,Closed,OAMF-132204940,2020-01-01
2020,1,0.0,OLD AMERICAN COUNTY MUTUAL FIRE INSURANCE COMPANY,Closed,OAMF-132205179,2020-01-01
2020,1,0.0,OLD AMERICAN COUNTY MUTUAL FIRE INSURANCE COMPANY,Closed,OAMF-132205425,2020-01-01
2020,1,0.0,OLD AMERICAN COUNTY MUTUAL FIRE INSURANCE COMPANY,Closed,OAMF-132235032,2020-02-01
2020,1,0.0,OLD AMERICAN COUNTY MUTUAL FIRE INSURANCE COMPANY,Closed,OAMF-132249030,2020-02-05
2020,1,0.0,OLD AMERICAN COUNTY MUTUAL FIRE INSURANCE COMPANY,Closed,OAMF-132306222,2020-03-20
2020,1,0.0,REDPOINT COUNTY MUTUAL INSURANCE COMPANY,Closed,SWCM-132125511,2020-01-08
2020,1,0.0,REDPOINT COUNTY MUTUAL INSURANCE COMPANY,Closed,SWCM-132127289,2020-01-08
2020,1,0.0,REDPOINT COUNTY MUTUAL INSURANCE COMPANY,Closed,SWCM-132138060,2020-01-12
2020,1,0.0,REDPOINT COUNTY MUTUAL INSURANCE COMPANY,Closed,SWCM-132145212,2020-01-12
2020,1,0.0,REDPOINT COUNTY MUTUAL INSURANCE COMPANY,Closed,SWCM-132159166,2020-02-17
2020,1,0.0,REDPOINT COUNTY MUTUAL INSURANCE COMPANY,Closed,SWCM-132160678,2020-01-22
2020,1,0.0,REDPOINT COUNTY MUTUAL INSURANCE COMPANY,Closed,SWCM-132160702,2020-01-22
2020,1,0.0,REDPOINT COUNTY MUTUAL INSURANCE COMPANY,Closed,SWCM-132165699,2020-02-20
2020,1,0.0,REDPOINT COUNTY MUTUAL INSURANCE COMPANY,Closed,SWCM-132165962,2020-02-20
2020,1,0.0,REDPOINT COUNTY MUTUAL INSURANCE COMPANY,Closed,SWCM-132168331,2020-03-15
2020,1,0.0,REDPOINT COUNTY MUTUAL INSURANCE COMPANY,Closed,SWCM-132183013,2020-01-01
2020,1,0.0,REDPOINT COUNTY MUTUAL INSURANCE COMPANY,Closed,SWCM-132274599,2020-02-27
2020,1,0.0,RLI INSURANCE COMPANY,Closed,RLSC-132268103,2020-03-01
2020,1,0.0,RLI INSURANCE COMPANY,Closed,RLSC-132276374,2020-03-01
2020,1,0.0,ROOT INSURANCE COMPANY,Closed,CLIN-132196957,2020-01-22
2020,1,0.0,SENTRY SELECT INSURANCE COMPANY,Closed,VKNG-132257106,2020-03-10
2020,1,0.0,STATE FARM COUNTY MUTUAL INSURANCE COMPANY OF TEXAS,Closed,SFMA-132045813,2020-01-01
2020,1,0.0,STATE FARM FIRE AND CASUALTY COMPANY,Closed,SFMA-132045813,2020-01-01
2020,1,0.0,STATE FARM MUTUAL AUTOMOBILE INSURANCE COMPANY,Closed,SFMA-132045813,2020-01-01
2020,1,0.0,VAULT RECIPROCAL EXCHANGE,Closed,SPIS-132277566,2020-02-25
2020,1,0.0,"WOODLANDS INSURANCE COMPANY, THE",Closed,PERR-132200954,2020-01-01
2020,1,0.1,ECONOMY FIRE & CASUALTY COMPANY,Closed,METX-132199305,2020-02-29
2020,1,0.1,FARM BUREAU COUNTY MUTUAL INSURANCE COMPANY OF TEXAS,Closed,TXFB-132194664,2020-03-01
2020,1,0.1,FARMERS LLOYDS INSURANCE COMPANY OF TEXAS,Closed,METX-132199418,2020-02-29
2020,1,0.2,ALINSCO INSURANCE COMPANY,Closed,AINS-132179019,2020-01-01
2020,1,0.4,ALINSCO INSURANCE COMPANY,Closed,AINS-132241930,2020-03-01
2020,1,0.4,TEXAS FARM BUREAU MUTUAL INSURANCE COMPANY,Closed,TXFB-132194664,2020-03-01
2020,1,0.5,METROPOLITAN GENERAL INSURANCE COMPANY,Closed,METX-132238441,2020-03-31
2020,1,0.6,COLONIAL COUNTY MUTUAL INSURANCE COMPANY,Closed,NWPP-132193735,2020-02-07
2020,1,0.6,NATIONWIDE MUTUAL INSURANCE COMPANY,Closed,NWPP-132193715,2020-02-07
2020,1,0.8,NATIONWIDE AGRIBUSINESS INSURANCE COMPANY,Closed,NWPP-132193704,2020-02-07
2020,1,1.0,COLONIAL COUNTY MUTUAL INSURANCE COMPANY,Closed,NWPP-132193698,2020-02-07
2020,1,1.0,FARMERS TEXAS COUNTY MUTUAL INSURANCE COMPANY,Closed,FARM-132205388,2020-01-23
2020,1,1.1,OLD AMERICAN COUNTY MUTUAL FIRE INSURANCE COMPANY,Closed,OAMF-132202879,2020-01-01
2020,1,1.2,OLD AMERICAN COUNTY MUTUAL FIRE INSURANCE COMPANY,Closed,OAMF-132200759,2020-01-01
2020,1,1.2,PROGRESSIVE COUNTY MUTUAL INSURANCE COMPANY,Closed,PRGS-132240186,2020-03-19
2020,1,1.3,COLONIAL COUNTY MUTUAL INSURANCE COMPANY,Closed,NWPP-132193715,2020-02-07
2020,1,1.3,HOME STATE COUNTY MUTUAL INSURANCE COMPANY,Closed,HMSG-132191361,2020-02-01
2020,1,1.6,HOME STATE COUNTY MUTUAL INSURANCE COMPANY,Closed,HMSG-132228178,2020-03-01
2020,1,1.6,OLD AMERICAN COUNTY MUTUAL FIRE INSURANCE COMPANY,Closed,OAMF-132202934,2020-01-01
2020,1,1.7,"MGA INSURANCE COMPANY, INC.",Closed,GNSC-132161601,2020-01-06
2020,1,1.9,OLD AMERICAN COUNTY MUTUAL FIRE INSURANCE COMPANY,Closed,OAMF-132169921,2020-01-01
2020,1,2.0,FARMERS TEXAS COUNTY MUTUAL INSURANCE COMPANY,Closed,FARM-132164536,2020-01-23
2020,1,2.0,HOME STATE COUNTY MUTUAL INSURANCE COMPANY,Closed,HMSG-132228994,2020-03-01
2020,1,2.0,MERCURY COUNTY MUTUAL INSURANCE COMPANY,Closed,MERY-132127749,2020-01-01
2020,1,2.0,OLD AMERICAN COUNTY MUTUAL FIRE INSURANCE COMPANY,Closed,OAMF-132201157,2020-01-01
2020,1,2.2,ALLIED PROPERTY AND CASUALTY INSURANCE COMPANY,Closed,NWPP-132193704,2020-02-07
2020,1,2.2,OLD AMERICAN COUNTY MUTUAL FIRE INSURANCE COMPANY,Closed,OAMF-132201118,2020-01-01
2020,1,2.2,REDPOINT COUNTY MUTUAL INSURANCE COMPANY,Closed,SWCM-132156618,2020-01-01
2020,1,3.0,ELEPHANT INSURANCE COMPANY,Closed,EINS-132192063,2020-03-02
2020,1,3.0,GEICO TEXAS COUNTY MUTUAL INSURANCE COMPANY,Closed,TRGR-132188590,2020-02-01
2020,1,3.5,HOME STATE COUNTY MUTUAL INSURANCE COMPANY,Closed,HMSG-132139496,2020-01-15
2020,1,3.8,OLD AMERICAN COUNTY MUTUAL FIRE INSURANCE COMPANY,Closed,OAMF-132223935,2020-02-19
2020,1,4.0,CENTRAL INSURANCE COMPANY,Closed,CEMC-132114755,2020-03-01
2020,1,4.0,OLD AMERICAN COUNTY MUTUAL FIRE INSURANCE COMPANY,Closed,OAMF-132204949,2020-01-01
2020,1,4.3,FARMERS GROUP PROPERTY AND CASUALTY INSURANCE COMPANY,Closed,METX-132238441,2020-03-31
2020,1,4.4,AMERICAN ACCESS CASUALTY COMPANY,Closed,AACI-132183042,2020-01-01
2020,1,4.5,FARMERS LLOYDS INSURANCE COMPANY OF TEXAS,Closed,METX-132218545,2020-03-31
2020,1,4.6,ASSURANCEAMERICA INSURANCE COMPANY,Closed,ASRN-132217604,2020-03-02
2020,1,4.8,LOYA INSURANCE COMPANY,Closed,PERR-132179413,2020-01-08
2020,1,5.0,REDPOINT COUNTY MUTUAL INSURANCE COMPANY,Closed,SWCM-132193806,2020-03-02
2020,1,5.0,REDPOINT COUNTY MUTUAL INSURANCE COMPANY,Closed,SWCM-132193905,2020-03-02
2020,1,5.1,ESURANCE INSURANCE COMPANY,Closed,ESUR-132137435,2020-01-30
2020,1,5.1,OLD AMERICAN COUNTY MUTUAL FIRE INSURANCE COMPANY,Closed,OAMF-132200700,2020-01-01
2020,1,5.4,REDPOINT COUNTY MUTUAL INSURANCE COMPANY,Closed,SWCM-132202154,2020-01-01
2020,1,5.6,CLEAR SPRING PROPERTY AND CASUALTY COMPANY,Closed,PARE-132243769,2020-03-01
2020,1,5.9,REDPOINT COUNTY MUTUAL INSURANCE COMPANY,Closed,SWCM-132189877,2020-03-01
2020,1,6.0,UNITRIN COUNTY MUTUAL INSURANCE COMPANY,Closed,UTRN-132137667,2020-01-19
2020,1,6.2,HOME STATE COUNTY MUTUAL INSURANCE COMPANY,Closed,HMSG-132155430,2020-01-15
2020,1,6.3,FARMERS DIRECT PROPERTY AND CASUALTY INSURANCE COMPANY,Closed,METX-132238441,2020-03-31
2020,1,6.7,REDPOINT COUNTY MUTUAL INSURANCE COMPANY,Closed,SWCM-132272126,2020-03-25
2020,1,6.9,BANKERS STANDARD INSURANCE COMPANY,Closed,ACEH-131980319,2020-02-04
2020,1,7.8,OLD AMERICAN COUNTY MUTUAL FIRE INSURANCE COMPANY,Closed,OAMF-132206321,2020-02-16
2020,1,9.1,INCLINE CASUALTY COMPANY,Closed,AGWG-132187506,2020-01-01
2020,1,9.4,HOME STATE COUNTY MUTUAL INSURANCE COMPANY,Closed,HMSG-132161986,2020-01-01
2020,1,9.9,REDPOINT COUNTY MUTUAL INSURANCE COMPANY,Closed,SWCM-132208819,2020-03-02
2020,1,10.3,CHUBB NATIONAL INSURANCE COMPANY,Closed,ACEH-132078036,2020-02-09
2020,1,10.4,HOME STATE COUNTY MUTUAL INSURANCE COMPANY,Closed,HMSG-132217303,2020-03-01
2020,1,10.4,PACIFIC INDEMNITY COMPANY,Closed,ACEH-132078036,2020-02-09
2020,1,10.8,VIGILANT INSURANCE COMPANY,Closed,ACEH-132078036,2020-02-09
2020,1,13.8,ALLSTATE COUNTY MUTUAL INSURANCE COMPANY,Closed,ALSE-132233344,2020-03-19
2020,1,15.0,ALLSTATE PROPERTY AND CASUALTY INSURANCE COMPANY,Closed,ALSE-132225413,2020-03-12
2020,1,15.3,ACCC INSURANCE COMPANY,Closed,ACCC-132198828,2020-03-01
2020,1,15.9,ACCC INSURANCE COMPANY,Closed,ACCC-132198083,2020-03-01
2020,1,20.3,HOME STATE COUNTY MUTUAL INSURANCE COMPANY,Closed,HMSG-132217734,2020-03-01
2020,1,20.5,DIRECT GENERAL INSURANCE COMPANY,Closed,GMMX-132211080,2020-03-01
2020,2,-9.9,REDPOINT COUNTY MUTUAL INSURANCE COMPANY,Closed,SWCM-132346705,2020-06-21
2020,2,-9.0,HOME STATE COUNTY MUTUAL INSURANCE COMPANY,Closed,HMSG-132355433,2020-06-01
2020,2,-8.8,OLD AMERICAN COUNTY MUTUAL FIRE INSURANCE COMPANY,Closed,OAMF-132353498,2020-06-01
2020,2,-8.0,OLD AMERICAN COUNTY MUTUAL FIRE INSURANCE COMPANY,Closed,OAMF-132353452,2020-06-01
2020,2,-7.0,REDPOINT COUNTY MUTUAL INSURANCE COMPANY,Closed,SWCM-132337625,2020-06-14
2020,2,-6.5,OLD AMERICAN COUNTY MUTUAL FIRE INSURANCE COMPANY,Closed,OAMF-132353496,2020-06-01
2020,2,-6.1,HOME STATE COUNTY MUTUAL INSURANCE COMPANY,Closed,HMSG-132239730,2020-04-14
2020,2,-5.4,REDPOINT COUNTY MUTUAL INSURANCE COMPANY,Closed,SWCM-132350659,2020-06-01
2020,2,-5.3,MARKEL AMERICAN INSURANCE COMPANY,Closed,MRKA-132374605,2020-06-26
2020,2,-5.0,ELEPHANT INSURANCE COMPANY,Closed,EINS-132305570,2020-06-16
2020,2,-5.0,OLD AMERICAN COUNTY MUTUAL FIRE INSURANCE COMPANY,Closed,OAMF-132357374,2020-05-01
2020,2,-5.0,OLD AMERICAN COUNTY MUTUAL FIRE INSURANCE COMPANY,Closed,OAMF-132357382,2020-05-01
2020,2,-5.0,REDPOINT COUNTY MUTUAL INSURANCE COMPANY,Closed,SWCM-132305634,2020-06-16
2020,2,-5.0,REDPOINT COUNTY MUTUAL INSURANCE COMPANY,Closed,SWCM-132305636,2020-06-16
2020,2,-4.6,HOME STATE COUNTY MUTUAL INSURANCE COMPANY,Closed,HMSG-132239782,2020-04-14
2020,2,-4.5,OLD AMERICAN COUNTY MUTUAL FIRE INSURANCE COMPANY,Closed,OAMF-132376214,2020-06-15
2020,2,-4.3,CONCERT INSURANCE COMPANY,Closed,PERR-132388710,2020-05-25
2020,2,-4.3,NATIONAL UNITY INSURANCE COMPANY,Closed,NUIC-132375246,2020-05-25
2020,2,-4.3,REDPOINT COUNTY MUTUAL INSURANCE COMPANY,Closed,SWCM-132390873,2020-05-25
2020,2,-2.8,"MGA INSURANCE COMPANY, INC.",Closed,GNSC-132327903,2020-05-23
2020,2,-2.6,PROGRESSIVE COUNTY MUTUAL INSURANCE COMPANY,Closed,PRGS-131446188,2020-04-22
2020,2,-2.0,GERMANIA SELECT INSURANCE COMPANY,Closed,GEIN-132338625,2020-05-01
2020,2,-1.4,SAFE AUTO INSURANCE COMPANY,Closed,SAFE-132337182,2020-04-16
2020,2,-0.9,OLD AMERICAN COUNTY MUTUAL FIRE INSURANCE COMPANY,Closed,OAMF-132376197,2020-06-15
2020,2,-0.8,GERMANIA FIRE & CASUALTY COMPANY,Closed,GEIN-132358306,2020-05-15
2020,2,-0.8,GERMANIA INSURANCE COMPANY,Closed,GEIN-132358306,2020-05-15
2020,2,-0.8,GERMANIA SELECT INSURANCE COMPANY,Closed,GEIN-132358306,2020-05-15
2020,2,-0.8,HOME STATE COUNTY MUTUAL INSURANCE COMPANY,Closed,HMSG-132370303,2020-05-15
2020,2,-0.7,HOME STATE COUNTY MUTUAL INSURANCE COMPANY,Closed,HMSG-132304086,2020-05-01
2020,2,-0.5,GERMANIA INSURANCE COMPANY,Closed,GEIN-132364826,2020-06-01
2020,2,-0.5,GERMANIA SELECT INSURANCE COMPANY,Closed,GEIN-132364826,2020-06-01
2020,2,-0.5,HOME STATE COUNTY MUTUAL INSURANCE COMPANY,Closed,HMSG-132375569,2020-06-01
2020,2,-0.4,LIBERTY COUNTY MUTUAL INSURANCE COMPANY,Closed,LBPM-132141474,2020-04-14
2020,2,-0.4,LIBERTY COUNTY MUTUAL INSURANCE COMPANY,Closed,LBPM-132146087,2020-04-14
2020,2,-0.4,LIBERTY COUNTY MUTUAL INSURANCE COMPANY,Closed,LBPM-132215188,2020-04-18
2020,2,-0.1,GERMANIA FIRE & CASUALTY COMPANY,Closed,GEIN-132364826,2020-06-01
2020,2,0.0,ALLSTATE COUNTY MUTUAL INSURANCE COMPANY,Closed,ALSE-132352822,2020-04-24
2020,2,0.0,ALLSTATE COUNTY MUTUAL INSURANCE COMPANY,Closed,ALSE-132385751,2020-05-20
2020,2,0.0,ALLSTATE FIRE AND CASUALTY INSURANCE COMPANY,Closed,ALSE-132352822,2020-04-24
2020,2,0.0,ALLSTATE FIRE AND CASUALTY INSURANCE COMPANY,Closed,ALSE-132385751,2020-05-20
2020,2,0.0,ALLSTATE INDEMNITY COMPANY,Closed,ALSE-132352822,2020-04-24
2020,2,0.0,ALLSTATE INDEMNITY COMPANY,Closed,ALSE-132385751,2020-05-20
2020,2,0.0,ALLSTATE INSURANCE COMPANY,Closed,ALSE-132352822,2020-04-24
2020,2,0.0,ALLSTATE INSURANCE COMPANY,Closed,ALSE-132385751,2020-05-20
2020,2,0.0,ALLSTATE PROPERTY AND CASUALTY INSURANCE COMPANY,Closed,ALSE-132352822,2020-04-24
2020,2,0.0,ALLSTATE PROPERTY AND CASUALTY INSURANCE COMPANY,Closed,ALSE-132385751,2020-05-20
2020,2,0.0,AMERICAN ACCESS CASUALTY COMPANY,Closed,AACI-132288484,2020-05-01
2020,2,0.0,AMERICAN ASSOCIATION OF INSURANCE SERVICES,Closed,AMAX-132382825,2020-05-18
2020,2,0.0,AMERICAN NATIONAL COUNTY MUTUAL INSURANCE COMPANY,Closed,ANPC-132348075,2020-05-05
2020,2,0.0,AMICA MUTUAL INSURANCE COMPANY,Closed,AMMA-132339136,2020-04-15
2020,2,0.0,AMICA MUTUAL INSURANCE COMPANY,Closed,AMMA-132423647,2020-06-30
2020,2,0.0,AMICA PROPERTY AND CASUALTY INSURANCE COMPANY,Closed,AMMA-132339136,2020-04-15
2020,2,0.0,AMICA PROPERTY AND CASUALTY INSURANCE COMPANY,Closed,AMMA-132423647,2020-06-30
2020,2,0.0,ANCHOR GENERAL INSURANCE COMPANY,Closed,PERR-132260624,2020-04-21
2020,2,0.0,AUTO CLUB COUNTY MUTUAL INSURANCE COMPANY,Closed,IACA-132347151,2020-04-22
2020,2,0.0,"AUTOMOBILE INSURANCE COMPANY OF HARTFORD, CONNECTICUT, THE",Closed,TRVD-132333012,2020-04-10
2020,2,0.0,BERKLEY INSURANCE COMPANY,Closed,BKON-132339117,2020-04-20
2020,2,0.0,BRISTOL WEST SPECIALTY INSURANCE COMPANY,Closed,BRWS-132400033,2020-06-30
2020,2,0.0,"CHARTER OAK FIRE INSURANCE COMPANY, THE",Closed,TRVD-132333012,2020-04-10
2020,2,0.0,"CINCINNATI CASUALTY COMPANY, THE",Closed,CNNB-132334818,2020-04-13
2020,2,0.0,"CINCINNATI INSURANCE COMPANY, THE",Closed,CNNB-132334818,2020-04-13
2020,2,0.0,CLEARCOVER INSURANCE COMPANY,Closed,CLEA-132352258,2020-04-30
2020,2,0.0,CONSUMERS COUNTY MUTUAL INSURANCE COMPANY,Closed,CCMC-132320668,2020-06-05
2020,2,0.0,CONSUMERS COUNTY MUTUAL INSURANCE COMPANY,Closed,CCMC-132333871,2020-04-11
2020,2,0.0,DIRECT GENERAL INSURANCE COMPANY,Closed,GMMX-132287720,2020-05-11
2020,2,0.0,DIRECT GENERAL INSURANCE COMPANY,Closed,GMMX-132367769,2020-05-07
2020,2,0.0,DIRECT GENERAL INSURANCE COMPANY,Closed,GMMX-132373905,2020-05-11
2020,2,0.0,ECONOMY FIRE & CASUALTY COMPANY,Closed,METX-132338075,2020-04-01
2020,2,0.0,ECONOMY PREFERRED INSURANCE COMPANY,Closed,METX-132407408,2020-04-01
2020,2,0.0,ECONOMY PREMIER ASSURANCE COMPANY,Closed,METX-132407408,2020-04-01
2020,2,0.0,ELEPHANT INSURANCE COMPANY,Closed,EINS-132236729,2020-04-07
2020,2,0.0,ELEPHANT INSURANCE COMPANY,Closed,EINS-132253279,2020-06-14
2020,2,0.0,ENCOMPASS HOME AND AUTO INSURANCE COMPANY,Closed,ALSE-132353147,2020-04-24
2020,2,0.0,ENCOMPASS HOME AND AUTO INSURANCE COMPANY,Closed,ALSE-132383949,2020-05-20
2020,2,0.0,ENCOMPASS INDEMNITY COMPANY,Closed,ALSE-132353147,2020-04-24
2020,2,0.0,ENCOMPASS INDEMNITY COMPANY,Closed,ALSE-132383949,2020-05-20
2020,2,0.0,ENCOMPASS INDEPENDENT INSURANCE COMPANY,Closed,ALSE-132353147,2020-04-24
2020,2,0.0,ENCOMPASS INDEPENDENT INSURANCE COMPANY,Closed,ALSE-132383949,2020-05-20
2020,2,0.0,ENCOMPASS INSURANCE COMPANY OF AMERICA,Closed,ALSE-132353147,2020-04-24
2020,2,0.0,ENCOMPASS INSURANCE COMPANY OF AMERICA,Closed,ALSE-132383949,2020-05-20
2020,2,0.0,ENCOMPASS PROPERTY AND CASUALTY COMPANY,Closed,ALSE-132353147,2020-04-24
2020,2,0.0,ENCOMPASS PROPERTY AND CASUALTY COMPANY,Closed,ALSE-132383949,2020-05-20
2020,2,0.0,ESURANCE INSURANCE COMPANY,Closed,ESUR-132354095,2020-04-27
2020,2,0.0,ESURANCE INSURANCE COMPANY,Closed,ESUR-132387490,2020-05-20
2020,2,0.0,ESURANCE PROPERTY AND CASUALTY INSURANCE COMPANY,Closed,ESUR-132387490,2020-05-20
2020,2,0.0,FARM BUREAU COUNTY MUTUAL INSURANCE COMPANY OF TEXAS,Closed,TXFB-132355512,2020-05-15
2020,2,0.0,FARMERS CASUALTY INSURANCE COMPANY,Closed,METX-132338075,2020-04-01
2020,2,0.0,FARMERS DIRECT PROPERTY AND CASUALTY INSURANCE COMPANY,Closed,METX-132338075,2020-04-01
2020,2,0.0,FARMERS GROUP PROPERTY AND CASUALTY INSURANCE COMPANY,Closed,METX-132338075,2020-04-01
2020,2,0.0,FARMERS LLOYDS INSURANCE COMPANY OF TEXAS,Closed,METX-132338075,2020-04-01
2020,2,0.0,FARMERS PROPERTY AND CASUALTY INSURANCE COMPANY,Closed,METX-132338075,2020-04-01
2020,2,0.0,FARMERS TEXAS COUNTY MUTUAL INSURANCE COMPANY,Closed,FARM-132349098,2020-04-01
2020,2,0.0,FARMERS TEXAS COUNTY MUTUAL INSURANCE COMPANY,Closed,FARM-132349962,2020-04-01
2020,2,0.0,FARMERS TEXAS COUNTY MUTUAL INSURANCE COMPANY,Closed,FARM-132350022,2020-04-01
2020,2,0.0,FARMERS TEXAS COUNTY MUTUAL INSURANCE COMPANY,Closed,FARM-132366367,2020-05-01
2020,2,0.0,FARMERS TEXAS COUNTY MUTUAL INSURANCE COMPANY,Closed,FARM-132366463,2020-05-01
2020,2,0.0,FARMERS TEXAS COUNTY MUTUAL INSURANCE COMPANY,Closed,FARM-132366497,2020-05-01
2020,2,0.0,FARMERS TEXAS COUNTY MUTUAL INSURANCE COMPANY,Closed,FARM-132389959,2020-04-01
2020,2,0.0,FARMERS TEXAS COUNTY MUTUAL INSURANCE COMPANY,Closed,FARM-132390006,2020-05-01
2020,2,0.0,FIRST CHICAGO INSURANCE COMPANY,Closed,FCLH-132199751,2020-04-15
2020,2,0.0,FOREMOST COUNTY MUTUAL INSURANCE COMPANY,Closed,BRWS-132400125,2020-06-30
2020,2,0.0,FOREMOST COUNTY MUTUAL INSURANCE COMPANY,Closed,BRWS-132414756,2020-06-18
2020,2,0.0,"FOREMOST INSURANCE COMPANY GRAND RAPIDS, MICHIGAN",Closed,FORE-132113117,2020-06-01
2020,2,0.0,"FOREMOST INSURANCE COMPANY GRAND RAPIDS, MICHIGAN",Closed,FORE-132224478,2020-06-01
2020,2,0.0,GARRISON PROPERTY AND CASUALTY INSURANCE COMPANY,Closed,USAA-132103960,2020-04-04
2020,2,0.0,GEICO ADVANTAGE INSURANCE COMPANY,Closed,GECC-132330552,2020-06-24
2020,2,0.0,GEICO ADVANTAGE INSURANCE COMPANY,Closed,GECC-132331163,2020-04-08
2020,2,0.0,GEICO CHOICE INSURANCE COMPANY,Closed,GECC-132330552,2020-06-24
2020,2,0.0,GEICO CHOICE INSURANCE COMPANY,Closed,GECC-132331163,2020-04-08
2020,2,0.0,GEICO COUNTY MUTUAL INSURANCE COMPANY,Closed,GECC-132330552,2020-06-24
2020,2,0.0,GEICO COUNTY MUTUAL INSURANCE COMPANY,Closed,GECC-132331163,2020-04-08
2020,2,0.0,GEICO GENERAL INSURANCE COMPANY,Closed,GECC-132134396,2020-04-04
2020,2,0.0,GEICO GENERAL INSURANCE COMPANY,Closed,GECC-132331163,2020-04-08
2020,2,0.0,GEICO INDEMNITY COMPANY,Closed,GECC-132134396,2020-04-04
2020,2,0.0,GEICO INDEMNITY COMPANY,Closed,GECC-132330552,2020-06-24
2020,2,0.0,GEICO INDEMNITY COMPANY,Closed,GECC-132331123,2020-04-08
2020,2,0.0,GEICO INDEMNITY COMPANY,Closed,GECC-132331163,2020-04-08
2020,2,0.0,GEICO SECURE INSURANCE COMPANY,Closed,GECC-132330552,2020-06-24
2020,2,0.0,GEICO SECURE INSURANCE COMPANY,Closed,GECC-132331163,2020-04-08
2020,2,0.0,GEICO TEXAS COUNTY MUTUAL INSURANCE COMPANY,Closed,TRGR-132343482,2020-04-01
2020,2,0.0,GENERAL INSURANCE COMPANY OF AMERICA,Closed,LBPM-132274159,2020-04-20
2020,2,0.0,GENERAL INSURANCE COMPANY OF AMERICA,Closed,LBPM-132274683,2020-04-20
2020,2,0.0,GENERAL INSURANCE COMPANY OF AMERICA,Closed,LBPM-132333409,2020-04-15
2020,2,0.0,GENERAL SECURITY NATIONAL INSURANCE COMPANY,Closed,WWWW-132354446,2020-04-29
2020,2,0.0,GERMANIA FIRE & CASUALTY COMPANY,Closed,GEIN-132330190,2020-04-08
2020,2,0.0,GERMANIA FIRE & CASUALTY COMPANY,Closed,GEIN-132364154,2020-05-05
2020,2,0.0,GERMANIA INSURANCE COMPANY,Closed,GEIN-132330190,2020-04-08
2020,2,0.0,GERMANIA INSURANCE COMPANY,Closed,GEIN-132364154,2020-05-05
2020,2,0.0,GERMANIA SELECT INSURANCE COMPANY,Closed,GEIN-132330190,2020-04-08
2020,2,0.0,GERMANIA SELECT INSURANCE COMPANY,Closed,GEIN-132364154,2020-05-05
2020,2,0.0,GOVERNMENT EMPLOYEES INSURANCE COMPANY,Closed,GECC-132134396,2020-04-04
2020,2,0.0,GOVERNMENT EMPLOYEES INSURANCE COMPANY,Closed,GECC-132330552,2020-06-24
2020,2,0.0,GOVERNMENT EMPLOYEES INSURANCE COMPANY,Closed,GECC-132331163,2020-04-08
2020,2,0.0,GREAT NORTHERN INSURANCE COMPANY,Closed,ACEH-132164819,2020-04-10
2020,2,0.0,HARTFORD ACCIDENT AND INDEMNITY COMPANY,Closed,HART-132342589,2020-04-01
2020,2,0.0,HARTFORD CASUALTY INSURANCE COMPANY,Closed,HART-132342589,2020-04-01
2020,2,0.0,HARTFORD FIRE INSURANCE COMPANY,Closed,HART-132342589,2020-04-01
2020,2,0.0,HARTFORD INSURANCE COMPANY OF THE MIDWEST,Closed,HART-132342589,2020-04-01
2020,2,0.0,HARTFORD UNDERWRITERS INSURANCE COMPANY,Closed,HART-132342589,2020-04-01
2020,2,0.0,HOME STATE COUNTY MUTUAL INSURANCE COMPANY,Closed,HMSG-132218794,2020-04-01
2020,2,0.0,HOME STATE COUNTY MUTUAL INSURANCE COMPANY,Closed,HMSG-132235632,2020-05-01
2020,2,0.0,HOME STATE COUNTY MUTUAL INSURANCE COMPANY,Closed,HMSG-132270514,2020-05-01
2020,2,0.0,HOME STATE COUNTY MUTUAL INSURANCE COMPANY,Closed,HMSG-132274028,2020-05-01
2020,2,0.0,HOME STATE COUNTY MUTUAL INSURANCE COMPANY,Closed,HMSG-132274509,2020-05-01
2020,2,0.0,HOME STATE COUNTY MUTUAL INSURANCE COMPANY,Closed,HMSG-132294494,2020-05-16
2020,2,0.0,HOME STATE COUNTY MUTUAL INSURANCE COMPANY,Closed,HMSG-132301040,2020-05-07
2020,2,0.0,HOME STATE COUNTY MUTUAL INSURANCE COMPANY,Closed,HMSG-132301993,2020-05-11
2020,2,0.0,HOME STATE COUNTY MUTUAL INSURANCE COMPANY,Closed,HMSG-132313393,2020-04-10
2020,2,0.0,HOME STATE COUNTY MUTUAL INSURANCE COMPANY,Closed,HMSG-132320180,2020-04-01
2020,2,0.0,HOME STATE COUNTY MUTUAL INSURANCE COMPANY,Closed,HMSG-132330771,2020-04-08
2020,2,0.0,HOME STATE COUNTY MUTUAL INSURANCE COMPANY,Closed,HMSG-132353048,2020-04-20
2020,2,0.0,HOME STATE COUNTY MUTUAL INSURANCE COMPANY,Closed,HMSG-132353163,2020-04-20
2020,2,0.0,HOME STATE COUNTY MUTUAL INSURANCE COMPANY,Closed,HMSG-132356106,2020-04-24
2020,2,0.0,HOME STATE COUNTY MUTUAL INSURANCE COMPANY,Closed,HMSG-132357017,2020-05-01
2020,2,0.0,HOME STATE COUNTY MUTUAL INSURANCE COMPANY,Closed,HMSG-132358360,2020-05-01
2020,2,0.0,HOME STATE COUNTY MUTUAL INSURANCE COMPANY,Closed,HMSG-132359187,2020-05-02
2020,2,0.0,HOME STATE COUNTY MUTUAL INSURANCE COMPANY,Closed,HMSG-132359201,2020-05-01
2020,2,0.0,HOME STATE COUNTY MUTUAL INSURANCE COMPANY,Closed,HMSG-132364952,2020-05-05
2020,2,0.0,HOME STATE COUNTY MUTUAL INSURANCE COMPANY,Closed,HMSG-132368693,2020-04-20
2020,2,0.0,HOME STATE COUNTY MUTUAL INSURANCE COMPANY,Closed,HMSG-132374931,2020-05-12
2020,2,0.0,HOME STATE COUNTY MUTUAL INSURANCE COMPANY,Closed,HMSG-132375002,2020-05-12
2020,2,0.0,HOME STATE COUNTY MUTUAL INSURANCE COMPANY,Closed,HMSG-132375067,2020-05-12
2020,2,0.0,HOME STATE COUNTY MUTUAL INSURANCE COMPANY,Closed,HMSG-132375205,2020-05-12
2020,2,0.0,HOME STATE COUNTY MUTUAL INSURANCE COMPANY,Closed,HMSG-132390933,2020-05-18
2020,2,0.0,INCLINE CASUALTY COMPANY,Closed,AGWG-132265247,2020-05-01
2020,2,0.0,INFINITY COUNTY MUTUAL INSURANCE COMPANY,Closed,NFNT-132346966,2020-04-30
2020,2,0.0,INTEGON INDEMNITY CORPORATION,Closed,GMMX-132286459,2020-05-30
2020,2,0.0,INTEGON INDEMNITY CORPORATION,Closed,GMMX-132290466,2020-05-16
2020,2,0.0,INTEGON INDEMNITY CORPORATION,Closed,GMMX-132295990,2020-05-07
2020,2,0.0,INTEGON INDEMNITY CORPORATION,Closed,GMMX-132367769,2020-05-07
2020,2,0.0,INTEGON INDEMNITY CORPORATION,Closed,GMMX-132368831,2020-05-07
2020,2,0.0,INTEGON INDEMNITY CORPORATION,Closed,GMMX-132373905,2020-05-11
2020,2,0.0,LIBERTY COUNTY MUTUAL INSURANCE COMPANY,Closed,LBPM-132129305,2020-04-22
2020,2,0.0,LIBERTY COUNTY MUTUAL INSURANCE COMPANY,Closed,LBPM-132223910,2020-05-18
2020,2,0.0,LIBERTY COUNTY MUTUAL INSURANCE COMPANY,Closed,LBPM-132274159,2020-04-20
2020,2,0.0,LIBERTY COUNTY MUTUAL INSURANCE COMPANY,Closed,LBPM-132274969,2020-04-20
2020,2,0.0,LIBERTY COUNTY MUTUAL INSURANCE COMPANY,Closed,LBPM-132333338,2020-04-15
2020,2,0.0,LIBERTY COUNTY MUTUAL INSURANCE COMPANY,Closed,LBPM-132333430,2020-04-15
2020,2,0.0,LIBERTY COUNTY MUTUAL INSURANCE COMPANY,Closed,LBPM-132333487,2020-04-15
2020,2,0.0,MERASTAR INSURANCE COMPANY,Closed,UNTR-132352271,2020-04-30
2020,2,0.0,MERCURY COUNTY MUTUAL INSURANCE COMPANY,Closed,MERY-132341649,2020-04-17
2020,2,0.0,MERCURY COUNTY MUTUAL INSURANCE COMPANY,Closed,MERY-132368984,2020-06-27
2020,2,0.0,METROPOLITAN GENERAL INSURANCE COMPANY,Closed,METX-132338075,2020-04-01
2020,2,0.0,MID-CENTURY INSURANCE COMPANY,Closed,FARM-132349098,2020-04-01
2020,2,0.0,MID-CENTURY INSURANCE COMPANY,Closed,FARM-132366497,2020-05-01
2020,2,0.0,MID-CENTURY INSURANCE COMPANY OF TEXAS,Closed,FARM-132389959,2020-04-01
2020,2,0.0,MID-CENTURY INSURANCE COMPANY OF TEXAS,Closed,FARM-132390006,2020-05-01
2020,2,0.0,MIDVALE INDEMNITY COMPANY,Closed,HMSS-132361740,2020-05-05
2020,2,0.0,MIDVALE INDEMNITY COMPANY,Closed,HMSS-132421174,2020-06-15
2020,2,0.0,NATIONAL GENERAL ASSURANCE COMPANY,Closed,GMMX-132307171,2020-05-16
2020,2,0.0,NATIONAL GENERAL ASSURANCE COMPANY,Closed,GMMX-132367769,2020-05-07
2020,2,0.0,NATIONAL GENERAL INSURANCE COMPANY,Closed,GMMX-132307881,2020-05-16
2020,2,0.0,NATIONAL GENERAL INSURANCE COMPANY,Closed,GMMX-132367769,2020-05-07
2020,2,0.0,NATIONAL GENERAL INSURANCE COMPANY,Closed,GMMX-132368831,2020-05-07
2020,2,0.0,NOBLR RECIPROCAL EXCHANGE,Closed,NOBL-132300846,2020-04-07
2020,2,0.0,NOBLR RECIPROCAL EXCHANGE,Closed,NOBL-132344659,2020-04-21
2020,2,0.0,OLD AMERICAN COUNTY MUTUAL FIRE INSURANCE COMPANY,Closed,OAMF-132314019,2020-05-01
2020,2,0.0,OLD AMERICAN COUNTY MUTUAL FIRE INSURANCE COMPANY,Closed,OAMF-132314820,2020-05-01
2020,2,0.0,OLD AMERICAN COUNTY MUTUAL FIRE INSURANCE COMPANY,Closed,OAMF-132315165,2020-05-01
2020,2,0.0,OLD AMERICAN COUNTY MUTUAL FIRE INSURANCE COMPANY,Closed,OAMF-132316092,2020-05-01
2020,2,0.0,OLD AMERICAN COUNTY MUTUAL FIRE INSURANCE COMPANY,Closed,OAMF-132316235,2020-05-01
2020,2,0.0,OLD AMERICAN COUNTY MUTUAL FIRE INSURANCE COMPANY,Closed,OAMF-132318362,2020-05-01
2020,2,0.0,OLD AMERICAN COUNTY MUTUAL FIRE INSURANCE COMPANY,Closed,OAMF-132328622,2020-04-08
2020,2,0.0,OLD AMERICAN COUNTY MUTUAL FIRE INSURANCE COMPANY,Closed,OAMF-132359083,2020-04-30
2020,2,0.0,OLD AMERICAN COUNTY MUTUAL FIRE INSURANCE COMPANY,Closed,OAMF-132359162,2020-04-30
2020,2,0.0,OLD AMERICAN COUNTY MUTUAL FIRE INSURANCE COMPANY,Closed,OAMF-132371336,2020-05-08
2020,2,0.0,OLD AMERICAN COUNTY MUTUAL FIRE INSURANCE COMPANY,Closed,OAMF-132380728,2020-05-15
2020,2,0.0,OLD AMERICAN COUNTY MUTUAL FIRE INSURANCE COMPANY,Closed,OAMF-132409046,2020-06-05
2020,2,0.0,PACIFIC INDEMNITY COMPANY,Closed,ACEH-132164819,2020-04-10
2020,2,0.0,PHARMACISTS INSURANCE COMPANY,Closed,PHAR-132347541,2020-04-24
2020,2,0.0,"PHOENIX INSURANCE COMPANY, THE",Closed,TRVD-132333012,2020-04-10
2020,2,0.0,PROGRESSIVE COUNTY MUTUAL INSURANCE COMPANY,Closed,PRGS-132339016,2020-04-15
2020,2,0.0,PROGRESSIVE COUNTY MUTUAL INSURANCE COMPANY,Closed,PRGS-132339103,2020-04-15
2020,2,0.0,REDPOINT COUNTY MUTUAL INSURANCE COMPANY,Closed,PERR-132316717,2020-04-30
2020,2,0.0,REDPOINT COUNTY MUTUAL INSURANCE COMPANY,Closed,PERR-132345647,2020-05-21
2020,2,0.0,REDPOINT COUNTY MUTUAL INSURANCE COMPANY,Closed,SWCM-132237415,2020-04-07
2020,2,0.0,REDPOINT COUNTY MUTUAL INSURANCE COMPANY,Closed,SWCM-132237442,2020-04-07
2020,2,0.0,REDPOINT COUNTY MUTUAL INSURANCE COMPANY,Closed,SWCM-132253278,2020-06-14
2020,2,0.0,REDPOINT COUNTY MUTUAL INSURANCE COMPANY,Closed,SWCM-132253296,2020-06-14
2020,2,0.0,REDPOINT COUNTY MUTUAL INSURANCE COMPANY,Closed,SWCM-132265236,2020-05-01
2020,2,0.0,"RIVERSTONE INTERNATIONAL INSURANCE, INC.",Closed,ELEC-132339433,2020-04-17
2020,2,0.0,SAFECO INSURANCE COMPANY OF AMERICA,Closed,LBPM-132274159,2020-04-20
2020,2,0.0,SAFECO INSURANCE COMPANY OF AMERICA,Closed,LBPM-132274683,2020-04-20
2020,2,0.0,SAFECO INSURANCE COMPANY OF AMERICA,Closed,LBPM-132333409,2020-04-15
2020,2,0.0,SAFECO INSURANCE COMPANY OF ILLINOIS,Closed,LBPM-132274159,2020-04-20
2020,2,0.0,SAFECO INSURANCE COMPANY OF ILLINOIS,Closed,LBPM-132274683,2020-04-20
2020,2,0.0,SAFECO INSURANCE COMPANY OF ILLINOIS,Closed,LBPM-132333409,2020-04-15
2020,2,0.0,SAFECO LLOYDS INSURANCE COMPANY,Closed,LBPM-132274159,2020-04-20
2020,2,0.0,SAFECO LLOYDS INSURANCE COMPANY,Closed,LBPM-132274683,2020-04-20
2020,2,0.0,SAFECO LLOYDS INSURANCE COMPANY,Closed,LBPM-132333409,2020-04-15
2020,2,0.0,STATE FARM COUNTY MUTUAL INSURANCE COMPANY OF TEXAS,Closed,SFMA-132256120,2020-04-06
2020,2,0.0,STATE FARM COUNTY MUTUAL INSURANCE COMPANY OF TEXAS,Closed,SFMA-132364688,2020-05-04
2020,2,0.0,STATE FARM FIRE AND CASUALTY COMPANY,Closed,SFMA-132256120,2020-04-06
2020,2,0.0,STATE FARM FIRE AND CASUALTY COMPANY,Closed,SFMA-132364688,2020-05-04
2020,2,0.0,STATE FARM MUTUAL AUTOMOBILE INSURANCE COMPANY,Closed,SFMA-132256120,2020-04-06
2020,2,0.0,STILLWATER INSURANCE COMPANY,Closed,FDLY-132335572,2020-04-13
2020,2,0.0,TEXAS FARM BUREAU CASUALTY INSURANCE COMPANY,Closed,TXFB-132355512,2020-05-15
2020,2,0.0,TEXAS FARM BUREAU MUTUAL INSURANCE COMPANY,Closed,TXFB-132355512,2020-05-15
2020,2,0.0,TEXAS FARM BUREAU UNDERWRITERS,Closed,TXFB-132355512,2020-05-15
2020,2,0.0,"TRAVELERS HOME AND MARINE INSURANCE COMPANY, THE",Closed,TRVD-132333012,2020-04-10
2020,2,0.0,"TRAVELERS INDEMNITY COMPANY OF AMERICA, THE",Closed,TRVD-132333012,2020-04-10
2020,2,0.0,"TRAVELERS INDEMNITY COMPANY OF CONNECTICUT, THE",Closed,TRVD-132333012,2020-04-10
2020,2,0.0,"TRAVELERS INDEMNITY COMPANY, THE",Closed,TRVD-132333012,2020-04-10
2020,2,0.0,TRAVELERS PERSONAL SECURITY INSURANCE COMPANY,Closed,TRVD-132333012,2020-04-10
2020,2,0.0,TRINITY UNIVERSAL INSURANCE COMPANY,Closed,KEMP-132351995,2020-04-30
2020,2,0.0,TWIN CITY FIRE INSURANCE COMPANY,Closed,HART-132342589,2020-04-01
2020,2,0.0,UNITED SECURITY INSURANCE COMPANY,Closed,USLH-132212193,2020-04-01
2020,2,0.0,UNITED SERVICES AUTOMOBILE ASSOCIATION,Closed,USAA-132103960,2020-04-04
2020,2,0.0,UNITRIN COUNTY MUTUAL INSURANCE COMPANY,Closed,UNTR-132352277,2020-04-30
2020,2,0.0,UNITRIN COUNTY MUTUAL INSURANCE COMPANY,Closed,UTRN-132346954,2020-04-30
2020,2,0.0,UNITRIN DIRECT INSURANCE COMPANY,Closed,UNTR-132352283,2020-04-30
2020,2,0.0,UNITRIN DIRECT PROPERTY & CASUALTY COMPANY,Closed,UNTR-132352314,2020-04-30
2020,2,0.0,USAA CASUALTY INSURANCE COMPANY,Closed,USAA-132103960,2020-04-04
2020,2,0.0,USAA GENERAL INDEMNITY COMPANY,Closed,USAA-132103960,2020-04-04
2020,2,0.0,VAULT RECIPROCAL EXCHANGE,Closed,SPIS-132344020,2020-04-20
2020,2,0.3,ASSURANCEAMERICA INSURANCE COMPANY,Closed,ASRN-132354451,2020-06-05
2020,2,0.3,CHUBB LLOYDS INSURANCE COMPANY OF TEXAS,Closed,ACEH-132164819,2020-04-10
2020,2,0.3,FEDERAL INSURANCE COMPANY,Closed,ACEH-132164819,2020-04-10
2020,2,0.4,HOME STATE COUNTY MUTUAL INSURANCE COMPANY,Closed,HMSG-132298590,2020-05-14
2020,2,0.6,HOME STATE COUNTY MUTUAL INSURANCE COMPANY,Closed,HMSG-132341385,2020-05-01
2020,2,0.9,CHUBB NATIONAL INSURANCE COMPANY,Closed,ACEH-132164819,2020-04-10
2020,2,1.0,GERMANIA FIRE & CASUALTY COMPANY,Closed,GEIN-132338625,2020-05-01
2020,2,1.0,REDPOINT COUNTY MUTUAL INSURANCE COMPANY,Closed,SWCM-132252341,2020-04-15
2020,2,1.0,SAFE AUTO INSURANCE COMPANY,Closed,SAFE-132411843,2020-06-11
2020,2,1.2,HOME STATE COUNTY MUTUAL INSURANCE COMPANY,Closed,HMSG-132306201,2020-05-01
2020,2,1.4,ESSENTIA INSURANCE COMPANY,Closed,ESSN-132197052,2020-06-01
2020,2,1.5,HOME STATE COUNTY MUTUAL INSURANCE COMPANY,Closed,HMSG-132334544,2020-05-30
2020,2,1.6,GEICO SECURE INSURANCE COMPANY,Closed,GECC-132134396,2020-04-04
2020,2,1.6,HOME STATE COUNTY MUTUAL INSURANCE COMPANY,Closed,HMSG-132294712,2020-04-12
2020,2,1.6,"MGA INSURANCE COMPANY, INC.",Closed,GNSC-132267500,2020-04-13
2020,2,1.6,"RIVERSTONE INTERNATIONAL INSURANCE, INC.",Closed,ELEC-132309360,2020-06-18
2020,2,2.0,GERMANIA INSURANCE COMPANY,Closed,GEIN-132338625,2020-05-01
2020,2,2.0,VIGILANT INSURANCE COMPANY,Closed,ACEH-132164819,2020-04-10
2020,2,2.2,GEICO CHOICE INSURANCE COMPANY,Closed,GECC-132134396,2020-04-04
2020,2,2.5,OLD AMERICAN COUNTY MUTUAL FIRE INSURANCE COMPANY,Closed,OAMF-132272895,2020-04-01
2020,2,2.6,GEICO ADVANTAGE INSURANCE COMPANY,Closed,GECC-132134396,2020-04-04
2020,2,2.6,GEICO COUNTY MUTUAL INSURANCE COMPANY,Closed,GECC-132134396,2020-04-04
2020,2,2.8,SAFE AUTO INSURANCE COMPANY,Closed,SAFE-132271580,2020-04-05
2020,2,3.3,LIBERTY COUNTY MUTUAL INSURANCE COMPANY,Closed,LBPM-132139119,2020-05-23
2020,2,4.1,ROOT INSURANCE COMPANY,Closed,CLIN-132326364,2020-05-11
2020,2,5.0,REDPOINT COUNTY MUTUAL INSURANCE COMPANY,Closed,SWCM-132331828,2020-06-16
2020,2,5.5,REDPOINT COUNTY MUTUAL INSURANCE COMPANY,Closed,SWCM-132295694,2020-04-15
2020,2,5.8,OLD AMERICAN COUNTY MUTUAL FIRE INSURANCE COMPANY,Closed,OAMF-132276003,2020-04-10
2020,2,6.9,ECONOMY FIRE & CASUALTY COMPANY,Closed,METX-132260535,2020-05-01
2020,2,7.3,HOME STATE COUNTY MUTUAL INSURANCE COMPANY,Closed,HMSG-132324544,2020-04-26
2020,2,7.9,MARKEL AMERICAN INSURANCE COMPANY,Closed,MRKA-132101893,2020-05-01
2020,2,13.2,AIG PROPERTY CASUALTY COMPANY,Closed,APCG-131999707,2020-05-15
2020,2,14.9,HOME STATE COUNTY MUTUAL INSURANCE COMPANY,Closed,HMSG-132296578,2020-04-15
2020,2,15.9,HOUSTON GENERAL INSURANCE EXCHANGE,Closed,MRTN-132311194,2020-06-15
2020,2,27.6,MIDVALE INDEMNITY COMPANY,Closed,HMSS-132054413,2020-04-20
2020,3,-28.1,INTEGON INDEMNITY CORPORATION,Closed,GMMX-132393264,2020-07-18
2020,3,-26.2,HOME STATE COUNTY MUTUAL INSURANCE COMPANY,Closed,HMSG-132412576,2020-07-18
2020,3,-16.8,REDPOINT COUNTY MUTUAL INSURANCE COMPANY,Closed,SWCM-132189866,2020-07-01
2020,3,-12.5,STATE FARM COUNTY MUTUAL INSURANCE COMPANY OF TEXAS,Closed,SFMA-132405816,2020-07-20
2020,3,-12.4,STATE FARM MUTUAL AUTOMOBILE INSURANCE COMPANY,Closed,SFMA-132405816,2020-07-20
2020,3,-7.3,HOME STATE COUNTY MUTUAL INSURANCE COMPANY,Closed,HMSG-132434237,2020-07-31
2020,3,-5.6,OLD AMERICAN COUNTY MUTUAL FIRE INSURANCE COMPANY,Closed,OAMF-132476799,2020-07-29
2020,3,-5.0,HOME STATE COUNTY MUTUAL INSURANCE COMPANY,Closed,HMSG-132405035,2020-08-22
2020,3,-5.0,STATE AUTO PROPERTY & CASUALTY INSURANCE COMPANY,Closed,STAT-132382709,2020-08-22
2020,3,-4.8,HOME STATE COUNTY MUTUAL INSURANCE COMPANY,Closed,HMSG-132363596,2020-08-17
2020,3,-4.4,LOYA INSURANCE COMPANY,Closed,PERR-132500282,2020-09-24
2020,3,-4.0,HOME STATE COUNTY MUTUAL INSURANCE COMPANY,Closed,HMSG-132401055,2020-07-10
2020,3,-3.5,BERKLEY INSURANCE COMPANY,Closed,BKON-132202126,2020-07-21
2020,3,-3.4,FALCON INSURANCE COMPANY,Closed,FIGC-132409519,2020-07-24
2020,3,-3.0,PROGRESSIVE COUNTY MUTUAL INSURANCE COMPANY,Closed,PRGS-132398613,2020-07-30
2020,3,-2.8,PROGRESSIVE COUNTY MUTUAL INSURANCE COMPANY,Closed,PRGS-132398612,2020-07-30
2020,3,-2.5,AMERICAN ACCESS CASUALTY COMPANY,Closed,AACI-132393506,2020-07-08
2020,3,-2.4,DAIRYLAND COUNTY MUTUAL INSURANCE COMPANY OF TEXAS,Closed,VKNG-132485710,2020-09-23
2020,3,-1.7,ALLSTATE FIRE AND CASUALTY INSURANCE COMPANY,Closed,ALSE-132868026,2020-08-05
2020,3,-1.0,VISION INSURANCE COMPANY,Closed,PERR-132501856,2020-09-24
2020,3,-0.9,PROGRESSIVE COUNTY MUTUAL INSURANCE COMPANY,Closed,PRGS-132457250,2020-09-03
2020,3,-0.6,PROGRESSIVE COUNTY MUTUAL INSURANCE COMPANY,Closed,PRGS-132457208,2020-09-03
2020,3,-0.6,REDPOINT COUNTY MUTUAL INSURANCE COMPANY,Closed,SWCM-132405807,2020-07-08
2020,3,-0.5,HOME STATE COUNTY MUTUAL INSURANCE COMPANY,Closed,HMSG-132418413,2020-08-01
2020,3,-0.4,HOME STATE COUNTY MUTUAL INSURANCE COMPANY,Closed,HMSG-132421909,2020-09-04
2020,3,-0.3,ALINSCO INSURANCE COMPANY,Closed,AINS-132438047,2020-08-01
2020,3,-0.2,COLONIAL COUNTY MUTUAL INSURANCE COMPANY,Closed,NWPP-132324032,2020-08-25
2020,3,-0.2,HOME STATE COUNTY MUTUAL INSURANCE COMPANY,Closed,HMSG-132506034,2020-09-27
2020,3,-0.2,OLD AMERICAN COUNTY MUTUAL FIRE INSURANCE COMPANY,Closed,OAMF-132504843,2020-09-24
2020,3,-0.2,TREXIS ONE INSURANCE CORPORATION,Closed,VSGP-132433794,2020-09-04
2020,3,-0.1,ALLSTATE FIRE AND CASUALTY INSURANCE COMPANY,Closed,ALSE-132417751,2020-09-24
2020,3,-0.1,ALLSTATE FIRE AND CASUALTY INSURANCE COMPANY,Closed,ALSE-132429489,2020-08-13
2020,3,-0.1,MERCURY COUNTY MUTUAL INSURANCE COMPANY,Closed,MERY-132413535,2020-08-15
2020,3,-0.1,OLD AMERICAN COUNTY MUTUAL FIRE INSURANCE COMPANY,Closed,OAMF-132486834,2020-09-10
2020,3,0.0,AIG PROPERTY CASUALTY COMPANY,Closed,APCG-132379930,2020-07-15
2020,3,0.0,ALLSTATE COUNTY MUTUAL INSURANCE COMPANY,Closed,ALSE-132230138,2020-08-27
2020,3,0.0,ALLSTATE COUNTY MUTUAL INSURANCE COMPANY,Closed,ALSE-132230292,2020-08-27
2020,3,0.0,ALLSTATE COUNTY MUTUAL INSURANCE COMPANY,Closed,ALSE-132448689,2020-07-13
2020,3,0.0,ALLSTATE COUNTY MUTUAL INSURANCE COMPANY,Closed,ALSE-132455016,2020-07-13
2020,3,0.0,ALLSTATE FIRE AND CASUALTY INSURANCE COMPANY,Closed,ALSE-132230049,2020-08-27
2020,3,0.0,ALLSTATE FIRE AND CASUALTY INSURANCE COMPANY,Closed,ALSE-132461993,2020-09-10
2020,3,0.0,ALLSTATE INDEMNITY COMPANY,Closed,ALSE-132229905,2020-08-27
2020,3,0.0,ALLSTATE INSURANCE COMPANY,Closed,ALSE-132229905,2020-08-27
2020,3,0.0,ALLSTATE PROPERTY AND CASUALTY INSURANCE COMPANY,Closed,ALSE-132229905,2020-08-27
2020,3,0.0,AMERICAN ACCESS CASUALTY COMPANY,Closed,AACI-132293546,2020-07-01
2020,3,0.0,AMERICAN ACCESS CASUALTY COMPANY,Closed,AACI-132398090,2020-08-01
2020,3,0.0,AMERICAN FAMILY HOME INSURANCE COMPANY,Closed,MRTN-132541363,2020-09-24
2020,3,0.0,AMERICAN NATIONAL COUNTY MUTUAL INSURANCE COMPANY,Closed,ANPC-132336386,2020-08-16
2020,3,0.0,AMERICAN NATIONAL COUNTY MUTUAL INSURANCE COMPANY,Closed,ANPC-132401992,2020-09-24
2020,3,0.0,CHUBB LLOYDS INSURANCE COMPANY OF TEXAS,Closed,ACEH-132358964,2020-08-26
2020,3,0.0,CHUBB NATIONAL INSURANCE COMPANY,Closed,ACEH-132358964,2020-08-26
2020,3,0.0,CLEARCOVER INSURANCE COMPANY,Closed,CLEA-132457838,2020-09-04
2020,3,0.0,CONSUMERS COUNTY MUTUAL INSURANCE COMPANY,Closed,CCMC-132400454,2020-08-07
2020,3,0.0,CONSUMERS COUNTY MUTUAL INSURANCE COMPANY,Closed,CCMC-132428682,2020-09-20
2020,3,0.0,DIRECT GENERAL INSURANCE COMPANY,Closed,GMMX-132475228,2020-09-13
2020,3,0.0,ELEPHANT INSURANCE COMPANY,Closed,EINS-132360455,2020-07-25
2020,3,0.0,ELEPHANT INSURANCE COMPANY,Closed,EINS-132420821,2020-08-17
2020,3,0.0,ELEPHANT INSURANCE COMPANY,Closed,EINS-132427144,2020-09-13
2020,3,0.0,ENCOMPASS INDEMNITY COMPANY,Closed,ALSE-132220693,2020-08-31
2020,3,0.0,ENCOMPASS INDEMNITY COMPANY,Closed,ALSE-132405929,2020-08-31
2020,3,0.0,ENCOMPASS INDEMNITY COMPANY,Closed,ALSE-132457036,2020-08-31
2020,3,0.0,ENCOMPASS INDEPENDENT INSURANCE COMPANY,Closed,ALSE-132406126,2020-08-31
2020,3,0.0,ENCOMPASS INDEPENDENT INSURANCE COMPANY,Closed,ALSE-132452231,2020-08-27
2020,3,0.0,FARMERS PROPERTY AND CASUALTY INSURANCE COMPANY,Closed,METX-132363415,2020-08-09
2020,3,0.0,FARMERS TEXAS COUNTY MUTUAL INSURANCE COMPANY,Closed,FARM-132490687,2020-08-31
2020,3,0.0,FARMERS TEXAS COUNTY MUTUAL INSURANCE COMPANY,Closed,FARM-132490843,2020-08-31
2020,3,0.0,FEDERAL INSURANCE COMPANY,Closed,ACEH-132358964,2020-08-26
2020,3,0.0,GARRISON PROPERTY AND CASUALTY INSURANCE COMPANY,Closed,USAA-132243646,2020-07-11
2020,3,0.0,GARRISON PROPERTY AND CASUALTY INSURANCE COMPANY,Closed,USAA-132305222,2020-07-11
2020,3,0.0,GARRISON PROPERTY AND CASUALTY INSURANCE COMPANY,Closed,USAA-132312800,2020-08-09
2020,3,0.0,GEICO TEXAS COUNTY MUTUAL INSURANCE COMPANY,Closed,TRGR-132448238,2020-07-07
2020,3,0.0,GENERAL SECURITY NATIONAL INSURANCE COMPANY,Closed,BRFI-132395199,2020-07-11
2020,3,0.0,GENERAL SECURITY NATIONAL INSURANCE COMPANY,Closed,BRFI-132425597,2020-08-02
2020,3,0.0,GENERAL SECURITY NATIONAL INSURANCE COMPANY,Closed,BRFI-132460386,2020-08-25
2020,3,0.0,GOAUTO INSURANCE COMPANY,Closed,PERR-132504777,2020-09-01
2020,3,0.0,GREAT NORTHERN INSURANCE COMPANY,Closed,ACEH-132358964,2020-08-26
2020,3,0.0,HARTFORD ACCIDENT AND INDEMNITY COMPANY,Closed,HART-132447827,2020-07-07
2020,3,0.0,HARTFORD CASUALTY INSURANCE COMPANY,Closed,HART-132447827,2020-07-07
2020,3,0.0,HARTFORD FIRE INSURANCE COMPANY,Closed,HART-132447827,2020-07-07
2020,3,0.0,HARTFORD INSURANCE COMPANY OF THE MIDWEST,Closed,HART-132447827,2020-07-07
2020,3,0.0,HARTFORD UNDERWRITERS INSURANCE COMPANY,Closed,HART-132447827,2020-07-07
2020,3,0.0,HOCHHEIM PRAIRIE CASUALTY INSURANCE COMPANY,Closed,HOCH-132470676,2020-08-01
2020,3,0.0,HOME STATE COUNTY MUTUAL INSURANCE COMPANY,Closed,HMSG-132354187,2020-07-01
2020,3,0.0,HOME STATE COUNTY MUTUAL INSURANCE COMPANY,Closed,HMSG-132437933,2020-07-30
2020,3,0.0,HOME STATE COUNTY MUTUAL INSURANCE COMPANY,Closed,HMSG-132462687,2020-09-13
2020,3,0.0,HORACE MANN INSURANCE COMPANY,Closed,HRMN-132480167,2020-08-11
2020,3,0.0,HORACE MANN PROPERTY & CASUALTY INSURANCE COMPANY,Closed,HRMN-132480167,2020-08-11
2020,3,0.0,HOUSTON GENERAL INSURANCE EXCHANGE,Closed,MRTN-132347408,2020-08-15
2020,3,0.0,INFINITY COUNTY MUTUAL INSURANCE COMPANY,Closed,NFNT-132518101,2020-09-03
2020,3,0.0,INTEGON INDEMNITY CORPORATION,Closed,GMMX-132487059,2020-09-19
2020,3,0.0,NATIONAL GENERAL ASSURANCE COMPANY,Closed,GMMX-132454763,2020-07-12
2020,3,0.0,NATIONAL GENERAL INSURANCE COMPANY,Closed,GMMX-132454867,2020-07-12
2020,3,0.0,NATIONWIDE AGRIBUSINESS INSURANCE COMPANY,Closed,NWPP-132446611,2020-08-07
2020,3,0.0,NATIONWIDE MUTUAL INSURANCE COMPANY,Closed,NWPP-132446342,2020-08-07
2020,3,0.0,NOBLR RECIPROCAL EXCHANGE,Closed,NOBL-132436577,2020-09-14
2020,3,0.0,PACIFIC INDEMNITY COMPANY,Closed,ACEH-132358964,2020-08-26
2020,3,0.0,PRIVILEGE UNDERWRITERS RECIPROCAL EXCHANGE,Closed,PERR-132440467,2020-07-21
2020,3,0.0,QUALITAS INSURANCE COMPANY,Closed,PERR-132171066,2020-07-01
2020,3,0.0,REDPOINT COUNTY MUTUAL INSURANCE COMPANY,Closed,PERR-132463284,2020-07-20
2020,3,0.0,REDPOINT COUNTY MUTUAL INSURANCE COMPANY,Closed,SWCM-132383700,2020-07-25
2020,3,0.0,REDPOINT COUNTY MUTUAL INSURANCE COMPANY,Closed,SWCM-132383705,2020-07-25
2020,3,0.0,REDPOINT COUNTY MUTUAL INSURANCE COMPANY,Closed,SWCM-132420851,2020-08-17
2020,3,0.0,REDPOINT COUNTY MUTUAL INSURANCE COMPANY,Closed,SWCM-132420855,2020-08-17
2020,3,0.0,REDPOINT COUNTY MUTUAL INSURANCE COMPANY,Closed,SWCM-132427172,2020-09-13
2020,3,0.0,REDPOINT COUNTY MUTUAL INSURANCE COMPANY,Closed,SWCM-132427173,2020-09-13
2020,3,0.0,REDPOINT COUNTY MUTUAL INSURANCE COMPANY,Closed,SWCM-132460905,2020-09-01
2020,3,0.0,REDPOINT COUNTY MUTUAL INSURANCE COMPANY,Closed,SWCM-132468792,2020-08-15
2020,3,0.0,REDPOINT COUNTY MUTUAL INSURANCE COMPANY,Closed,SWCM-132469105,2020-08-03
2020,3,0.0,STATE FARM COUNTY MUTUAL INSURANCE COMPANY OF TEXAS,Closed,SFMA-132303346,2020-07-01
2020,3,0.0,STATE FARM COUNTY MUTUAL INSURANCE COMPANY OF TEXAS,Closed,SFMA-132472388,2020-09-14
2020,3,0.0,STATE FARM FIRE AND CASUALTY COMPANY,Closed,SFMA-132303346,2020-07-01
2020,3,0.0,STATE FARM FIRE AND CASUALTY COMPANY,Closed,SFMA-132405816,2020-07-20
2020,3,0.0,STATE FARM FIRE AND CASUALTY COMPANY,Closed,SFMA-132472388,2020-09-14
2020,3,0.0,STATE FARM MUTUAL AUTOMOBILE INSURANCE COMPANY,Closed,SFMA-132303346,2020-07-01
2020,3,0.0,STATE FARM MUTUAL AUTOMOBILE INSURANCE COMPANY,Closed,SFMA-132472388,2020-09-14
2020,3,0.0,TEACHERS INSURANCE COMPANY,Closed,HRMN-132480167,2020-08-11
2020,3,0.0,TWIN CITY FIRE INSURANCE COMPANY,Closed,HART-132447827,2020-07-07
2020,3,0.0,UNITED SECURITY INSURANCE COMPANY,Closed,USLH-132405586,2020-08-01
2020,3,0.0,UNITED SECURITY INSURANCE COMPANY,Closed,USLH-132428860,2020-08-01
2020,3,0.0,UNITED SECURITY INSURANCE COMPANY,Closed,USLH-132508774,2020-08-27
2020,3,0.0,UNITED SERVICES AUTOMOBILE ASSOCIATION,Closed,USAA-132243646,2020-07-11
2020,3,0.0,UNITED SERVICES AUTOMOBILE ASSOCIATION,Closed,USAA-132305222,2020-07-11
2020,3,0.0,UNITED SERVICES AUTOMOBILE ASSOCIATION,Closed,USAA-132312800,2020-08-09
2020,3,0.0,UNITRIN COUNTY MUTUAL INSURANCE COMPANY,Closed,UTRN-132308852,2020-07-15
2020,3,0.0,USAA CASUALTY INSURANCE COMPANY,Closed,USAA-132243646,2020-07-11
2020,3,0.0,USAA CASUALTY INSURANCE COMPANY,Closed,USAA-132305222,2020-07-11
2020,3,0.0,USAA CASUALTY INSURANCE COMPANY,Closed,USAA-132312800,2020-08-09
2020,3,0.0,USAA GENERAL INDEMNITY COMPANY,Closed,USAA-132243646,2020-07-11
2020,3,0.0,USAA GENERAL INDEMNITY COMPANY,Closed,USAA-132305222,2020-07-11
2020,3,0.0,USAA GENERAL INDEMNITY COMPANY,Closed,USAA-132312800,2020-08-09
2020,3,0.0,VAULT RECIPROCAL EXCHANGE,Closed,SPIS-132449483,2020-07-07
2020,3,0.0,VIGILANT INSURANCE COMPANY,Closed,ACEH-132358964,2020-08-26
2020,3,0.5,COLONIAL COUNTY MUTUAL INSURANCE COMPANY,Closed,NWPP-132442683,2020-08-07
2020,3,1.0,COLONIAL COUNTY MUTUAL INSURANCE COMPANY,Closed,NWPP-132446342,2020-08-07
2020,3,1.0,OLD AMERICAN COUNTY MUTUAL FIRE INSURANCE COMPANY,Closed,OAMF-132451854,2020-08-13
2020,3,1.4,ALLIED PROPERTY AND CASUALTY INSURANCE COMPANY,Closed,NWPP-132446611,2020-08-07
2020,3,1.4,COLONIAL COUNTY MUTUAL INSURANCE COMPANY,Closed,NWPP-132446331,2020-08-07
2020,3,1.5,OLD AMERICAN COUNTY MUTUAL FIRE INSURANCE COMPANY,Closed,OAMF-132520251,2020-09-06
2020,3,2.2,GENERAL INSURANCE COMPANY OF AMERICA,Closed,LBPM-132231121,2020-07-03
2020,3,2.2,SAFECO INSURANCE COMPANY OF AMERICA,Closed,LBPM-132231121,2020-07-03
2020,3,2.2,SAFECO INSURANCE COMPANY OF ILLINOIS,Closed,LBPM-132231121,2020-07-03
2020,3,2.2,SAFECO LLOYDS INSURANCE COMPANY,Closed,LBPM-132231121,2020-07-03
2020,3,2.8,HOME STATE COUNTY MUTUAL INSURANCE COMPANY,Closed,HMSG-132386806,2020-08-03
2020,3,3.0,OLD AMERICAN COUNTY MUTUAL FIRE INSURANCE COMPANY,Closed,OAMF-132392504,2020-07-15
2020,3,6.0,DAIRYLAND COUNTY MUTUAL INSURANCE COMPANY OF TEXAS,Closed,VKNG-132417573,2020-08-17
2020,3,6.9,DAIRYLAND COUNTY MUTUAL INSURANCE COMPANY OF TEXAS,Closed,VKNG-132416727,2020-08-17
2020,3,9.9,CRESTBROOK INSURANCE COMPANY,Closed,NWPP-132381082,2020-08-01
2020,3,20.0,AGRICULTURAL WORKERS MUTUAL AUTO INSURANCE COMPANY,Closed,PERR-132051966,2020-09-01
2020,4,-19.6,NATIONAL CASUALTY COMPANY,Closed,NWPP-132503615,2020-10-21
2020,4,-17.9,REDPOINT COUNTY MUTUAL INSURANCE COMPANY,Closed,SWCM-132573977,2020-11-01
2020,4,-14.2,FARMERS PROPERTY AND CASUALTY INSURANCE COMPANY,Closed,METX-132478115,2020-10-17
2020,4,-10.8,HOME STATE COUNTY MUTUAL INSURANCE COMPANY,Closed,HMSG-132601708,2020-12-26
2020,4,-10.6,OLD AMERICAN COUNTY MUTUAL FIRE INSURANCE COMPANY,Closed,OAMF-132530286,2020-11-01
2020,4,-9.9,STILLWATER INSURANCE COMPANY,Closed,FDLY-132561254,2020-12-27
2020,4,-8.8,OLD AMERICAN COUNTY MUTUAL FIRE INSURANCE COMPANY,Closed,OAMF-132529989,2020-11-01
2020,4,-7.2,HOME STATE COUNTY MUTUAL INSURANCE COMPANY,Closed,HMSG-132538338,2020-11-01
2020,4,-7.0,OLD AMERICAN COUNTY MUTUAL FIRE INSURANCE COMPANY,Closed,OAMF-132545051,2020-10-25
2020,4,-6.5,CONSUMERS COUNTY MUTUAL INSURANCE COMPANY,Closed,CCMC-132507685,2020-10-09
2020,4,-6.5,HOME STATE COUNTY MUTUAL INSURANCE COMPANY,Closed,HMSG-132538198,2020-11-01
2020,4,-4.9,CONCERT INSURANCE COMPANY,Closed,PERR-132555862,2020-11-15
2020,4,-4.9,NATIONAL UNITY INSURANCE COMPANY,Closed,NUIC-132536742,2020-11-15
2020,4,-4.9,REDPOINT COUNTY MUTUAL INSURANCE COMPANY,Closed,SWCM-132544345,2020-11-15
2020,4,-3.7,REDPOINT COUNTY MUTUAL INSURANCE COMPANY,Closed,SWCM-132521450,2020-10-24
2020,4,-3.7,"RIVERSTONE INTERNATIONAL INSURANCE, INC.",Closed,ELEC-132462464,2020-11-01
2020,4,-3.2,GERMANIA FIRE & CASUALTY COMPANY,Closed,GEIN-132517901,2020-12-01
2020,4,-3.2,GERMANIA INSURANCE COMPANY,Closed,GEIN-132517901,2020-12-01
2020,4,-3.2,GERMANIA SELECT INSURANCE COMPANY,Closed,GEIN-132517901,2020-12-01
2020,4,-3.2,HOME STATE COUNTY MUTUAL INSURANCE COMPANY,Closed,HMSG-132525712,2020-12-01
2020,4,-3.1,REDPOINT COUNTY MUTUAL INSURANCE COMPANY,Closed,SWCM-132538113,2020-11-05
2020,4,-3.0,GERMANIA INSURANCE COMPANY,Closed,GEIN-132504750,2020-10-15
2020,4,-2.9,GERMANIA FIRE & CASUALTY COMPANY,Closed,GEIN-132504750,2020-10-15
2020,4,-2.9,GERMANIA SELECT INSURANCE COMPANY,Closed,GEIN-132504750,2020-10-15
2020,4,-2.9,HOME STATE COUNTY MUTUAL INSURANCE COMPANY,Closed,HMSG-132510962,2020-10-15
2020,4,-2.7,DAIRYLAND COUNTY MUTUAL INSURANCE COMPANY OF TEXAS,Closed,VKNG-132548383,2020-11-04
2020,4,-2.6,HOME STATE COUNTY MUTUAL INSURANCE COMPANY,Closed,HMSG-132487379,2020-11-01
2020,4,-2.0,HOME STATE COUNTY MUTUAL INSURANCE COMPANY,Closed,HMSG-132471037,2020-10-11
2020,4,-1.7,SAFEWAY INSURANCE COMPANY,Closed,PERR-132492892,2020-10-01
2020,4,-1.5,ELEPHANT INSURANCE COMPANY,Closed,EINS-132510519,2020-11-03
2020,4,-1.4,OLD AMERICAN COUNTY MUTUAL FIRE INSURANCE COMPANY,Closed,OAMF-132492796,2020-10-01
2020,4,-1.2,REDPOINT COUNTY MUTUAL INSURANCE COMPANY,Closed,SWCM-132552449,2020-11-01
2020,4,-0.6,REDPOINT COUNTY MUTUAL INSURANCE COMPANY,Closed,SWCM-132568379,2020-11-20
2020,4,-0.1,AMERICAN ACCESS CASUALTY COMPANY,Closed,AACI-132542163,2020-11-12
2020,4,0.0,ALLSTATE FIRE AND CASUALTY INSURANCE COMPANY,Closed,ALSE-132442253,2020-10-01
2020,4,0.0,ALLSTATE FIRE AND CASUALTY INSURANCE COMPANY,Closed,ALSE-132545558,2020-11-19
2020,4,0.0,ANCHOR GENERAL INSURANCE COMPANY,Closed,AGIN-132654795,2020-12-22
2020,4,0.0,AUTO CLUB COUNTY MUTUAL INSURANCE COMPANY,Closed,IACA-132573873,2020-10-26
2020,4,0.0,AUTO CLUB COUNTY MUTUAL INSURANCE COMPANY,Closed,IACA-132656238,2020-12-23
2020,4,0.0,BANKERS STANDARD INSURANCE COMPANY,Closed,ACEH-132358805,2020-10-01
2020,4,0.0,CONSUMERS COUNTY MUTUAL INSURANCE COMPANY,Closed,CCMC-132549639,2020-12-18
2020,4,0.0,DAIRYLAND COUNTY MUTUAL INSURANCE COMPANY OF TEXAS,Closed,VKNG-132600497,2020-11-30
2020,4,0.0,DIRECT GENERAL INSURANCE COMPANY,Closed,GMMX-132508093,2020-10-17
2020,4,0.0,ECONOMY FIRE & CASUALTY COMPANY,Closed,METX-132512743,2020-11-14
2020,4,0.0,ELEPHANT INSURANCE COMPANY,Closed,EINS-132457555,2020-10-10
2020,4,0.0,ELEPHANT INSURANCE COMPANY,Closed,EINS-132496503,2020-10-19
2020,4,0.0,ENCOMPASS INDEMNITY COMPANY,Closed,ALSE-132553966,2020-12-28
2020,4,0.0,FARMERS LLOYDS INSURANCE COMPANY OF TEXAS,Closed,METX-132512729,2020-11-14
2020,4,0.0,FARMERS TEXAS COUNTY MUTUAL INSURANCE COMPANY,Closed,FARM-132533927,2020-11-21
2020,4,0.0,FARMERS TEXAS COUNTY MUTUAL INSURANCE COMPANY,Closed,FARM-132533931,2020-11-21
2020,4,0.0,FARMERS TEXAS COUNTY MUTUAL INSURANCE COMPANY,Closed,FARM-132534089,2020-11-21
2020,4,0.0,FARMERS TEXAS COUNTY MUTUAL INSURANCE COMPANY,Closed,FARM-132585876,2020-12-15
2020,4,0.0,FOREMOST COUNTY MUTUAL INSURANCE COMPANY,Closed,BRWS-132616269,2020-12-18
2020,4,0.0,FOREMOST COUNTY MUTUAL INSURANCE COMPANY,Closed,BRWS-132659371,2020-12-31
2020,4,0.0,GEICO COUNTY MUTUAL INSURANCE COMPANY,Closed,GECC-132601209,2020-12-03
2020,4,0.0,GEICO TEXAS COUNTY MUTUAL INSURANCE COMPANY,Closed,TRGR-132499955,2020-10-10
2020,4,0.0,GEICO TEXAS COUNTY MUTUAL INSURANCE COMPANY,Closed,TRGR-132501382,2020-10-10
2020,4,0.0,GEICO TEXAS COUNTY MUTUAL INSURANCE COMPANY,Closed,TRGR-132501703,2020-10-10
2020,4,0.0,GEICO TEXAS COUNTY MUTUAL INSURANCE COMPANY,Closed,TRGR-132520662,2020-11-20
2020,4,0.0,GEICO TEXAS COUNTY MUTUAL INSURANCE COMPANY,Closed,TRGR-132583159,2020-12-18
2020,4,0.0,GENERAL SECURITY NATIONAL INSURANCE COMPANY,Closed,BRFI-132511333,2020-10-12
2020,4,0.0,GENERAL SECURITY NATIONAL INSURANCE COMPANY,Closed,BRFI-132519178,2020-10-14
2020,4,0.0,GENERAL SECURITY NATIONAL INSURANCE COMPANY,Closed,BRFI-132538404,2020-11-02
2020,4,0.0,GENERAL SECURITY NATIONAL INSURANCE COMPANY,Closed,BRFI-132581147,2020-12-08
2020,4,0.0,GENERAL SECURITY NATIONAL INSURANCE COMPANY,Closed,BRFI-132597733,2020-12-22
2020,4,0.0,HARTFORD INSURANCE COMPANY OF THE MIDWEST,Closed,HART-132500695,2020-10-10
2020,4,0.0,HOME STATE COUNTY MUTUAL INSURANCE COMPANY,Closed,HMSG-132504217,2020-11-01
2020,4,0.0,HOME STATE COUNTY MUTUAL INSURANCE COMPANY,Closed,HMSG-132512440,2020-10-17
2020,4,0.0,HOME STATE COUNTY MUTUAL INSURANCE COMPANY,Closed,HMSG-132541043,2020-11-15
2020,4,0.0,HOME STATE COUNTY MUTUAL INSURANCE COMPANY,Closed,HMSG-132542034,2020-11-15
2020,4,0.0,HOME STATE COUNTY MUTUAL INSURANCE COMPANY,Closed,HMSG-132542479,2020-11-15
2020,4,0.0,HOME STATE COUNTY MUTUAL INSURANCE COMPANY,Closed,HMSG-132545047,2020-11-15
2020,4,0.0,HOME STATE COUNTY MUTUAL INSURANCE COMPANY,Closed,HMSG-132545299,2020-11-15
2020,4,0.0,HOME STATE COUNTY MUTUAL INSURANCE COMPANY,Closed,HMSG-132545593,2020-11-15
2020,4,0.0,HOME STATE COUNTY MUTUAL INSURANCE COMPANY,Closed,HMSG-132547894,2020-11-15
2020,4,0.0,HOME STATE COUNTY MUTUAL INSURANCE COMPANY,Closed,HMSG-132588045,2020-11-01
2020,4,0.0,HOME STATE COUNTY MUTUAL INSURANCE COMPANY,Closed,HMSG-132593235,2020-12-01
2020,4,0.0,MERCURY COUNTY MUTUAL INSURANCE COMPANY,Closed,MERY-132464310,2020-11-14
2020,4,0.0,MID-CENTURY INSURANCE COMPANY OF TEXAS,Closed,FARM-132534089,2020-11-21
2020,4,0.0,MIDVALE INDEMNITY COMPANY,Closed,HMSS-132496916,2020-10-16
2020,4,0.0,MS TRANSVERSE INSURANCE COMPANY,Closed,MILE-132546170,2020-11-22
2020,4,0.0,OLD AMERICAN COUNTY MUTUAL FIRE INSURANCE COMPANY,Closed,OAMF-132528034,2020-10-29
2020,4,0.0,OLD AMERICAN COUNTY MUTUAL FIRE INSURANCE COMPANY,Closed,OAMF-132621025,2020-12-28
2020,4,0.0,PHARMACISTS INSURANCE COMPANY,Closed,PHAR-132489469,2020-11-01
2020,4,0.0,QUALITAS INSURANCE COMPANY,Closed,PERR-132624682,2020-12-01
2020,4,0.0,QUALITAS INSURANCE COMPANY,Closed,PERR-132628080,2020-12-01
2020,4,0.0,REDPOINT COUNTY MUTUAL INSURANCE COMPANY,Closed,SWCM-132476065,2020-10-10
2020,4,0.0,REDPOINT COUNTY MUTUAL INSURANCE COMPANY,Closed,SWCM-132476069,2020-10-10
2020,4,0.0,REDPOINT COUNTY MUTUAL INSURANCE COMPANY,Closed,SWCM-132496478,2020-10-19
2020,4,0.0,REDPOINT COUNTY MUTUAL INSURANCE COMPANY,Closed,SWCM-132496508,2020-10-19
2020,4,0.0,REDPOINT COUNTY MUTUAL INSURANCE COMPANY,Closed,SWCM-132553646,2020-10-02
2020,4,0.0,REDPOINT COUNTY MUTUAL INSURANCE COMPANY,Closed,SWCM-132562171,2020-12-12
2020,4,0.8,REDPOINT COUNTY MUTUAL INSURANCE COMPANY,Closed,SWCM-132578770,2020-12-01
2020,4,1.0,REDPOINT COUNTY MUTUAL INSURANCE COMPANY,Closed,PERR-132555057,2020-11-13
2020,4,1.2,"MGA INSURANCE COMPANY, INC.",Closed,GNSC-132548083,2020-11-16
2020,4,1.5,INCLINE CASUALTY COMPANY,Closed,ICCC-132490352,2020-10-01
2020,4,1.9,OLD AMERICAN COUNTY MUTUAL FIRE INSURANCE COMPANY,Closed,OAMF-132497635,2020-10-01
2020,4,2.0,OLD AMERICAN COUNTY MUTUAL FIRE INSURANCE COMPANY,Closed,OAMF-132497574,2020-10-01
2020,4,2.0,SAFE AUTO INSURANCE COMPANY,Closed,SAFE-132322774,2020-11-09
2020,4,2.6,HOME STATE COUNTY MUTUAL INSURANCE COMPANY,Closed,HMSG-132497768,2020-10-01
2020,4,3.2,OLD AMERICAN COUNTY MUTUAL FIRE INSURANCE COMPANY,Closed,OAMF-132555382,2020-10-28
2020,4,3.3,REDPOINT COUNTY MUTUAL INSURANCE COMPANY,Closed,SWCM-132468666,2020-10-15
2020,4,3.5,"FIRST ACCEPTANCE INSURANCE COMPANY, INC.",Closed,FRST-132519969,2020-10-28
2020,4,3.5,OLD AMERICAN COUNTY MUTUAL FIRE INSURANCE COMPANY,Closed,OAMF-132497630,2020-10-01
2020,4,4.7,REDPOINT COUNTY MUTUAL INSURANCE COMPANY,Closed,SWCM-132490300,2020-10-01
2020,4,7.0,HARTFORD INSURANCE COMPANY OF THE MIDWEST,Closed,HART-132417682,2020-10-10
2020,4,7.0,REDPOINT COUNTY MUTUAL INSURANCE COMPANY,Closed,SWCM-132642243,2020-12-11
2020,4,8.8,PRIVILEGE UNDERWRITERS RECIPROCAL EXCHANGE,Closed,PRIV-132371525,2020-12-25
2021,1,-18.1,FARMERS PROPERTY AND CASUALTY INSURANCE COMPANY,Closed,METX-132665343,2021-02-20
2021,1,-15.0,ANCHOR GENERAL INSURANCE COMPANY,Closed,AGIN-132701391,2021-03-17
2021,1,-11.3,HOME STATE COUNTY MUTUAL INSURANCE COMPANY,Closed,HMSG-132644488,2021-02-19
2021,1,-10.0,REDPOINT COUNTY MUTUAL INSURANCE COMPANY,Closed,SWCM-132668352,2021-02-20
2021,1,-9.4,ENCOMPASS INDEPENDENT INSURANCE COMPANY,Closed,ALSE-132669047,2021-02-25
2021,1,-9.1,UNITED SECURITY INSURANCE COMPANY,Closed,USLH-132618890,2021-01-25
2021,1,-6.8,FIRST CHICAGO INSURANCE COMPANY,Closed,FCLH-132704604,2021-03-22
2021,1,-6.0,INTEGON INDEMNITY CORPORATION,Closed,GMMX-132643876,2021-02-19
2021,1,-6.0,OLD AMERICAN COUNTY MUTUAL FIRE INSURANCE COMPANY,Closed,OAMF-132658489,2021-02-01
2021,1,-5.4,GEICO CHOICE INSURANCE COMPANY,Closed,GECC-132632077,2021-02-28
2021,1,-5.3,GEICO SECURE INSURANCE COMPANY,Closed,GECC-132632077,2021-02-28
2021,1,-5.1,GEICO ADVANTAGE INSURANCE COMPANY,Closed,GECC-132632077,2021-02-28
2021,1,-5.1,GEICO COUNTY MUTUAL INSURANCE COMPANY,Closed,GECC-132632077,2021-02-28
2021,1,-5.1,OLD AMERICAN COUNTY MUTUAL FIRE INSURANCE COMPANY,Closed,OAMF-132644054,2021-01-15
2021,1,-4.9,CONCERT INSURANCE COMPANY,Closed,PERR-132680734,2021-02-20
2021,1,-4.8,INCLINE CASUALTY COMPANY,Closed,ICCC-132653923,2021-02-01
2021,1,-4.0,INFINITY COUNTY MUTUAL INSURANCE COMPANY,Closed,NFNT-132592576,2021-01-06
2021,1,-3.0,ALLSTATE COUNTY MUTUAL INSURANCE COMPANY,Closed,ALSE-132630719,2021-01-28
2021,1,-3.0,ALLSTATE FIRE AND CASUALTY INSURANCE COMPANY,Closed,ALSE-132630503,2021-01-28
2021,1,-3.0,ALLSTATE INDEMNITY COMPANY,Closed,ALSE-132630959,2021-01-28
2021,1,-3.0,ALLSTATE INSURANCE COMPANY,Closed,ALSE-132630760,2021-01-28
2021,1,-3.0,ALLSTATE PROPERTY AND CASUALTY INSURANCE COMPANY,Closed,ALSE-132630966,2021-01-28
2021,1,-2.6,ALLSTATE FIRE AND CASUALTY INSURANCE COMPANY,Closed,ALSE-132699329,2021-03-25
2021,1,-2.6,GOVERNMENT EMPLOYEES INSURANCE COMPANY,Closed,GECC-132632077,2021-02-28
2021,1,-2.5,INFINITY COUNTY MUTUAL INSURANCE COMPANY,Closed,NFNT-132592634,2021-01-06
2021,1,-2.3,GEICO INDEMNITY COMPANY,Closed,GECC-132632077,2021-02-28
2021,1,-2.1,GEICO GENERAL INSURANCE COMPANY,Closed,GECC-132632077,2021-02-28
2021,1,-1.9,OLD AMERICAN COUNTY MUTUAL FIRE INSURANCE COMPANY,Closed,OAMF-132662962,2021-02-01
2021,1,-1.4,ELEPHANT INSURANCE COMPANY,Closed,EINS-132592016,2021-01-30
2021,1,-1.1,HOME STATE COUNTY MUTUAL INSURANCE COMPANY,Closed,HMSG-132611444,2021-01-15
2021,1,-1.0,OLD AMERICAN COUNTY MUTUAL FIRE INSURANCE COMPANY,Closed,OAMF-132663649,2021-02-01
2021,1,-1.0,REDPOINT COUNTY MUTUAL INSURANCE COMPANY,Closed,SWCM-132592055,2021-01-30
2021,1,-0.9,ECONOMY FIRE & CASUALTY COMPANY,Closed,METX-132639698,2021-03-01
2021,1,-0.7,FARMERS LLOYDS INSURANCE COMPANY OF TEXAS,Closed,METX-132639696,2021-03-01
2021,1,-0.6,REDPOINT COUNTY MUTUAL INSURANCE COMPANY,Closed,SWCM-132592058,2021-01-30
2021,1,-0.5,GERMANIA FIRE & CASUALTY COMPANY,Closed,GEIN-132685191,2021-02-11
2021,1,-0.5,GERMANIA INSURANCE COMPANY,Closed,GEIN-132685191,2021-02-11
2021,1,-0.5,HOME STATE COUNTY MUTUAL INSURANCE COMPANY,Closed,HMSG-132689756,2021-02-11
2021,1,-0.4,GERMANIA SELECT INSURANCE COMPANY,Closed,GEIN-132685191,2021-02-11
2021,1,-0.4,REDPOINT COUNTY MUTUAL INSURANCE COMPANY,Closed,SWCM-132684558,2021-03-01
2021,1,-0.2,CONSUMERS COUNTY MUTUAL INSURANCE COMPANY,Closed,CCMC-132655662,2021-03-28
2021,1,-0.2,HOME STATE COUNTY MUTUAL INSURANCE COMPANY,Closed,HMSG-132692534,2021-03-22
2021,1,0.0,ALLIED PROPERTY AND CASUALTY INSURANCE COMPANY,Closed,NWPP-132492521,2021-01-15
2021,1,0.0,ALLSTATE COUNTY MUTUAL INSURANCE COMPANY,Closed,ALSE-132555294,2021-01-14
2021,1,0.0,ALLSTATE COUNTY MUTUAL INSURANCE COMPANY,Closed,ALSE-132557504,2021-01-14
2021,1,0.0,ALLSTATE FIRE AND CASUALTY INSURANCE COMPANY,Closed,ALSE-132557519,2021-01-14
2021,1,0.0,ALLSTATE INDEMNITY COMPANY,Closed,ALSE-132557498,2021-01-14
2021,1,0.0,ALLSTATE INSURANCE COMPANY,Closed,ALSE-132557498,2021-01-14
2021,1,0.0,ALLSTATE PROPERTY AND CASUALTY INSURANCE COMPANY,Closed,ALSE-132557498,2021-01-14
2021,1,0.0,AMICA MUTUAL INSURANCE COMPANY,Closed,AMMA-132459943,2021-01-01
2021,1,0.0,AMICA PROPERTY AND CASUALTY INSURANCE COMPANY,Closed,AMMA-132459943,2021-01-01
2021,1,0.0,AUTO CLUB COUNTY MUTUAL INSURANCE COMPANY,Closed,IACA-132494342,2021-02-01
2021,1,0.0,BANKERS STANDARD INSURANCE COMPANY,Closed,ACEH-132295332,2021-01-16
2021,1,0.0,"CINCINNATI CASUALTY COMPANY, THE",Closed,CNNB-132474001,2021-01-01
2021,1,0.0,"CINCINNATI CASUALTY COMPANY, THE",Closed,CNNB-132490358,2021-01-01
2021,1,0.0,"CINCINNATI INSURANCE COMPANY, THE",Closed,CNNB-132474047,2021-01-01
2021,1,0.0,"CINCINNATI INSURANCE COMPANY, THE",Closed,CNNB-132490268,2021-01-01
2021,1,0.0,COLONIAL COUNTY MUTUAL INSURANCE COMPANY,Closed,NWPP-132492521,2021-01-15
2021,1,0.0,GARRISON PROPERTY AND CASUALTY INSURANCE COMPANY,Closed,USAA-132537847,2021-01-11
2021,1,0.0,GATEWAY INSURANCE COMPANY,Closed,GTWY-132767228,2021-03-17
2021,1,0.0,GEICO ADVANTAGE INSURANCE COMPANY,Closed,GECC-132559265,2021-01-14
2021,1,0.0,GEICO CHOICE INSURANCE COMPANY,Closed,GECC-132559265,2021-01-14
2021,1,0.0,GEICO COUNTY MUTUAL INSURANCE COMPANY,Closed,GECC-132559265,2021-01-14
2021,1,0.0,GEICO COUNTY MUTUAL INSURANCE COMPANY,Closed,GECC-132566921,2021-02-21
2021,1,0.0,GEICO GENERAL INSURANCE COMPANY,Closed,GECC-132559265,2021-01-14
2021,1,0.0,GEICO INDEMNITY COMPANY,Closed,GECC-132559265,2021-01-14
2021,1,0.0,GEICO SECURE INSURANCE COMPANY,Closed,GECC-132559265,2021-01-14
2021,1,0.0,GEICO TEXAS COUNTY MUTUAL INSURANCE COMPANY,Closed,GECC-132680685,2021-01-15
2021,1,0.0,GEICO TEXAS COUNTY MUTUAL INSURANCE COMPANY,Closed,GECC-132681260,2021-01-15
2021,1,0.0,GENERAL SECURITY NATIONAL INSURANCE COMPANY,Closed,BRFI-132673094,2021-02-20
2021,1,0.0,GOAUTO INSURANCE COMPANY,Closed,PERR-132705928,2021-02-08
2021,1,0.0,GOAUTO INSURANCE COMPANY,Closed,PERR-132755607,2021-03-20
2021,1,0.0,GOVERNMENT EMPLOYEES INSURANCE COMPANY,Closed,GECC-132559265,2021-01-14
2021,1,0.0,HOCHHEIM PRAIRIE CASUALTY INSURANCE COMPANY,Closed,HOCH-132553754,2021-01-01
2021,1,0.0,HOME STATE COUNTY MUTUAL INSURANCE COMPANY,Closed,HMSG-132573359,2021-01-01
2021,1,0.0,HOME STATE COUNTY MUTUAL INSURANCE COMPANY,Closed,HMSG-132622728,2021-01-29
2021,1,0.0,HOME STATE COUNTY MUTUAL INSURANCE COMPANY,Closed,HMSG-132682843,2021-03-06
2021,1,0.0,INTEGON INDEMNITY CORPORATION,Closed,GMMX-132691583,2021-03-06
2021,1,0.0,LOYA INSURANCE COMPANY,Closed,PERR-132763755,2021-03-18
2021,1,0.0,NATIONWIDE AGRIBUSINESS INSURANCE COMPANY,Closed,NWPP-132492521,2021-01-15
2021,1,0.0,NATIONWIDE MUTUAL INSURANCE COMPANY,Closed,NWPP-132492521,2021-01-15
2021,1,0.0,PROGRESSIVE COUNTY MUTUAL INSURANCE COMPANY,Closed,PRGS-132703356,2021-02-08
2021,1,0.0,PROGRESSIVE COUNTY MUTUAL INSURANCE COMPANY,Closed,PRGS-132703434,2021-02-08
2021,1,0.0,REDPOINT COUNTY MUTUAL INSURANCE COMPANY,Closed,MISF-132484598,2021-01-14
2021,1,0.0,REDPOINT COUNTY MUTUAL INSURANCE COMPANY,Closed,SWCM-132571391,2021-01-01
2021,1,0.0,REDPOINT COUNTY MUTUAL INSURANCE COMPANY,Closed,SWCM-132616953,2021-01-01
2021,1,0.0,REDPOINT COUNTY MUTUAL INSURANCE COMPANY,Closed,SWCM-132685482,2021-01-20
2021,1,0.0,REDPOINT COUNTY MUTUAL INSURANCE COMPANY,Closed,SWCM-132698914,2021-02-08
2021,1,0.0,STATE FARM COUNTY MUTUAL INSURANCE COMPANY OF TEXAS,Closed,SFMA-132499432,2021-01-01
2021,1,0.0,STATE FARM COUNTY MUTUAL INSURANCE COMPANY OF TEXAS,Closed,SFMA-132610082,2021-01-25
2021,1,0.0,STATE FARM FIRE AND CASUALTY COMPANY,Closed,SFMA-132499432,2021-01-01
2021,1,0.0,STATE FARM FIRE AND CASUALTY COMPANY,Closed,SFMA-132610082,2021-01-25
2021,1,0.0,STATE FARM MUTUAL AUTOMOBILE INSURANCE COMPANY,Closed,SFMA-132499432,2021-01-01
2021,1,0.0,UNITED SECURITY INSURANCE COMPANY,Closed,USLH-132676492,2021-02-01
2021,1,0.0,UNITED SERVICES AUTOMOBILE ASSOCIATION,Closed,USAA-132537847,2021-01-11
2021,1,0.0,USAA CASUALTY INSURANCE COMPANY,Closed,USAA-132537847,2021-01-11
2021,1,0.0,USAA GENERAL INDEMNITY COMPANY,Closed,USAA-132537847,2021-01-11
2021,1,0.0,VISION INSURANCE COMPANY,Closed,PERR-132763359,2021-03-18
2021,1,0.2,OLD AMERICAN COUNTY MUTUAL FIRE INSURANCE COMPANY,Closed,OAMF-132662774,2021-02-01
2021,1,1.3,"MGA INSURANCE COMPANY, INC.",Closed,GNSC-132710105,2021-03-29
2021,1,2.0,CALIFORNIA CASUALTY INDEMNITY EXCHANGE,Closed,CALC-132386145,2021-01-15
2021,1,2.5,REDPOINT COUNTY MUTUAL INSURANCE COMPANY,Closed,SWCM-132742141,2021-03-01
2021,1,3.1,HOME STATE COUNTY MUTUAL INSURANCE COMPANY,Closed,HMSG-132712012,2021-03-25
2021,1,3.3,STATE FARM MUTUAL AUTOMOBILE INSURANCE COMPANY,Closed,SFMA-132610082,2021-01-25
2021,1,3.5,MARKEL AMERICAN INSURANCE COMPANY,Closed,MRKA-132546276,2021-03-22
2021,1,5.7,FOREMOST COUNTY MUTUAL INSURANCE COMPANY,Closed,FORE-132347358,2021-01-01
2021,1,5.7,FOREMOST PROPERTY AND CASUALTY INSURANCE COMPANY,Closed,FORE-132429657,2021-01-01
2021,1,9.1,SENTRY SELECT INSURANCE COMPANY,Closed,VKNG-132597019,2021-01-17
2021,1,9.2,CLEAR SPRING PROPERTY AND CASUALTY COMPANY,Closed,PARE-132627240,2021-01-01
2021,1,14.4,"CINCINNATI CASUALTY COMPANY, THE",Closed,CNNB-132379949,2021-01-01
2021,1,15.0,"CINCINNATI INSURANCE COMPANY, THE",Closed,CNNB-132367967,2021-01-01
2021,1,17.7,FOREMOST COUNTY MUTUAL INSURANCE COMPANY,Closed,FORE-132441236,2021-01-01
2021,1,18.2,PHARMACISTS INSURANCE COMPANY,Closed,PHAR-132576126,2021-02-01
2021,2,-8.7,MIDVALE INDEMNITY COMPANY,Closed,HMSS-132668647,2021-04-30
2021,2,-6.3,INCLINE CASUALTY COMPANY,Closed,ICCC-132767449,2021-04-22
2021,2,-4.4,HOME STATE COUNTY MUTUAL INSURANCE COMPANY,Closed,HMSG-132762575,2021-04-11
2021,2,-3.5,MERCURY COUNTY MUTUAL INSURANCE COMPANY,Closed,MERY-132756915,2021-05-15
2021,2,-2.8,HOME STATE COUNTY MUTUAL INSURANCE COMPANY,Closed,HMSG-132720405,2021-04-01
2021,2,-2.3,HOME STATE COUNTY MUTUAL INSURANCE COMPANY,Closed,HMSG-132750574,2021-04-15
2021,2,-2.2,OLD AMERICAN COUNTY MUTUAL FIRE INSURANCE COMPANY,Closed,OAMF-132755222,2021-04-15
2021,2,-1.8,HOME STATE COUNTY MUTUAL INSURANCE COMPANY,Closed,HMSG-132746648,2021-04-15
2021,2,-1.6,CALIFORNIA CASUALTY INDEMNITY EXCHANGE,Closed,CALC-132660242,2021-05-01
2021,2,-1.4,REDPOINT COUNTY MUTUAL INSURANCE COMPANY,Closed,SWCM-132684110,2021-04-19
2021,2,-1.3,FARMERS LLOYDS INSURANCE COMPANY OF TEXAS,Closed,METX-132748303,2021-05-07
2021,2,-1.3,OLD AMERICAN COUNTY MUTUAL FIRE INSURANCE COMPANY,Closed,OAMF-132755288,2021-04-15
2021,2,-0.7,ALINSCO INSURANCE COMPANY,Closed,AINS-132817434,2021-06-01
2021,2,-0.6,PROGRESSIVE COUNTY MUTUAL INSURANCE COMPANY,Closed,PRGS-132626812,2021-06-09
2021,2,-0.6,REDPOINT COUNTY MUTUAL INSURANCE COMPANY,Closed,SWCM-132794253,2021-06-01
2021,2,-0.2,STATE FARM COUNTY MUTUAL INSURANCE COMPANY OF TEXAS,Closed,SFMA-132739381,2021-04-26
2021,2,-0.2,STATE FARM MUTUAL AUTOMOBILE INSURANCE COMPANY,Closed,SFMA-132739381,2021-04-26
2021,2,-0.1,ALLSTATE FIRE AND CASUALTY INSURANCE COMPANY,Closed,ALSE-132726948,2021-04-15
2021,2,-0.1,ELEPHANT INSURANCE COMPANY,Closed,EINS-132684064,2021-04-19
2021,2,-0.1,GERMANIA INSURANCE COMPANY,Closed,GEIN-132792024,2021-05-14
2021,2,-0.1,HOME STATE COUNTY MUTUAL INSURANCE COMPANY,Closed,HMSG-132798885,2021-05-14
2021,2,0.0,ALLSTATE FIRE AND CASUALTY INSURANCE COMPANY,Closed,ALSE-132776114,2021-05-13
2021,2,0.0,AMERICAN FAMILY CONNECT PROPERTY AND CASUALTY INSURANCE COMPANY,Closed,PRCA-132701746,2021-06-01
2021,2,0.0,"ARITY, LLC",Closed,ALSE-132766254,2021-04-01
2021,2,0.0,ASSURANCEAMERICA INSURANCE COMPANY,Closed,ASRN-132816850,2021-06-03
2021,2,0.0,BENCHMARK INSURANCE COMPANY,Closed,PARE-132722022,2021-04-01
2021,2,0.0,BENCHMARK INSURANCE COMPANY,Closed,PARE-132747993,2021-04-01
2021,2,0.0,CLEARCOVER INSURANCE COMPANY,Closed,CLEA-132731302,2021-05-06
2021,2,0.0,COLONIAL COUNTY MUTUAL INSURANCE COMPANY,Closed,NWPP-132690307,2021-06-15
2021,2,0.0,CONCERT INSURANCE COMPANY,Closed,PERR-132818046,2021-06-01
2021,2,0.0,ELEPHANT INSURANCE COMPANY,Closed,EINS-132756519,2021-05-23
2021,2,0.0,ELEPHANT INSURANCE COMPANY,Closed,EINS-132777586,2021-06-02
2021,2,0.0,FOREMOST COUNTY MUTUAL INSURANCE COMPANY,Closed,PERR-132769824,2021-06-01
2021,2,0.0,GARRISON PROPERTY AND CASUALTY INSURANCE COMPANY,Closed,USAA-132636232,2021-06-08
2021,2,0.0,GENERAL SECURITY NATIONAL INSURANCE COMPANY,Closed,BRFI-132747577,2021-04-14
2021,2,0.0,HOME STATE COUNTY MUTUAL INSURANCE COMPANY,Closed,HMSG-132784333,2021-06-01
2021,2,0.0,HOME STATE COUNTY MUTUAL INSURANCE COMPANY,Closed,HMSG-132793282,2021-05-22
2021,2,0.0,HOME STATE COUNTY MUTUAL INSURANCE COMPANY,Closed,HMSG-132837037,2021-06-18
2021,2,0.0,INCLINE CASUALTY COMPANY,Closed,ICCC-132756244,2021-04-01
2021,2,0.0,"INSURANCE SERVICES OFFICE, INC.",Closed,ISOF-132861602,2021-06-03
2021,2,0.0,"INSURANCE SERVICES OFFICE, INC.",Closed,ISOF-132861692,2021-06-03
2021,2,0.0,"INSURANCE SERVICES OFFICE, INC.",Closed,ISOF-132864720,2021-06-07
2021,2,0.0,KNIGHTBROOK INSURANCE COMPANY,Closed,PERR-132821649,2021-05-15
2021,2,0.0,LIBERTY COUNTY MUTUAL INSURANCE COMPANY,Closed,LBPM-132406433,2021-05-01
2021,2,0.0,LIBERTY COUNTY MUTUAL INSURANCE COMPANY,Closed,LBPM-132540642,2021-05-01
2021,2,0.0,LIBERTY COUNTY MUTUAL INSURANCE COMPANY,Closed,LBPM-132619873,2021-04-19
2021,2,0.0,LIBERTY COUNTY MUTUAL INSURANCE COMPANY,Closed,LBPM-132638987,2021-04-28
2021,2,0.0,LIBERTY COUNTY MUTUAL INSURANCE COMPANY,Closed,LBPM-132722228,2021-06-02
2021,2,0.0,LIBERTY COUNTY MUTUAL INSURANCE COMPANY,Closed,LBPM-132770665,2021-06-23
2021,2,-0.0,LOYA INSURANCE COMPANY,Closed,PERR-132811325,2021-05-26
2021,2,0.0,OBSIDIAN INSURANCE COMPANY,Closed,LOOP-132802859,2021-05-12
2021,2,0.0,OLD AMERICAN COUNTY MUTUAL FIRE INSURANCE COMPANY,Closed,OAMF-132776256,2021-05-01
2021,2,0.0,OLD AMERICAN COUNTY MUTUAL FIRE INSURANCE COMPANY,Closed,OAMF-132802190,2021-05-15
2021,2,0.0,OLD AMERICAN COUNTY MUTUAL FIRE INSURANCE COMPANY,Closed,OAMF-132802312,2021-05-15
2021,2,0.0,OLD AMERICAN COUNTY MUTUAL FIRE INSURANCE COMPANY,Closed,OAMF-132811804,2021-04-22
2021,2,0.0,OLD AMERICAN COUNTY MUTUAL FIRE INSURANCE COMPANY,Closed,OAMF-132815393,2021-06-01
2021,2,0.0,OLD AMERICAN COUNTY MUTUAL FIRE INSURANCE COMPANY,Closed,OAMF-132817222,2021-06-01
2021,2,0.0,OLD AMERICAN COUNTY MUTUAL FIRE INSURANCE COMPANY,Closed,OAMF-132817244,2021-06-01
2021,2,0.0,OLD AMERICAN COUNTY MUTUAL FIRE INSURANCE COMPANY,Closed,OAMF-132817297,2021-06-01
2021,2,0.0,OLD AMERICAN COUNTY MUTUAL FIRE INSURANCE COMPANY,Closed,OAMF-132817321,2021-06-01
2021,2,0.0,OLD AMERICAN COUNTY MUTUAL FIRE INSURANCE COMPANY,Closed,OAMF-132820521,2021-05-01
2021,2,0.0,OLD AMERICAN COUNTY MUTUAL FIRE INSURANCE COMPANY,Closed,OAMF-132870689,2021-06-14
2021,2,0.0,PROGRESSIVE COUNTY MUTUAL INSURANCE COMPANY,Closed,PRGC-132813493,2021-05-27
2021,2,0.0,PROGRESSIVE COUNTY MUTUAL INSURANCE COMPANY,Closed,PRGC-132813604,2021-05-27
2021,2,0.0,PROGRESSIVE COUNTY MUTUAL INSURANCE COMPANY,Closed,PRGS-132805724,2021-06-30
2021,2,0.0,PROGRESSIVE COUNTY MUTUAL INSURANCE COMPANY,Closed,PRGS-132872113,2021-06-30
2021,2,0.0,REDPOINT COUNTY MUTUAL INSURANCE COMPANY,Closed,PERR-132630337,2021-06-02
2021,2,0.0,REDPOINT COUNTY MUTUAL INSURANCE COMPANY,Closed,SWCM-132756600,2021-05-23
2021,2,0.0,REDPOINT COUNTY MUTUAL INSURANCE COMPANY,Closed,SWCM-132756622,2021-05-23
2021,2,0.0,REDPOINT COUNTY MUTUAL INSURANCE COMPANY,Closed,SWCM-132777583,2021-06-02
2021,2,0.0,REDPOINT COUNTY MUTUAL INSURANCE COMPANY,Closed,SWCM-132777585,2021-06-02
2021,2,0.0,REDPOINT COUNTY MUTUAL INSURANCE COMPANY,Closed,SWCM-132806962,2021-05-01
2021,2,0.0,REDPOINT COUNTY MUTUAL INSURANCE COMPANY,Closed,SWCM-132808654,2021-06-01
2021,2,0.0,RIVERPORT INSURANCE COMPANY,Closed,BKON-132295364,2021-05-01
2021,2,0.0,RIVERPORT INSURANCE COMPANY,Closed,BKON-132561108,2021-05-01
2021,2,0.0,RIVERPORT INSURANCE COMPANY,Closed,BKON-132683689,2021-05-01
2021,2,0.0,"RIVERSTONE INTERNATIONAL INSURANCE, INC.",Closed,ELEC-132834524,2021-06-15
2021,2,0.0,SAFE AUTO INSURANCE COMPANY,Closed,SAFE-132767349,2021-04-24
2021,2,0.0,SPINNAKER INSURANCE COMPANY,Closed,MILE-132709179,2021-04-01
2021,2,0.0,STATE FARM COUNTY MUTUAL INSURANCE COMPANY OF TEXAS,Closed,SFMA-132658602,2021-05-15
2021,2,0.0,STATE FARM FIRE AND CASUALTY COMPANY,Closed,SFMA-132658602,2021-05-15
2021,2,0.0,STATE FARM FIRE AND CASUALTY COMPANY,Closed,SFMA-132739381,2021-04-26
2021,2,0.0,STATE FARM MUTUAL AUTOMOBILE INSURANCE COMPANY,Closed,SFMA-132658602,2021-05-15
2021,2,0.0,"TRAVELERS HOME AND MARINE INSURANCE COMPANY, THE",Closed,TRVD-132714343,2021-04-23
2021,2,0.0,TRISURA INSURANCE COMPANY,Closed,PARE-132698099,2021-04-01
2021,2,0.0,UNITED SERVICES AUTOMOBILE ASSOCIATION,Closed,USAA-132636232,2021-06-08
2021,2,0.0,USAA CASUALTY INSURANCE COMPANY,Closed,USAA-132636232,2021-06-08
2021,2,0.0,USAA GENERAL INDEMNITY COMPANY,Closed,USAA-132636232,2021-06-08
2021,2,0.8,PROGRESSIVE COUNTY MUTUAL INSURANCE COMPANY,Closed,PRGS-132790714,2021-05-27
2021,2,1.1,HOME STATE COUNTY MUTUAL INSURANCE COMPANY,Closed,HMSG-132808683,2021-06-01
2021,2,1.4,GERMANIA FIRE & CASUALTY COMPANY,Closed,GEIN-132792024,2021-05-14
2021,2,1.6,GERMANIA SELECT INSURANCE COMPANY,Closed,GEIN-132792024,2021-05-14
2021,2,1.6,PROGRESSIVE COUNTY MUTUAL INSURANCE COMPANY,Closed,PRGS-132790716,2021-05-27
2021,2,1.7,OLD AMERICAN COUNTY MUTUAL FIRE INSURANCE COMPANY,Closed,OAMF-132827016,2021-06-05
2021,2,2.0,LIBERTY COUNTY MUTUAL INSURANCE COMPANY,Closed,LBPM-132347625,2021-04-03
2021,2,2.1,HOME STATE COUNTY MUTUAL INSURANCE COMPANY,Closed,HMSG-132824880,2021-06-01
2021,2,2.3,REDPOINT COUNTY MUTUAL INSURANCE COMPANY,Closed,SWCM-132818896,2021-06-01
2021,2,2.8,OLD AMERICAN COUNTY MUTUAL FIRE INSURANCE COMPANY,Closed,OAMF-132815989,2021-06-01
2021,2,3.0,ROOT INSURANCE COMPANY,Closed,MISF-132684907,2021-04-14
2021,2,3.1,HOME STATE COUNTY MUTUAL INSURANCE COMPANY,Closed,HMSG-132750880,2021-04-18
2021,2,3.5,HOME STATE COUNTY MUTUAL INSURANCE COMPANY,Closed,HMSG-132733839,2021-04-01
2021,2,3.7,REDPOINT COUNTY MUTUAL INSURANCE COMPANY,Closed,SWCM-132721525,2021-04-08
2021,2,4.0,REDPOINT COUNTY MUTUAL INSURANCE COMPANY,Closed,SWCM-132743565,2021-05-01
2021,2,4.2,FOREMOST COUNTY MUTUAL INSURANCE COMPANY,Closed,BRWS-132620448,2021-06-30
2021,2,4.6,CENTRAL INSURANCE COMPANY,Closed,CEMC-132580418,2021-06-01
2021,2,4.6,LIBERTY COUNTY MUTUAL INSURANCE COMPANY,Closed,LBPM-132609608,2021-05-23
2021,2,5.1,REDPOINT COUNTY MUTUAL INSURANCE COMPANY,Closed,SWCM-132764289,2021-06-01
2021,2,5.7,PRIVILEGE UNDERWRITERS RECIPROCAL EXCHANGE,Closed,PRIV-132548826,2021-04-14
2021,2,6.4,HOME STATE COUNTY MUTUAL INSURANCE COMPANY,Closed,HMSG-132815216,2021-06-15
2021,2,7.0,HOME STATE COUNTY MUTUAL INSURANCE COMPANY,Closed,HMSG-132832834,2021-06-19
2021,2,7.3,ASSURANCEAMERICA INSURANCE COMPANY,Closed,ASRN-132653039,2021-04-22
2021,2,9.0,BANKERS STANDARD INSURANCE COMPANY,Closed,ACEH-132476801,2021-05-08
2021,2,9.7,ALLSTATE PROPERTY AND CASUALTY INSURANCE COMPANY,Closed,ALSE-132751165,2021-04-29
2021,2,9.9,ALLSTATE INDEMNITY COMPANY,Closed,ALSE-132750495,2021-04-29
2021,2,9.9,ALLSTATE INSURANCE COMPANY,Closed,ALSE-132751290,2021-04-29
2021,2,10.0,NOBLR RECIPROCAL EXCHANGE,Closed,NOBL-132772792,2021-05-20
2021,2,10.6,HALLMARK COUNTY MUTUAL INSURANCE COMPANY,Closed,PHXN-132602236,2021-04-05
2021,2,25.0,ALLSTATE FIRE AND CASUALTY INSURANCE COMPANY,Closed,ALSE-132750474,2021-04-29
2021,3,-10.0,ANCHOR GENERAL INSURANCE COMPANY,Closed,AGIN-132850682,2021-07-06
2021,3,-10.0,REDPOINT COUNTY MUTUAL INSURANCE COMPANY,Closed,SWCM-132885569,2021-07-01
2021,3,-7.5,ANCHOR GENERAL INSURANCE COMPANY,Closed,AGIN-132931975,2021-09-20
2021,3,-4.2,AMICA PROPERTY AND CASUALTY INSURANCE COMPANY,Closed,AMMA-132569998,2021-08-01
2021,3,-4.0,AMICA MUTUAL INSURANCE COMPANY,Closed,AMMA-132570009,2021-08-01
2021,3,-0.1,GARRISON PROPERTY AND CASUALTY INSURANCE COMPANY,Closed,USAA-132834789,2021-08-31
2021,3,-0.1,USAA CASUALTY INSURANCE COMPANY,Closed,USAA-132834789,2021-08-31
2021,3,-0.1,USAA GENERAL INDEMNITY COMPANY,Closed,USAA-132834789,2021-08-31
2021,3,0.0,ALLSTATE FIRE AND CASUALTY INSURANCE COMPANY,Closed,ALSE-132825061,2021-07-08
2021,3,0.0,ALLSTATE PROPERTY AND CASUALTY INSURANCE COMPANY,Closed,ALSE-132764053,2021-07-29
2021,3,0.0,AMERICAN ASSOCIATION OF INSURANCE SERVICES,Closed,AMAX-132895232,2021-09-14
2021,3,0.0,AMERICAN ASSOCIATION OF INSURANCE SERVICES,Closed,AMAX-132895934,2021-09-14
2021,3,0.0,AUTO CLUB COUNTY MUTUAL INSURANCE COMPANY,Closed,IACA-132835702,2021-08-01
2021,3,0.0,"AUTOMOBILE INSURANCE COMPANY OF HARTFORD, CONNECTICUT, THE",Closed,TRVD-132953018,2021-09-01
2021,3,0.0,BRANCH INSURANCE EXCHANGE,Closed,BRFI-132801130,2021-08-01
2021,3,0.0,BRANCH INSURANCE EXCHANGE,Closed,BRFI-132931924,2021-08-09
2021,3,0.0,BRANCH INSURANCE EXCHANGE,Closed,BRFI-132948551,2021-08-20
2021,3,0.0,BRANCH INSURANCE EXCHANGE,Closed,BRFI-132974057,2021-09-15
2021,3,0.0,BRANCH INSURANCE EXCHANGE,Closed,BRFI-132979065,2021-09-12
2021,3,0.0,CONSUMERS COUNTY MUTUAL INSURANCE COMPANY,Closed,CCMC-132901949,2021-07-16
2021,3,0.0,ECONOMY PREFERRED INSURANCE COMPANY,Closed,METX-132933898,2021-09-01
2021,3,0.0,ECONOMY PREMIER ASSURANCE COMPANY,Closed,METX-132933898,2021-09-01
2021,3,0.0,ELEPHANT INSURANCE COMPANY,Closed,EINS-132831854,2021-07-18
2021,3,0.0,ELEPHANT INSURANCE COMPANY,Closed,EINS-132881636,2021-09-12
2021,3,0.0,ENCOMPASS INDEMNITY COMPANY,Closed,ALSE-132828352,2021-07-05
2021,3,0.0,ENCOMPASS INDEPENDENT INSURANCE COMPANY,Closed,ALSE-132828388,2021-07-05
2021,3,-0.0,ESSENTIA INSURANCE COMPANY,Closed,ESSN-132573005,2021-08-15
2021,3,0.0,FARMERS TEXAS COUNTY MUTUAL INSURANCE COMPANY,Closed,FARM-132582759,2021-07-30
2021,3,0.0,FARMERS TEXAS COUNTY MUTUAL INSURANCE COMPANY,Closed,FARM-132976689,2021-09-11
2021,3,0.0,FOREMOST COUNTY MUTUAL INSURANCE COMPANY,Closed,BRWS-132863258,2021-07-19
2021,3,0.0,FOREMOST COUNTY MUTUAL INSURANCE COMPANY,Closed,BRWS-132999226,2021-09-30
2021,3,0.0,FOREMOST COUNTY MUTUAL INSURANCE COMPANY,Closed,PERR-132818438,2021-07-01
2021,3,0.0,GARRISON PROPERTY AND CASUALTY INSURANCE COMPANY,Closed,USAA-132747807,2021-07-09
2021,3,0.0,GARRISON PROPERTY AND CASUALTY INSURANCE COMPANY,Closed,USAA-132795172,2021-07-01
2021,3,0.0,GEICO INDEMNITY COMPANY,Closed,GECC-132772769,2021-07-11
2021,3,0.0,GEICO TEXAS COUNTY MUTUAL INSURANCE COMPANY,Closed,GECC-132813631,2021-07-17
2021,3,0.0,GEICO TEXAS COUNTY MUTUAL INSURANCE COMPANY,Closed,GECC-132813753,2021-07-17
2021,3,0.0,GEICO TEXAS COUNTY MUTUAL INSURANCE COMPANY,Closed,GECC-132890040,2021-09-23
2021,3,0.0,GEICO TEXAS COUNTY MUTUAL INSURANCE COMPANY,Closed,GECC-132890060,2021-09-23
2021,3,0.0,GEICO TEXAS COUNTY MUTUAL INSURANCE COMPANY,Closed,GECC-132890063,2021-09-23
2021,3,0.0,HOCHHEIM PRAIRIE CASUALTY INSURANCE COMPANY,Closed,HOCH-132876008,2021-09-01
2021,3,0.0,HOME STATE COUNTY MUTUAL INSURANCE COMPANY,Closed,HMSG-132851081,2021-07-09
2021,3,0.0,HOME STATE COUNTY MUTUAL INSURANCE COMPANY,Closed,HMSG-132855291,2021-07-09
2021,3,0.0,HOME STATE COUNTY MUTUAL INSURANCE COMPANY,Closed,HMSG-132968288,2021-09-15
2021,3,0.0,"INSURANCE SERVICES OFFICE, INC.",Closed,ISOF-132961720,2021-08-31
2021,3,0.0,"INSURANCE SERVICES OFFICE, INC.",Closed,ISOF-132976311,2021-09-15
2021,3,0.0,INTEGON INDEMNITY CORPORATION,Closed,GMMX-132865950,2021-07-31
2021,3,0.0,MENDAKOTA CASUALTY COMPANY,Closed,UNCA-132894138,2021-09-15
2021,3,0.0,METROPOLITAN GENERAL INSURANCE COMPANY,Closed,METX-132903056,2021-07-08
2021,3,0.0,NATIONWIDE AGRIBUSINESS INSURANCE COMPANY,Closed,NWPP-132843671,2021-08-12
2021,3,0.0,NATIONWIDE MUTUAL INSURANCE COMPANY,Closed,NWPP-132843661,2021-08-12
2021,3,0.0,OBSIDIAN INSURANCE COMPANY,Closed,LOOP-132837561,2021-08-18
2021,3,0.0,OLD AMERICAN COUNTY MUTUAL FIRE INSURANCE COMPANY,Closed,OAMF-132676992,2021-07-15
2021,3,0.0,OLD AMERICAN COUNTY MUTUAL FIRE INSURANCE COMPANY,Closed,OAMF-132905108,2021-07-15
2021,3,0.0,OLD AMERICAN COUNTY MUTUAL FIRE INSURANCE COMPANY,Closed,OAMF-132908403,2021-07-15
2021,3,0.0,OLD AMERICAN COUNTY MUTUAL FIRE INSURANCE COMPANY,Closed,OAMF-132908549,2021-07-15
2021,3,0.0,OLD AMERICAN COUNTY MUTUAL FIRE INSURANCE COMPANY,Closed,OAMF-132908589,2021-07-15
2021,3,0.0,OLD AMERICAN COUNTY MUTUAL FIRE INSURANCE COMPANY,Closed,OAMF-132908609,2021-07-15
2021,3,0.0,PROGRESSIVE COUNTY MUTUAL INSURANCE COMPANY,Closed,PRGS-132584011,2021-09-08
2021,3,0.0,REDPOINT COUNTY MUTUAL INSURANCE COMPANY,Closed,SWCM-132815713,2021-08-18
2021,3,0.0,REDPOINT COUNTY MUTUAL INSURANCE COMPANY,Closed,SWCM-132831965,2021-07-18
2021,3,0.0,REDPOINT COUNTY MUTUAL INSURANCE COMPANY,Closed,SWCM-132876862,2021-07-17
2021,3,0.0,REDPOINT COUNTY MUTUAL INSURANCE COMPANY,Closed,SWCM-132881742,2021-09-12
2021,3,0.0,REDPOINT COUNTY MUTUAL INSURANCE COMPANY,Closed,SWCM-132881764,2021-09-12
2021,3,0.0,REDPOINT COUNTY MUTUAL INSURANCE COMPANY,Closed,SWCM-132887938,2021-08-01
2021,3,0.0,REDPOINT COUNTY MUTUAL INSURANCE COMPANY,Closed,SWCM-132957697,2021-08-24
2021,3,0.0,REDPOINT COUNTY MUTUAL INSURANCE COMPANY,Closed,SWCM-132963211,2021-09-01
2021,3,0.0,REDPOINT COUNTY MUTUAL INSURANCE COMPANY,Closed,SWCM-132979611,2021-09-14
2021,3,0.0,REDPOINT COUNTY MUTUAL INSURANCE COMPANY,Closed,SWCM-132982702,2021-09-15
2021,3,0.0,REDPOINT COUNTY MUTUAL INSURANCE COMPANY,Closed,SWCM-133467872,2021-08-18
2021,3,0.0,REDPOINT COUNTY MUTUAL INSURANCE COMPANY,Closed,TSIS-132910762,2021-08-24
2021,3,0.0,"TRAVELERS HOME AND MARINE INSURANCE COMPANY, THE",Closed,TRVD-132952909,2021-09-01
2021,3,0.0,UNITED SERVICES AUTOMOBILE ASSOCIATION,Closed,USAA-132747807,2021-07-09
2021,3,0.0,UNITED SERVICES AUTOMOBILE ASSOCIATION,Closed,USAA-132795172,2021-07-01
2021,3,0.0,UNITED SERVICES AUTOMOBILE ASSOCIATION,Closed,USAA-132834789,2021-08-31
2021,3,0.0,USAA CASUALTY INSURANCE COMPANY,Closed,USAA-132747807,2021-07-09
2021,3,0.0,USAA CASUALTY INSURANCE COMPANY,Closed,USAA-132795172,2021-07-01
2021,3,0.0,USAA GENERAL INDEMNITY COMPANY,Closed,USAA-132747807,2021-07-09
2021,3,0.0,USAA GENERAL INDEMNITY COMPANY,Closed,USAA-132795172,2021-07-01
2021,3,0.1,LOYA INSURANCE COMPANY,Closed,PERR-132889232,2021-07-25
2021,3,0.6,VISION INSURANCE COMPANY,Closed,PERR-132889322,2021-07-25
2021,3,0.8,OLD AMERICAN COUNTY MUTUAL FIRE INSURANCE COMPANY,Closed,OAMF-132904513,2021-08-01
2021,3,0.8,REDPOINT COUNTY MUTUAL INSURANCE COMPANY,Closed,SWCM-132912776,2021-08-19
2021,3,0.9,"MGA INSURANCE COMPANY, INC.",Closed,GNSC-132843358,2021-07-12
2021,3,1.2,DAIRYLAND COUNTY MUTUAL INSURANCE COMPANY OF TEXAS,Closed,VKNG-132751053,2021-07-19
2021,3,1.2,DAIRYLAND COUNTY MUTUAL INSURANCE COMPANY OF TEXAS,Closed,VKNG-132825273,2021-07-19
2021,3,1.3,INFINITY COUNTY MUTUAL INSURANCE COMPANY,Closed,NFNT-132911134,2021-08-28
2021,3,1.9,HOME STATE COUNTY MUTUAL INSURANCE COMPANY,Closed,HMSG-132895834,2021-07-11
2021,3,1.9,TREXIS ONE INSURANCE CORPORATION,Closed,VSGP-132925025,2021-08-20
2021,3,2.0,GERMANIA INSURANCE COMPANY,Closed,GEIN-132940987,2021-09-15
2021,3,2.1,GERMANIA FIRE & CASUALTY COMPANY,Closed,GEIN-132940987,2021-09-15
2021,3,2.1,GERMANIA SELECT INSURANCE COMPANY,Closed,GEIN-132940987,2021-09-15
2021,3,2.6,ALINSCO INSURANCE COMPANY,Closed,AINS-132920880,2021-09-01
2021,3,3.9,ALLIED PROPERTY AND CASUALTY INSURANCE COMPANY,Closed,NWPP-132843671,2021-08-12
2021,3,3.9,AMERICAN ACCESS CASUALTY COMPANY,Closed,AACI-132885504,2021-08-28
2021,3,3.9,COLONIAL COUNTY MUTUAL INSURANCE COMPANY,Closed,NWPP-132843660,2021-08-12
2021,3,4.1,OLD AMERICAN COUNTY MUTUAL FIRE INSURANCE COMPANY,Closed,OAMF-132935200,2021-09-15
2021,3,4.7,PROGRESSIVE COUNTY MUTUAL INSURANCE COMPANY,Closed,PRGS-132858852,2021-08-05
2021,3,4.8,DAIRYLAND COUNTY MUTUAL INSURANCE COMPANY OF TEXAS,Closed,VKNG-132928492,2021-09-22
2021,3,4.9,PROGRESSIVE COUNTY MUTUAL INSURANCE COMPANY,Closed,PRGS-132858874,2021-08-05
2021,3,5.0,ROOT INSURANCE COMPANY,Closed,CLIN-132934614,2021-09-15
2021,3,5.4,OLD AMERICAN COUNTY MUTUAL FIRE INSURANCE COMPANY,Closed,OAMF-132918208,2021-08-22
2021,3,5.6,"MGA INSURANCE COMPANY, INC.",Closed,GNSC-132932501,2021-09-20
2021,3,5.8,UNITRIN COUNTY MUTUAL INSURANCE COMPANY,Closed,UTRN-132927752,2021-09-29
2021,3,6.1,BERKLEY INSURANCE COMPANY,Closed,BKON-132628485,2021-08-19
2021,3,6.1,HOME STATE COUNTY MUTUAL INSURANCE COMPANY,Closed,HMSG-132911225,2021-08-20
2021,3,6.1,REDPOINT COUNTY MUTUAL INSURANCE COMPANY,Closed,SWCM-132825933,2021-07-16
2021,3,6.2,SAFE AUTO INSURANCE COMPANY,Closed,SAFE-132858016,2021-07-15
2021,3,6.7,DIRECT GENERAL INSURANCE COMPANY,Closed,GMMX-132905847,2021-08-21
2021,3,7.0,INFINITY COUNTY MUTUAL INSURANCE COMPANY,Closed,NFNT-132911163,2021-08-28
2021,3,9.1,HOME STATE COUNTY MUTUAL INSURANCE COMPANY,Closed,HMSG-132937122,2021-09-15
2021,3,9.9,REDPOINT COUNTY MUTUAL INSURANCE COMPANY,Closed,SWCM-132951939,2021-09-20
2021,3,12.3,REDPOINT COUNTY MUTUAL INSURANCE COMPANY,Closed,SWCM-132907660,2021-09-15
2021,3,12.7,ASSURANCEAMERICA INSURANCE COMPANY,Closed,ASRN-132931673,2021-09-07
2021,3,13.0,REDPOINT COUNTY MUTUAL INSURANCE COMPANY,Closed,SWCM-132849894,2021-07-28
2021,3,14.4,"CINCINNATI CASUALTY COMPANY, THE",Closed,CNNB-132675005,2021-09-01
2021,3,15.0,"CINCINNATI INSURANCE COMPANY, THE",Closed,CNNB-132674951,2021-09-01
2021,3,15.3,GOAUTO INSURANCE COMPANY,Closed,PERR-132800570,2021-09-18
2021,4,-27.0,OLD AMERICAN COUNTY MUTUAL FIRE INSURANCE COMPANY,Closed,OAMF-133028906,2021-10-27
2021,4,-7.9,MIDVALE INDEMNITY COMPANY,Closed,HMSS-132981910,2021-11-20
2021,4,-5.3,REDPOINT COUNTY MUTUAL INSURANCE COMPANY,Closed,TSIS-133023022,2021-10-20
2021,4,-3.0,FALCON INSURANCE COMPANY,Closed,FIGC-132941224,2021-12-01
2021,4,-2.8,HOME STATE COUNTY MUTUAL INSURANCE COMPANY,Closed,HMSG-132950514,2021-11-14
2021,4,-2.0,COLONIAL COUNTY MUTUAL INSURANCE COMPANY,Closed,NWPP-132903785,2021-12-27
2021,4,-1.0,HOME STATE COUNTY MUTUAL INSURANCE COMPANY,Closed,HMSG-132954021,2021-12-16
2021,4,-0.9,OLD AMERICAN COUNTY MUTUAL FIRE INSURANCE COMPANY,Closed,OAMF-132996579,2021-11-03
2021,4,-0.7,TRUMBULL INSURANCE COMPANY,Closed,HART-132870220,2021-12-04
2021,4,-0.6,"SENTINEL INSURANCE COMPANY, LTD.",Closed,HART-132870209,2021-12-04
2021,4,-0.1,SAFEWAY INSURANCE COMPANY,Closed,PERR-132890563,2021-10-01
2021,4,0.0,ALLSTATE COUNTY MUTUAL INSURANCE COMPANY,Closed,ALSE-132956601,2021-11-11
2021,4,0.0,ALLSTATE COUNTY MUTUAL INSURANCE COMPANY,Closed,ALSE-132957022,2021-11-11
2021,4,0.0,ALLSTATE FIRE AND CASUALTY INSURANCE COMPANY,Closed,ALSE-132958932,2021-11-04
2021,4,0.0,ALLSTATE INDEMNITY COMPANY,Closed,ALSE-132958891,2021-11-04
2021,4,0.0,ALLSTATE INSURANCE COMPANY,Closed,ALSE-132958891,2021-11-04
2021,4,0.0,ALLSTATE PROPERTY AND CASUALTY INSURANCE COMPANY,Closed,ALSE-132958891,2021-11-04
2021,4,0.0,AMERICAN BANKERS INSURANCE COMPANY OF FLORIDA,Closed,ASPX-132842774,2021-10-01
2021,4,0.0,AMICA MUTUAL INSURANCE COMPANY,Closed,AMMA-132821967,2021-10-01
2021,4,0.0,AMICA PROPERTY AND CASUALTY INSURANCE COMPANY,Closed,AMMA-132821970,2021-10-01
2021,4,0.0,"AUTOMOBILE INSURANCE COMPANY OF HARTFORD, CONNECTICUT, THE",Closed,TRVD-133080196,2021-12-17
2021,4,0.0,COLONIAL COUNTY MUTUAL INSURANCE COMPANY,Closed,NWPP-132859286,2021-12-10
2021,4,0.0,COLONIAL COUNTY MUTUAL INSURANCE COMPANY,Closed,NWPP-133258613,2021-12-27
2021,4,0.0,COLONIAL COUNTY MUTUAL INSURANCE COMPANY,Closed,NWPP-133259209,2021-12-27
2021,4,0.0,CONSUMERS COUNTY MUTUAL INSURANCE COMPANY,Closed,CCMC-133085088,2021-12-17
2021,4,0.0,DAIRYLAND COUNTY MUTUAL INSURANCE COMPANY OF TEXAS,Closed,VKNG-133045442,2021-12-14
2021,4,0.0,ECONOMY FIRE & CASUALTY COMPANY,Closed,FAIG-133036928,2021-12-01
2021,4,0.0,ECONOMY FIRE & CASUALTY COMPANY,Closed,FAIG-133070916,2021-12-06
2021,4,0.0,ELEPHANT INSURANCE COMPANY,Closed,EINS-132806923,2021-10-13
2021,4,0.0,ELEPHANT INSURANCE COMPANY,Closed,EINS-132914926,2021-12-11
2021,4,0.0,ELEPHANT INSURANCE COMPANY,Closed,EINS-132985905,2021-12-21
2021,4,0.0,ENCOMPASS INDEMNITY COMPANY,Closed,ALSE-132956535,2021-10-18
2021,4,0.0,ESURANCE INSURANCE COMPANY,Closed,ALSE-132707034,2021-10-27
2021,4,0.0,FARMERS CASUALTY INSURANCE COMPANY,Closed,FAIG-133036928,2021-12-01
2021,4,0.0,FARMERS CASUALTY INSURANCE COMPANY,Closed,FAIG-133054899,2021-12-01
2021,4,0.0,FARMERS CASUALTY INSURANCE COMPANY,Closed,FAIG-133070916,2021-12-06
2021,4,0.0,FARMERS DIRECT PROPERTY AND CASUALTY INSURANCE COMPANY,Closed,FAIG-133036928,2021-12-01
2021,4,0.0,FARMERS DIRECT PROPERTY AND CASUALTY INSURANCE COMPANY,Closed,FAIG-133040337,2021-12-01
2021,4,0.0,FARMERS DIRECT PROPERTY AND CASUALTY INSURANCE COMPANY,Closed,FAIG-133070916,2021-12-06
2021,4,0.0,FARMERS DIRECT PROPERTY AND CASUALTY INSURANCE COMPANY,Closed,FAIG-133070945,2021-12-06
2021,4,0.0,FARMERS GROUP PROPERTY AND CASUALTY INSURANCE COMPANY,Closed,FAIG-133036928,2021-12-01
2021,4,0.0,FARMERS GROUP PROPERTY AND CASUALTY INSURANCE COMPANY,Closed,FAIG-133040337,2021-12-01
2021,4,0.0,FARMERS GROUP PROPERTY AND CASUALTY INSURANCE COMPANY,Closed,FAIG-133070916,2021-12-06
2021,4,0.0,FARMERS GROUP PROPERTY AND CASUALTY INSURANCE COMPANY,Closed,FAIG-133070945,2021-12-06
2021,4,0.0,FARMERS LLOYDS INSURANCE COMPANY OF TEXAS,Closed,FAIG-133036928,2021-12-01
2021,4,0.0,FARMERS LLOYDS INSURANCE COMPANY OF TEXAS,Closed,FAIG-133040337,2021-12-01
2021,4,0.0,FARMERS LLOYDS INSURANCE COMPANY OF TEXAS,Closed,FAIG-133070916,2021-12-06
2021,4,0.0,FARMERS LLOYDS INSURANCE COMPANY OF TEXAS,Closed,FAIG-133070945,2021-12-06
2021,4,0.0,FARMERS PROPERTY AND CASUALTY INSURANCE COMPANY,Closed,FAIG-133036928,2021-12-01
2021,4,0.0,FARMERS PROPERTY AND CASUALTY INSURANCE COMPANY,Closed,FAIG-133040337,2021-12-01
2021,4,0.0,FARMERS PROPERTY AND CASUALTY INSURANCE COMPANY,Closed,FAIG-133070916,2021-12-06
2021,4,0.0,FARMERS PROPERTY AND CASUALTY INSURANCE COMPANY,Closed,FAIG-133070945,2021-12-06
2021,4,0.0,FOREMOST COUNTY MUTUAL INSURANCE COMPANY,Closed,BRWS-133069416,2021-12-30
2021,4,0.0,GEICO COUNTY MUTUAL INSURANCE COMPANY,Closed,GECC-132496536,2021-11-28
2021,4,0.0,HOME STATE COUNTY MUTUAL INSURANCE COMPANY,Closed,HMSG-132709905,2021-10-27
2021,4,0.0,HOME STATE COUNTY MUTUAL INSURANCE COMPANY,Closed,HMSG-132937146,2021-10-20
2021,4,0.0,HOME STATE COUNTY MUTUAL INSURANCE COMPANY,Closed,HMSG-132968361,2021-10-15
2021,4,0.0,HOME STATE COUNTY MUTUAL INSURANCE COMPANY,Closed,HMSG-133003311,2021-10-13
2021,4,0.0,HOME STATE COUNTY MUTUAL INSURANCE COMPANY,Closed,HMSG-133006759,2021-12-15
2021,4,0.0,HOME STATE COUNTY MUTUAL INSURANCE COMPANY,Closed,HMSG-133007433,2021-12-15
2021,4,0.0,HOME STATE COUNTY MUTUAL INSURANCE COMPANY,Closed,HMSG-133033679,2021-11-03
2021,4,0.0,"INSURANCE SERVICES OFFICE, INC.",Closed,ISOF-133007325,2021-10-06
2021,4,0.0,"INSURANCE SERVICES OFFICE, INC.",Closed,ISOF-133007339,2021-10-06
2021,4,0.0,"INSURANCE SERVICES OFFICE, INC.",Closed,ISOF-133007379,2021-10-06
2021,4,0.0,LOYA INSURANCE COMPANY,Closed,PERR-133007750,2021-11-08
2021,4,0.0,MENDAKOTA CASUALTY COMPANY,Closed,UNCA-132944725,2021-10-15
2021,4,0.0,"MGA INSURANCE COMPANY, INC.",Closed,GNSC-132964582,2021-10-15
2021,4,0.0,OLD AMERICAN COUNTY MUTUAL FIRE INSURANCE COMPANY,Closed,OAMF-133011273,2021-12-05
2021,4,0.0,OLD AMERICAN COUNTY MUTUAL FIRE INSURANCE COMPANY,Closed,OAMF-133036349,2021-11-03
2021,4,0.0,REDPOINT COUNTY MUTUAL INSURANCE COMPANY,Closed,SWCM-132811774,2021-10-13
2021,4,0.0,REDPOINT COUNTY MUTUAL INSURANCE COMPANY,Closed,SWCM-132811776,2021-10-13
2021,4,0.0,REDPOINT COUNTY MUTUAL INSURANCE COMPANY,Closed,SWCM-132941242,2021-11-01
2021,4,0.0,REDPOINT COUNTY MUTUAL INSURANCE COMPANY,Closed,SWCM-132947976,2021-12-11
2021,4,0.0,REDPOINT COUNTY MUTUAL INSURANCE COMPANY,Closed,SWCM-132947980,2021-12-11
2021,4,0.0,REDPOINT COUNTY MUTUAL INSURANCE COMPANY,Closed,SWCM-132977093,2021-10-15
2021,4,0.0,REDPOINT COUNTY MUTUAL INSURANCE COMPANY,Closed,SWCM-132992020,2021-12-21
2021,4,0.0,REDPOINT COUNTY MUTUAL INSURANCE COMPANY,Closed,SWCM-132992063,2021-12-21
2021,4,0.0,REDPOINT COUNTY MUTUAL INSURANCE COMPANY,Closed,SWCM-132994208,2021-10-15
2021,4,0.0,REDPOINT COUNTY MUTUAL INSURANCE COMPANY,Closed,SWCM-133014086,2021-10-20
2021,4,0.0,SPINNAKER INSURANCE COMPANY,Closed,MILE-132965776,2021-10-06
2021,4,0.0,STATE FARM COUNTY MUTUAL INSURANCE COMPANY OF TEXAS,Closed,SFMA-132849731,2021-10-01
2021,4,0.0,STATE FARM FIRE AND CASUALTY COMPANY,Closed,SFMA-132849731,2021-10-01
2021,4,0.0,STATE FARM MUTUAL AUTOMOBILE INSURANCE COMPANY,Closed,SFMA-132849731,2021-10-01
2021,4,0.0,STILLWATER INSURANCE COMPANY,Closed,FDLY-132961910,2021-11-07
2021,4,0.0,"TRAVELERS HOME AND MARINE INSURANCE COMPANY, THE",Closed,TRVD-133080191,2021-12-17
2021,4,0.2,ELEPHANT INSURANCE COMPANY,Closed,EINS-132968900,2021-11-08
2021,4,0.4,LOYA INSURANCE COMPANY,Closed,PERR-132991943,2021-11-01
2021,4,0.9,REDPOINT COUNTY MUTUAL INSURANCE COMPANY,Closed,SWCM-132969677,2021-11-08
2021,4,1.1,REDPOINT COUNTY MUTUAL INSURANCE COMPANY,Closed,SWCM-132946171,2021-10-01
2021,4,1.2,ASSURANCEAMERICA INSURANCE COMPANY,Closed,ASRN-132971739,2021-11-05
2021,4,1.9,UNITED SECURITY INSURANCE COMPANY,Closed,USLH-132979356,2021-10-11
2021,4,2.0,OLD AMERICAN COUNTY MUTUAL FIRE INSURANCE COMPANY,Closed,OAMF-133040109,2021-11-08
2021,4,2.3,OLD AMERICAN COUNTY MUTUAL FIRE INSURANCE COMPANY,Closed,OAMF-133040121,2021-11-08
2021,4,3.2,AMERICAN FAMILY CONNECT PROPERTY AND CASUALTY INSURANCE COMPANY,Closed,PRCA-132977517,2021-11-23
2021,4,3.2,OLD AMERICAN COUNTY MUTUAL FIRE INSURANCE COMPANY,Closed,OAMF-133028686,2021-12-01
2021,4,3.3,OLD AMERICAN COUNTY MUTUAL FIRE INSURANCE COMPANY,Closed,OAMF-133024250,2021-11-25
2021,4,3.3,REDPOINT COUNTY MUTUAL INSURANCE COMPANY,Closed,SWCM-132994630,2021-10-27
2021,4,3.4,ALINSCO INSURANCE COMPANY,Closed,AINS-132997797,2021-11-01
2021,4,3.4,REDPOINT COUNTY MUTUAL INSURANCE COMPANY,Closed,SWCM-132958351,2021-10-01
2021,4,3.7,REDPOINT COUNTY MUTUAL INSURANCE COMPANY,Closed,SWCM-133064318,2021-12-29
2021,4,3.8,OLD AMERICAN COUNTY MUTUAL FIRE INSURANCE COMPANY,Closed,OAMF-132979955,2021-11-15
2021,4,3.8,OLD AMERICAN COUNTY MUTUAL FIRE INSURANCE COMPANY,Closed,OAMF-132981263,2021-11-15
2021,4,3.9,FARMERS TEXAS COUNTY MUTUAL INSURANCE COMPANY,Closed,FARM-133040080,2021-12-14
2021,4,3.9,HOME STATE COUNTY MUTUAL INSURANCE COMPANY,Closed,HMSG-132979353,2021-10-15
2021,4,3.9,LIBERTY COUNTY MUTUAL INSURANCE COMPANY,Closed,LBPM-132926863,2021-11-14
2021,4,3.9,OLD AMERICAN COUNTY MUTUAL FIRE INSURANCE COMPANY,Closed,OAMF-132957850,2021-10-01
2021,4,4.0,HOME STATE COUNTY MUTUAL INSURANCE COMPANY,Closed,HMSG-132953741,2021-10-01
2021,4,4.4,COLONIAL COUNTY MUTUAL INSURANCE COMPANY,Closed,NWPP-132914635,2021-12-27
2021,4,4.4,FIRST CHICAGO INSURANCE COMPANY,Closed,FCLH-132967787,2021-11-08
2021,4,4.5,FARMERS TEXAS COUNTY MUTUAL INSURANCE COMPANY,Closed,FARM-133079408,2021-12-14
2021,4,4.6,HOME STATE COUNTY MUTUAL INSURANCE COMPANY,Closed,HMSG-133044323,2021-12-17
2021,4,4.8,HOME STATE COUNTY MUTUAL INSURANCE COMPANY,Closed,HMSG-133022549,2021-12-20
2021,4,4.8,PROGRESSIVE COUNTY MUTUAL INSURANCE COMPANY,Closed,PRGS-133011756,2021-11-25
2021,4,5.0,ALLSTATE COUNTY MUTUAL INSURANCE COMPANY,Closed,ALSE-133014716,2021-12-10
2021,4,5.0,ALLSTATE INDEMNITY COMPANY,Closed,ALSE-133022359,2021-12-10
2021,4,5.0,ALLSTATE INSURANCE COMPANY,Closed,ALSE-133022382,2021-12-10
2021,4,5.0,ALLSTATE PROPERTY AND CASUALTY INSURANCE COMPANY,Closed,ALSE-133022515,2021-12-10
2021,4,5.0,AUTO CLUB COUNTY MUTUAL INSURANCE COMPANY,Closed,IACA-132993248,2021-12-31
2021,4,5.0,CONSUMERS COUNTY MUTUAL INSURANCE COMPANY,Closed,CCMC-132972734,2021-11-19
2021,4,5.0,REDPOINT COUNTY MUTUAL INSURANCE COMPANY,Closed,SWCM-133004626,2021-12-11
2021,4,5.1,AGRICULTURAL WORKERS MUTUAL AUTO INSURANCE COMPANY,Closed,ICCC-132929705,2021-10-25
2021,4,5.1,"RIVERSTONE INTERNATIONAL INSURANCE, INC.",Closed,ELEC-132978231,2021-11-23
2021,4,5.4,INFINITY COUNTY MUTUAL INSURANCE COMPANY,Closed,NFNT-133023554,2021-11-30
2021,4,6.0,ALLSTATE PROPERTY AND CASUALTY INSURANCE COMPANY,Closed,ALSE-132987516,2021-11-04
2021,4,6.8,SAFE AUTO INSURANCE COMPANY,Closed,SAFE-132984873,2021-10-26
2021,4,7.0,OLD AMERICAN COUNTY MUTUAL FIRE INSURANCE COMPANY,Closed,OAMF-132952344,2021-10-16
2021,4,7.3,OLD AMERICAN COUNTY MUTUAL FIRE INSURANCE COMPANY,Closed,OAMF-133039725,2021-11-26
2021,4,7.7,UNITRIN COUNTY MUTUAL INSURANCE COMPANY,Closed,UTRN-133025195,2021-12-22
2021,4,7.8,AMERICAN ACCESS CASUALTY COMPANY,Closed,AACI-133026534,2021-12-10
2021,4,7.8,"FIRST ACCEPTANCE INSURANCE COMPANY, INC.",Closed,FRST-133016533,2021-11-26
2021,4,7.9,INFINITY COUNTY MUTUAL INSURANCE COMPANY,Closed,NFNT-133023365,2021-11-30
2021,4,7.9,LIBERTY COUNTY MUTUAL INSURANCE COMPANY,Closed,LBPM-132855894,2021-11-08
2021,4,8.0,HOME STATE COUNTY MUTUAL INSURANCE COMPANY,Closed,HMSG-133019505,2021-11-14
2021,4,8.4,PROGRESSIVE COUNTY MUTUAL INSURANCE COMPANY,Closed,PRGS-133011743,2021-11-25
2021,4,8.5,ALLSTATE COUNTY MUTUAL INSURANCE COMPANY,Closed,ALSE-133022808,2021-12-10
2021,4,8.5,ALLSTATE FIRE AND CASUALTY INSURANCE COMPANY,Closed,ALSE-133022910,2021-12-10
2021,4,9.5,HOME STATE COUNTY MUTUAL INSURANCE COMPANY,Closed,HMSG-132990968,2021-11-01
2021,4,9.7,HOME STATE COUNTY MUTUAL INSURANCE COMPANY,Closed,HMSG-132976802,2021-10-16
2021,4,9.8,FARMERS PROPERTY AND CASUALTY INSURANCE COMPANY,Closed,FAIG-133029101,2021-12-08
2021,4,9.8,REDPOINT COUNTY MUTUAL INSURANCE COMPANY,Closed,SWCM-132956985,2021-10-25
2021,4,9.9,FOREMOST COUNTY MUTUAL INSURANCE COMPANY,Closed,BRWS-133005077,2021-11-10
2021,4,9.9,HOME STATE COUNTY MUTUAL INSURANCE COMPANY,Closed,HMSG-132986489,2021-12-06
2021,4,12.3,ASSURANCEAMERICA INSURANCE COMPANY,Closed,ASRN-133018384,2021-11-25
2021,4,13.9,AIG PROPERTY CASUALTY COMPANY,Closed,APCG-132651359,2021-11-01
2021,4,15.0,ESURANCE INSURANCE COMPANY,Closed,ALSE-133027525,2021-12-16
2021,4,18.3,QUALITAS INSURANCE COMPANY,Closed,QUIC-132968620,2021-12-15
2021,4,28.1,GATEWAY INSURANCE COMPANY,Closed,GTWY-132964430,2021-10-01
2021,4,48.5,REDPOINT COUNTY MUTUAL INSURANCE COMPANY,Closed,PERR-133048478,2021-12-11
2022,1,-11.2,OLD AMERICAN COUNTY MUTUAL FIRE INSURANCE COMPANY,Closed,OAMF-133095467,2022-01-01
2022,1,-6.2,GOAUTO INSURANCE COMPANY,Closed,PERR-132928806,2022-02-18
2022,1,-3.7,ASSURANCEAMERICA INSURANCE COMPANY,Closed,ASRN-133081893,2022-02-24
2022,1,-3.0,CONCERT INSURANCE COMPANY,Closed,PERR-133072777,2022-01-15
2022,1,-3.0,REDPOINT COUNTY MUTUAL INSURANCE COMPANY,Closed,SWCM-133068799,2022-01-15
2022,1,0.0,ALLIED PROPERTY AND CASUALTY INSURANCE COMPANY,Closed,NWPP-132947969,2022-02-01
2022,1,0.0,AMERICAN FAMILY HOME INSURANCE COMPANY,Closed,MRTN-132833681,2022-01-01
2022,1,0.0,AMICA MUTUAL INSURANCE COMPANY,Closed,AMMA-132958302,2022-01-01
2022,1,0.0,AMICA PROPERTY AND CASUALTY INSURANCE COMPANY,Closed,AMMA-132958306,2022-01-01
2022,1,0.0,"AUTOMOBILE INSURANCE COMPANY OF HARTFORD, CONNECTICUT, THE",Closed,TRVD-133172261,2022-03-08
2022,1,0.0,BRANCH INSURANCE EXCHANGE,Closed,BRFI-133134850,2022-02-02
2022,1,0.0,COLONIAL COUNTY MUTUAL INSURANCE COMPANY,Closed,NWPP-132947969,2022-02-01
2022,1,0.0,COLONIAL COUNTY MUTUAL INSURANCE COMPANY,Closed,NWPP-133089551,2022-02-19
2022,1,0.0,CONSUMERS COUNTY MUTUAL INSURANCE COMPANY,Closed,CCMC-133175078,2022-03-08
2022,1,0.0,ELEPHANT INSURANCE COMPANY,Closed,EINS-133046543,2022-02-10
2022,1,0.0,ELEPHANT INSURANCE COMPANY,Closed,EINS-133116016,2022-03-28
2022,1,0.0,FARMERS TEXAS COUNTY MUTUAL INSURANCE COMPANY,Closed,FARM-133109508,2022-01-15
2022,1,0.0,GEICO INDEMNITY COMPANY,Closed,GECC-132944258,2022-03-07
2022,1,0.0,GOVERNMENT EMPLOYEES INSURANCE COMPANY,Closed,GECC-132944258,2022-03-07
2022,1,0.0,HOME STATE COUNTY MUTUAL INSURANCE COMPANY,Closed,HMSG-133048209,2022-01-01
2022,1,0.0,HOME STATE COUNTY MUTUAL INSURANCE COMPANY,Closed,HMSG-133049114,2022-01-01
2022,1,0.0,HOME STATE COUNTY MUTUAL INSURANCE COMPANY,Closed,HMSG-133049615,2022-01-01
2022,1,0.0,HOME STATE COUNTY MUTUAL INSURANCE COMPANY,Closed,HMSG-133049756,2022-01-01
2022,1,0.0,HOME STATE COUNTY MUTUAL INSURANCE COMPANY,Closed,HMSG-133050082,2022-01-01
2022,1,0.0,HOME STATE COUNTY MUTUAL INSURANCE COMPANY,Closed,HMSG-133050562,2022-01-01
2022,1,0.0,HOME STATE COUNTY MUTUAL INSURANCE COMPANY,Closed,HMSG-133052793,2022-01-01
2022,1,0.0,HOME STATE COUNTY MUTUAL INSURANCE COMPANY,Closed,HMSG-133052823,2022-01-01
2022,1,0.0,HOME STATE COUNTY MUTUAL INSURANCE COMPANY,Closed,HMSG-133052976,2022-01-01
2022,1,0.0,HOME STATE COUNTY MUTUAL INSURANCE COMPANY,Closed,HMSG-133053308,2022-01-01
2022,1,0.0,HOME STATE COUNTY MUTUAL INSURANCE COMPANY,Closed,HMSG-133053803,2022-01-01
2022,1,0.0,HOME STATE COUNTY MUTUAL INSURANCE COMPANY,Closed,HMSG-133096424,2022-02-15
2022,1,0.0,HOME STATE COUNTY MUTUAL INSURANCE COMPANY,Closed,HMSG-133159175,2022-03-27
2022,1,0.0,MIDVALE INDEMNITY COMPANY,Closed,HMSS-133170398,2022-03-31
2022,1,0.0,NATIONWIDE AGRIBUSINESS INSURANCE COMPANY,Closed,NWPP-132947969,2022-02-01
2022,1,0.0,NATIONWIDE MUTUAL INSURANCE COMPANY,Closed,NWPP-132947969,2022-02-01
2022,1,0.0,OBSIDIAN INSURANCE COMPANY,Closed,LOOP-133116490,2022-01-19
2022,1,0.0,OBSIDIAN INSURANCE COMPANY,Closed,LOOP-133134678,2022-02-24
2022,1,0.0,OLD AMERICAN COUNTY MUTUAL FIRE INSURANCE COMPANY,Closed,OAMF-133082583,2022-01-01
2022,1,0.0,OLD AMERICAN COUNTY MUTUAL FIRE INSURANCE COMPANY,Closed,OAMF-133132537,2022-02-15
2022,1,0.0,OLD AMERICAN COUNTY MUTUAL FIRE INSURANCE COMPANY,Closed,OAMF-133163144,2022-03-01
2022,1,0.0,OLD AMERICAN COUNTY MUTUAL FIRE INSURANCE COMPANY,Closed,OAMF-133163180,2022-03-01
2022,1,0.0,PROGRESSIVE COUNTY MUTUAL INSURANCE COMPANY,Closed,PRGS-133156597,2022-03-08
2022,1,0.0,REDPOINT COUNTY MUTUAL INSURANCE COMPANY,Closed,HART-132910227,2022-03-31
2022,1,0.0,REDPOINT COUNTY MUTUAL INSURANCE COMPANY,Closed,HART-132910254,2022-03-31
2022,1,0.0,REDPOINT COUNTY MUTUAL INSURANCE COMPANY,Closed,HART-133724357,2022-03-31
2022,1,0.0,REDPOINT COUNTY MUTUAL INSURANCE COMPANY,Closed,SWCM-133047310,2022-02-10
2022,1,0.0,REDPOINT COUNTY MUTUAL INSURANCE COMPANY,Closed,SWCM-133047324,2022-02-10
2022,1,0.0,REDPOINT COUNTY MUTUAL INSURANCE COMPANY,Closed,SWCM-133094394,2022-03-01
2022,1,0.0,REDPOINT COUNTY MUTUAL INSURANCE COMPANY,Closed,SWCM-133116093,2022-03-28
2022,1,0.0,REDPOINT COUNTY MUTUAL INSURANCE COMPANY,Closed,SWCM-133116100,2022-03-28
2022,1,0.0,SPINNAKER INSURANCE COMPANY,Closed,WESA-133072256,2022-02-03
2022,1,0.0,STATE FARM FIRE AND CASUALTY COMPANY,Closed,SFMA-133119570,2022-03-01
2022,1,0.0,"TRAVELERS HOME AND MARINE INSURANCE COMPANY, THE",Closed,TRVD-133172269,2022-03-08
2022,1,0.0,USAA GENERAL INDEMNITY COMPANY,Closed,USAA-133021440,2022-02-23
2022,1,0.4,STATE FARM COUNTY MUTUAL INSURANCE COMPANY OF TEXAS,Closed,SFMA-133119570,2022-03-01
2022,1,1.2,FIRST CHICAGO INSURANCE COMPANY,Closed,FCLH-133103593,2022-03-14
2022,1,1.6,OLD AMERICAN COUNTY MUTUAL FIRE INSURANCE COMPANY,Closed,OAMF-133059295,2022-01-01
2022,1,1.9,HOME STATE COUNTY MUTUAL INSURANCE COMPANY,Closed,HMSG-133039319,2022-01-01
2022,1,2.0,GARRISON PROPERTY AND CASUALTY INSURANCE COMPANY,Closed,USAA-133021440,2022-02-23
2022,1,2.0,OLD AMERICAN COUNTY MUTUAL FIRE INSURANCE COMPANY,Closed,OAMF-133093705,2022-02-03
2022,1,2.2,UNITED SERVICES AUTOMOBILE ASSOCIATION,Closed,USAA-133021440,2022-02-23
2022,1,2.3,OLD AMERICAN COUNTY MUTUAL FIRE INSURANCE COMPANY,Closed,OAMF-133110857,2022-03-15
2022,1,2.4,OLD AMERICAN COUNTY MUTUAL FIRE INSURANCE COMPANY,Closed,OAMF-133110891,2022-03-15
2022,1,2.6,HOME STATE COUNTY MUTUAL INSURANCE COMPANY,Closed,HMSG-133031758,2022-01-30
2022,1,2.7,INCLINE CASUALTY COMPANY,Closed,ICCC-133045557,2022-01-01
2022,1,2.7,SPINNAKER INSURANCE COMPANY,Closed,MILE-133104923,2022-03-26
2022,1,3.0,HOME STATE COUNTY MUTUAL INSURANCE COMPANY,Closed,HMSG-133145808,2022-03-17
2022,1,3.0,USAA CASUALTY INSURANCE COMPANY,Closed,USAA-133021440,2022-02-23
2022,1,3.1,HOCHHEIM PRAIRIE CASUALTY INSURANCE COMPANY,Closed,HOCH-132978488,2022-01-01
2022,1,3.3,OLD AMERICAN COUNTY MUTUAL FIRE INSURANCE COMPANY,Closed,OAMF-133067589,2022-01-01
2022,1,3.9,LIBERTY COUNTY MUTUAL INSURANCE COMPANY,Closed,LBPM-132900321,2022-01-01
2022,1,3.9,REDPOINT COUNTY MUTUAL INSURANCE COMPANY,Closed,SWCM-133094743,2022-02-01
2022,1,4.3,HOME STATE COUNTY MUTUAL INSURANCE COMPANY,Closed,HMSG-133038593,2022-01-01
2022,1,4.3,STATE FARM MUTUAL AUTOMOBILE INSURANCE COMPANY,Closed,SFMA-133119570,2022-03-01
2022,1,4.3,TEXAS FARM BUREAU UNDERWRITERS,Closed,TXFB-133089186,2022-03-01
2022,1,4.4,REDPOINT COUNTY MUTUAL INSURANCE COMPANY,Closed,SWCM-133107287,2022-02-14
2022,1,4.6,HOME STATE COUNTY MUTUAL INSURANCE COMPANY,Closed,HMSG-133061961,2022-01-15
2022,1,4.6,HOME STATE COUNTY MUTUAL INSURANCE COMPANY,Closed,HMSG-133062094,2022-01-15
2022,1,4.9,REDPOINT COUNTY MUTUAL INSURANCE COMPANY,Closed,SWCM-133126444,2022-03-17
2022,1,5.1,HOME STATE COUNTY MUTUAL INSURANCE COMPANY,Closed,HMSG-133065776,2022-01-15
2022,1,5.2,OLD AMERICAN COUNTY MUTUAL FIRE INSURANCE COMPANY,Closed,OAMF-133059203,2022-01-01
2022,1,5.2,OLD AMERICAN COUNTY MUTUAL FIRE INSURANCE COMPANY,Closed,OAMF-133062246,2022-01-01
2022,1,5.2,TEXAS FARM BUREAU MUTUAL INSURANCE COMPANY,Closed,TXFB-133089186,2022-03-01
2022,1,5.4,AMERICAN ACCESS CASUALTY COMPANY,Closed,AACI-133134060,2022-03-23
2022,1,5.5,HOME STATE COUNTY MUTUAL INSURANCE COMPANY,Closed,HMSG-133110101,2022-03-01
2022,1,5.5,SENTRY SELECT INSURANCE COMPANY,Closed,VKNG-133048906,2022-01-24
2022,1,5.6,PROGRESSIVE COUNTY MUTUAL INSURANCE COMPANY,Closed,PRGS-133081016,2022-03-09
2022,1,5.6,TEXAS FARM BUREAU CASUALTY INSURANCE COMPANY,Closed,TXFB-133089186,2022-03-01
2022,1,5.9,GERMANIA FIRE & CASUALTY COMPANY,Closed,GEIN-133129198,2022-03-01
2022,1,5.9,GERMANIA INSURANCE COMPANY,Closed,GEIN-133129198,2022-03-01
2022,1,6.0,GERMANIA SELECT INSURANCE COMPANY,Closed,GEIN-133129198,2022-03-01
2022,1,6.0,REDPOINT COUNTY MUTUAL INSURANCE COMPANY,Closed,SWCM-133094849,2022-03-20
2022,1,6.1,HOME STATE COUNTY MUTUAL INSURANCE COMPANY,Closed,HMSG-133164046,2022-03-01
2022,1,6.2,FARM BUREAU COUNTY MUTUAL INSURANCE COMPANY OF TEXAS,Closed,TXFB-133089186,2022-03-01
2022,1,6.2,GEICO SECURE INSURANCE COMPANY,Closed,GECC-132944258,2022-03-07
2022,1,6.3,HOME STATE COUNTY MUTUAL INSURANCE COMPANY,Closed,HMSG-133056741,2022-01-01
2022,1,6.4,MERCURY COUNTY MUTUAL INSURANCE COMPANY,Closed,MERY-133063644,2022-02-03
2022,1,6.4,OLD AMERICAN COUNTY MUTUAL FIRE INSURANCE COMPANY,Closed,OAMF-133062332,2022-01-01
2022,1,6.4,OLD AMERICAN COUNTY MUTUAL FIRE INSURANCE COMPANY,Closed,OAMF-133148148,2022-03-15
2022,1,6.6,ELEPHANT INSURANCE COMPANY,Closed,EINS-133079969,2022-02-20
2022,1,6.7,HOME STATE COUNTY MUTUAL INSURANCE COMPANY,Closed,HMSG-133058418,2022-01-01
2022,1,7.4,SAFE AUTO INSURANCE COMPANY,Closed,SAFE-133123805,2022-03-12
2022,1,7.8,DAIRYLAND COUNTY MUTUAL INSURANCE COMPANY OF TEXAS,Closed,VKNG-133120633,2022-03-16
2022,1,8.3,REDPOINT COUNTY MUTUAL INSURANCE COMPANY,Closed,SWCM-133079982,2022-02-20
2022,1,8.3,VAULT RECIPROCAL EXCHANGE,Closed,SPIS-132958384,2022-03-01
2022,1,8.6,GEICO CHOICE INSURANCE COMPANY,Closed,GECC-132944258,2022-03-07
2022,1,9.0,HOME STATE COUNTY MUTUAL INSURANCE COMPANY,Closed,HMSG-133153999,2022-03-21
2022,1,9.1,CLEARCOVER INSURANCE COMPANY,Closed,CLEA-133068058,2022-02-15
2022,1,9.3,REDPOINT COUNTY MUTUAL INSURANCE COMPANY,Closed,SWCM-133094517,2022-03-15
2022,1,9.4,OLD AMERICAN COUNTY MUTUAL FIRE INSURANCE COMPANY,Closed,OAMF-133067979,2022-01-01
2022,1,9.6,ALINSCO INSURANCE COMPANY,Closed,AINS-133106451,2022-02-12
2022,1,9.6,HOME STATE COUNTY MUTUAL INSURANCE COMPANY,Closed,HMSG-133105655,2022-02-19
2022,1,9.8,HOME STATE COUNTY MUTUAL INSURANCE COMPANY,Closed,HMSG-133083050,2022-01-22
2022,1,9.9,ECONOMY FIRE & CASUALTY COMPANY,Closed,FAIG-133038633,2022-02-13
2022,1,10.0,REDPOINT COUNTY MUTUAL INSURANCE COMPANY,Closed,SWCM-133113620,2022-01-20
2022,1,10.0,U S LLOYDS INSURANCE COMPANY,Closed,USLL-133133539,2022-03-15
2022,1,10.3,HOME STATE COUNTY MUTUAL INSURANCE COMPANY,Closed,HMSG-133059767,2022-01-15
2022,1,10.6,HOME STATE COUNTY MUTUAL INSURANCE COMPANY,Closed,HMSG-133058570,2022-01-15
2022,1,11.1,"MGA INSURANCE COMPANY, INC.",Closed,GNSC-133048501,2022-01-17
2022,1,11.3,PROGRESSIVE COUNTY MUTUAL INSURANCE COMPANY,Closed,PRGS-133087725,2022-03-10
2022,1,11.7,GEICO COUNTY MUTUAL INSURANCE COMPANY,Closed,GECC-132944258,2022-03-07
2022,1,12.0,ALLSTATE FIRE AND CASUALTY INSURANCE COMPANY,Closed,ALSE-133137096,2022-03-31
2022,1,12.0,ALLSTATE PROPERTY AND CASUALTY INSURANCE COMPANY,Closed,ALSE-133072786,2022-01-27
2022,1,12.6,HALLMARK COUNTY MUTUAL INSURANCE COMPANY,Closed,PHXN-133049101,2022-01-10
2022,1,13.7,GEICO ADVANTAGE INSURANCE COMPANY,Closed,GECC-132944258,2022-03-07
2022,1,15.0,PROGRESSIVE COUNTY MUTUAL INSURANCE COMPANY,Closed,PRGS-133087723,2022-03-10
2022,1,20.1,ROOT INSURANCE COMPANY,Closed,CLIN-133108386,2022-02-23
2022,1,20.1,ROOT INSURANCE COMPANY,Closed,CLIN-133122431,2022-02-23
2022,1,25.1,REDPOINT COUNTY MUTUAL INSURANCE COMPANY,Closed,CLIN-133150955,2022-03-26
2022,2,-12.0,STATE FARM COUNTY MUTUAL INSURANCE COMPANY OF TEXAS,Closed,SFMA-133164972,2022-04-18
2022,2,-11.3,STATE FARM MUTUAL AUTOMOBILE INSURANCE COMPANY,Closed,SFMA-133164972,2022-04-18
2022,2,-2.8,MIDVALE INDEMNITY COMPANY,Closed,HMSS-133184863,2022-06-01
2022,2,-1.2,ANCHOR GENERAL INSURANCE COMPANY,Closed,AGIN-133156789,2022-04-05
2022,2,-0.8,"FIRST ACCEPTANCE INSURANCE COMPANY, INC.",Closed,FRST-133172010,2022-04-20
2022,2,-0.7,OLD AMERICAN COUNTY MUTUAL FIRE INSURANCE COMPANY,Closed,OAMF-133199775,2022-04-20
2022,2,0.0,"ACUITY, A MUTUAL INSURANCE COMPANY",Closed,ACUT-133266119,2022-06-19
2022,2,0.0,ALLSTATE COUNTY MUTUAL INSURANCE COMPANY,Closed,ALSE-133202816,2022-04-04
2022,2,0.0,ALLSTATE FIRE AND CASUALTY INSURANCE COMPANY,Closed,ALSE-133202816,2022-04-04
2022,2,0.0,ALLSTATE FIRE AND CASUALTY INSURANCE COMPANY,Closed,ALSE-133210746,2022-06-02
2022,2,0.0,ALLSTATE FIRE AND CASUALTY INSURANCE COMPANY,Closed,ALSE-133211358,2022-05-26
2022,2,0.0,ALLSTATE INDEMNITY COMPANY,Closed,ALSE-133202816,2022-04-04
2022,2,0.0,ALLSTATE INSURANCE COMPANY,Closed,ALSE-133202816,2022-04-04
2022,2,0.0,ALLSTATE PROPERTY AND CASUALTY INSURANCE COMPANY,Closed,ALSE-133202816,2022-04-04
2022,2,0.0,ALLSTATE PROPERTY AND CASUALTY INSURANCE COMPANY,Closed,ALSE-133202939,2022-04-04
2022,2,0.0,ALLSTATE PROPERTY AND CASUALTY INSURANCE COMPANY,Closed,ALSE-133203115,2022-04-04
2022,2,0.0,ALLSTATE PROPERTY AND CASUALTY INSURANCE COMPANY,Closed,ALSE-133225928,2022-06-16
2022,2,0.0,AMERICAN NATIONAL COUNTY MUTUAL INSURANCE COMPANY,Closed,ANPC-133018226,2022-06-22
2022,2,0.0,AMICA MUTUAL INSURANCE COMPANY,Closed,AMMA-133235104,2022-06-01
2022,2,0.0,AMICA PROPERTY AND CASUALTY INSURANCE COMPANY,Closed,AMMA-133235104,2022-06-01
2022,2,0.0,ANCHOR GENERAL INSURANCE COMPANY,Closed,AGIN-133205702,2022-05-06
2022,2,0.0,BRANCH INSURANCE EXCHANGE,Closed,BRFI-133260152,2022-06-20
2022,2,0.0,ECONOMY FIRE & CASUALTY COMPANY,Closed,FAIG-133190968,2022-05-30
2022,2,0.0,ELEPHANT INSURANCE COMPANY,Closed,EINS-133020108,2022-04-22
2022,2,0.0,ENCOMPASS INDEMNITY COMPANY,Closed,ALSE-133209130,2022-06-06
2022,2,0.0,ENCOMPASS INDEPENDENT INSURANCE COMPANY,Closed,ALSE-133209338,2022-06-06
2022,2,0.0,FARM BUREAU COUNTY MUTUAL INSURANCE COMPANY OF TEXAS,Closed,KBWR-133177707,2022-06-15
2022,2,0.0,FARM BUREAU COUNTY MUTUAL INSURANCE COMPANY OF TEXAS,Closed,TXFB-133224963,2022-04-15
2022,2,0.0,FARMERS LLOYDS INSURANCE COMPANY OF TEXAS,Closed,FAIG-133190972,2022-05-30
2022,2,0.0,FARMERS LLOYDS INSURANCE COMPANY OF TEXAS,Closed,FAIG-133232645,2022-06-24
2022,2,0.0,FARMERS TEXAS COUNTY MUTUAL INSURANCE COMPANY,Closed,FARM-132935420,2022-04-01
2022,2,0.0,FOREMOST COUNTY MUTUAL INSURANCE COMPANY,Closed,BRWS-133308659,2022-06-30
2022,2,0.0,GERMANIA FIRE & CASUALTY COMPANY,Closed,GEIN-133153906,2022-04-10
2022,2,0.0,GERMANIA INSURANCE COMPANY,Closed,GEIN-133153906,2022-04-10
2022,2,0.0,GERMANIA SELECT INSURANCE COMPANY,Closed,GEIN-133153906,2022-04-10
2022,2,0.0,GLORIFI RECIPROCAL INSURANCE EXCHANGE,Closed,GLOR-133110159,2022-04-01
2022,2,0.0,GLORIFI RECIPROCAL INSURANCE EXCHANGE,Closed,GLOR-133243232,2022-05-12
2022,2,0.0,HOME STATE COUNTY MUTUAL INSURANCE COMPANY,Closed,HMSG-133180309,2022-04-10
2022,2,0.0,HOME STATE COUNTY MUTUAL INSURANCE COMPANY,Closed,HMSG-133208735,2022-05-14
2022,2,0.0,HOME STATE COUNTY MUTUAL INSURANCE COMPANY,Closed,HMSG-133220214,2022-06-30
2022,2,0.0,HOME STATE COUNTY MUTUAL INSURANCE COMPANY,Closed,HMSG-133225134,2022-05-27
2022,2,0.0,HOME STATE COUNTY MUTUAL INSURANCE COMPANY,Closed,HMSG-133225736,2022-05-27
2022,2,0.0,HOME STATE COUNTY MUTUAL INSURANCE COMPANY,Closed,HMSG-133225938,2022-05-27
2022,2,0.0,HOME STATE COUNTY MUTUAL INSURANCE COMPANY,Closed,HMSG-133227215,2022-05-27
2022,2,0.0,HOME STATE COUNTY MUTUAL INSURANCE COMPANY,Closed,HMSG-133227278,2022-05-27
2022,2,0.0,HOME STATE COUNTY MUTUAL INSURANCE COMPANY,Closed,HMSG-133227625,2022-05-27
2022,2,0.0,HOME STATE COUNTY MUTUAL INSURANCE COMPANY,Closed,HMSG-133228940,2022-05-27
2022,2,0.0,HOME STATE COUNTY MUTUAL INSURANCE COMPANY,Closed,HMSG-133229358,2022-05-27
2022,2,0.0,HOME STATE COUNTY MUTUAL INSURANCE COMPANY,Closed,HMSG-133229567,2022-05-27
2022,2,0.0,HOME STATE COUNTY MUTUAL INSURANCE COMPANY,Closed,HMSG-133229621,2022-05-27
2022,2,0.0,HOME STATE COUNTY MUTUAL INSURANCE COMPANY,Closed,HMSG-133229720,2022-05-27
2022,2,0.0,HOME STATE COUNTY MUTUAL INSURANCE COMPANY,Closed,HMSG-133257507,2022-06-19
2022,2,0.0,"OCTO ANALYTICS, LLC",Closed,OCTO-133166029,2022-05-31
2022,2,0.0,PROGRESSIVE COUNTY MUTUAL INSURANCE COMPANY,Closed,PRGS-131542487,2022-04-22
2022,2,0.0,QUALITAS INSURANCE COMPANY,Closed,QUIC-133206913,2022-05-04
2022,2,0.0,QUALITAS INSURANCE COMPANY,Closed,QUIC-133212464,2022-06-01
2022,2,0.0,REDPOINT COUNTY MUTUAL INSURANCE COMPANY,Closed,SWCM-133020110,2022-04-22
2022,2,0.0,REDPOINT COUNTY MUTUAL INSURANCE COMPANY,Closed,SWCM-133020111,2022-04-22
2022,2,0.0,REDPOINT COUNTY MUTUAL INSURANCE COMPANY,Closed,SWCM-133156216,2022-04-07
2022,2,0.0,REDPOINT COUNTY MUTUAL INSURANCE COMPANY,Closed,SWCM-133206187,2022-05-01
2022,2,0.0,"SENTINEL INSURANCE COMPANY, LTD.",Closed,HART-133269004,2022-05-31
2022,2,0.0,STATE FARM COUNTY MUTUAL INSURANCE COMPANY OF TEXAS,Closed,SFMA-133083754,2022-05-15
2022,2,0.0,STATE FARM COUNTY MUTUAL INSURANCE COMPANY OF TEXAS,Closed,SFMA-133227354,2022-06-20
2022,2,0.0,STATE FARM FIRE AND CASUALTY COMPANY,Closed,SFMA-133083754,2022-05-15
2022,2,0.0,STATE FARM FIRE AND CASUALTY COMPANY,Closed,SFMA-133164972,2022-04-18
2022,2,0.0,STATE FARM FIRE AND CASUALTY COMPANY,Closed,SFMA-133227354,2022-06-20
2022,2,0.0,STATE FARM MUTUAL AUTOMOBILE INSURANCE COMPANY,Closed,SFMA-133083754,2022-05-15
2022,2,0.0,TEXAS FARM BUREAU CASUALTY INSURANCE COMPANY,Closed,TXFB-133224963,2022-04-15
2022,2,0.0,TEXAS FARM BUREAU MUTUAL INSURANCE COMPANY,Closed,TXFB-133224963,2022-04-15
2022,2,0.0,TEXAS FARM BUREAU UNDERWRITERS,Closed,TXFB-133224963,2022-04-15
2022,2,0.0,TRUMBULL INSURANCE COMPANY,Closed,HART-133268956,2022-05-31
2022,2,0.3,FARMERS TEXAS COUNTY MUTUAL INSURANCE COMPANY,Closed,FARM-133255498,2022-06-14
2022,2,0.8,HORACE MANN INSURANCE COMPANY,Closed,HRMN-132212218,2022-06-10
2022,2,1.0,HORACE MANN PROPERTY & CASUALTY INSURANCE COMPANY,Closed,HRMN-132212218,2022-06-10
2022,2,1.8,OLD AMERICAN COUNTY MUTUAL FIRE INSURANCE COMPANY,Closed,OAMF-133166479,2022-04-01
2022,2,2.0,NATIONWIDE MUTUAL INSURANCE COMPANY,Closed,NWPP-133129480,2022-05-02
2022,2,2.0,OLD AMERICAN COUNTY MUTUAL FIRE INSURANCE COMPANY,Closed,OAMF-133186137,2022-04-15
2022,2,2.3,HOME STATE COUNTY MUTUAL INSURANCE COMPANY,Closed,HMSG-133152234,2022-04-15
2022,2,2.3,OLD AMERICAN COUNTY MUTUAL FIRE INSURANCE COMPANY,Closed,OAMF-133185506,2022-04-15
2022,2,3.0,CRESTBROOK INSURANCE COMPANY,Closed,NWPP-132908524,2022-05-01
2022,2,3.0,HOME STATE COUNTY MUTUAL INSURANCE COMPANY,Closed,HMSG-133185734,2022-04-22
2022,2,3.1,TEACHERS INSURANCE COMPANY,Closed,HRMN-132212218,2022-06-10
2022,2,3.2,HOME STATE COUNTY MUTUAL INSURANCE COMPANY,Closed,HMSG-133166210,2022-04-01
2022,2,3.5,FARMERS DIRECT PROPERTY AND CASUALTY INSURANCE COMPANY,Closed,FAIG-133184622,2022-06-10
2022,2,3.5,FARMERS DIRECT PROPERTY AND CASUALTY INSURANCE COMPANY,Closed,FAIG-133191641,2022-06-10
2022,2,3.5,HOME STATE COUNTY MUTUAL INSURANCE COMPANY,Closed,HMSG-133233456,2022-06-05
2022,2,3.6,OLD AMERICAN COUNTY MUTUAL FIRE INSURANCE COMPANY,Closed,OAMF-133225944,2022-05-15
2022,2,3.7,OLD AMERICAN COUNTY MUTUAL FIRE INSURANCE COMPANY,Closed,OAMF-133225420,2022-05-15
2022,2,4.1,UNITED SECURITY INSURANCE COMPANY,Closed,USLH-133231728,2022-06-01
2022,2,4.2,LOYA INSURANCE COMPANY,Closed,PERR-133222819,2022-04-18
2022,2,4.3,REDPOINT COUNTY MUTUAL INSURANCE COMPANY,Closed,SWCM-133242207,2022-06-15
2022,2,4.5,HOME STATE COUNTY MUTUAL INSURANCE COMPANY,Closed,HMSG-133233457,2022-06-05
2022,2,4.6,FOREMOST COUNTY MUTUAL INSURANCE COMPANY,Closed,FORE-133091059,2022-05-15
2022,2,4.6,INCLINE CASUALTY COMPANY,Closed,ICCC-133156328,2022-04-15
2022,2,4.7,HOME STATE COUNTY MUTUAL INSURANCE COMPANY,Closed,HMSG-133234574,2022-06-05
2022,2,4.8,OLD AMERICAN COUNTY MUTUAL FIRE INSURANCE COMPANY,Closed,OAMF-133185595,2022-04-15
2022,2,4.9,GERMANIA SELECT INSURANCE COMPANY,Closed,GEIN-133211267,2022-05-27
2022,2,5.0,FARMERS GROUP PROPERTY AND CASUALTY INSURANCE COMPANY,Closed,FAIG-133184622,2022-06-10
2022,2,5.0,FARMERS GROUP PROPERTY AND CASUALTY INSURANCE COMPANY,Closed,FAIG-133191641,2022-06-10
2022,2,5.0,LIBERTY COUNTY MUTUAL INSURANCE COMPANY,Closed,LBPM-133086303,2022-05-23
2022,2,5.0,REDPOINT COUNTY MUTUAL INSURANCE COMPANY,Closed,SWCM-133183343,2022-04-19
2022,2,5.1,REDPOINT COUNTY MUTUAL INSURANCE COMPANY,Closed,SWCM-133153792,2022-04-01
2022,2,5.2,AMICA MUTUAL INSURANCE COMPANY,Closed,AMMA-133032452,2022-04-01
2022,2,5.3,OLD AMERICAN COUNTY MUTUAL FIRE INSURANCE COMPANY,Closed,OAMF-133186445,2022-04-15
2022,2,5.4,HOME STATE COUNTY MUTUAL INSURANCE COMPANY,Closed,HMSG-133239360,2022-06-27
2022,2,5.5,GERMANIA FIRE & CASUALTY COMPANY,Closed,GEIN-133211267,2022-05-27
2022,2,5.7,"RIVERSTONE INTERNATIONAL INSURANCE, INC.",Closed,ELEC-133201550,2022-06-01
2022,2,5.8,"MGA INSURANCE COMPANY, INC.",Closed,GNSC-133188876,2022-05-02
2022,2,5.9,COLONIAL COUNTY MUTUAL INSURANCE COMPANY,Closed,NWPP-133129642,2022-05-02
2022,2,5.9,FALCON INSURANCE COMPANY,Closed,FIGC-133180581,2022-04-25
2022,2,6.0,OLD AMERICAN COUNTY MUTUAL FIRE INSURANCE COMPANY,Closed,OAMF-133184907,2022-04-15
2022,2,6.2,REDPOINT COUNTY MUTUAL INSURANCE COMPANY,Closed,SWCM-133198207,2022-04-28
2022,2,6.4,GERMANIA INSURANCE COMPANY,Closed,GEIN-133211267,2022-05-27
2022,2,6.4,OLD AMERICAN COUNTY MUTUAL FIRE INSURANCE COMPANY,Closed,OAMF-133259653,2022-06-16
2022,2,6.4,STATE FARM MUTUAL AUTOMOBILE INSURANCE COMPANY,Closed,SFMA-133227354,2022-06-20
2022,2,6.5,FARMERS TEXAS COUNTY MUTUAL INSURANCE COMPANY,Closed,FARM-133172018,2022-04-05
2022,2,6.5,FARMERS TEXAS COUNTY MUTUAL INSURANCE COMPANY,Closed,FARM-133213862,2022-04-05
2022,2,6.5,HOME STATE COUNTY MUTUAL INSURANCE COMPANY,Closed,HMSG-133235985,2022-06-05
2022,2,6.8,FIRST CHICAGO INSURANCE COMPANY,Closed,FCLH-133232591,2022-06-27
2022,2,6.8,HOME STATE COUNTY MUTUAL INSURANCE COMPANY,Closed,HMSG-133176969,2022-04-10
2022,2,6.8,HOME STATE COUNTY MUTUAL INSURANCE COMPANY,Closed,HMSG-133234229,2022-06-05
2022,2,6.8,REDPOINT COUNTY MUTUAL INSURANCE COMPANY,Closed,SWCM-133258634,2022-06-16
2022,2,6.8,UNITRIN COUNTY MUTUAL INSURANCE COMPANY,Closed,UTRN-133137148,2022-04-06
2022,2,6.9,BANKERS STANDARD INSURANCE COMPANY,Closed,ACEH-132986296,2022-06-11
2022,2,7.0,ALLSTATE COUNTY MUTUAL INSURANCE COMPANY,Closed,ALSE-133227462,2022-06-09
2022,2,7.0,ALLSTATE INDEMNITY COMPANY,Closed,ALSE-133222795,2022-06-09
2022,2,7.0,ALLSTATE INSURANCE COMPANY,Closed,ALSE-133224219,2022-06-09
2022,2,7.0,ALLSTATE PROPERTY AND CASUALTY INSURANCE COMPANY,Closed,ALSE-133224159,2022-06-09
2022,2,7.4,HALLMARK COUNTY MUTUAL INSURANCE COMPANY,Closed,PHXN-133168352,2022-04-04
2022,2,7.5,REDPOINT COUNTY MUTUAL INSURANCE COMPANY,Closed,SWCM-133218024,2022-06-09
2022,2,7.7,FOREMOST PROPERTY AND CASUALTY INSURANCE COMPANY,Closed,FORE-133091041,2022-05-15
2022,2,7.9,FOREMOST COUNTY MUTUAL INSURANCE COMPANY,Closed,FORE-133066478,2022-05-15
2022,2,7.9,PRIVILEGE UNDERWRITERS RECIPROCAL EXCHANGE,Closed,PRIV-133027760,2022-05-11
2022,2,7.9,REDPOINT COUNTY MUTUAL INSURANCE COMPANY,Closed,SWCM-133224129,2022-06-01
2022,2,8.0,LIBERTY COUNTY MUTUAL INSURANCE COMPANY,Closed,LBPM-133155033,2022-04-29
2022,2,8.0,MERCURY COUNTY MUTUAL INSURANCE COMPANY,Closed,MERY-133175650,2022-04-18
2022,2,8.1,HOME STATE COUNTY MUTUAL INSURANCE COMPANY,Closed,HMSG-133178970,2022-04-16
2022,2,8.4,OLD AMERICAN COUNTY MUTUAL FIRE INSURANCE COMPANY,Closed,OAMF-133179913,2022-04-23
2022,2,8.5,AGRICULTURAL WORKERS MUTUAL AUTO INSURANCE COMPANY,Closed,ICCC-133136119,2022-05-15
2022,2,8.5,BRANCH INSURANCE EXCHANGE,Closed,BRFI-133202651,2022-05-18
2022,2,8.6,ESSENTIA INSURANCE COMPANY,Closed,ESSN-133097148,2022-06-01
2022,2,8.6,OLD AMERICAN COUNTY MUTUAL FIRE INSURANCE COMPANY,Closed,OAMF-133193908,2022-05-01
2022,2,8.6,TREXIS ONE INSURANCE CORPORATION,Closed,VSGP-133199231,2022-05-13
2022,2,8.9,AMERICAN FAMILY CONNECT PROPERTY AND CASUALTY INSURANCE COMPANY,Closed,PRCA-133195661,2022-05-28
2022,2,9.0,ENCOMPASS HOME AND AUTO INSURANCE COMPANY,Closed,ALSE-133176020,2022-04-30
2022,2,9.0,ENCOMPASS INDEMNITY COMPANY,Closed,ALSE-133176427,2022-04-30
2022,2,9.0,ENCOMPASS INSURANCE COMPANY OF AMERICA,Closed,ALSE-133176020,2022-04-30
2022,2,9.0,ENCOMPASS PROPERTY AND CASUALTY COMPANY,Closed,ALSE-133176020,2022-04-30
2022,2,9.0,FARMERS CASUALTY INSURANCE COMPANY,Closed,FAIG-133184622,2022-06-10
2022,2,9.0,FARMERS CASUALTY INSURANCE COMPANY,Closed,FAIG-133191641,2022-06-10
2022,2,9.0,HOME STATE COUNTY MUTUAL INSURANCE COMPANY,Closed,HMSG-133220303,2022-05-27
2022,2,9.0,OLD AMERICAN COUNTY MUTUAL FIRE INSURANCE COMPANY,Closed,OAMF-133232445,2022-05-25
2022,2,9.0,REDPOINT COUNTY MUTUAL INSURANCE COMPANY,Closed,TSIS-133205685,2022-05-31
2022,2,9.1,HOME STATE COUNTY MUTUAL INSURANCE COMPANY,Closed,HMSG-133152931,2022-05-01
2022,2,9.2,GEICO TEXAS COUNTY MUTUAL INSURANCE COMPANY,Closed,GECC-133156747,2022-06-03
2022,2,9.2,HOME STATE COUNTY MUTUAL INSURANCE COMPANY,Closed,HMSG-133216632,2022-05-13
2022,2,9.5,OLD AMERICAN COUNTY MUTUAL FIRE INSURANCE COMPANY,Closed,OAMF-133192573,2022-05-01
2022,2,9.6,FOREMOST COUNTY MUTUAL INSURANCE COMPANY,Closed,FORE-133076498,2022-04-01
2022,2,9.6,REDPOINT COUNTY MUTUAL INSURANCE COMPANY,Closed,SWCM-133171729,2022-04-07
2022,2,9.7,LIBERTY COUNTY MUTUAL INSURANCE COMPANY,Closed,LBPM-133158613,2022-06-04
2022,2,9.9,ALLSTATE COUNTY MUTUAL INSURANCE COMPANY,Closed,ALSE-133227408,2022-06-09
2022,2,10.0,CONSUMERS COUNTY MUTUAL INSURANCE COMPANY,Closed,CCMC-133138636,2022-04-08
2022,2,10.0,GATEWAY INSURANCE COMPANY,Closed,PERR-133199985,2022-05-01
2022,2,10.5,HOME STATE COUNTY MUTUAL INSURANCE COMPANY,Closed,HMSG-133255842,2022-06-15
2022,2,10.5,KNIGHTBROOK INSURANCE COMPANY,Closed,PERR-133234602,2022-06-10
2022,2,10.6,HOME STATE COUNTY MUTUAL INSURANCE COMPANY,Closed,HMSG-133154724,2022-04-15
2022,2,11.2,HOME STATE COUNTY MUTUAL INSURANCE COMPANY,Closed,HMSG-133178764,2022-04-16
2022,2,11.2,HOME STATE COUNTY MUTUAL INSURANCE COMPANY,Closed,HMSG-133235024,2022-06-05
2022,2,11.8,AMICA PROPERTY AND CASUALTY INSURANCE COMPANY,Closed,AMMA-133032470,2022-04-01
2022,2,12.0,REDPOINT COUNTY MUTUAL INSURANCE COMPANY,Closed,SWCM-133243228,2022-06-07
2022,2,12.5,FARMERS PROPERTY AND CASUALTY INSURANCE COMPANY,Closed,FAIG-133213468,2022-05-25
2022,2,13.0,HOME STATE COUNTY MUTUAL INSURANCE COMPANY,Closed,HMSG-133231617,2022-06-24
2022,2,13.1,REDPOINT COUNTY MUTUAL INSURANCE COMPANY,Closed,SWCM-133236323,2022-06-20
2022,2,13.4,ELEPHANT INSURANCE COMPANY,Closed,EINS-133172956,2022-05-11
2022,2,15.0,REDPOINT COUNTY MUTUAL INSURANCE COMPANY,Closed,SWCM-133209370,2022-04-04
2022,2,15.1,OLD AMERICAN COUNTY MUTUAL FIRE INSURANCE COMPANY,Closed,OAMF-133230576,2022-05-24
2022,2,15.5,OLD AMERICAN COUNTY MUTUAL FIRE INSURANCE COMPANY,Closed,OAMF-133232771,2022-05-24
2022,2,15.7,OLD AMERICAN COUNTY MUTUAL FIRE INSURANCE COMPANY,Closed,OAMF-133152927,2022-04-07
2022,2,17.4,GOAUTO INSURANCE COMPANY,Closed,PERR-133244168,2022-06-02
2022,2,17.5,INFINITY COUNTY MUTUAL INSURANCE COMPANY,Closed,NFNT-133195716,2022-05-03
2022,2,17.5,INFINITY COUNTY MUTUAL INSURANCE COMPANY,Closed,NFNT-133196275,2022-05-03
2022,2,18.1,ASSURANCEAMERICA INSURANCE COMPANY,Closed,ASRN-133159406,2022-04-05
2022,2,20.3,REDPOINT COUNTY MUTUAL INSURANCE COMPANY,Closed,SWCM-133172975,2022-05-11
2022,2,25.6,FOREMOST COUNTY MUTUAL INSURANCE COMPANY,Closed,BRWS-133212004,2022-05-11
2022,2,30.8,REDPOINT COUNTY MUTUAL INSURANCE COMPANY,Closed,SWCM-133221607,2022-05-15
2022,3,-5.0,HOME STATE COUNTY MUTUAL INSURANCE COMPANY,Closed,HMSG-133221744,2022-08-19
2022,3,-0.4,HOME STATE COUNTY MUTUAL INSURANCE COMPANY,Closed,HMSG-133344677,2022-09-17
2022,3,-0.4,REDPOINT COUNTY MUTUAL INSURANCE COMPANY,Closed,SWCM-133281269,2022-07-21
2022,3,-0.1,CHUBB NATIONAL INSURANCE COMPANY,Closed,ACEH-132978055,2022-08-12
2022,3,0.0,ALLSTATE COUNTY MUTUAL INSURANCE COMPANY,Closed,ALSE-133295673,2022-08-18
2022,3,0.0,ALLSTATE COUNTY MUTUAL INSURANCE COMPANY,Closed,ALSE-133295877,2022-08-18
2022,3,0.0,ALLSTATE FIRE AND CASUALTY INSURANCE COMPANY,Closed,ALSE-133273803,2022-07-28
2022,3,0.0,ALLSTATE INDEMNITY COMPANY,Closed,ALSE-133295891,2022-08-18
2022,3,0.0,ALLSTATE INSURANCE COMPANY,Closed,ALSE-133295891,2022-08-18
2022,3,0.0,ALLSTATE PROPERTY AND CASUALTY INSURANCE COMPANY,Closed,ALSE-133295891,2022-08-18
2022,3,0.0,"AUTOMOBILE INSURANCE COMPANY OF HARTFORD, CONNECTICUT, THE",Closed,TRVD-133377211,2022-09-01
2022,3,0.0,"CIMARRON INSURANCE COMPANY, INC.",Closed,PARE-133343069,2022-09-23
2022,3,0.0,ELEPHANT INSURANCE COMPANY,Closed,EINS-133215107,2022-07-21
2022,3,0.0,ELEPHANT INSURANCE COMPANY,Closed,EINS-133298892,2022-08-06
2022,3,0.0,FARMERS TEXAS COUNTY MUTUAL INSURANCE COMPANY,Closed,FARM-133324736,2022-07-17
2022,3,0.0,FARMERS TEXAS COUNTY MUTUAL INSURANCE COMPANY,Closed,FARM-133325491,2022-07-17
2022,3,0.0,FARMERS TEXAS COUNTY MUTUAL INSURANCE COMPANY,Closed,FARM-133330319,2022-07-17
2022,3,0.0,GARRISON PROPERTY AND CASUALTY INSURANCE COMPANY,Closed,USAA-133217908,2022-09-01
2022,3,0.0,GEICO INDEMNITY COMPANY,Closed,GECC-133193407,2022-07-11
2022,3,0.0,GEICO INDEMNITY COMPANY,Closed,GECC-133214625,2022-07-29
2022,3,0.0,GEICO TEXAS COUNTY MUTUAL INSURANCE COMPANY,Closed,GECC-133262513,2022-08-18
2022,3,0.0,GERMANIA FIRE & CASUALTY COMPANY,Closed,GEIN-133392134,2022-09-27
2022,3,0.0,GERMANIA INSURANCE COMPANY,Closed,GEIN-133392134,2022-09-27
2022,3,0.0,GERMANIA SELECT INSURANCE COMPANY,Closed,GEIN-133392134,2022-09-27
2022,3,0.0,GOVERNMENT EMPLOYEES INSURANCE COMPANY,Closed,GECC-133214625,2022-07-29
2022,3,0.0,HOME STATE COUNTY MUTUAL INSURANCE COMPANY,Closed,HMSG-133380189,2022-09-26
2022,3,0.0,HOME STATE COUNTY MUTUAL INSURANCE COMPANY,Closed,HMSG-133396227,2022-09-27
2022,3,0.0,MID-CENTURY INSURANCE COMPANY OF TEXAS,Closed,FARM-133330319,2022-07-17
2022,3,0.0,OLD AMERICAN COUNTY MUTUAL FIRE INSURANCE COMPANY,Closed,OAMF-133348357,2022-09-05
2022,3,0.0,REDPOINT COUNTY MUTUAL INSURANCE COMPANY,Closed,SWCM-133218477,2022-07-21
2022,3,0.0,REDPOINT COUNTY MUTUAL INSURANCE COMPANY,Closed,SWCM-133218495,2022-07-21
2022,3,0.0,REDPOINT COUNTY MUTUAL INSURANCE COMPANY,Closed,SWCM-133263019,2022-07-16
2022,3,0.0,REDPOINT COUNTY MUTUAL INSURANCE COMPANY,Closed,SWCM-133280315,2022-07-27
2022,3,0.0,REDPOINT COUNTY MUTUAL INSURANCE COMPANY,Closed,SWCM-133299989,2022-08-06
2022,3,0.0,REDPOINT COUNTY MUTUAL INSURANCE COMPANY,Closed,SWCM-133300736,2022-08-06
2022,3,0.0,REDPOINT COUNTY MUTUAL INSURANCE COMPANY,Closed,SWCM-133335842,2022-07-19
2022,3,0.0,REDPOINT COUNTY MUTUAL INSURANCE COMPANY,Closed,SWCM-133349584,2022-08-01
2022,3,0.0,REDPOINT COUNTY MUTUAL INSURANCE COMPANY,Closed,SWCM-133355371,2022-09-15
2022,3,0.0,REDPOINT COUNTY MUTUAL INSURANCE COMPANY,Closed,SWCM-133430275,2022-09-30
2022,3,0.0,STATE FARM COUNTY MUTUAL INSURANCE COMPANY OF TEXAS,Closed,SFMA-133333507,2022-09-05
2022,3,0.0,STATE FARM FIRE AND CASUALTY COMPANY,Closed,SFMA-133333507,2022-09-05
2022,3,0.0,"TRAVELERS HOME AND MARINE INSURANCE COMPANY, THE",Closed,TRVD-133377517,2022-09-01
2022,3,0.0,UNITED SERVICES AUTOMOBILE ASSOCIATION,Closed,USAA-133217908,2022-09-01
2022,3,0.0,USAA CASUALTY INSURANCE COMPANY,Closed,USAA-133217908,2022-09-01
2022,3,0.0,USAA GENERAL INDEMNITY COMPANY,Closed,USAA-133217908,2022-09-01
2022,3,0.0,VISION INSURANCE COMPANY,Closed,PERR-133277607,2022-07-01
2022,3,0.0,WORTH INSURANCE COMPANY,Closed,ICCC-133246071,2022-07-01
2022,3,0.1,PHILADELPHIA INDEMNITY INSURANCE COMPANY,Closed,PHLX-133335715,2022-09-01
2022,3,0.8,VIGILANT INSURANCE COMPANY,Closed,ACEH-132978055,2022-08-12
2022,3,1.0,PACIFIC INDEMNITY COMPANY,Closed,ACEH-132978055,2022-08-12
2022,3,1.2,OLD AMERICAN COUNTY MUTUAL FIRE INSURANCE COMPANY,Closed,OAMF-133309719,2022-08-01
2022,3,1.3,OLD AMERICAN COUNTY MUTUAL FIRE INSURANCE COMPANY,Closed,OAMF-133309565,2022-08-01
2022,3,1.3,OLD AMERICAN COUNTY MUTUAL FIRE INSURANCE COMPANY,Closed,OAMF-133309659,2022-08-01
2022,3,1.5,REDPOINT COUNTY MUTUAL INSURANCE COMPANY,Closed,SWCM-133274722,2022-08-01
2022,3,1.8,GREAT NORTHERN INSURANCE COMPANY,Closed,ACEH-132978059,2022-08-12
2022,3,1.9,FEDERAL INSURANCE COMPANY,Closed,ACEH-132978059,2022-08-12
2022,3,2.0,CHUBB LLOYDS INSURANCE COMPANY OF TEXAS,Closed,ACEH-132978059,2022-08-12
2022,3,2.0,OLD AMERICAN COUNTY MUTUAL FIRE INSURANCE COMPANY,Closed,OAMF-133268465,2022-07-01
2022,3,2.0,REDPOINT COUNTY MUTUAL INSURANCE COMPANY,Closed,SWCM-133303872,2022-08-15
2022,3,2.3,PROGRESSIVE COUNTY MUTUAL INSURANCE COMPANY,Closed,PRGS-133128298,2022-08-03
2022,3,2.6,OLD AMERICAN COUNTY MUTUAL FIRE INSURANCE COMPANY,Closed,OAMF-133278497,2022-07-01
2022,3,3.0,OLD AMERICAN COUNTY MUTUAL FIRE INSURANCE COMPANY,Closed,OAMF-133325308,2022-08-15
2022,3,3.0,REDPOINT COUNTY MUTUAL INSURANCE COMPANY,Closed,SWCM-133316026,2022-08-01
2022,3,3.1,OLD AMERICAN COUNTY MUTUAL FIRE INSURANCE COMPANY,Closed,OAMF-133275225,2022-07-01
2022,3,3.1,OLD AMERICAN COUNTY MUTUAL FIRE INSURANCE COMPANY,Closed,OAMF-133275303,2022-07-01
2022,3,3.1,OLD AMERICAN COUNTY MUTUAL FIRE INSURANCE COMPANY,Closed,OAMF-133325317,2022-08-15
2022,3,3.2,OLD AMERICAN COUNTY MUTUAL FIRE INSURANCE COMPANY,Closed,OAMF-133375335,2022-09-28
2022,3,3.5,ELEPHANT INSURANCE COMPANY,Closed,EINS-133274681,2022-08-01
2022,3,3.5,USAA GENERAL INDEMNITY COMPANY,Closed,USAA-133196732,2022-07-07
2022,3,4.0,AMICA MUTUAL INSURANCE COMPANY,Closed,AMMA-133130574,2022-07-01
2022,3,4.0,BERKLEY INSURANCE COMPANY,Closed,BKON-133088970,2022-08-19
2022,3,4.3,HOME STATE COUNTY MUTUAL INSURANCE COMPANY,Closed,HMSG-133260700,2022-07-01
2022,3,4.5,OLD AMERICAN COUNTY MUTUAL FIRE INSURANCE COMPANY,Closed,OAMF-133275802,2022-07-01
2022,3,4.8,SPINNAKER INSURANCE COMPANY,Closed,MILE-133339574,2022-09-23
2022,3,5.0,NATIONWIDE MUTUAL INSURANCE COMPANY,Closed,NWPP-133262077,2022-07-01
2022,3,5.1,HOME STATE COUNTY MUTUAL INSURANCE COMPANY,Closed,HMSG-133305060,2022-08-01
2022,3,5.3,INCLINE CASUALTY COMPANY,Closed,ICCC-133328430,2022-09-01
2022,3,5.4,PROGRESSIVE COUNTY MUTUAL INSURANCE COMPANY,Closed,PRGS-133226516,2022-07-14
2022,3,5.5,STATE FARM MUTUAL AUTOMOBILE INSURANCE COMPANY,Closed,SFMA-133333507,2022-09-05
2022,3,6.0,LIBERTY COUNTY MUTUAL INSURANCE COMPANY,Closed,LBPM-133300756,2022-09-21
2022,3,6.0,PROGRESSIVE COUNTY MUTUAL INSURANCE COMPANY,Closed,PRGS-133226533,2022-07-14
2022,3,6.1,OLD AMERICAN COUNTY MUTUAL FIRE INSURANCE COMPANY,Closed,OAMF-133380499,2022-09-30
2022,3,6.2,OLD AMERICAN COUNTY MUTUAL FIRE INSURANCE COMPANY,Closed,OAMF-133278476,2022-07-01
2022,3,6.3,ALINSCO INSURANCE COMPANY,Closed,AINS-133294501,2022-07-15
2022,3,6.3,GEICO INDEMNITY COMPANY,Closed,GECC-133276165,2022-09-01
2022,3,6.4,REDPOINT COUNTY MUTUAL INSURANCE COMPANY,Closed,SWCM-133258639,2022-07-15
2022,3,6.6,HOME STATE COUNTY MUTUAL INSURANCE COMPANY,Closed,HMSG-133321967,2022-08-20
2022,3,6.6,HORACE MANN INSURANCE COMPANY,Closed,HRMN-133174711,2022-07-10
2022,3,6.8,FIRST CHICAGO INSURANCE COMPANY,Closed,FCLH-133324111,2022-09-19
2022,3,7.2,GARRISON PROPERTY AND CASUALTY INSURANCE COMPANY,Closed,USAA-133196732,2022-07-07
2022,3,7.2,HOME STATE COUNTY MUTUAL INSURANCE COMPANY,Closed,HMSG-133316943,2022-07-20
2022,3,7.4,HORACE MANN PROPERTY & CASUALTY INSURANCE COMPANY,Closed,HRMN-133174711,2022-07-10
2022,3,7.5,CONCERT INSURANCE COMPANY,Closed,PERR-133265595,2022-07-01
2022,3,7.5,REDPOINT COUNTY MUTUAL INSURANCE COMPANY,Closed,SWCM-133263765,2022-07-01
2022,3,7.6,OLD AMERICAN COUNTY MUTUAL FIRE INSURANCE COMPANY,Closed,OAMF-133331637,2022-08-18
2022,3,7.8,GOVERNMENT EMPLOYEES INSURANCE COMPANY,Closed,GECC-133276165,2022-09-01
2022,3,7.9,DAIRYLAND COUNTY MUTUAL INSURANCE COMPANY OF TEXAS,Closed,VKNG-133299359,2022-09-17
2022,3,7.9,SAFE AUTO INSURANCE COMPANY,Closed,SAFE-133294363,2022-07-26
2022,3,8.4,TEACHERS INSURANCE COMPANY,Closed,HRMN-133174711,2022-07-10
2022,3,8.4,UNITED SERVICES AUTOMOBILE ASSOCIATION,Closed,USAA-133196732,2022-07-07
2022,3,8.5,ANCHOR GENERAL INSURANCE COMPANY,Closed,AGIN-133313788,2022-08-19
2022,3,8.6,GERMANIA INSURANCE COMPANY,Closed,GEIN-133312339,2022-07-20
2022,3,8.6,HOME STATE COUNTY MUTUAL INSURANCE COMPANY,Closed,HMSG-133264864,2022-07-01
2022,3,8.7,GERMANIA FIRE & CASUALTY COMPANY,Closed,GEIN-133312339,2022-07-20
2022,3,8.7,GERMANIA SELECT INSURANCE COMPANY,Closed,GEIN-133312339,2022-07-20
2022,3,8.8,HOME STATE COUNTY MUTUAL INSURANCE COMPANY,Closed,HMSG-133308633,2022-07-30
2022,3,9.0,AUTO CLUB COUNTY MUTUAL INSURANCE COMPANY,Closed,IACA-133288386,2022-09-01
2022,3,9.0,FARM BUREAU COUNTY MUTUAL INSURANCE COMPANY OF TEXAS,Closed,TXFB-133315496,2022-09-01
2022,3,9.0,TEXAS FARM BUREAU CASUALTY INSURANCE COMPANY,Closed,TXFB-133315496,2022-09-01
2022,3,9.0,TEXAS FARM BUREAU MUTUAL INSURANCE COMPANY,Closed,TXFB-133315496,2022-09-01
2022,3,9.0,TEXAS FARM BUREAU UNDERWRITERS,Closed,TXFB-133315496,2022-09-01
2022,3,9.2,USAA CASUALTY INSURANCE COMPANY,Closed,USAA-133196732,2022-07-07
2022,3,9.5,MERCURY COUNTY MUTUAL INSURANCE COMPANY,Closed,MERY-133288178,2022-08-03
2022,3,9.6,AMICA PROPERTY AND CASUALTY INSURANCE COMPANY,Closed,AMMA-133130587,2022-07-01
2022,3,9.6,FALCON INSURANCE COMPANY,Closed,FIGC-133339124,2022-09-18
2022,3,9.6,HOME STATE COUNTY MUTUAL INSURANCE COMPANY,Closed,HMSG-133279217,2022-07-21
2022,3,10.5,AMERICAN FAMILY CONNECT PROPERTY AND CASUALTY INSURANCE COMPANY,Closed,PRCA-133252093,2022-08-23
2022,3,10.6,OLD AMERICAN COUNTY MUTUAL FIRE INSURANCE COMPANY,Closed,OAMF-133277997,2022-07-01
2022,3,10.7,HOME STATE COUNTY MUTUAL INSURANCE COMPANY,Closed,HMSG-133309983,2022-07-30
2022,3,10.9,OLD AMERICAN COUNTY MUTUAL FIRE INSURANCE COMPANY,Closed,OAMF-133298095,2022-07-15
2022,3,10.9,REDPOINT COUNTY MUTUAL INSURANCE COMPANY,Closed,SWCM-133297317,2022-07-15
2022,3,11.0,HOME STATE COUNTY MUTUAL INSURANCE COMPANY,Closed,HMSG-133262918,2022-07-01
2022,3,11.4,HOME STATE COUNTY MUTUAL INSURANCE COMPANY,Closed,HMSG-133325684,2022-08-20
2022,3,12.1,GEICO SECURE INSURANCE COMPANY,Closed,GECC-133214625,2022-07-29
2022,3,12.3,HOCHHEIM PRAIRIE CASUALTY INSURANCE COMPANY,Closed,HOCH-133238223,2022-07-01
2022,3,12.4,AMERICAN MODERN PROPERTY AND CASUALTY INSURANCE COMPANY,Closed,AMMH-132877662,2022-09-17
2022,3,12.4,STILLWATER INSURANCE COMPANY,Closed,FDLY-133258792,2022-07-24
2022,3,13.9,GEICO CHOICE INSURANCE COMPANY,Closed,GECC-133214625,2022-07-29
2022,3,14.1,HOME STATE COUNTY MUTUAL INSURANCE COMPANY,Closed,HMSG-133278629,2022-07-01
2022,3,14.5,OLD AMERICAN COUNTY MUTUAL FIRE INSURANCE COMPANY,Closed,OAMF-133292326,2022-07-10
2022,3,14.6,GEICO SECURE INSURANCE COMPANY,Closed,GECC-133276165,2022-09-01
2022,3,14.6,"GENERAL AUTOMOBILE INSURANCE COMPANY, INC., THE",Closed,PGAC-133309656,2022-07-26
2022,3,15.0,FARMERS TEXAS COUNTY MUTUAL INSURANCE COMPANY,Closed,FARM-133295357,2022-07-19
2022,3,15.0,FARMERS TEXAS COUNTY MUTUAL INSURANCE COMPANY,Closed,FARM-133336070,2022-07-19
2022,3,15.6,GEICO COUNTY MUTUAL INSURANCE COMPANY,Closed,GECC-133214625,2022-07-29
2022,3,15.8,DAIRYLAND COUNTY MUTUAL INSURANCE COMPANY OF TEXAS,Closed,VKNG-133344149,2022-09-29
2022,3,15.9,AMERICAN ACCESS CASUALTY COMPANY,Closed,AACI-133295280,2022-07-29
2022,3,16.1,GEICO ADVANTAGE INSURANCE COMPANY,Closed,GECC-133214625,2022-07-29
2022,3,16.4,HOME STATE COUNTY MUTUAL INSURANCE COMPANY,Closed,HMSG-133330999,2022-09-04
2022,3,16.6,LOYA INSURANCE COMPANY,Closed,PERR-133314991,2022-07-29
2022,3,16.8,GEICO COUNTY MUTUAL INSURANCE COMPANY,Closed,GECC-133276165,2022-09-01
2022,3,16.9,GEICO CHOICE INSURANCE COMPANY,Closed,GECC-133276165,2022-09-01
2022,3,17.2,GEICO ADVANTAGE INSURANCE COMPANY,Closed,GECC-133276165,2022-09-01
2022,3,17.9,COLONIAL COUNTY MUTUAL INSURANCE COMPANY,Closed,NWPP-133262246,2022-07-01
2022,3,18.5,ROOT INSURANCE COMPANY,Closed,CLIN-133304275,2022-07-26
2022,3,18.7,INFINITY COUNTY MUTUAL INSURANCE COMPANY,Closed,NFNT-133312623,2022-08-08
2022,3,18.7,INFINITY COUNTY MUTUAL INSURANCE COMPANY,Closed,NFNT-133312641,2022-08-08
2022,3,19.7,REDPOINT COUNTY MUTUAL INSURANCE COMPANY,Closed,CLIN-133334205,2022-08-24
2022,3,19.7,REDPOINT COUNTY MUTUAL INSURANCE COMPANY,Closed,CLIN-133349223,2022-08-24
2022,3,20.0,CLEARCOVER INSURANCE COMPANY,Closed,CLEA-133265960,2022-07-28
2022,3,20.0,FARMERS PROPERTY AND CASUALTY INSURANCE COMPANY,Closed,FAIG-133281156,2022-07-12
2022,3,20.3,HOME STATE COUNTY MUTUAL INSURANCE COMPANY,Closed,HMSG-133329196,2022-09-05
2022,3,23.0,ALLSTATE FIRE AND CASUALTY INSURANCE COMPANY,Closed,ALSE-133354225,2022-09-29
2022,3,24.0,LOYA INSURANCE COMPANY,Closed,PERR-133313204,2022-07-29
2022,3,28.3,ECONOMY FIRE & CASUALTY COMPANY,Closed,FAIG-133265112,2022-08-14
2022,3,45.0,NOBLR RECIPROCAL EXCHANGE,Closed,NOBL-133227490,2022-07-20
2022,4,0.0,ALLSTATE FIRE AND CASUALTY INSURANCE COMPANY,Closed,ALSE-133398926,2022-11-10
2022,4,0.0,ASSURANCEAMERICA INSURANCE COMPANY,Closed,ASRN-133447809,2022-12-21
2022,4,0.0,"AUTOMOBILE INSURANCE COMPANY OF HARTFORD, CONNECTICUT, THE",Closed,TRVD-133289278,2022-10-31
2022,4,0.0,CALIFORNIA CASUALTY INDEMNITY EXCHANGE,Closed,CALC-133413509,2022-12-01
2022,4,0.0,"CHARTER OAK FIRE INSURANCE COMPANY, THE",Closed,TRVD-133289278,2022-10-31
2022,4,0.0,CONSUMERS COUNTY MUTUAL INSURANCE COMPANY,Closed,CCMC-133220846,2022-12-18
2022,4,0.0,CONSUMERS COUNTY MUTUAL INSURANCE COMPANY,Closed,CCMC-133293658,2022-10-31
2022,4,0.0,ELEPHANT INSURANCE COMPANY,Closed,EINS-133208337,2022-10-03
2022,4,0.0,ELEPHANT INSURANCE COMPANY,Closed,EINS-133344530,2022-10-08
2022,4,0.0,ELEPHANT INSURANCE COMPANY,Closed,EINS-133378165,2022-11-08
2022,4,0.0,ELEPHANT INSURANCE COMPANY,Closed,EINS-133408607,2022-12-07
2022,4,0.0,FOREMOST COUNTY MUTUAL INSURANCE COMPANY,Closed,BRWS-133482608,2022-12-30
2022,4,0.0,GEICO TEXAS COUNTY MUTUAL INSURANCE COMPANY,Closed,GECC-133325284,2022-10-20
2022,4,0.0,GEICO TEXAS COUNTY MUTUAL INSURANCE COMPANY,Closed,GECC-133328534,2022-10-20
2022,4,0.0,GEICO TEXAS COUNTY MUTUAL INSURANCE COMPANY,Closed,GECC-133353759,2022-11-17
2022,4,0.0,HOME STATE COUNTY MUTUAL INSURANCE COMPANY,Closed,HMSG-133374608,2022-11-01
2022,4,0.0,HOME STATE COUNTY MUTUAL INSURANCE COMPANY,Closed,HMSG-133447791,2022-12-17
2022,4,0.0,HOME STATE COUNTY MUTUAL INSURANCE COMPANY,Closed,HMSG-133447860,2022-12-17
2022,4,0.0,HOME STATE COUNTY MUTUAL INSURANCE COMPANY,Closed,HMSG-133450177,2022-12-17
2022,4,0.0,HOME STATE COUNTY MUTUAL INSURANCE COMPANY,Closed,HMSG-133450243,2022-12-17
2022,4,0.0,HOME STATE COUNTY MUTUAL INSURANCE COMPANY,Closed,HMSG-133452818,2022-12-17
2022,4,0.0,HOME STATE COUNTY MUTUAL INSURANCE COMPANY,Closed,HMSG-133452829,2022-12-17
2022,4,0.0,HOME STATE COUNTY MUTUAL INSURANCE COMPANY,Closed,HMSG-133452873,2022-12-17
2022,4,0.0,HOME STATE COUNTY MUTUAL INSURANCE COMPANY,Closed,HMSG-133452960,2022-12-12
2022,4,0.0,HOME STATE COUNTY MUTUAL INSURANCE COMPANY,Closed,HMSG-133453443,2022-12-17
2022,4,0.0,HOME STATE COUNTY MUTUAL INSURANCE COMPANY,Closed,HMSG-133453453,2022-12-17
2022,4,0.0,HOME STATE COUNTY MUTUAL INSURANCE COMPANY,Closed,HMSG-133453467,2022-12-17
2022,4,0.0,HOME STATE COUNTY MUTUAL INSURANCE COMPANY,Closed,HMSG-133472202,2022-11-22
2022,4,0.0,HOME STATE COUNTY MUTUAL INSURANCE COMPANY,Closed,HMSG-133494960,2022-12-14
2022,4,0.0,LIBERTY COUNTY MUTUAL INSURANCE COMPANY,Closed,LBPM-133413922,2022-10-31
2022,4,0.0,LOYA INSURANCE COMPANY,Closed,PERR-133438188,2022-11-24
2022,4,0.0,LOYA INSURANCE COMPANY,Closed,PERR-133444685,2022-10-31
2022,4,0.0,LOYA INSURANCE COMPANY,Closed,PERR-133454049,2022-11-07
2022,4,0.0,MARKEL AMERICAN INSURANCE COMPANY,Closed,MRKA-133304556,2022-11-01
2022,4,0.0,MID-CENTURY INSURANCE COMPANY OF TEXAS,Closed,FARM-133254098,2022-10-22
2022,4,0.0,MID-CENTURY INSURANCE COMPANY OF TEXAS,Closed,FARM-133276348,2022-10-22
2022,4,0.0,"PHOENIX INSURANCE COMPANY, THE",Closed,TRVD-133289278,2022-10-31
2022,4,0.0,PROGRESSIVE COUNTY MUTUAL INSURANCE COMPANY,Closed,PRGC-133441701,2022-12-01
2022,4,0.0,PROGRESSIVE COUNTY MUTUAL INSURANCE COMPANY,Closed,PRGC-133441716,2022-12-01
2022,4,0.0,REDPOINT COUNTY MUTUAL INSURANCE COMPANY,Closed,MOCC-133380431,2022-11-07
2022,4,0.0,REDPOINT COUNTY MUTUAL INSURANCE COMPANY,Closed,SWCM-133289669,2022-10-03
2022,4,0.0,REDPOINT COUNTY MUTUAL INSURANCE COMPANY,Closed,SWCM-133312650,2022-10-03
2022,4,0.0,REDPOINT COUNTY MUTUAL INSURANCE COMPANY,Closed,SWCM-133349019,2022-10-08
2022,4,0.0,REDPOINT COUNTY MUTUAL INSURANCE COMPANY,Closed,SWCM-133367876,2022-10-01
2022,4,0.0,REDPOINT COUNTY MUTUAL INSURANCE COMPANY,Closed,SWCM-133368950,2022-10-15
2022,4,0.0,REDPOINT COUNTY MUTUAL INSURANCE COMPANY,Closed,SWCM-133381396,2022-11-08
2022,4,0.0,REDPOINT COUNTY MUTUAL INSURANCE COMPANY,Closed,SWCM-133381526,2022-11-08
2022,4,0.0,REDPOINT COUNTY MUTUAL INSURANCE COMPANY,Closed,SWCM-133384879,2022-10-01
2022,4,-0.0,REDPOINT COUNTY MUTUAL INSURANCE COMPANY,Closed,SWCM-133406240,2022-12-10
2022,4,0.0,REDPOINT COUNTY MUTUAL INSURANCE COMPANY,Closed,SWCM-133409726,2022-12-07
2022,4,0.0,REDPOINT COUNTY MUTUAL INSURANCE COMPANY,Closed,SWCM-133409728,2022-12-07
2022,4,0.0,REDPOINT COUNTY MUTUAL INSURANCE COMPANY,Closed,SWCM-133425926,2022-11-02
2022,4,0.0,REDPOINT COUNTY MUTUAL INSURANCE COMPANY,Closed,SWCM-133426095,2022-11-02
2022,4,0.0,REDPOINT COUNTY MUTUAL INSURANCE COMPANY,Closed,SWCM-133431072,2022-11-15
2022,4,0.0,"SENTINEL INSURANCE COMPANY, LTD.",Closed,HART-133340317,2022-10-08
2022,4,0.0,"TRAVELERS HOME AND MARINE INSURANCE COMPANY, THE",Closed,TRVD-133289278,2022-10-31
2022,4,0.0,"TRAVELERS INDEMNITY COMPANY OF AMERICA, THE",Closed,TRVD-133289278,2022-10-31
2022,4,0.0,"TRAVELERS INDEMNITY COMPANY OF CONNECTICUT, THE",Closed,TRVD-133289278,2022-10-31
2022,4,0.0,"TRAVELERS INDEMNITY COMPANY, THE",Closed,TRVD-133289278,2022-10-31
2022,4,0.0,TRAVELERS PERSONAL SECURITY INSURANCE COMPANY,Closed,TRVD-133289278,2022-10-31
2022,4,0.0,TRUMBULL INSURANCE COMPANY,Closed,HART-133340315,2022-10-08
2022,4,0.3,"CINCINNATI INSURANCE COMPANY, THE",Closed,CNNB-133243447,2022-10-01
2022,4,0.4,PROGRESSIVE COUNTY MUTUAL INSURANCE COMPANY,Closed,PRGS-133392152,2022-12-01
2022,4,0.5,HOME STATE COUNTY MUTUAL INSURANCE COMPANY,Closed,HMSG-133357546,2022-10-15
2022,4,0.5,LIBERTY COUNTY MUTUAL INSURANCE COMPANY,Closed,LBPM-133340700,2022-11-26
2022,4,0.5,OLD AMERICAN COUNTY MUTUAL FIRE INSURANCE COMPANY,Closed,OAMF-133398201,2022-10-15
2022,4,0.6,"CINCINNATI CASUALTY COMPANY, THE",Closed,CNNB-133243447,2022-10-01
2022,4,1.4,HOME STATE COUNTY MUTUAL INSURANCE COMPANY,Closed,HMSG-133354802,2022-10-15
2022,4,1.5,HOME STATE COUNTY MUTUAL INSURANCE COMPANY,Closed,HMSG-133356366,2022-10-15
2022,4,1.9,HOME STATE COUNTY MUTUAL INSURANCE COMPANY,Closed,HMSG-133357109,2022-10-15
2022,4,2.0,HOME STATE COUNTY MUTUAL INSURANCE COMPANY,Closed,HMSG-133357532,2022-10-15
2022,4,2.1,HOME STATE COUNTY MUTUAL INSURANCE COMPANY,Closed,HMSG-133357580,2022-10-15
2022,4,2.1,HOME STATE COUNTY MUTUAL INSURANCE COMPANY,Closed,HMSG-133396077,2022-10-15
2022,4,2.5,HOME STATE COUNTY MUTUAL INSURANCE COMPANY,Closed,HMSG-133355795,2022-10-15
2022,4,2.6,HOME STATE COUNTY MUTUAL INSURANCE COMPANY,Closed,HMSG-133291342,2022-10-01
2022,4,2.6,HOME STATE COUNTY MUTUAL INSURANCE COMPANY,Closed,HMSG-133354731,2022-10-15
2022,4,2.7,OLD AMERICAN COUNTY MUTUAL FIRE INSURANCE COMPANY,Closed,OAMF-133398179,2022-10-15
2022,4,2.7,OLD AMERICAN COUNTY MUTUAL FIRE INSURANCE COMPANY,Closed,OAMF-133426730,2022-11-15
2022,4,2.7,OLD AMERICAN COUNTY MUTUAL FIRE INSURANCE COMPANY,Closed,OAMF-133426755,2022-11-15
2022,4,2.8,STATE AUTO PROPERTY & CASUALTY INSURANCE COMPANY,Closed,STAT-133340342,2022-11-19
2022,4,3.2,HOME STATE COUNTY MUTUAL INSURANCE COMPANY,Closed,HMSG-133394630,2022-10-15
2022,4,3.2,HOME STATE COUNTY MUTUAL INSURANCE COMPANY,Closed,HMSG-133396123,2022-10-15
2022,4,3.2,PROGRESSIVE COUNTY MUTUAL INSURANCE COMPANY,Closed,PRGS-133392147,2022-12-01
2022,4,3.3,OLD AMERICAN COUNTY MUTUAL FIRE INSURANCE COMPANY,Closed,OAMF-133386153,2022-10-01
2022,4,3.4,HOME STATE COUNTY MUTUAL INSURANCE COMPANY,Closed,HMSG-133426041,2022-11-25
2022,4,3.4,OLD AMERICAN COUNTY MUTUAL FIRE INSURANCE COMPANY,Closed,OAMF-133386139,2022-10-01
2022,4,3.5,OLD AMERICAN COUNTY MUTUAL FIRE INSURANCE COMPANY,Closed,OAMF-133494415,2022-12-15
2022,4,3.8,OLD AMERICAN COUNTY MUTUAL FIRE INSURANCE COMPANY,Closed,OAMF-133398142,2022-10-15
2022,4,3.9,HOME STATE COUNTY MUTUAL INSURANCE COMPANY,Closed,HMSG-133431426,2022-11-25
2022,4,4.1,REDPOINT COUNTY MUTUAL INSURANCE COMPANY,Closed,SWCM-133402656,2022-11-01
2022,4,4.3,HOME STATE COUNTY MUTUAL INSURANCE COMPANY,Closed,HMSG-133425956,2022-11-25
2022,4,4.3,HOME STATE COUNTY MUTUAL INSURANCE COMPANY,Closed,HMSG-133428300,2022-11-25
2022,4,4.5,HOME STATE COUNTY MUTUAL INSURANCE COMPANY,Closed,HMSG-133431626,2022-11-25
2022,4,4.7,"MGA INSURANCE COMPANY, INC.",Closed,GNSC-133384975,2022-11-07
2022,4,5.0,SAFE AUTO INSURANCE COMPANY,Closed,SAFE-133429167,2022-11-22
2022,4,5.3,INFINITY COUNTY MUTUAL INSURANCE COMPANY,Closed,NFNT-133464198,2022-12-26
2022,4,5.3,WORTH INSURANCE COMPANY,Closed,ICCC-133300571,2022-10-01
2022,4,5.5,HOME STATE COUNTY MUTUAL INSURANCE COMPANY,Closed,HMSG-133425932,2022-11-25
2022,4,5.6,HOME STATE COUNTY MUTUAL INSURANCE COMPANY,Closed,HMSG-133427410,2022-11-25
2022,4,5.8,REDPOINT COUNTY MUTUAL INSURANCE COMPANY,Closed,SWCM-133358585,2022-10-01
2022,4,5.9,HOME STATE COUNTY MUTUAL INSURANCE COMPANY,Closed,HMSG-133389935,2022-10-22
2022,4,6.0,HOME STATE COUNTY MUTUAL INSURANCE COMPANY,Closed,HMSG-133439922,2022-12-03
2022,4,6.0,LIBERTY COUNTY MUTUAL INSURANCE COMPANY,Closed,LBPM-133270135,2022-11-14
2022,4,6.0,REDPOINT COUNTY MUTUAL INSURANCE COMPANY,Closed,SWCM-133337389,2022-10-15
2022,4,6.2,HOME STATE COUNTY MUTUAL INSURANCE COMPANY,Closed,HMSG-133429702,2022-11-25
2022,4,6.2,OLD AMERICAN COUNTY MUTUAL FIRE INSURANCE COMPANY,Closed,OAMF-133441245,2022-12-01
2022,4,6.4,ALINSCO INSURANCE COMPANY,Closed,AINS-133414904,2022-11-01
2022,4,6.4,OLD AMERICAN COUNTY MUTUAL FIRE INSURANCE COMPANY,Closed,OAMF-133414524,2022-11-03
2022,4,6.6,CONCERT INSURANCE COMPANY,Closed,PERR-133462582,2022-12-15
2022,4,6.6,REDPOINT COUNTY MUTUAL INSURANCE COMPANY,Closed,SWCM-133455688,2022-12-15
2022,4,6.9,INFINITY COUNTY MUTUAL INSURANCE COMPANY,Closed,NFNT-133464125,2022-12-26
2022,4,7.2,OLD AMERICAN COUNTY MUTUAL FIRE INSURANCE COMPANY,Closed,OAMF-133405197,2022-10-20
2022,4,7.4,REDPOINT COUNTY MUTUAL INSURANCE COMPANY,Closed,SWCM-133398007,2022-11-03
2022,4,7.7,FARMERS PROPERTY AND CASUALTY INSURANCE COMPANY,Closed,FAIG-133407439,2022-11-11
2022,4,7.8,HOME STATE COUNTY MUTUAL INSURANCE COMPANY,Closed,HMSG-133395742,2022-10-15
2022,4,7.9,FARMERS TEXAS COUNTY MUTUAL INSURANCE COMPANY,Closed,FARM-133434270,2022-10-22
2022,4,8.0,AIG PROPERTY CASUALTY COMPANY,Closed,APCG-133201249,2022-11-01
2022,4,8.0,FARMERS TEXAS COUNTY MUTUAL INSURANCE COMPANY,Closed,FARM-133434247,2022-10-22
2022,4,8.4,REDPOINT COUNTY MUTUAL INSURANCE COMPANY,Closed,SWCM-133409505,2022-11-02
2022,4,8.9,HOME STATE COUNTY MUTUAL INSURANCE COMPANY,Closed,HMSG-133460559,2022-12-21
2022,4,9.0,"RIVERSTONE INTERNATIONAL INSURANCE, INC.",Closed,ELEC-133355913,2022-11-01
2022,4,9.2,OLD AMERICAN COUNTY MUTUAL FIRE INSURANCE COMPANY,Closed,OAMF-133421054,2022-11-10
2022,4,10.2,"SENTINEL INSURANCE COMPANY, LTD.",Closed,HART-133389131,2022-11-25
2022,4,11.1,REDPOINT COUNTY MUTUAL INSURANCE COMPANY,Closed,SWCM-133397303,2022-11-07
2022,4,11.6,OLD AMERICAN COUNTY MUTUAL FIRE INSURANCE COMPANY,Closed,OAMF-133412587,2022-11-01
2022,4,11.8,LIBERTY COUNTY MUTUAL INSURANCE COMPANY,Closed,LBPM-133326757,2022-10-27
2022,4,11.9,FOREMOST COUNTY MUTUAL INSURANCE COMPANY,Closed,BRWS-133418793,2022-11-09
2022,4,12.0,CONSUMERS COUNTY MUTUAL INSURANCE COMPANY,Closed,CCMC-133389122,2022-10-14
2022,4,12.0,LOYA INSURANCE COMPANY,Closed,PERR-133457616,2022-12-10
2022,4,13.7,AGRICULTURAL WORKERS MUTUAL AUTO INSURANCE COMPANY,Closed,ICCC-133357941,2022-11-04
2022,4,13.8,HOME STATE COUNTY MUTUAL INSURANCE COMPANY,Closed,HMSG-133418601,2022-11-10
2022,4,13.8,REDPOINT COUNTY MUTUAL INSURANCE COMPANY,Closed,SWCM-133387748,2022-10-05
2022,4,13.8,TEXAS FARM BUREAU UNDERWRITERS,Closed,TXFB-133474183,2022-12-01
2022,4,14.0,CALIFORNIA CASUALTY INDEMNITY EXCHANGE,Closed,CALC-133352059,2022-10-30
2022,4,14.0,CALIFORNIA CASUALTY INDEMNITY EXCHANGE,Closed,CALC-133354737,2022-10-30
2022,4,14.0,TEXAS FARM BUREAU MUTUAL INSURANCE COMPANY,Closed,TXFB-133474183,2022-12-01
2022,4,14.1,"CINCINNATI CASUALTY COMPANY, THE",Closed,CNNB-133195253,2022-10-01
2022,4,14.2,TEXAS FARM BUREAU CASUALTY INSURANCE COMPANY,Closed,TXFB-133474183,2022-12-01
2022,4,14.3,AGRICULTURAL WORKERS MUTUAL AUTO INSURANCE COMPANY,Closed,ICCC-133358230,2022-11-04
2022,4,14.5,"CINCINNATI INSURANCE COMPANY, THE",Closed,CNNB-133178991,2022-10-01
2022,4,14.8,FARM BUREAU COUNTY MUTUAL INSURANCE COMPANY OF TEXAS,Closed,TXFB-133474183,2022-12-01
2022,4,14.9,REDPOINT COUNTY MUTUAL INSURANCE COMPANY,Closed,SWCM-133316416,2022-10-15
2022,4,15.0,AMICA MUTUAL INSURANCE COMPANY,Closed,AMMA-133316666,2022-10-01
2022,4,15.0,REDPOINT COUNTY MUTUAL INSURANCE COMPANY,Closed,HART-133432440,2022-12-26
2022,4,15.0,REDPOINT COUNTY MUTUAL INSURANCE COMPANY,Closed,HART-133440879,2022-12-26
2022,4,15.0,REDPOINT COUNTY MUTUAL INSURANCE COMPANY,Closed,SWCM-133367505,2022-10-02
2022,4,15.6,BRANCH INSURANCE EXCHANGE,Closed,BRFI-133390768,2022-11-17
2022,4,15.9,ESURANCE INSURANCE COMPANY,Closed,ALSE-133434670,2022-12-08
2022,4,16.0,CALIFORNIA CASUALTY INDEMNITY EXCHANGE,Closed,CALC-133461174,2022-12-17
2022,4,16.5,HOME STATE COUNTY MUTUAL INSURANCE COMPANY,Closed,HMSG-133386012,2022-10-01
2022,4,16.8,ANCHOR GENERAL INSURANCE COMPANY,Closed,AGIN-133429023,2022-11-28
2022,4,16.9,HOME STATE COUNTY MUTUAL INSURANCE COMPANY,Closed,HMSG-133444454,2022-11-25
2022,4,17.5,GEICO SECURE INSURANCE COMPANY,Closed,GECC-133338642,2022-11-01
2022,4,18.0,GEICO ADVANTAGE INSURANCE COMPANY,Closed,GECC-133338642,2022-11-01
2022,4,18.0,GEICO COUNTY MUTUAL INSURANCE COMPANY,Closed,GECC-133338642,2022-11-01
2022,4,18.2,REDPOINT COUNTY MUTUAL INSURANCE COMPANY,Closed,SWCM-133500507,2022-12-22
2022,4,18.3,GEICO CHOICE INSURANCE COMPANY,Closed,GECC-133338642,2022-11-01
2022,4,19.0,KNIGHTBROOK INSURANCE COMPANY,Closed,PERR-133462600,2022-12-30
2022,4,19.1,GEICO INDEMNITY COMPANY,Closed,GECC-133319933,2022-10-31
2022,4,19.2,TREXIS ONE INSURANCE CORPORATION,Closed,VSGP-133443685,2022-11-25
2022,4,20.7,TRUMBULL INSURANCE COMPANY,Closed,HART-133389246,2022-11-25
2022,4,20.8,HALLMARK COUNTY MUTUAL INSURANCE COMPANY,Closed,PHXN-133390931,2022-10-12
2022,4,22.3,AMICA MUTUAL INSURANCE COMPANY,Closed,AMMA-133316669,2022-10-01
2022,4,22.3,AMICA PROPERTY AND CASUALTY INSURANCE COMPANY,Closed,AMMA-133330320,2022-10-01
2022,4,23.1,SAFEWAY INSURANCE COMPANY,Closed,PERR-133289596,2022-10-01
2022,4,43.9,GEICO TEXAS COUNTY MUTUAL INSURANCE COMPANY,Closed,GECC-133338642,2022-11-01
2023,1,-43.0,"ACUITY, A MUTUAL INSURANCE COMPANY",Closed,ACUT-133443090,2023-03-30
2023,1,-0.5,HOME STATE COUNTY MUTUAL INSURANCE COMPANY,Closed,HMSG-133488045,2023-01-20
2023,1,-0.4,HOME STATE COUNTY MUTUAL INSURANCE COMPANY,Closed,HMSG-133523797,2023-02-17
2023,1,-0.2,GERMANIA FIRE & CASUALTY COMPANY,Closed,GEIN-133580845,2023-03-15
2023,1,-0.2,GERMANIA INSURANCE COMPANY,Closed,GEIN-133580845,2023-03-15
2023,1,-0.2,GERMANIA SELECT INSURANCE COMPANY,Closed,GEIN-133580845,2023-03-15
2023,1,-0.2,HOME STATE COUNTY MUTUAL INSURANCE COMPANY,Closed,HMSG-133589282,2023-03-15
2023,1,-0.1,VISION INSURANCE COMPANY,Closed,PERR-133515064,2023-01-09
2023,1,0.0,"ACUITY, A MUTUAL INSURANCE COMPANY",Closed,ACUT-133493468,2023-03-30
2023,1,0.0,AMICA MUTUAL INSURANCE COMPANY,Closed,AMMA-133396348,2023-01-01
2023,1,0.0,AMICA PROPERTY AND CASUALTY INSURANCE COMPANY,Closed,AMMA-133396467,2023-01-01
2023,1,0.0,"AUTOMOBILE INSURANCE COMPANY OF HARTFORD, CONNECTICUT, THE",Closed,TRVD-133590803,2023-03-24
2023,1,0.0,COLONIAL COUNTY MUTUAL INSURANCE COMPANY,Closed,NWPP-133370290,2023-02-01
2023,1,0.0,CONSUMERS COUNTY MUTUAL INSURANCE COMPANY,Closed,CCMC-133607246,2023-03-24
2023,1,0.0,DAIRYLAND COUNTY MUTUAL INSURANCE COMPANY OF TEXAS,Closed,VKNG-133522692,2023-02-01
2023,1,0.0,ELEPHANT INSURANCE COMPANY,Closed,EINS-133471902,2023-02-05
2023,1,0.0,FARMERS TEXAS COUNTY MUTUAL INSURANCE COMPANY,Closed,FARM-133571411,2023-02-22
2023,1,0.0,FARMERS TEXAS COUNTY MUTUAL INSURANCE COMPANY,Closed,FARM-133571498,2023-02-22
2023,1,0.0,GATEWAY INSURANCE COMPANY,Closed,GTWY-133590129,2023-03-10
2023,1,0.0,GATEWAY INSURANCE COMPANY,Closed,GTWY-133608720,2023-03-22
2023,1,0.0,GO INSURANCE COMPANY,Closed,PERR-133338541,2023-03-20
2023,1,0.0,GO INSURANCE COMPANY,Closed,PERR-133546474,2023-02-03
2023,1,0.0,HARTFORD ACCIDENT AND INDEMNITY COMPANY,Closed,HART-133338147,2023-02-20
2023,1,0.0,HARTFORD CASUALTY INSURANCE COMPANY,Closed,HART-133338147,2023-02-20
2023,1,0.0,HARTFORD FIRE INSURANCE COMPANY,Closed,HART-133338147,2023-02-20
2023,1,0.0,HARTFORD UNDERWRITERS INSURANCE COMPANY,Closed,HART-133338147,2023-02-20
2023,1,0.0,HOME STATE COUNTY MUTUAL INSURANCE COMPANY,Closed,HMSG-133505329,2023-02-01
2023,1,0.0,HOME STATE COUNTY MUTUAL INSURANCE COMPANY,Closed,HMSG-133511867,2023-02-01
2023,1,0.0,HOME STATE COUNTY MUTUAL INSURANCE COMPANY,Closed,HMSG-133512003,2023-02-08
2023,1,0.0,HOME STATE COUNTY MUTUAL INSURANCE COMPANY,Closed,HMSG-133512077,2023-02-08
2023,1,0.0,HOME STATE COUNTY MUTUAL INSURANCE COMPANY,Closed,HMSG-133513676,2023-01-09
2023,1,0.0,HOME STATE COUNTY MUTUAL INSURANCE COMPANY,Closed,HMSG-133577884,2023-03-01
2023,1,0.0,HORACE MANN INSURANCE COMPANY,Closed,HRMN-133504031,2023-03-10
2023,1,0.0,HORACE MANN PROPERTY & CASUALTY INSURANCE COMPANY,Closed,HRMN-133504031,2023-03-10
2023,1,0.0,LIBERTY COUNTY MUTUAL INSURANCE COMPANY,Closed,LBPM-133574370,2023-03-18
2023,1,0.0,MARKEL AMERICAN INSURANCE COMPANY,Closed,MRKA-133536102,2023-02-27
2023,1,0.0,NATIONWIDE MUTUAL INSURANCE COMPANY,Closed,NWPP-133370290,2023-02-01
2023,1,0.0,OLD AMERICAN COUNTY MUTUAL FIRE INSURANCE COMPANY,Closed,OAMF-133471931,2023-01-01
2023,1,0.0,OLD AMERICAN COUNTY MUTUAL FIRE INSURANCE COMPANY,Closed,OAMF-133472001,2023-01-01
2023,1,0.0,OLD AMERICAN COUNTY MUTUAL FIRE INSURANCE COMPANY,Closed,OAMF-133594641,2023-03-13
2023,1,0.0,REDPOINT COUNTY MUTUAL INSURANCE COMPANY,Closed,MOCC-133387043,2023-02-15
2023,1,0.0,REDPOINT COUNTY MUTUAL INSURANCE COMPANY,Closed,SWCM-133475760,2023-02-05
2023,1,0.0,REDPOINT COUNTY MUTUAL INSURANCE COMPANY,Closed,SWCM-133475769,2023-02-05
2023,1,0.0,REDPOINT COUNTY MUTUAL INSURANCE COMPANY,Closed,SWCM-133506661,2023-02-15
2023,1,0.0,"SENTINEL INSURANCE COMPANY, LTD.",Closed,HART-133338147,2023-02-20
2023,1,0.0,STATE FARM COUNTY MUTUAL INSURANCE COMPANY OF TEXAS,Closed,SFMA-133337427,2023-01-01
2023,1,0.0,STATE FARM FIRE AND CASUALTY COMPANY,Closed,SFMA-133337427,2023-01-01
2023,1,0.0,STATE FARM FIRE AND CASUALTY COMPANY,Closed,SFMA-133469206,2023-01-13
2023,1,0.0,STATE FARM FIRE AND CASUALTY COMPANY,Closed,SFMA-133486780,2023-03-01
2023,1,0.0,STATE FARM MUTUAL AUTOMOBILE INSURANCE COMPANY,Closed,SFMA-133337427,2023-01-01
2023,1,0.0,TEACHERS INSURANCE COMPANY,Closed,HRMN-133504031,2023-03-10
2023,1,0.0,"TESLA PROPERTY & CASUALTY, INC.",Closed,TSIS-133491194,2023-03-01
2023,1,0.0,"TESLA PROPERTY & CASUALTY, INC.",Closed,TSIS-133516686,2023-03-01
2023,1,0.0,"TRAVELERS HOME AND MARINE INSURANCE COMPANY, THE",Closed,TRVD-133590753,2023-03-24
2023,1,0.0,TWIN CITY FIRE INSURANCE COMPANY,Closed,HART-133338147,2023-02-20
2023,1,0.0,VISION INSURANCE COMPANY,Closed,PERR-133542816,2023-03-01
2023,1,0.1,ELEPHANT INSURANCE COMPANY,Closed,EINS-133534345,2023-03-31
2023,1,0.1,REDPOINT COUNTY MUTUAL INSURANCE COMPANY,Closed,SWCM-133534424,2023-03-31
2023,1,0.2,HOME STATE COUNTY MUTUAL INSURANCE COMPANY,Closed,HMSG-133484415,2023-02-01
2023,1,0.2,REDPOINT COUNTY MUTUAL INSURANCE COMPANY,Closed,SWCM-133534423,2023-03-31
2023,1,0.4,STATE FARM COUNTY MUTUAL INSURANCE COMPANY OF TEXAS,Closed,SFMA-133486780,2023-03-01
2023,1,0.4,STATE FARM MUTUAL AUTOMOBILE INSURANCE COMPANY,Closed,SFMA-133486780,2023-03-01
2023,1,0.5,FOREMOST COUNTY MUTUAL INSURANCE COMPANY,Closed,BRWS-133563901,2023-03-01
2023,1,0.6,OLD AMERICAN COUNTY MUTUAL FIRE INSURANCE COMPANY,Closed,OAMF-133502749,2023-02-01
2023,1,2.5,OLD AMERICAN COUNTY MUTUAL FIRE INSURANCE COMPANY,Closed,OAMF-133502778,2023-02-01
2023,1,2.8,HOME STATE COUNTY MUTUAL INSURANCE COMPANY,Closed,HMSG-133437772,2023-01-01
2023,1,3.0,HOME STATE COUNTY MUTUAL INSURANCE COMPANY,Closed,HMSG-133558954,2023-03-15
2023,1,3.0,OLD AMERICAN COUNTY MUTUAL FIRE INSURANCE COMPANY,Closed,OAMF-133519846,2023-02-01
2023,1,3.2,HOME STATE COUNTY MUTUAL INSURANCE COMPANY,Closed,HMSG-133555594,2023-03-15
2023,1,3.2,HOME STATE COUNTY MUTUAL INSURANCE COMPANY,Closed,HMSG-133557639,2023-03-15
2023,1,3.2,WORTH INSURANCE COMPANY,Closed,ICCC-133477997,2023-03-01
2023,1,3.3,HOME STATE COUNTY MUTUAL INSURANCE COMPANY,Closed,HMSG-133487944,2023-02-01
2023,1,3.7,OLD AMERICAN COUNTY MUTUAL FIRE INSURANCE COMPANY,Closed,OAMF-133556668,2023-03-15
2023,1,3.9,OLD AMERICAN COUNTY MUTUAL FIRE INSURANCE COMPANY,Closed,OAMF-133471887,2023-01-01
2023,1,3.9,OLD AMERICAN COUNTY MUTUAL FIRE INSURANCE COMPANY,Closed,OAMF-133502719,2023-02-01
2023,1,4.0,ALLSTATE PROPERTY AND CASUALTY INSURANCE COMPANY,Closed,ALSE-133459391,2023-01-05
2023,1,4.0,HOME STATE COUNTY MUTUAL INSURANCE COMPANY,Closed,HMSG-133555262,2023-03-15
2023,1,4.0,LIBERTY COUNTY MUTUAL INSURANCE COMPANY,Closed,LBPM-133448583,2023-01-01
2023,1,4.1,HOME STATE COUNTY MUTUAL INSURANCE COMPANY,Closed,HMSG-133485839,2023-02-01
2023,1,4.1,HOME STATE COUNTY MUTUAL INSURANCE COMPANY,Closed,HMSG-133500261,2023-01-01
2023,1,4.1,REDPOINT COUNTY MUTUAL INSURANCE COMPANY,Closed,SWCM-133474609,2023-01-15
2023,1,4.3,FARMERS TEXAS COUNTY MUTUAL INSURANCE COMPANY,Closed,FARM-133521981,2023-01-22
2023,1,4.3,FARMERS TEXAS COUNTY MUTUAL INSURANCE COMPANY,Closed,FARM-133522029,2023-01-22
2023,1,4.3,MID-CENTURY INSURANCE COMPANY OF TEXAS,Closed,FARM-133491035,2023-01-22
2023,1,4.5,HOME STATE COUNTY MUTUAL INSURANCE COMPANY,Closed,HMSG-133556935,2023-03-15
2023,1,4.5,STATE FARM COUNTY MUTUAL INSURANCE COMPANY OF TEXAS,Closed,SFMA-133469206,2023-01-13
2023,1,4.8,OLD AMERICAN COUNTY MUTUAL FIRE INSURANCE COMPANY,Closed,OAMF-133478787,2023-02-01
2023,1,4.8,OLD AMERICAN COUNTY MUTUAL FIRE INSURANCE COMPANY,Closed,OAMF-133478820,2023-02-01
2023,1,4.9,HOME STATE COUNTY MUTUAL INSURANCE COMPANY,Closed,HMSG-133554335,2023-03-15
2023,1,5.0,HOME STATE COUNTY MUTUAL INSURANCE COMPANY,Closed,HMSG-133400234,2023-01-02
2023,1,5.0,TEXAS FARM BUREAU MUTUAL INSURANCE COMPANY,Closed,TXFB-133519632,2023-03-01
2023,1,5.0,TEXAS FARM BUREAU UNDERWRITERS,Closed,TXFB-133519632,2023-03-01
2023,1,5.1,TEXAS FARM BUREAU CASUALTY INSURANCE COMPANY,Closed,TXFB-133519632,2023-03-01
2023,1,5.2,HOME STATE COUNTY MUTUAL INSURANCE COMPANY,Closed,HMSG-133556516,2023-03-15
2023,1,5.2,OLD AMERICAN COUNTY MUTUAL FIRE INSURANCE COMPANY,Closed,OAMF-133499191,2023-01-20
2023,1,5.2,PROGRESSIVE COUNTY MUTUAL INSURANCE COMPANY,Closed,PRGS-133542209,2023-03-30
2023,1,5.4,FARM BUREAU COUNTY MUTUAL INSURANCE COMPANY OF TEXAS,Closed,TXFB-133519632,2023-03-01
2023,1,5.5,GOAUTO INSURANCE COMPANY,Closed,PERR-133520864,2023-02-16
2023,1,5.5,HOME STATE COUNTY MUTUAL INSURANCE COMPANY,Closed,HMSG-133474763,2023-01-01
2023,1,5.5,OLD AMERICAN COUNTY MUTUAL FIRE INSURANCE COMPANY,Closed,OAMF-133556712,2023-03-15
2023,1,5.7,ALINSCO INSURANCE COMPANY,Closed,AINS-133536243,2023-03-01
2023,1,5.7,PROGRESSIVE COUNTY MUTUAL INSURANCE COMPANY,Closed,PRGS-133542138,2023-03-30
2023,1,5.8,HOME STATE COUNTY MUTUAL INSURANCE COMPANY,Closed,HMSG-133541266,2023-03-23
2023,1,5.9,OLD AMERICAN COUNTY MUTUAL FIRE INSURANCE COMPANY,Closed,OAMF-133502689,2023-02-01
2023,1,6.0,HOME STATE COUNTY MUTUAL INSURANCE COMPANY,Closed,HMSG-133516612,2023-02-17
2023,1,6.7,MERCURY COUNTY MUTUAL INSURANCE COMPANY,Closed,MERY-133416536,2023-01-13
2023,1,7.1,HOME STATE COUNTY MUTUAL INSURANCE COMPANY,Closed,HMSG-133486765,2023-02-01
2023,1,7.4,SPINNAKER INSURANCE COMPANY,Closed,MILE-133477925,2023-01-25
2023,1,7.8,OLD AMERICAN COUNTY MUTUAL FIRE INSURANCE COMPANY,Closed,OAMF-133493754,2023-01-25
2023,1,8.3,REDPOINT COUNTY MUTUAL INSURANCE COMPANY,Closed,SWCM-133546981,2023-03-15
2023,1,8.5,NATIONWIDE MUTUAL INSURANCE COMPANY,Closed,NWPP-133471676,2023-01-01
2023,1,8.8,HOME STATE COUNTY MUTUAL INSURANCE COMPANY,Closed,HMSG-133479002,2023-01-12
2023,1,8.8,REDPOINT COUNTY MUTUAL INSURANCE COMPANY,Closed,SWCM-133552574,2023-03-09
2023,1,8.9,DAIRYLAND COUNTY MUTUAL INSURANCE COMPANY OF TEXAS,Closed,VKNG-133511199,2023-03-01
2023,1,9.2,AMERICAN ACCESS CASUALTY COMPANY,Closed,AACI-133473255,2023-01-21
2023,1,9.4,REDPOINT COUNTY MUTUAL INSURANCE COMPANY,Closed,SWCM-133514531,2023-02-15
2023,1,9.7,REDPOINT COUNTY MUTUAL INSURANCE COMPANY,Closed,SWCM-133489554,2023-02-09
2023,1,9.8,FIRST CHICAGO INSURANCE COMPANY,Closed,FCLH-133437088,2023-01-02
2023,1,9.8,OLD AMERICAN COUNTY MUTUAL FIRE INSURANCE COMPANY,Closed,OAMF-133486759,2023-01-12
2023,1,9.9,ALLSTATE COUNTY MUTUAL INSURANCE COMPANY,Closed,ALSE-133459417,2023-01-05
2023,1,9.9,ALLSTATE COUNTY MUTUAL INSURANCE COMPANY,Closed,ALSE-133459652,2023-01-05
2023,1,9.9,ALLSTATE INDEMNITY COMPANY,Closed,ALSE-133459405,2023-01-05
2023,1,9.9,HOME STATE COUNTY MUTUAL INSURANCE COMPANY,Closed,HMSG-133481681,2023-01-12
2023,1,10.0,AUTO CLUB COUNTY MUTUAL INSURANCE COMPANY,Closed,IACA-133422521,2023-01-01
2023,1,10.0,CLEARCOVER INSURANCE COMPANY,Closed,CLEA-133479825,2023-02-15
2023,1,10.0,FOREMOST COUNTY MUTUAL INSURANCE COMPANY,Closed,BRWS-133539755,2023-03-08
2023,1,10.3,REDPOINT COUNTY MUTUAL INSURANCE COMPANY,Closed,SWCM-133453307,2023-01-10
2023,1,10.6,REDPOINT COUNTY MUTUAL INSURANCE COMPANY,Closed,SWCM-133460161,2023-02-01
2023,1,10.8,SAFECO INSURANCE COMPANY OF AMERICA,Closed,LBPM-133438955,2023-02-15
2023,1,10.9,GERMANIA FIRE & CASUALTY COMPANY,Closed,GEIN-133495841,2023-01-01
2023,1,10.9,GERMANIA INSURANCE COMPANY,Closed,GEIN-133495841,2023-01-01
2023,1,10.9,REDPOINT COUNTY MUTUAL INSURANCE COMPANY,Closed,SWCM-133507922,2023-02-14
2023,1,11.0,GENERAL INSURANCE COMPANY OF AMERICA,Closed,LBPM-133438955,2023-02-15
2023,1,11.0,SAFECO INSURANCE COMPANY OF ILLINOIS,Closed,LBPM-133438955,2023-02-15
2023,1,11.1,SAFECO LLOYDS INSURANCE COMPANY,Closed,LBPM-133438955,2023-02-15
2023,1,11.5,COLONIAL COUNTY MUTUAL INSURANCE COMPANY,Closed,NWPP-133471444,2023-01-01
2023,1,11.7,HOME STATE COUNTY MUTUAL INSURANCE COMPANY,Closed,HMSG-133467864,2023-01-23
2023,1,12.1,FALCON INSURANCE COMPANY,Closed,FIGC-133550266,2023-03-15
2023,1,12.2,AMERICAN FAMILY CONNECT PROPERTY AND CASUALTY INSURANCE COMPANY,Closed,PRCA-133499927,2023-03-28
2023,1,12.3,GERMANIA SELECT INSURANCE COMPANY,Closed,GEIN-133495841,2023-01-01
2023,1,12.3,OLD AMERICAN COUNTY MUTUAL FIRE INSURANCE COMPANY,Closed,OAMF-133473212,2023-01-03
2023,1,12.7,ALLSTATE FIRE AND CASUALTY INSURANCE COMPANY,Closed,ALSE-133459748,2023-01-05
2023,1,13.3,STATE FARM MUTUAL AUTOMOBILE INSURANCE COMPANY,Closed,SFMA-133469206,2023-01-13
2023,1,13.4,HOME STATE COUNTY MUTUAL INSURANCE COMPANY,Closed,HMSG-133510304,2023-02-03
2023,1,13.5,HOME STATE COUNTY MUTUAL INSURANCE COMPANY,Closed,HMSG-133516516,2023-02-17
2023,1,13.8,ELEPHANT INSURANCE COMPANY,Closed,EINS-133451805,2023-01-10
2023,1,13.8,UNITED SERVICES AUTOMOBILE ASSOCIATION,Closed,USAA-133398186,2023-01-08
2023,1,14.4,GEICO TEXAS COUNTY MUTUAL INSURANCE COMPANY,Closed,GECC-133458083,2023-01-24
2023,1,14.5,USAA CASUALTY INSURANCE COMPANY,Closed,USAA-133398186,2023-01-08
2023,1,14.8,GEICO TEXAS COUNTY MUTUAL INSURANCE COMPANY,Closed,GECC-133458008,2023-01-24
2023,1,14.8,USAA GENERAL INDEMNITY COMPANY,Closed,USAA-133398186,2023-01-08
2023,1,14.9,VAULT RECIPROCAL EXCHANGE,Closed,SPIS-133312370,2023-01-01
2023,1,15.0,ECONOMY FIRE & CASUALTY COMPANY,Closed,FAIG-133493150,2023-02-17
2023,1,15.0,FARMERS LLOYDS INSURANCE COMPANY OF TEXAS,Closed,FAIG-133446406,2023-01-13
2023,1,15.0,SPINNAKER INSURANCE COMPANY,Closed,WOOD-133555718,2023-03-01
2023,1,16.0,REDPOINT COUNTY MUTUAL INSURANCE COMPANY,Closed,SWCM-133517940,2023-02-23
2023,1,16.0,REDPOINT COUNTY MUTUAL INSURANCE COMPANY,Closed,TSIS-133387097,2023-01-14
2023,1,16.5,GARRISON PROPERTY AND CASUALTY INSURANCE COMPANY,Closed,USAA-133398186,2023-01-08
2023,1,16.9,OLD AMERICAN COUNTY MUTUAL FIRE INSURANCE COMPANY,Closed,OAMF-133504045,2023-01-23
2023,1,17.2,OLD AMERICAN COUNTY MUTUAL FIRE INSURANCE COMPANY,Closed,OAMF-133541512,2023-02-22
2023,1,17.7,HORACE MANN INSURANCE COMPANY,Closed,HRMN-133474073,2023-02-15
2023,1,18.0,FARMERS TEXAS COUNTY MUTUAL INSURANCE COMPANY,Closed,FARM-133462316,2023-03-01
2023,1,18.0,SENTRY SELECT INSURANCE COMPANY,Closed,VKNG-133450966,2023-01-14
2023,1,18.1,HORACE MANN PROPERTY & CASUALTY INSURANCE COMPANY,Closed,HRMN-133474073,2023-02-15
2023,1,18.3,TEACHERS INSURANCE COMPANY,Closed,HRMN-133474073,2023-02-15
2023,1,18.7,OLD AMERICAN COUNTY MUTUAL FIRE INSURANCE COMPANY,Closed,OAMF-133502623,2023-02-01
2023,1,19.3,"FIRST ACCEPTANCE INSURANCE COMPANY, INC.",Closed,FRST-133538359,2023-02-22
2023,1,19.6,ROOT INSURANCE COMPANY,Closed,CLIN-133371075,2023-01-23
2023,1,20.0,ENCOMPASS INDEPENDENT INSURANCE COMPANY,Closed,ALSE-133520231,2023-03-02
2023,1,20.0,REDPOINT COUNTY MUTUAL INSURANCE COMPANY,Pending,SWCM-133517938,2023-02-23
2023,1,20.4,HOME STATE COUNTY MUTUAL INSURANCE COMPANY,Closed,HMSG-133493769,2023-02-17
2023,1,21.3,HOME STATE COUNTY MUTUAL INSURANCE COMPANY,Closed,HMSG-133512566,2023-02-27
2023,1,23.8,REDPOINT COUNTY MUTUAL INSURANCE COMPANY,Closed,CLIN-133371033,2023-01-23
2023,1,24.8,REDPOINT COUNTY MUTUAL INSURANCE COMPANY,Closed,SWCM-133502532,2023-02-01
2023,1,25.2,ASSURANCEAMERICA INSURANCE COMPANY,Closed,ASRN-133462145,2023-01-10
2023,1,30.5,HALLMARK COUNTY MUTUAL INSURANCE COMPANY,Closed,PHXN-133489138,2023-01-16
2023,1,30.7,REDPOINT COUNTY MUTUAL INSURANCE COMPANY,Closed,SWCM-133526818,2023-03-23
2023,1,33.0,MIDVALE INDEMNITY COMPANY,Closed,HMSS-133502990,2023-03-15
2023,1,44.6,GATEWAY INSURANCE COMPANY,Closed,GTWY-133457404,2023-01-15
2023,2,-6.8,HALLMARK COUNTY MUTUAL INSURANCE COMPANY,Closed,PHXN-133645558,2023-05-29
2023,2,-1.5,QUALITAS INSURANCE COMPANY,Closed,QUIC-133613931,2023-05-15
2023,2,-0.4,ECONOMY FIRE & CASUALTY COMPANY,Closed,FAIG-133542592,2023-05-05
2023,2,-0.2,REDPOINT COUNTY MUTUAL INSURANCE COMPANY,Closed,SWCM-133627517,2023-06-17
2023,2,-0.2,REDPOINT COUNTY MUTUAL INSURANCE COMPANY,Closed,SWCM-133627522,2023-06-17
2023,2,-0.1,ELEPHANT INSURANCE COMPANY,Closed,EINS-133626592,2023-06-17
2023,2,-0.1,KNIGHTBROOK INSURANCE COMPANY,Closed,PERR-133672606,2023-06-29
2023,2,0.0,"ACUITY, A MUTUAL INSURANCE COMPANY",Closed,ACUT-133556556,2023-05-01
2023,2,0.0,AMERICAN BANKERS INSURANCE COMPANY OF FLORIDA,Closed,ASPX-133430241,2023-06-01
2023,2,0.0,CARFAX ADVISORY SERVICES LLC,Closed,CARF-133672779,2023-05-25
2023,2,0.0,CONSUMERS COUNTY MUTUAL INSURANCE COMPANY,Closed,CCMC-133621828,2023-06-25
2023,2,0.0,ELEPHANT INSURANCE COMPANY,Closed,EINS-133563575,2023-04-21
2023,2,0.0,ENCOMPASS INDEPENDENT INSURANCE COMPANY,Closed,ALSE-133566486,2023-04-27
2023,2,0.0,ESURANCE INSURANCE COMPANY,Closed,ALSE-133630645,2023-05-25
2023,2,0.0,FARMERS PROPERTY AND CASUALTY INSURANCE COMPANY,Closed,FAIG-133602405,2023-05-29
2023,2,0.0,GEICO ADVANTAGE INSURANCE COMPANY,Closed,GECC-133570866,2023-04-10
2023,2,0.0,HOCHHEIM PRAIRIE CASUALTY INSURANCE COMPANY,Closed,HOCH-133702811,2023-06-07
2023,2,0.0,HOME STATE COUNTY MUTUAL INSURANCE COMPANY,Closed,HMSG-133639294,2023-05-25
2023,2,0.0,HOME STATE COUNTY MUTUAL INSURANCE COMPANY,Closed,HMSG-133653552,2023-04-27
2023,2,0.0,HOME STATE COUNTY MUTUAL INSURANCE COMPANY,Closed,HMSG-133653569,2023-04-27
2023,2,0.0,HOME STATE COUNTY MUTUAL INSURANCE COMPANY,Closed,HMSG-133670448,2023-06-24
2023,2,0.0,HOME STATE COUNTY MUTUAL INSURANCE COMPANY,Closed,HMSG-133670464,2023-06-24
2023,2,0.0,HOME STATE COUNTY MUTUAL INSURANCE COMPANY,Closed,HMSG-133670510,2023-06-24
2023,2,0.0,HOME STATE COUNTY MUTUAL INSURANCE COMPANY,Closed,HMSG-133670536,2023-06-24
2023,2,0.0,HOME STATE COUNTY MUTUAL INSURANCE COMPANY,Closed,HMSG-133670989,2023-06-24
2023,2,0.0,HOME STATE COUNTY MUTUAL INSURANCE COMPANY,Closed,HMSG-133672116,2023-06-24
2023,2,0.0,HOME STATE COUNTY MUTUAL INSURANCE COMPANY,Closed,HMSG-133674521,2023-06-24
2023,2,0.0,HOME STATE COUNTY MUTUAL INSURANCE COMPANY,Closed,HMSG-133675305,2023-06-24
2023,2,0.0,HOME STATE COUNTY MUTUAL INSURANCE COMPANY,Closed,HMSG-133675791,2023-06-24
2023,2,0.0,HOME STATE COUNTY MUTUAL INSURANCE COMPANY,Closed,HMSG-133676455,2023-06-24
2023,2,0.0,HOME STATE COUNTY MUTUAL INSURANCE COMPANY,Closed,HMSG-133706235,2023-06-15
2023,2,0.0,HOME STATE COUNTY MUTUAL INSURANCE COMPANY,Closed,HMSG-133714541,2023-06-22
2023,2,0.0,LOYA INSURANCE COMPANY,Closed,PERR-133621401,2023-05-10
2023,2,0.0,"MGA INSURANCE COMPANY, INC.",Closed,GNSC-133570599,2023-04-09
2023,2,0.0,OLD AMERICAN COUNTY MUTUAL FIRE INSURANCE COMPANY,Closed,OAMF-133637642,2023-05-22
2023,2,0.0,OLD AMERICAN COUNTY MUTUAL FIRE INSURANCE COMPANY,Closed,OAMF-133684826,2023-06-23
2023,2,0.0,PROGRESSIVE COUNTY MUTUAL INSURANCE COMPANY,Closed,PRGS-133584278,2023-04-12
2023,2,0.0,PROGRESSIVE COUNTY MUTUAL INSURANCE COMPANY,Closed,PRGS-133584356,2023-04-12
2023,2,0.0,REDPOINT COUNTY MUTUAL INSURANCE COMPANY,Closed,CLIN-133606970,2023-06-03
2023,2,0.0,REDPOINT COUNTY MUTUAL INSURANCE COMPANY,Closed,CLIN-133653763,2023-06-17
2023,2,0.0,REDPOINT COUNTY MUTUAL INSURANCE COMPANY,Closed,SWCM-133563566,2023-04-21
2023,2,0.0,REDPOINT COUNTY MUTUAL INSURANCE COMPANY,Closed,SWCM-133563569,2023-04-21
2023,2,0.0,REDPOINT COUNTY MUTUAL INSURANCE COMPANY,Closed,SWCM-133705669,2023-06-26
2023,2,0.0,REDPOINT COUNTY MUTUAL INSURANCE COMPANY,Closed,SWCM-133706843,2023-06-12
2023,2,0.0,REDPOINT COUNTY MUTUAL INSURANCE COMPANY,Closed,SWCM-133706893,2023-06-26
2023,2,0.0,REDPOINT COUNTY MUTUAL INSURANCE COMPANY,Closed,SWCM-133706922,2023-06-26
2023,2,0.0,REDPOINT COUNTY MUTUAL INSURANCE COMPANY,Closed,SWCM-133708606,2023-06-13
2023,2,0.0,REDPOINT COUNTY MUTUAL INSURANCE COMPANY,Closed,SWCM-133710822,2023-06-15
2023,2,0.0,"SENTINEL INSURANCE COMPANY, LTD.",Closed,HART-133560151,2023-04-14
2023,2,0.0,SPINNAKER INSURANCE COMPANY,Closed,MILE-133485949,2023-04-05
2023,2,0.0,STATE FARM FIRE AND CASUALTY COMPANY,Closed,SFMA-133588579,2023-05-08
2023,2,0.0,TRUMBULL INSURANCE COMPANY,Closed,HART-133560156,2023-04-14
2023,2,0.1,ELEPHANT INSURANCE COMPANY,Closed,EINS-133490485,2023-05-09
2023,2,0.1,GEICO CHOICE INSURANCE COMPANY,Closed,GECC-133570866,2023-04-10
2023,2,0.1,GEICO COUNTY MUTUAL INSURANCE COMPANY,Closed,GECC-133570866,2023-04-10
2023,2,0.1,GEICO GENERAL INSURANCE COMPANY,Closed,GECC-133570866,2023-04-10
2023,2,0.1,GEICO INDEMNITY COMPANY,Closed,GECC-133570866,2023-04-10
2023,2,0.1,GEICO SECURE INSURANCE COMPANY,Closed,GECC-133570866,2023-04-10
2023,2,0.1,GEICO TEXAS COUNTY MUTUAL INSURANCE COMPANY,Closed,GECC-133570866,2023-04-10
2023,2,0.1,GOVERNMENT EMPLOYEES INSURANCE COMPANY,Closed,GECC-133570866,2023-04-10
2023,2,0.2,HORACE MANN INSURANCE COMPANY,Closed,HRMN-133512297,2023-06-01
2023,2,0.2,HORACE MANN PROPERTY & CASUALTY INSURANCE COMPANY,Closed,HRMN-133512297,2023-06-01
2023,2,0.2,REDPOINT COUNTY MUTUAL INSURANCE COMPANY,Closed,SWCM-133495712,2023-05-09
2023,2,0.2,REDPOINT COUNTY MUTUAL INSURANCE COMPANY,Closed,SWCM-133495714,2023-05-09
2023,2,0.2,TEACHERS INSURANCE COMPANY,Closed,HRMN-133512297,2023-06-01
2023,2,0.3,ECONOMY FIRE & CASUALTY COMPANY,Closed,FAIG-133615845,2023-06-02
2023,2,0.4,FARMERS TEXAS COUNTY MUTUAL INSURANCE COMPANY,Closed,FARM-133609327,2023-05-25
2023,2,0.5,FARMERS TEXAS COUNTY MUTUAL INSURANCE COMPANY,Closed,FARM-133609331,2023-05-25
2023,2,0.6,MID-CENTURY INSURANCE COMPANY OF TEXAS,Closed,FARM-133618732,2023-05-25
2023,2,0.9,REDPOINT COUNTY MUTUAL INSURANCE COMPANY,Closed,SWCM-133655626,2023-05-05
2023,2,1.0,OLD AMERICAN COUNTY MUTUAL FIRE INSURANCE COMPANY,Closed,OAMF-133613586,2023-05-01
2023,2,1.9,UNITED SECURITY INSURANCE COMPANY,Closed,USLH-133589045,2023-05-10
2023,2,2.3,OLD AMERICAN COUNTY MUTUAL FIRE INSURANCE COMPANY,Closed,OAMF-133672844,2023-06-15
2023,2,3.0,AMERICAN NATIONAL COUNTY MUTUAL INSURANCE COMPANY,Closed,ANPC-133369272,2023-05-04
2023,2,3.0,OLD AMERICAN COUNTY MUTUAL FIRE INSURANCE COMPANY,Closed,OAMF-133635809,2023-04-30
2023,2,3.3,OLD AMERICAN COUNTY MUTUAL FIRE INSURANCE COMPANY,Closed,OAMF-133615493,2023-05-01
2023,2,3.4,REDPOINT COUNTY MUTUAL INSURANCE COMPANY,Closed,SWCM-133613792,2023-05-01
2023,2,3.4,STATE FARM COUNTY MUTUAL INSURANCE COMPANY OF TEXAS,Closed,SFMA-133588579,2023-05-08
2023,2,3.6,ROOT INSURANCE COMPANY,Closed,CLIN-133653783,2023-06-17
2023,2,3.8,REDPOINT COUNTY MUTUAL INSURANCE COMPANY,Closed,SWCM-133664292,2023-06-21
2023,2,4.0,OLD AMERICAN COUNTY MUTUAL FIRE INSURANCE COMPANY,Closed,OAMF-133569076,2023-04-22
2023,2,4.0,REDPOINT COUNTY MUTUAL INSURANCE COMPANY,Closed,SWCM-133664287,2023-06-21
2023,2,4.1,OLD AMERICAN COUNTY MUTUAL FIRE INSURANCE COMPANY,Closed,OAMF-133569016,2023-04-22
2023,2,4.1,OLD AMERICAN COUNTY MUTUAL FIRE INSURANCE COMPANY,Closed,OAMF-133613215,2023-05-01
2023,2,4.3,OLD AMERICAN COUNTY MUTUAL FIRE INSURANCE COMPANY,Closed,OAMF-133613232,2023-05-01
2023,2,4.3,REDPOINT COUNTY MUTUAL INSURANCE COMPANY,Closed,SWCM-133553635,2023-04-14
2023,2,4.4,OLD AMERICAN COUNTY MUTUAL FIRE INSURANCE COMPANY,Closed,OAMF-133670368,2023-06-15
2023,2,4.5,HOME STATE COUNTY MUTUAL INSURANCE COMPANY,Closed,HMSG-133666645,2023-06-17
2023,2,4.8,INFINITY COUNTY MUTUAL INSURANCE COMPANY,Closed,NFNT-133585683,2023-04-17
2023,2,4.8,OLD AMERICAN COUNTY MUTUAL FIRE INSURANCE COMPANY,Closed,OAMF-133672859,2023-06-15
2023,2,4.9,GERMANIA FIRE & CASUALTY COMPANY,Closed,GEIN-133597103,2023-04-15
2023,2,4.9,TRUMBULL INSURANCE COMPANY,Closed,HART-133587339,2023-05-26
2023,2,5.0,FIRST CHICAGO INSURANCE COMPANY,Closed,FCLH-133633891,2023-06-19
2023,2,5.0,GERMANIA INSURANCE COMPANY,Closed,GEIN-133597103,2023-04-15
2023,2,5.0,HOME STATE COUNTY MUTUAL INSURANCE COMPANY,Closed,HMSG-133583211,2023-05-01
2023,2,5.0,"MGA INSURANCE COMPANY, INC.",Closed,GNSC-133589259,2023-05-07
2023,2,5.0,OLD AMERICAN COUNTY MUTUAL FIRE INSURANCE COMPANY,Closed,OAMF-133592673,2023-04-13
2023,2,5.1,HOME STATE COUNTY MUTUAL INSURANCE COMPANY,Closed,HMSG-133644655,2023-06-19
2023,2,5.5,HOME STATE COUNTY MUTUAL INSURANCE COMPANY,Closed,HMSG-133642011,2023-06-02
2023,2,5.9,HOME STATE COUNTY MUTUAL INSURANCE COMPANY,Closed,HMSG-133669388,2023-06-29
2023,2,6.2,HOME STATE COUNTY MUTUAL INSURANCE COMPANY,Closed,HMSG-133593535,2023-05-01
2023,2,6.3,GERMANIA SELECT INSURANCE COMPANY,Closed,GEIN-133597103,2023-04-15
2023,2,6.3,LIBERTY COUNTY MUTUAL INSURANCE COMPANY,Closed,LBPM-133597661,2023-04-29
2023,2,6.4,ELEPHANT INSURANCE COMPANY,Closed,EINS-133553586,2023-04-14
2023,2,6.7,HOME STATE COUNTY MUTUAL INSURANCE COMPANY,Closed,HMSG-133582752,2023-05-01
2023,2,6.7,INFINITY COUNTY MUTUAL INSURANCE COMPANY,Closed,NFNT-133585308,2023-04-17
2023,2,6.8,OLD AMERICAN COUNTY MUTUAL FIRE INSURANCE COMPANY,Closed,OAMF-133611731,2023-05-01
2023,2,6.9,STATE AUTO PROPERTY & CASUALTY INSURANCE COMPANY,Closed,STAT-133565465,2023-06-19
2023,2,7.0,AGRICULTURAL WORKERS MUTUAL AUTO INSURANCE COMPANY,Closed,AGWG-133563929,2023-05-22
2023,2,7.0,HOME STATE COUNTY MUTUAL INSURANCE COMPANY,Closed,HMSG-133676903,2023-06-15
2023,2,7.1,MERCURY COUNTY MUTUAL INSURANCE COMPANY,Closed,MERY-133597419,2023-05-05
2023,2,7.2,REDPOINT COUNTY MUTUAL INSURANCE COMPANY,Closed,TSIS-133568386,2023-06-17
2023,2,7.2,"TESLA PROPERTY & CASUALTY, INC.",Closed,TSIS-133599459,2023-06-17
2023,2,7.4,UNITED SECURITY INSURANCE COMPANY,Closed,USLH-133570775,2023-04-10
2023,2,7.5,OLD AMERICAN COUNTY MUTUAL FIRE INSURANCE COMPANY,Closed,OAMF-133657679,2023-06-01
2023,2,7.7,REDPOINT COUNTY MUTUAL INSURANCE COMPANY,Closed,SWCM-133606734,2023-05-31
2023,2,8.0,AMICA MUTUAL INSURANCE COMPANY,Closed,AMMA-133508042,2023-04-01
2023,2,8.0,REDPOINT COUNTY MUTUAL INSURANCE COMPANY,Closed,HART-133615408,2023-06-26
2023,2,8.1,REDPOINT COUNTY MUTUAL INSURANCE COMPANY,Closed,SWCM-133609555,2023-05-10
2023,2,8.2,OLD AMERICAN COUNTY MUTUAL FIRE INSURANCE COMPANY,Closed,OAMF-133663067,2023-06-08
2023,2,8.3,AMICA PROPERTY AND CASUALTY INSURANCE COMPANY,Closed,AMMA-133516880,2023-04-01
2023,2,8.5,HOME STATE COUNTY MUTUAL INSURANCE COMPANY,Closed,HMSG-133622906,2023-05-12
2023,2,8.5,UNITED SERVICES AUTOMOBILE ASSOCIATION,Closed,USAA-133536073,2023-04-29
2023,2,8.8,"FOREMOST INSURANCE COMPANY GRAND RAPIDS, MICHIGAN",Closed,FORE-133223787,2023-06-01
2023,2,9.0,USAA GENERAL INDEMNITY COMPANY,Closed,USAA-133536073,2023-04-29
2023,2,9.1,REDPOINT COUNTY MUTUAL INSURANCE COMPANY,Closed,SWCM-133677757,2023-06-10
2023,2,9.1,"SENTINEL INSURANCE COMPANY, LTD.",Closed,HART-133611131,2023-06-09
2023,2,9.5,FARMERS TEXAS COUNTY MUTUAL INSURANCE COMPANY,Closed,FARM-133518664,2023-05-01
2023,2,9.5,FARMERS TEXAS COUNTY MUTUAL INSURANCE COMPANY,Closed,FARM-133626211,2023-04-22
2023,2,9.5,FARMERS TEXAS COUNTY MUTUAL INSURANCE COMPANY,Closed,FARM-133627005,2023-04-22
2023,2,9.5,HOME STATE COUNTY MUTUAL INSURANCE COMPANY,Closed,HMSG-133605530,2023-04-15
2023,2,9.5,HOME STATE COUNTY MUTUAL INSURANCE COMPANY,Closed,HMSG-133667417,2023-06-17
2023,2,9.5,MID-CENTURY INSURANCE COMPANY OF TEXAS,Closed,FARM-133592176,2023-04-22
2023,2,9.6,FOREMOST PROPERTY AND CASUALTY INSURANCE COMPANY,Closed,FORE-133494452,2023-06-01
2023,2,9.7,"CINCINNATI CASUALTY COMPANY, THE",Closed,CNNB-133397314,2023-05-01
2023,2,9.7,FOREMOST COUNTY MUTUAL INSURANCE COMPANY,Closed,FORE-133485874,2023-06-01
2023,2,9.7,GARRISON PROPERTY AND CASUALTY INSURANCE COMPANY,Closed,USAA-133536073,2023-04-29
2023,2,9.7,STATE FARM MUTUAL AUTOMOBILE INSURANCE COMPANY,Closed,SFMA-133588579,2023-05-08
2023,2,10.0,"CINCINNATI INSURANCE COMPANY, THE",Closed,CNNB-133397299,2023-05-01
2023,2,10.0,CONCERT INSURANCE COMPANY,Closed,PERR-133594688,2023-04-12
2023,2,10.0,REDPOINT COUNTY MUTUAL INSURANCE COMPANY,Closed,SWCM-133591295,2023-04-12
2023,2,10.1,PROGRESSIVE COUNTY MUTUAL INSURANCE COMPANY,Closed,PRGS-133687219,2023-06-29
2023,2,10.3,ELEPHANT INSURANCE COMPANY,Closed,EINS-133606290,2023-05-31
2023,2,10.4,ANCHOR GENERAL INSURANCE COMPANY,Closed,AGIN-133607549,2023-05-20
2023,2,10.6,OLD AMERICAN COUNTY MUTUAL FIRE INSURANCE COMPANY,Closed,OAMF-133611668,2023-05-01
2023,2,10.6,REDPOINT COUNTY MUTUAL INSURANCE COMPANY,Closed,SWCM-133612635,2023-05-10
2023,2,10.6,USAA CASUALTY INSURANCE COMPANY,Closed,USAA-133536073,2023-04-29
2023,2,11.0,CALIFORNIA CASUALTY INDEMNITY EXCHANGE,Closed,CALC-133641103,2023-04-29
2023,2,11.2,"RIVERSTONE INTERNATIONAL INSURANCE, INC.",Closed,ELEC-133591134,2023-06-01
2023,2,11.7,CONSUMERS COUNTY MUTUAL INSURANCE COMPANY,Closed,CCMC-133586327,2023-04-07
2023,2,11.7,CRESTBROOK INSURANCE COMPANY,Closed,NWPP-133503517,2023-05-01
2023,2,11.9,FARMERS LLOYDS INSURANCE COMPANY OF TEXAS,Closed,FAIG-133626838,2023-06-29
2023,2,11.9,OLD AMERICAN COUNTY MUTUAL FIRE INSURANCE COMPANY,Closed,OAMF-133615773,2023-05-03
2023,2,12.0,LIBERTY COUNTY MUTUAL INSURANCE COMPANY,Closed,LBPM-133486760,2023-06-04
2023,2,12.5,ESURANCE INSURANCE COMPANY,Closed,ALSE-133627821,2023-06-08
2023,2,13.1,PROGRESSIVE COUNTY MUTUAL INSURANCE COMPANY,Closed,PRGS-133683762,2023-06-29
2023,2,14.0,FARMERS CASUALTY INSURANCE COMPANY,Closed,FAIG-133587612,2023-05-29
2023,2,14.0,FARMERS CASUALTY INSURANCE COMPANY,Closed,FAIG-133602405,2023-05-29
2023,2,14.0,FARMERS DIRECT PROPERTY AND CASUALTY INSURANCE COMPANY,Closed,FAIG-133587612,2023-05-29
2023,2,14.0,FARMERS DIRECT PROPERTY AND CASUALTY INSURANCE COMPANY,Closed,FAIG-133602405,2023-05-29
2023,2,14.0,FARMERS GROUP PROPERTY AND CASUALTY INSURANCE COMPANY,Closed,FAIG-133587612,2023-05-29
2023,2,14.0,FARMERS GROUP PROPERTY AND CASUALTY INSURANCE COMPANY,Closed,FAIG-133602405,2023-05-29
2023,2,14.4,MARKEL AMERICAN INSURANCE COMPANY,Closed,MRKA-133425722,2023-04-28
2023,2,14.8,OLD AMERICAN COUNTY MUTUAL FIRE INSURANCE COMPANY,Closed,OAMF-133674534,2023-06-15
2023,2,14.9,ECONOMY FIRE & CASUALTY COMPANY,Closed,FAIG-133626887,2023-06-29
2023,2,15.0,HOME STATE COUNTY MUTUAL INSURANCE COMPANY,Closed,HMSG-133568915,2023-06-02
2023,2,16.8,REDPOINT COUNTY MUTUAL INSURANCE COMPANY,Closed,SWCM-133661519,2023-06-08
2023,2,17.3,PACIFIC INDEMNITY COMPANY,Closed,ACEH-133390724,2023-04-06
2023,2,17.5,CHUBB NATIONAL INSURANCE COMPANY,Closed,ACEH-133390724,2023-04-06
2023,2,17.7,CHUBB LLOYDS INSURANCE COMPANY OF TEXAS,Closed,ACEH-133390736,2023-04-06
2023,2,17.9,VIGILANT INSURANCE COMPANY,Closed,ACEH-133390724,2023-04-06
2023,2,18.0,FARMERS PROPERTY AND CASUALTY INSURANCE COMPANY,Closed,FAIG-133527613,2023-04-09
2023,2,18.1,FEDERAL INSURANCE COMPANY,Closed,ACEH-133390736,2023-04-06
2023,2,18.4,GREAT NORTHERN INSURANCE COMPANY,Closed,ACEH-133390736,2023-04-06
2023,2,19.3,HOME STATE COUNTY MUTUAL INSURANCE COMPANY,Closed,HMSG-133612060,2023-05-24
2023,2,20.0,LIBERTY COUNTY MUTUAL INSURANCE COMPANY,Closed,LBPM-133465508,2023-05-23
2023,2,21.9,BRANCH INSURANCE EXCHANGE,Closed,BRFI-133663379,2023-06-14
2023,2,22.3,REDPOINT COUNTY MUTUAL INSURANCE COMPANY,Closed,SWCM-133588418,2023-06-01
2023,2,23.6,REDPOINT COUNTY MUTUAL INSURANCE COMPANY,Closed,SWCM-133634818,2023-06-01
2023,2,24.3,REDPOINT COUNTY MUTUAL INSURANCE COMPANY,Closed,SWCM-133575107,2023-04-18
2023,2,25.0,DAIRYLAND COUNTY MUTUAL INSURANCE COMPANY OF TEXAS,Closed,VKNG-133542377,2023-04-05
2023,2,25.9,HOCHHEIM PRAIRIE CASUALTY INSURANCE COMPANY,Closed,HOCH-133587825,2023-05-01
2023,2,27.3,AMERICAN FAMILY HOME INSURANCE COMPANY,Closed,MRTN-133461850,2023-06-01
2023,2,29.0,ENCOMPASS PROPERTY AND CASUALTY COMPANY,Closed,ALSE-133595293,2023-04-27
2023,2,29.5,BRANCH INSURANCE EXCHANGE,Closed,BRFI-133587366,2023-05-03
2023,2,29.5,ENCOMPASS INSURANCE COMPANY OF AMERICA,Closed,ALSE-133595293,2023-04-27
2023,2,30.0,ENCOMPASS HOME AND AUTO INSURANCE COMPANY,Closed,ALSE-133595293,2023-04-27
2023,2,30.0,ENCOMPASS INDEMNITY COMPANY,Closed,ALSE-133595228,2023-04-27
2023,2,35.2,U S LLOYDS INSURANCE COMPANY,Closed,USLL-133654169,2023-06-01
2023,2,71.9,VAULT RECIPROCAL EXCHANGE,Closed,SPIS-133584995,2023-06-01
2023,3,-9.1,REDPOINT COUNTY MUTUAL INSURANCE COMPANY,Closed,SWCM-133777439,2023-09-15
2023,3,-3.5,HALLMARK COUNTY MUTUAL INSURANCE COMPANY,Closed,PHXN-133771818,2023-09-18
2023,3,-1.5,ENCOMPASS PROPERTY AND CASUALTY COMPANY,Closed,ALSE-133777682,2023-09-28
2023,3,-1.4,ENCOMPASS INSURANCE COMPANY OF AMERICA,Closed,ALSE-133777682,2023-09-28
2023,3,-1.3,ECONOMY FIRE & CASUALTY COMPANY,Closed,FAIG-133709931,2023-09-11
2023,3,-1.3,ENCOMPASS INDEMNITY COMPANY,Closed,ALSE-133777520,2023-09-28
2023,3,-1.2,ENCOMPASS HOME AND AUTO INSURANCE COMPANY,Closed,ALSE-133777682,2023-09-28
2023,3,-0.3,HORACE MANN INSURANCE COMPANY,Closed,HRMN-133716400,2023-09-10
2023,3,0.0,AEGIS SECURITY INSURANCE COMPANY,Closed,PERR-133730660,2023-09-15
2023,3,0.0,AGRICULTURAL WORKERS MUTUAL AUTO INSURANCE COMPANY,Closed,AGWG-133724513,2023-09-01
2023,3,0.0,AGRICULTURAL WORKERS MUTUAL AUTO INSURANCE COMPANY,Closed,AGWG-133727687,2023-09-01
2023,3,0.0,ALINSCO INSURANCE COMPANY,Closed,AINS-133717505,2023-07-22
2023,3,0.0,ALLSTATE FIRE AND CASUALTY INSURANCE COMPANY,Closed,ALSE-133654145,2023-07-27
2023,3,0.0,ALLSTATE FIRE AND CASUALTY INSURANCE COMPANY,Closed,ALSE-133710265,2023-08-17
2023,3,0.0,ALLSTATE PROPERTY AND CASUALTY INSURANCE COMPANY,Closed,ALSE-133658580,2023-07-27
2023,3,0.0,AMERICAN ACCESS CASUALTY COMPANY,Closed,AACI-133715045,2023-08-01
2023,3,0.0,AMERICAN FAMILY HOME INSURANCE COMPANY,Closed,MRTN-133634798,2023-08-01
2023,3,0.0,AMERICAN FAMILY HOME INSURANCE COMPANY,Closed,MRTN-133743678,2023-09-15
2023,3,0.0,AMERICAN FREEDOM INSURANCE COMPANY,Closed,AFCO-133649228,2023-08-01
2023,3,0.0,AMERICAN FREEDOM INSURANCE COMPANY,Closed,AFCO-133660526,2023-08-01
2023,3,0.0,AMICA MUTUAL INSURANCE COMPANY,Closed,AMMA-133525687,2023-07-01
2023,3,0.0,AMICA MUTUAL INSURANCE COMPANY,Closed,AMMA-133705923,2023-09-01
2023,3,0.0,AMICA PROPERTY AND CASUALTY INSURANCE COMPANY,Closed,AMMA-133525687,2023-07-01
2023,3,0.0,AMICA PROPERTY AND CASUALTY INSURANCE COMPANY,Closed,AMMA-133705923,2023-09-01
2023,3,0.0,ANCHOR GENERAL INSURANCE COMPANY,Closed,AGIN-133714302,2023-08-05
2023,3,0.0,ANCHOR GENERAL INSURANCE COMPANY,Closed,AGIN-133715987,2023-08-05
2023,3,0.0,"AUTOMOBILE INSURANCE COMPANY OF HARTFORD, CONNECTICUT, THE",Closed,TRVD-133736136,2023-08-20
2023,3,0.0,"AUTOMOBILE INSURANCE COMPANY OF HARTFORD, CONNECTICUT, THE",Closed,TRVD-133810415,2023-09-15
2023,3,0.0,BERKLEY INSURANCE COMPANY,Closed,BKON-133707698,2023-08-20
2023,3,0.0,"CAMBRIDGE MOBILE TELEMATICS, INC.",Closed,FRCS-133630570,2023-07-14
2023,3,0.0,"CHARTER OAK FIRE INSURANCE COMPANY, THE",Closed,TRVD-133736235,2023-08-20
2023,3,0.0,COLONIAL COUNTY MUTUAL INSURANCE COMPANY,Closed,NWPP-133707812,2023-09-01
2023,3,0.0,COLONIAL COUNTY MUTUAL INSURANCE COMPANY,Closed,NWPP-133742434,2023-09-01
2023,3,0.0,COLONIAL COUNTY MUTUAL INSURANCE COMPANY,Closed,NWPP-133742507,2023-09-01
2023,3,0.0,CONSUMERS COUNTY MUTUAL INSURANCE COMPANY,Closed,CCMC-133810662,2023-09-15
2023,3,0.0,CRESTBROOK INSURANCE COMPANY,Closed,NWPP-133773543,2023-09-24
2023,3,0.0,DIRECT GENERAL INSURANCE COMPANY,Closed,GMMX-133771831,2023-09-16
2023,3,0.0,DRIVER TECHNOLOGIES RATING SERVICE INC.,Closed,MOCC-133760490,2023-09-01
2023,3,0.0,ELEPHANT INSURANCE COMPANY,Closed,EINS-133686246,2023-08-13
2023,3,0.0,ELEPHANT INSURANCE COMPANY,Closed,EINS-133690671,2023-08-14
2023,3,0.0,ELEPHANT INSURANCE COMPANY,Closed,EINS-133709358,2023-08-15
2023,3,0.0,ELEPHANT INSURANCE COMPANY,Closed,EINS-133732895,2023-09-11
2023,3,0.0,ELEPHANT INSURANCE COMPANY,Closed,EINS-133767739,2023-08-22
2023,3,0.0,ENCOMPASS INDEMNITY COMPANY,Closed,ALSE-133653844,2023-07-03
2023,3,0.0,ENCOMPASS INDEPENDENT INSURANCE COMPANY,Closed,ALSE-133653795,2023-07-03
2023,3,0.0,FALCON INSURANCE COMPANY,Closed,FIGC-133730854,2023-08-01
2023,3,0.0,FARM BUREAU COUNTY MUTUAL INSURANCE COMPANY OF TEXAS,Closed,TXFB-133722105,2023-09-01
2023,3,0.0,FARM BUREAU COUNTY MUTUAL INSURANCE COMPANY OF TEXAS,Closed,TXFB-133776082,2023-09-04
2023,3,0.0,FARMERS TEXAS COUNTY MUTUAL INSURANCE COMPANY,Closed,FARM-133759216,2023-09-29
2023,3,0.0,FARMERS TEXAS COUNTY MUTUAL INSURANCE COMPANY,Closed,FARM-133759236,2023-09-22
2023,3,0.0,FIRST CHICAGO INSURANCE COMPANY,Closed,FCLH-133682751,2023-07-10
2023,3,0.0,FIRST CHICAGO INSURANCE COMPANY,Closed,FCLH-133713387,2023-08-21
2023,3,0.0,GEICO ADVANTAGE INSURANCE COMPANY,Closed,GECC-133716138,2023-09-17
2023,3,0.0,GEICO CHOICE INSURANCE COMPANY,Closed,GECC-133716138,2023-09-17
2023,3,0.0,GEICO COUNTY MUTUAL INSURANCE COMPANY,Closed,GECC-133716138,2023-09-17
2023,3,0.0,GEICO GENERAL INSURANCE COMPANY,Closed,GECC-133716138,2023-09-17
2023,3,0.0,GEICO INDEMNITY COMPANY,Closed,GECC-133716138,2023-09-17
2023,3,0.0,GEICO INDEMNITY COMPANY,Closed,GECC-133716198,2023-09-17
2023,3,0.0,GEICO SECURE INSURANCE COMPANY,Closed,GECC-133716138,2023-09-17
2023,3,0.0,GEICO TEXAS COUNTY MUTUAL INSURANCE COMPANY,Closed,GECC-133716229,2023-09-17
2023,3,0.0,GERMANIA FIRE & CASUALTY COMPANY,Closed,GEIN-133725372,2023-08-11
2023,3,0.0,GERMANIA FIRE & CASUALTY COMPANY,Closed,GEIN-133802118,2023-09-15
2023,3,0.0,GERMANIA INSURANCE COMPANY,Closed,GEIN-133725372,2023-08-11
2023,3,0.0,GERMANIA INSURANCE COMPANY,Closed,GEIN-133802118,2023-09-15
2023,3,0.0,GERMANIA SELECT INSURANCE COMPANY,Closed,GEIN-133725372,2023-08-11
2023,3,0.0,GERMANIA SELECT INSURANCE COMPANY,Closed,GEIN-133802118,2023-09-15
2023,3,0.0,GO INSURANCE COMPANY,Closed,PERR-133702422,2023-07-08
2023,3,0.0,GOVERNMENT EMPLOYEES INSURANCE COMPANY,Closed,GECC-133716138,2023-09-17
2023,3,0.0,GOVERNMENT EMPLOYEES INSURANCE COMPANY,Closed,GECC-133716338,2023-09-17
2023,3,0.0,HOME STATE COUNTY MUTUAL INSURANCE COMPANY,Closed,HMSG-133649017,2023-08-20
2023,3,0.0,HOME STATE COUNTY MUTUAL INSURANCE COMPANY,Closed,HMSG-133704687,2023-08-01
2023,3,0.0,HOME STATE COUNTY MUTUAL INSURANCE COMPANY,Closed,HMSG-133705953,2023-08-01
2023,3,0.0,HOME STATE COUNTY MUTUAL INSURANCE COMPANY,Closed,HMSG-133717772,2023-08-11
2023,3,0.0,HOME STATE COUNTY MUTUAL INSURANCE COMPANY,Closed,HMSG-133717791,2023-08-11
2023,3,0.0,HOME STATE COUNTY MUTUAL INSURANCE COMPANY,Closed,HMSG-133717822,2023-08-11
2023,3,0.0,HOME STATE COUNTY MUTUAL INSURANCE COMPANY,Closed,HMSG-133717832,2023-08-11
2023,3,0.0,HOME STATE COUNTY MUTUAL INSURANCE COMPANY,Closed,HMSG-133717847,2023-08-11
2023,3,0.0,HOME STATE COUNTY MUTUAL INSURANCE COMPANY,Closed,HMSG-133717872,2023-08-11
2023,3,0.0,HOME STATE COUNTY MUTUAL INSURANCE COMPANY,Closed,HMSG-133718169,2023-08-11
2023,3,0.0,HOME STATE COUNTY MUTUAL INSURANCE COMPANY,Closed,HMSG-133718272,2023-08-11
2023,3,0.0,HOME STATE COUNTY MUTUAL INSURANCE COMPANY,Closed,HMSG-133718321,2023-08-11
2023,3,0.0,HOME STATE COUNTY MUTUAL INSURANCE COMPANY,Closed,HMSG-133718352,2023-08-11
2023,3,0.0,HOME STATE COUNTY MUTUAL INSURANCE COMPANY,Closed,HMSG-133724356,2023-08-17
2023,3,0.0,HOME STATE COUNTY MUTUAL INSURANCE COMPANY,Closed,HMSG-133724485,2023-08-17
2023,3,0.0,HOME STATE COUNTY MUTUAL INSURANCE COMPANY,Closed,HMSG-133724535,2023-08-17
2023,3,0.0,HOME STATE COUNTY MUTUAL INSURANCE COMPANY,Closed,HMSG-133724739,2023-08-17
2023,3,0.0,HOME STATE COUNTY MUTUAL INSURANCE COMPANY,Closed,HMSG-133731626,2023-07-01
2023,3,0.0,HOME STATE COUNTY MUTUAL INSURANCE COMPANY,Closed,HMSG-133732076,2023-08-21
2023,3,0.0,HOME STATE COUNTY MUTUAL INSURANCE COMPANY,Closed,HMSG-133733192,2023-07-28
2023,3,0.0,HOME STATE COUNTY MUTUAL INSURANCE COMPANY,Closed,HMSG-133738178,2023-08-21
2023,3,0.0,HOME STATE COUNTY MUTUAL INSURANCE COMPANY,Closed,HMSG-133740488,2023-08-11
2023,3,0.0,HOME STATE COUNTY MUTUAL INSURANCE COMPANY,Closed,HMSG-133749023,2023-08-05
2023,3,0.0,HOME STATE COUNTY MUTUAL INSURANCE COMPANY,Closed,HMSG-133749037,2023-08-05
2023,3,0.0,HOME STATE COUNTY MUTUAL INSURANCE COMPANY,Closed,HMSG-133755179,2023-09-02
2023,3,0.0,HOME STATE COUNTY MUTUAL INSURANCE COMPANY,Closed,HMSG-133756757,2023-09-06
2023,3,0.0,HOME STATE COUNTY MUTUAL INSURANCE COMPANY,Closed,HMSG-133770947,2023-09-16
2023,3,0.0,HOME STATE COUNTY MUTUAL INSURANCE COMPANY,Closed,HMSG-133783325,2023-09-30
2023,3,0.0,HOME STATE COUNTY MUTUAL INSURANCE COMPANY,Closed,HMSG-133805985,2023-09-15
2023,3,0.0,INFINITY COUNTY MUTUAL INSURANCE COMPANY,Closed,NFNT-133724240,2023-08-09
2023,3,0.0,INTEGON INDEMNITY CORPORATION,Closed,GMMX-133770320,2023-09-16
2023,3,0.0,INTEGON INDEMNITY CORPORATION,Closed,GMMX-133803630,2023-09-30
2023,3,0.0,LOYA INSURANCE COMPANY,Closed,PERR-133720535,2023-08-05
2023,3,0.0,LOYA INSURANCE COMPANY,Closed,PERR-133751043,2023-08-04
2023,3,0.0,MARKEL AMERICAN INSURANCE COMPANY,Closed,MRKA-133702480,2023-09-15
2023,3,0.0,MARKEL AMERICAN INSURANCE COMPANY,Closed,MRKA-133705421,2023-09-15
2023,3,0.0,MID-CENTURY INSURANCE COMPANY OF TEXAS,Closed,FARM-133740619,2023-07-22
2023,3,0.0,MID-CENTURY INSURANCE COMPANY OF TEXAS,Closed,FARM-133759228,2023-09-22
2023,3,0.0,MILLIMAN APPLESEED LLC,Closed,MAPP-133762338,2023-09-08
2023,3,0.0,NATIONWIDE MUTUAL INSURANCE COMPANY,Closed,NWPP-133707812,2023-09-01
2023,3,0.0,OLD AMERICAN COUNTY MUTUAL FIRE INSURANCE COMPANY,Closed,OAMF-133714903,2023-07-20
2023,3,0.0,OLD AMERICAN COUNTY MUTUAL FIRE INSURANCE COMPANY,Closed,OAMF-133715169,2023-07-23
2023,3,0.0,OLD AMERICAN COUNTY MUTUAL FIRE INSURANCE COMPANY,Closed,OAMF-133715183,2023-07-23
2023,3,0.0,OLD AMERICAN COUNTY MUTUAL FIRE INSURANCE COMPANY,Closed,OAMF-133727122,2023-08-01
2023,3,0.0,OLD AMERICAN COUNTY MUTUAL FIRE INSURANCE COMPANY,Closed,OAMF-133727163,2023-08-01
2023,3,0.0,OLD AMERICAN COUNTY MUTUAL FIRE INSURANCE COMPANY,Closed,OAMF-133727295,2023-08-01
2023,3,0.0,OLD AMERICAN COUNTY MUTUAL FIRE INSURANCE COMPANY,Closed,OAMF-133727326,2023-08-01
2023,3,0.0,OLD AMERICAN COUNTY MUTUAL FIRE INSURANCE COMPANY,Closed,OAMF-133729416,2023-08-01
2023,3,0.0,OLD AMERICAN COUNTY MUTUAL FIRE INSURANCE COMPANY,Closed,OAMF-133729767,2023-08-01
2023,3,0.0,OLD AMERICAN COUNTY MUTUAL FIRE INSURANCE COMPANY,Closed,OAMF-133733386,2023-08-05
2023,3,0.0,OLD AMERICAN COUNTY MUTUAL FIRE INSURANCE COMPANY,Closed,OAMF-133741666,2023-08-16
2023,3,0.0,OLD AMERICAN COUNTY MUTUAL FIRE INSURANCE COMPANY,Closed,OAMF-133741678,2023-08-17
2023,3,0.0,OLD AMERICAN COUNTY MUTUAL FIRE INSURANCE COMPANY,Closed,OAMF-133741692,2023-08-17
2023,3,0.0,OLD AMERICAN COUNTY MUTUAL FIRE INSURANCE COMPANY,Closed,OAMF-133741827,2023-08-17
2023,3,0.0,OLD AMERICAN COUNTY MUTUAL FIRE INSURANCE COMPANY,Closed,OAMF-133759140,2023-08-01
2023,3,0.0,OLD AMERICAN COUNTY MUTUAL FIRE INSURANCE COMPANY,Closed,OAMF-133759187,2023-08-01
2023,3,0.0,OLD AMERICAN COUNTY MUTUAL FIRE INSURANCE COMPANY,Closed,OAMF-133781775,2023-08-16
2023,3,0.0,OLD AMERICAN COUNTY MUTUAL FIRE INSURANCE COMPANY,Closed,OAMF-133782858,2023-08-21
2023,3,0.0,OLD AMERICAN COUNTY MUTUAL FIRE INSURANCE COMPANY,Closed,OAMF-133782885,2023-08-21
2023,3,0.0,PHILADELPHIA INDEMNITY INSURANCE COMPANY,Closed,PHLX-133693916,2023-07-01
2023,3,0.0,"PHOENIX INSURANCE COMPANY, THE",Closed,TRVD-133736235,2023-08-20
2023,3,0.0,PROGRESSIVE COUNTY MUTUAL INSURANCE COMPANY,Closed,PRGS-133768686,2023-09-21
2023,3,0.0,PROGRESSIVE COUNTY MUTUAL INSURANCE COMPANY,Closed,PRGS-133768716,2023-09-21
2023,3,0.0,REDPOINT COUNTY MUTUAL INSURANCE COMPANY,Closed,CLIN-133715515,2023-07-25
2023,3,0.0,REDPOINT COUNTY MUTUAL INSURANCE COMPANY,Closed,SWCM-133667102,2023-07-01
2023,3,0.0,REDPOINT COUNTY MUTUAL INSURANCE COMPANY,Closed,SWCM-133687477,2023-08-13
2023,3,0.0,REDPOINT COUNTY MUTUAL INSURANCE COMPANY,Closed,SWCM-133687478,2023-08-13
2023,3,0.0,REDPOINT COUNTY MUTUAL INSURANCE COMPANY,Closed,SWCM-133690788,2023-08-14
2023,3,0.0,REDPOINT COUNTY MUTUAL INSURANCE COMPANY,Closed,SWCM-133690800,2023-08-14
2023,3,0.0,REDPOINT COUNTY MUTUAL INSURANCE COMPANY,Closed,SWCM-133706503,2023-09-03
2023,3,0.0,REDPOINT COUNTY MUTUAL INSURANCE COMPANY,Closed,SWCM-133707179,2023-07-15
2023,3,0.0,REDPOINT COUNTY MUTUAL INSURANCE COMPANY,Closed,SWCM-133707352,2023-08-01
2023,3,0.0,REDPOINT COUNTY MUTUAL INSURANCE COMPANY,Closed,SWCM-133708819,2023-08-01
2023,3,0.0,REDPOINT COUNTY MUTUAL INSURANCE COMPANY,Closed,SWCM-133709431,2023-08-15
2023,3,0.0,REDPOINT COUNTY MUTUAL INSURANCE COMPANY,Closed,SWCM-133709510,2023-08-15
2023,3,0.0,REDPOINT COUNTY MUTUAL INSURANCE COMPANY,Closed,SWCM-133715788,2023-08-01
2023,3,0.0,REDPOINT COUNTY MUTUAL INSURANCE COMPANY,Closed,SWCM-133716638,2023-08-23
2023,3,0.0,REDPOINT COUNTY MUTUAL INSURANCE COMPANY,Closed,SWCM-133717335,2023-08-24
2023,3,0.0,REDPOINT COUNTY MUTUAL INSURANCE COMPANY,Closed,SWCM-133721307,2023-08-24
2023,3,0.0,REDPOINT COUNTY MUTUAL INSURANCE COMPANY,Closed,SWCM-133721396,2023-07-01
2023,3,0.0,REDPOINT COUNTY MUTUAL INSURANCE COMPANY,Closed,SWCM-133722022,2023-08-15
2023,3,0.0,REDPOINT COUNTY MUTUAL INSURANCE COMPANY,Closed,SWCM-133723114,2023-09-01
2023,3,0.0,REDPOINT COUNTY MUTUAL INSURANCE COMPANY,Closed,SWCM-133725556,2023-07-01
2023,3,0.0,REDPOINT COUNTY MUTUAL INSURANCE COMPANY,Closed,SWCM-133733547,2023-09-11
2023,3,0.0,REDPOINT COUNTY MUTUAL INSURANCE COMPANY,Closed,SWCM-133745957,2023-07-24
2023,3,0.0,REDPOINT COUNTY MUTUAL INSURANCE COMPANY,Closed,SWCM-133746719,2023-08-03
2023,3,0.0,REDPOINT COUNTY MUTUAL INSURANCE COMPANY,Closed,SWCM-133767719,2023-08-22
2023,3,0.0,REDPOINT COUNTY MUTUAL INSURANCE COMPANY,Closed,SWCM-133767725,2023-08-22
2023,3,0.0,RIVERPORT INSURANCE COMPANY,Closed,BKON-133707699,2023-09-09
2023,3,0.0,ROOT INSURANCE COMPANY,Closed,CLIN-133715499,2023-07-25
2023,3,0.0,STATE FARM COUNTY MUTUAL INSURANCE COMPANY OF TEXAS,Closed,SFMA-133665660,2023-08-01
2023,3,0.0,STATE FARM FIRE AND CASUALTY COMPANY,Closed,SFMA-133665660,2023-08-01
2023,3,0.0,STATE FARM MUTUAL AUTOMOBILE INSURANCE COMPANY,Closed,SFMA-133665660,2023-08-01
2023,3,0.0,STILLWATER INSURANCE COMPANY,Closed,FDLY-133704941,2023-07-01
2023,3,0.0,TEACHERS INSURANCE COMPANY,Closed,HRMN-133716400,2023-09-10
2023,3,0.0,TEXAS FARM BUREAU CASUALTY INSURANCE COMPANY,Closed,TXFB-133722105,2023-09-01
2023,3,0.0,TEXAS FARM BUREAU CASUALTY INSURANCE COMPANY,Closed,TXFB-133776082,2023-09-04
2023,3,0.0,TEXAS FARM BUREAU MUTUAL INSURANCE COMPANY,Closed,TXFB-133722105,2023-09-01
2023,3,0.0,TEXAS FARM BUREAU MUTUAL INSURANCE COMPANY,Closed,TXFB-133776082,2023-09-04
2023,3,0.0,TEXAS FARM BUREAU UNDERWRITERS,Closed,TXFB-133722105,2023-09-01
2023,3,0.0,TEXAS FARM BUREAU UNDERWRITERS,Closed,TXFB-133776082,2023-09-04
2023,3,0.0,"TRAVELERS HOME AND MARINE INSURANCE COMPANY, THE",Closed,TRVD-133736303,2023-08-20
2023,3,0.0,"TRAVELERS HOME AND MARINE INSURANCE COMPANY, THE",Closed,TRVD-133810470,2023-09-15
2023,3,0.0,"TRAVELERS INDEMNITY COMPANY OF AMERICA, THE",Closed,TRVD-133736235,2023-08-20
2023,3,0.0,"TRAVELERS INDEMNITY COMPANY OF CONNECTICUT, THE",Closed,TRVD-133736235,2023-08-20
2023,3,0.0,"TRAVELERS INDEMNITY COMPANY, THE",Closed,TRVD-133736235,2023-08-20
2023,3,0.0,TRAVELERS PERSONAL SECURITY INSURANCE COMPANY,Closed,TRVD-133736235,2023-08-20
2023,3,0.0,TREXIS ONE INSURANCE CORPORATION,Closed,VSGP-133733484,2023-07-28
2023,3,0.0,U S LLOYDS INSURANCE COMPANY,Closed,USLL-133764182,2023-09-01
2023,3,0.0,UNITED SECURITY INSURANCE COMPANY,Closed,USLH-133711638,2023-09-10
2023,3,0.0,VAULT RECIPROCAL EXCHANGE,Closed,SPIS-133733509,2023-09-05
2023,3,0.0,VISION INSURANCE COMPANY,Closed,PERR-133726928,2023-08-05
2023,3,0.0,XL SPECIALTY INSURANCE COMPANY,Closed,XLAM-133764545,2023-09-01
2023,3,0.0,YOUNG AMERICA INSURANCE COMPANY,Closed,PERR-133749931,2023-08-04
2023,3,0.1,HORACE MANN INSURANCE COMPANY,Closed,HRMN-133697506,2023-07-01
2023,3,0.1,HORACE MANN PROPERTY & CASUALTY INSURANCE COMPANY,Closed,HRMN-133697506,2023-07-01
2023,3,0.1,HORACE MANN PROPERTY & CASUALTY INSURANCE COMPANY,Closed,HRMN-133716400,2023-09-10
2023,3,0.1,TEACHERS INSURANCE COMPANY,Closed,HRMN-133697506,2023-07-01
2023,3,0.2,GOAUTO INSURANCE COMPANY,Closed,PERR-133736766,2023-08-10
2023,3,0.7,OLD AMERICAN COUNTY MUTUAL FIRE INSURANCE COMPANY,Closed,OAMF-133729335,2023-08-01
2023,3,2.2,UNITED SECURITY INSURANCE COMPANY,Closed,USLH-133632575,2023-07-09
2023,3,3.4,ALINSCO INSURANCE COMPANY,Closed,AINS-133754677,2023-09-01
2023,3,3.7,LIBERTY COUNTY MUTUAL INSURANCE COMPANY,Closed,LBPM-133705099,2023-09-28
2023,3,3.7,REDPOINT COUNTY MUTUAL INSURANCE COMPANY,Closed,SWCM-133666117,2023-07-16
2023,3,4.0,OLD AMERICAN COUNTY MUTUAL FIRE INSURANCE COMPANY,Closed,OAMF-133796476,2023-09-15
2023,3,4.2,HOME STATE COUNTY MUTUAL INSURANCE COMPANY,Closed,HMSG-133687324,2023-08-01
2023,3,4.4,OLD AMERICAN COUNTY MUTUAL FIRE INSURANCE COMPANY,Closed,OAMF-133709034,2023-07-14
2023,3,4.6,GERMANIA FIRE & CASUALTY COMPANY,Closed,GEIN-133718445,2023-07-10
2023,3,4.6,GERMANIA SELECT INSURANCE COMPANY,Closed,GEIN-133718445,2023-07-10
2023,3,4.7,GERMANIA INSURANCE COMPANY,Closed,GEIN-133718445,2023-07-10
2023,3,4.9,PROGRESSIVE COUNTY MUTUAL INSURANCE COMPANY,Closed,PRGS-133617838,2023-07-05
2023,3,5.0,OLD AMERICAN COUNTY MUTUAL FIRE INSURANCE COMPANY,Closed,OAMF-133689263,2023-07-01
2023,3,5.0,REDPOINT COUNTY MUTUAL INSURANCE COMPANY,Closed,SWCM-133762254,2023-09-01
2023,3,5.1,HOME STATE COUNTY MUTUAL INSURANCE COMPANY,Closed,HMSG-133733300,2023-07-10
2023,3,5.8,LIBERTY COUNTY MUTUAL INSURANCE COMPANY,Closed,LBPM-133698118,2023-09-21
2023,3,5.8,OLD AMERICAN COUNTY MUTUAL FIRE INSURANCE COMPANY,Closed,OAMF-133727182,2023-08-01
2023,3,5.9,HOME STATE COUNTY MUTUAL INSURANCE COMPANY,Closed,HMSG-133694428,2023-07-15
2023,3,6.0,TRUMBULL INSURANCE COMPANY,Closed,HART-133713396,2023-09-08
2023,3,6.3,LOYA INSURANCE COMPANY,Closed,PERR-133717838,2023-07-26
2023,3,6.4,ELEPHANT INSURANCE COMPANY,Closed,EINS-133665993,2023-07-16
2023,3,6.4,HOME STATE COUNTY MUTUAL INSURANCE COMPANY,Closed,HMSG-133736496,2023-08-19
2023,3,7.0,HOME STATE COUNTY MUTUAL INSURANCE COMPANY,Closed,HMSG-133693263,2023-07-15
2023,3,7.1,HOME STATE COUNTY MUTUAL INSURANCE COMPANY,Closed,HMSG-133697076,2023-07-15
2023,3,7.1,HOME STATE COUNTY MUTUAL INSURANCE COMPANY,Closed,HMSG-133750603,2023-09-01
2023,3,7.2,HOME STATE COUNTY MUTUAL INSURANCE COMPANY,Closed,HMSG-133659227,2023-07-05
2023,3,7.2,HOME STATE COUNTY MUTUAL INSURANCE COMPANY,Closed,HMSG-133701853,2023-07-15
2023,3,7.3,HOME STATE COUNTY MUTUAL INSURANCE COMPANY,Closed,HMSG-133686592,2023-08-01
2023,3,7.3,HOME STATE COUNTY MUTUAL INSURANCE COMPANY,Closed,HMSG-133701960,2023-07-15
2023,3,7.3,OLD AMERICAN COUNTY MUTUAL FIRE INSURANCE COMPANY,Closed,OAMF-133729367,2023-08-01
2023,3,7.5,REDPOINT COUNTY MUTUAL INSURANCE COMPANY,Closed,SWCM-133750316,2023-09-01
2023,3,7.6,NATIONWIDE MUTUAL INSURANCE COMPANY,Closed,NWPP-133648029,2023-07-01
2023,3,7.7,HOME STATE COUNTY MUTUAL INSURANCE COMPANY,Closed,HMSG-133700882,2023-07-15
2023,3,7.8,HOME STATE COUNTY MUTUAL INSURANCE COMPANY,Closed,HMSG-133693652,2023-07-15
2023,3,7.9,HOME STATE COUNTY MUTUAL INSURANCE COMPANY,Closed,HMSG-133750696,2023-09-01
2023,3,8.0,DAIRYLAND COUNTY MUTUAL INSURANCE COMPANY OF TEXAS,Closed,VKNG-133684056,2023-07-30
2023,3,8.0,HOME STATE COUNTY MUTUAL INSURANCE COMPANY,Closed,HMSG-133760546,2023-09-15
2023,3,8.1,REDPOINT COUNTY MUTUAL INSURANCE COMPANY,Closed,SWCM-133708004,2023-07-15
2023,3,8.2,NOBLR RECIPROCAL EXCHANGE,Closed,NOBL-133713446,2023-08-03
2023,3,8.2,REDPOINT COUNTY MUTUAL INSURANCE COMPANY,Closed,SWCM-133780501,2023-09-01
2023,3,8.5,HOME STATE COUNTY MUTUAL INSURANCE COMPANY,Closed,HMSG-133678389,2023-07-26
2023,3,8.6,HORACE MANN INSURANCE COMPANY,Closed,HRMN-133660798,2023-08-16
2023,3,8.7,HOME STATE COUNTY MUTUAL INSURANCE COMPANY,Closed,HMSG-133751951,2023-09-11
2023,3,8.7,HOME STATE COUNTY MUTUAL INSURANCE COMPANY,Closed,HMSG-133781804,2023-09-24
2023,3,8.7,UNITED SECURITY INSURANCE COMPANY,Closed,USLH-133766888,2023-09-13
2023,3,9.0,CALIFORNIA CASUALTY INDEMNITY EXCHANGE,Closed,CALC-133742979,2023-08-26
2023,3,9.0,HORACE MANN PROPERTY & CASUALTY INSURANCE COMPANY,Closed,HRMN-133660798,2023-08-16
2023,3,9.2,OLD AMERICAN COUNTY MUTUAL FIRE INSURANCE COMPANY,Closed,OAMF-133727029,2023-08-01
2023,3,9.2,TEACHERS INSURANCE COMPANY,Closed,HRMN-133660798,2023-08-16
2023,3,9.5,GEICO INDEMNITY COMPANY,Closed,GECC-133666144,2023-09-04
2023,3,9.5,OLD AMERICAN COUNTY MUTUAL FIRE INSURANCE COMPANY,Closed,OAMF-133758874,2023-09-01
2023,3,9.7,HOME STATE COUNTY MUTUAL INSURANCE COMPANY,Closed,HMSG-133737971,2023-08-15
2023,3,9.9,"MGA INSURANCE COMPANY, INC.",Closed,GNSC-133708953,2023-07-31
2023,3,9.9,OLD AMERICAN COUNTY MUTUAL FIRE INSURANCE COMPANY,Closed,OAMF-133794620,2023-09-28
2023,3,10.0,ANCHOR GENERAL INSURANCE COMPANY,Closed,AGIN-133685698,2023-08-05
2023,3,10.0,CLEARCOVER INSURANCE COMPANY,Closed,CLEA-133636024,2023-08-15
2023,3,10.1,FALCON INSURANCE COMPANY,Closed,FIGC-133705796,2023-07-15
2023,3,10.4,REDPOINT COUNTY MUTUAL INSURANCE COMPANY,Closed,SWCM-133737716,2023-09-15
2023,3,10.4,VISION INSURANCE COMPANY,Closed,PERR-133726982,2023-08-05
2023,3,10.7,HOME STATE COUNTY MUTUAL INSURANCE COMPANY,Closed,HMSG-133755209,2023-09-02
2023,3,11.0,OLD AMERICAN COUNTY MUTUAL FIRE INSURANCE COMPANY,Closed,OAMF-133763754,2023-09-01
2023,3,11.1,OLD AMERICAN COUNTY MUTUAL FIRE INSURANCE COMPANY,Closed,OAMF-133809300,2023-09-11
2023,3,11.2,OLD AMERICAN COUNTY MUTUAL FIRE INSURANCE COMPANY,Closed,OAMF-133707656,2023-07-19
2023,3,11.3,ELEPHANT INSURANCE COMPANY,Closed,EINS-133737948,2023-09-15
2023,3,11.4,MERCURY COUNTY MUTUAL INSURANCE COMPANY,Closed,MERY-133747770,2023-08-27
2023,3,11.5,OLD AMERICAN COUNTY MUTUAL FIRE INSURANCE COMPANY,Closed,OAMF-133809299,2023-09-11
2023,3,11.9,UNITED SECURITY INSURANCE COMPANY,Closed,USLH-133681301,2023-07-11
2023,3,12.1,INFINITY COUNTY MUTUAL INSURANCE COMPANY,Closed,NFNT-133714384,2023-07-31
2023,3,12.2,AMERICAN MODERN PROPERTY AND CASUALTY INSURANCE COMPANY,Closed,AMMH-133622290,2023-09-01
2023,3,13.0,OLD AMERICAN COUNTY MUTUAL FIRE INSURANCE COMPANY,Closed,OAMF-133727000,2023-08-01
2023,3,13.1,REDPOINT COUNTY MUTUAL INSURANCE COMPANY,Closed,SWCM-133752908,2023-09-01
2023,3,13.2,OLD AMERICAN COUNTY MUTUAL FIRE INSURANCE COMPANY,Closed,OAMF-133698736,2023-07-05
2023,3,13.7,HOME STATE COUNTY MUTUAL INSURANCE COMPANY,Closed,HMSG-133683872,2023-08-01
2023,3,13.8,BERKLEY INSURANCE COMPANY,Closed,BKON-133497761,2023-08-19
2023,3,13.9,ALLSTATE FIRE AND CASUALTY INSURANCE COMPANY,Closed,ALSE-133718381,2023-08-10
2023,3,13.9,HOME STATE COUNTY MUTUAL INSURANCE COMPANY,Closed,HMSG-133739596,2023-08-20
2023,3,14.1,WORTH INSURANCE COMPANY,Closed,AGWG-133688349,2023-08-01
2023,3,14.7,HOME STATE COUNTY MUTUAL INSURANCE COMPANY,Closed,HMSG-133750481,2023-09-04
2023,3,15.0,REDPOINT COUNTY MUTUAL INSURANCE COMPANY,Closed,SWCM-133647095,2023-07-22
2023,3,15.1,REDPOINT COUNTY MUTUAL INSURANCE COMPANY,Closed,SWCM-133723916,2023-08-15
2023,3,15.4,AMERICAN FAMILY CONNECT PROPERTY AND CASUALTY INSURANCE COMPANY,Closed,PRCA-133698621,2023-09-28
2023,3,15.5,AUTO CLUB COUNTY MUTUAL INSURANCE COMPANY,Closed,IACA-133607694,2023-09-01
2023,3,16.2,INFINITY COUNTY MUTUAL INSURANCE COMPANY,Closed,NFNT-133714336,2023-07-31
2023,3,16.7,COLONIAL COUNTY MUTUAL INSURANCE COMPANY,Closed,NWPP-133647574,2023-07-01
2023,3,17.5,ASSURANCEAMERICA INSURANCE COMPANY,Closed,ASRN-133680908,2023-07-18
2023,3,17.9,OLD AMERICAN COUNTY MUTUAL FIRE INSURANCE COMPANY,Closed,OAMF-133695948,2023-07-15
2023,3,17.9,REDPOINT COUNTY MUTUAL INSURANCE COMPANY,Closed,SWCM-133682028,2023-07-01
2023,3,18.8,HOME STATE COUNTY MUTUAL INSURANCE COMPANY,Closed,HMSG-133678351,2023-07-26
2023,3,19.8,HOME STATE COUNTY MUTUAL INSURANCE COMPANY,Closed,HMSG-133801402,2023-09-11
2023,3,19.9,PRIVILEGE UNDERWRITERS RECIPROCAL EXCHANGE,Closed,PRIV-133499885,2023-08-15
2023,3,19.9,STILLWATER INSURANCE COMPANY,Closed,FDLY-133559089,2023-07-30
2023,3,20.0,GO INSURANCE COMPANY,Closed,PERR-133669806,2023-08-03
2023,3,20.0,HARTFORD INSURANCE COMPANY OF THE MIDWEST,Closed,HART-133611169,2023-07-08
2023,3,20.2,REDPOINT COUNTY MUTUAL INSURANCE COMPANY,Closed,MOCC-133705885,2023-09-15
2023,3,20.4,REDPOINT COUNTY MUTUAL INSURANCE COMPANY,Closed,TSIS-133704783,2023-08-20
2023,3,21.9,OLD AMERICAN COUNTY MUTUAL FIRE INSURANCE COMPANY,Closed,OAMF-133706436,2023-07-12
2023,3,22.0,GOAUTO INSURANCE COMPANY,Closed,PERR-133705021,2023-07-13
2023,3,22.0,"TESLA PROPERTY & CASUALTY, INC.",Closed,TSIS-133708491,2023-08-20
2023,3,22.7,OLD AMERICAN COUNTY MUTUAL FIRE INSURANCE COMPANY,Closed,OAMF-133695880,2023-07-15
2023,3,23.8,BANKERS STANDARD INSURANCE COMPANY,Closed,ACEH-133472996,2023-07-09
2023,3,24.5,AMERICAN ACCESS CASUALTY COMPANY,Closed,AACI-133652911,2023-07-23
2023,3,25.5,KNIGHTBROOK INSURANCE COMPANY,Closed,PERR-133770867,2023-09-21
2023,3,27.9,REDPOINT COUNTY MUTUAL INSURANCE COMPANY,Closed,SWCM-133740331,2023-08-30
2023,3,29.0,ENCOMPASS INDEPENDENT INSURANCE COMPANY,Closed,ALSE-133719740,2023-08-10
2023,3,38.6,GATEWAY INSURANCE COMPANY,Closed,GTWY-133773091,2023-09-01
2023,4,-18.3,GM NATIONAL INSURANCE COMPANY,Closed,ONST-133873499,2023-11-03
2023,4,-18.0,GM NATIONAL INSURANCE COMPANY,Closed,ONST-133926986,2023-12-22
2023,4,-0.3,GEICO TEXAS COUNTY MUTUAL INSURANCE COMPANY,Closed,GECC-133750766,2023-10-29
2023,4,-0.2,UNITED SECURITY INSURANCE COMPANY,Pending,USLH-133796021,2023-12-31
2023,4,-0.1,ALLSTATE FIRE AND CASUALTY INSURANCE COMPANY,Closed,ALSE-133794968,2023-10-19
2023,4,-0.1,AMERICAN ACCESS CASUALTY COMPANY,Closed,AACI-133829661,2023-12-08
2023,4,-0.1,GEICO COUNTY MUTUAL INSURANCE COMPANY,Closed,GECC-133750766,2023-10-29
2023,4,0.0,"ACUITY, A MUTUAL INSURANCE COMPANY",Closed,ACUT-133797882,2023-10-28
2023,4,0.0,"ACUITY, A MUTUAL INSURANCE COMPANY",Closed,ACUT-133866149,2023-11-15
2023,4,0.0,AIG PROPERTY CASUALTY COMPANY,Closed,APCG-133747307,2023-12-09
2023,4,0.0,ALLSTATE COUNTY MUTUAL INSURANCE COMPANY,Closed,ALSE-133786807,2023-10-19
2023,4,0.0,ALLSTATE COUNTY MUTUAL INSURANCE COMPANY,Closed,ALSE-133845039,2023-10-06
2023,4,0.0,ALLSTATE INDEMNITY COMPANY,Closed,ALSE-133786842,2023-10-19
2023,4,0.0,ALLSTATE INSURANCE COMPANY,Closed,ALSE-133786842,2023-10-19
2023,4,0.0,ALLSTATE INSURANCE COMPANY,Closed,ALSE-133845039,2023-10-06
2023,4,0.0,ALLSTATE PROPERTY AND CASUALTY INSURANCE COMPANY,Closed,ALSE-133786842,2023-10-19
2023,4,0.0,ALLSTATE PROPERTY AND CASUALTY INSURANCE COMPANY,Closed,ALSE-133845039,2023-10-06
2023,4,0.0,AMERICAN BANKERS INSURANCE COMPANY OF FLORIDA,Closed,ASPX-133748656,2023-12-01
2023,4,0.0,AMERICAN FAMILY CONNECT PROPERTY AND CASUALTY INSURANCE COMPANY,Closed,PRCA-133824000,2023-11-06
2023,4,0.0,AMICA MUTUAL INSURANCE COMPANY,Closed,AMMA-133811354,2023-11-01
2023,4,0.0,AMICA PROPERTY AND CASUALTY INSURANCE COMPANY,Closed,AMMA-133811354,2023-11-01
2023,4,0.0,"ANYWHERE INSURANCE SERVICES, LLC",Closed,MOCC-133750720,2023-11-01
2023,4,0.0,"ANYWHERE INSURANCE SERVICES, LLC",Closed,MOCC-133809016,2023-11-01
2023,4,-0.0,BRANCH INSURANCE EXCHANGE,Closed,BRFI-134067755,2023-12-29
2023,4,0.0,CHUBB LLOYDS INSURANCE COMPANY OF TEXAS,Closed,ACEH-133805418,2023-11-01
2023,4,0.0,CHUBB NATIONAL INSURANCE COMPANY,Closed,ACEH-133805418,2023-11-01
2023,4,0.0,"CIMARRON INSURANCE COMPANY, INC.",Closed,MILE-133813470,2023-11-21
2023,4,0.0,"CIMARRON INSURANCE COMPANY, INC.",Closed,MILE-133833607,2023-11-21
2023,4,0.0,"CINCINNATI CASUALTY COMPANY, THE",Closed,CNNB-133702374,2023-10-01
2023,4,0.0,"CINCINNATI CASUALTY COMPANY, THE",Closed,CNNB-133758928,2023-10-01
2023,4,0.0,"CINCINNATI INSURANCE COMPANY, THE",Closed,CNNB-133699426,2023-10-01
2023,4,0.0,"CINCINNATI INSURANCE COMPANY, THE",Closed,CNNB-133758783,2023-10-01
2023,4,0.0,ECONOMY FIRE & CASUALTY COMPANY,Closed,FAIG-133865212,2023-12-29
2023,4,0.0,ELEPHANT INSURANCE COMPANY,Closed,EINS-133797521,2023-11-07
2023,4,0.0,ELEPHANT INSURANCE COMPANY,Closed,EINS-133821389,2023-12-02
2023,4,0.0,ESURANCE INSURANCE COMPANY,Closed,ALSE-133839417,2023-10-03
2023,4,0.0,ESURANCE INSURANCE COMPANY,Closed,ALSE-133851512,2023-12-07
2023,4,0.0,ESURANCE INSURANCE COMPANY,Closed,ALSE-133861569,2023-10-20
2023,4,0.0,ESURANCE PROPERTY AND CASUALTY INSURANCE COMPANY,Closed,ALSE-133851977,2023-12-07
2023,4,0.0,FALCON INSURANCE COMPANY,Closed,FIGC-133795980,2023-10-06
2023,4,0.0,FEDERAL INSURANCE COMPANY,Closed,ACEH-133805418,2023-11-01
2023,4,0.0,FOREMOST COUNTY MUTUAL INSURANCE COMPANY,Closed,BRWS-133850981,2023-12-15
2023,4,0.0,FOREMOST COUNTY MUTUAL INSURANCE COMPANY,Closed,FORE-133209558,2023-12-01
2023,4,0.0,FOREMOST COUNTY MUTUAL INSURANCE COMPANY,Closed,FORE-133678874,2023-12-01
2023,4,0.0,FOREMOST COUNTY MUTUAL INSURANCE COMPANY,Closed,FORE-133736040,2023-12-01
2023,4,0.0,FOREMOST COUNTY MUTUAL INSURANCE COMPANY,Closed,FORE-133736183,2023-12-01
2023,4,0.0,"FOREMOST INSURANCE COMPANY GRAND RAPIDS, MICHIGAN",Closed,FORE-133736239,2023-11-15
2023,4,0.0,"FOREMOST INSURANCE COMPANY GRAND RAPIDS, MICHIGAN",Closed,FORE-133736295,2023-12-01
2023,4,0.0,"FOREMOST INSURANCE COMPANY GRAND RAPIDS, MICHIGAN",Closed,MRTN-133655234,2023-11-01
2023,4,0.0,"FOREMOST INSURANCE COMPANY GRAND RAPIDS, MICHIGAN",Closed,MRTN-133655257,2023-11-01
2023,4,0.0,FOREMOST PROPERTY AND CASUALTY INSURANCE COMPANY,Closed,FORE-133736101,2023-12-01
2023,4,0.0,GARRISON PROPERTY AND CASUALTY INSURANCE COMPANY,Closed,USAA-133743721,2023-11-15
2023,4,0.0,GARRISON PROPERTY AND CASUALTY INSURANCE COMPANY,Closed,USAA-133883089,2023-11-15
2023,4,0.0,GATEWAY INSURANCE COMPANY,Closed,GTWY-133678435,2023-11-03
2023,4,0.0,GEICO GENERAL INSURANCE COMPANY,Closed,GECC-133728632,2023-10-22
2023,4,0.0,GEICO TEXAS COUNTY MUTUAL INSURANCE COMPANY,Closed,GECC-133787963,2023-12-24
2023,4,0.0,GENERAL INSURANCE COMPANY OF AMERICA,Closed,LBPM-133816040,2023-11-22
2023,4,0.0,GM NATIONAL INSURANCE COMPANY,Closed,ONST-133842754,2023-10-12
2023,4,0.0,GM NATIONAL INSURANCE COMPANY,Pending,ONST-133726126,2023-10-02
2023,4,0.0,GO INSURANCE COMPANY,Closed,PERR-133834892,2023-10-08
2023,4,0.0,GREAT NORTHERN INSURANCE COMPANY,Closed,ACEH-133805418,2023-11-01
2023,4,0.0,HOME STATE COUNTY MUTUAL INSURANCE COMPANY,Closed,HMSG-133798364,2023-10-28
2023,4,0.0,HOME STATE COUNTY MUTUAL INSURANCE COMPANY,Closed,HMSG-133831515,2023-11-10
2023,4,0.0,HOME STATE COUNTY MUTUAL INSURANCE COMPANY,Closed,HMSG-133831644,2023-11-10
2023,4,0.0,HOME STATE COUNTY MUTUAL INSURANCE COMPANY,Closed,HMSG-133837685,2023-11-10
2023,4,0.0,HOME STATE COUNTY MUTUAL INSURANCE COMPANY,Closed,HMSG-133838272,2023-11-10
2023,4,0.0,HOME STATE COUNTY MUTUAL INSURANCE COMPANY,Closed,HMSG-133839144,2023-11-10
2023,4,0.0,HOME STATE COUNTY MUTUAL INSURANCE COMPANY,Closed,HMSG-133839169,2023-11-10
2023,4,0.0,HOME STATE COUNTY MUTUAL INSURANCE COMPANY,Closed,HMSG-133839259,2023-11-10
2023,4,0.0,HOME STATE COUNTY MUTUAL INSURANCE COMPANY,Closed,HMSG-133841249,2023-11-10
2023,4,0.0,HOME STATE COUNTY MUTUAL INSURANCE COMPANY,Closed,HMSG-133841255,2023-11-10
2023,4,0.0,HOME STATE COUNTY MUTUAL INSURANCE COMPANY,Closed,HMSG-133841682,2023-11-10
2023,4,0.0,HOME STATE COUNTY MUTUAL INSURANCE COMPANY,Closed,HMSG-133851173,2023-12-07
2023,4,0.0,HOME STATE COUNTY MUTUAL INSURANCE COMPANY,Closed,HMSG-133871352,2023-11-15
2023,4,0.0,"INSURANCE SERVICES OFFICE, INC.",Closed,ISOF-133934755,2023-12-26
2023,4,0.0,LIBERTY COUNTY MUTUAL INSURANCE COMPANY,Closed,LBPM-133751913,2023-11-22
2023,4,0.0,LIBERTY COUNTY MUTUAL INSURANCE COMPANY,Closed,LBPM-133810531,2023-11-22
2023,4,0.0,LIBERTY COUNTY MUTUAL INSURANCE COMPANY,Closed,LBPM-133812819,2023-11-22
2023,4,0.0,LIBERTY COUNTY MUTUAL INSURANCE COMPANY,Closed,LBPM-133813486,2023-11-22
2023,4,0.0,LIBERTY COUNTY MUTUAL INSURANCE COMPANY,Closed,LBPM-133816040,2023-11-22
2023,4,0.0,LOYA INSURANCE COMPANY,Closed,PERR-133832137,2023-11-09
2023,4,0.0,LOYA INSURANCE COMPANY,Closed,PERR-133900256,2023-12-04
2023,4,0.0,"MGA INSURANCE COMPANY, INC.",Closed,GNSC-133833038,2023-10-01
2023,4,0.0,MIDVALE INDEMNITY COMPANY,Closed,HMSS-133749883,2023-10-05
2023,4,0.0,"OCTO ANALYTICS, LLC",Closed,OCTO-133832548,2023-10-06
2023,4,0.0,PACIFIC INDEMNITY COMPANY,Closed,ACEH-133805418,2023-11-01
2023,4,0.0,REDPOINT COUNTY MUTUAL INSURANCE COMPANY,Closed,HART-133797970,2023-12-17
2023,4,0.0,REDPOINT COUNTY MUTUAL INSURANCE COMPANY,Closed,SWCM-133798535,2023-11-07
2023,4,0.0,REDPOINT COUNTY MUTUAL INSURANCE COMPANY,Closed,SWCM-133798563,2023-11-07
2023,4,0.0,REDPOINT COUNTY MUTUAL INSURANCE COMPANY,Closed,SWCM-133805223,2023-11-15
2023,4,0.0,REDPOINT COUNTY MUTUAL INSURANCE COMPANY,Closed,SWCM-133821402,2023-12-02
2023,4,0.0,REDPOINT COUNTY MUTUAL INSURANCE COMPANY,Closed,SWCM-133821405,2023-12-02
2023,4,0.0,REDPOINT COUNTY MUTUAL INSURANCE COMPANY,Closed,TSIS-133760510,2023-10-06
2023,4,0.0,"RIVERSTONE INTERNATIONAL INSURANCE, INC.",Closed,ELEC-133768613,2023-10-01
2023,4,0.0,SAFECO INSURANCE COMPANY OF AMERICA,Closed,LBPM-133816040,2023-11-22
2023,4,0.0,SAFECO INSURANCE COMPANY OF ILLINOIS,Closed,LBPM-133816040,2023-11-22
2023,4,0.0,SAFECO LLOYDS INSURANCE COMPANY,Closed,LBPM-133816040,2023-11-22
2023,4,0.0,SPINNAKER INSURANCE COMPANY,Closed,MILE-133759066,2023-10-11
2023,4,0.0,STATE FARM FIRE AND CASUALTY COMPANY,Closed,SFMA-133817321,2023-11-13
2023,4,0.0,STILLWATER INSURANCE COMPANY,Closed,FDLY-133795352,2023-11-03
2023,4,0.0,"TESLA PROPERTY & CASUALTY, INC.",Closed,TSIS-133762394,2023-10-06
2023,4,0.0,UNITED SERVICES AUTOMOBILE ASSOCIATION,Closed,USAA-133743721,2023-11-15
2023,4,0.0,UNITED SERVICES AUTOMOBILE ASSOCIATION,Closed,USAA-133883089,2023-11-15
2023,4,0.0,USAA CASUALTY INSURANCE COMPANY,Closed,USAA-133743721,2023-11-15
2023,4,0.0,USAA CASUALTY INSURANCE COMPANY,Closed,USAA-133883089,2023-11-15
2023,4,0.0,USAA GENERAL INDEMNITY COMPANY,Closed,USAA-133743721,2023-11-15
2023,4,0.0,USAA GENERAL INDEMNITY COMPANY,Closed,USAA-133883089,2023-11-15
2023,4,0.0,VIGILANT INSURANCE COMPANY,Closed,ACEH-133805418,2023-11-01
2023,4,0.1,REDPOINT COUNTY MUTUAL INSURANCE COMPANY,Closed,SWCM-133831888,2023-11-15
2023,4,0.2,HARTFORD INSURANCE COMPANY OF THE MIDWEST,Closed,HART-133868221,2023-12-09
2023,4,0.2,"SENTINEL INSURANCE COMPANY, LTD.",Closed,HART-133867742,2023-12-09
2023,4,0.2,"SENTINEL INSURANCE COMPANY, LTD.",Closed,HART-133868221,2023-12-09
2023,4,0.2,TRUMBULL INSURANCE COMPANY,Closed,HART-133867733,2023-12-09
2023,4,0.2,TRUMBULL INSURANCE COMPANY,Closed,HART-133868221,2023-12-09
2023,4,0.5,"MGA INSURANCE COMPANY, INC.",Closed,GNSC-133840403,2023-11-08
2023,4,2.9,HOME STATE COUNTY MUTUAL INSURANCE COMPANY,Closed,HMSG-133849303,2023-11-17
2023,4,3.1,HOME STATE COUNTY MUTUAL INSURANCE COMPANY,Closed,HMSG-133790679,2023-10-07
2023,4,3.2,HOME STATE COUNTY MUTUAL INSURANCE COMPANY,Closed,HMSG-133846539,2023-11-17
2023,4,3.4,REDPOINT COUNTY MUTUAL INSURANCE COMPANY,Closed,SWCM-133847015,2023-12-15
2023,4,3.5,ALLSTATE INSURANCE COMPANY,Closed,ALSE-133793769,2023-10-19
2023,4,3.5,REDPOINT COUNTY MUTUAL INSURANCE COMPANY,Closed,CLIN-133862431,2023-12-06
2023,4,3.7,HOME STATE COUNTY MUTUAL INSURANCE COMPANY,Closed,HMSG-133793897,2023-11-01
2023,4,4.2,QUALITAS INSURANCE COMPANY,Closed,QUIC-133784755,2023-10-15
2023,4,4.3,OLD AMERICAN COUNTY MUTUAL FIRE INSURANCE COMPANY,Closed,OAMF-133873660,2023-12-01
2023,4,4.4,HOME STATE COUNTY MUTUAL INSURANCE COMPANY,Closed,HMSG-133872009,2023-12-01
2023,4,4.5,REDPOINT COUNTY MUTUAL INSURANCE COMPANY,Closed,SWCM-133789738,2023-10-15
2023,4,4.6,"FOREMOST INSURANCE COMPANY GRAND RAPIDS, MICHIGAN",Closed,FORE-133711327,2023-12-01
2023,4,4.6,OLD AMERICAN COUNTY MUTUAL FIRE INSURANCE COMPANY,Closed,OAMF-133830164,2023-11-01
2023,4,4.6,OLD AMERICAN COUNTY MUTUAL FIRE INSURANCE COMPANY,Closed,OAMF-133830349,2023-11-01
2023,4,4.6,OLD AMERICAN COUNTY MUTUAL FIRE INSURANCE COMPANY,Closed,OAMF-133873570,2023-12-01
2023,4,4.7,OLD AMERICAN COUNTY MUTUAL FIRE INSURANCE COMPANY,Closed,OAMF-133830314,2023-11-01
2023,4,4.7,OLD AMERICAN COUNTY MUTUAL FIRE INSURANCE COMPANY,Closed,OAMF-133873779,2023-12-01
2023,4,4.8,FOREMOST COUNTY MUTUAL INSURANCE COMPANY,Closed,BRWS-133768100,2023-10-29
2023,4,4.8,GEICO SECURE INSURANCE COMPANY,Closed,GECC-133728632,2023-10-22
2023,4,4.9,OLD AMERICAN COUNTY MUTUAL FIRE INSURANCE COMPANY,Closed,OAMF-133830288,2023-11-01
2023,4,4.9,PROGRESSIVE COUNTY MUTUAL INSURANCE COMPANY,Closed,PRGS-133819629,2023-11-02
2023,4,5.0,OLD AMERICAN COUNTY MUTUAL FIRE INSURANCE COMPANY,Closed,OAMF-133833639,2023-10-15
2023,4,5.0,PROGRESSIVE COUNTY MUTUAL INSURANCE COMPANY,Closed,PRGS-133822639,2023-11-02
2023,4,5.0,REDPOINT COUNTY MUTUAL INSURANCE COMPANY,Closed,SWCM-133836768,2023-11-22
2023,4,5.1,OLD AMERICAN COUNTY MUTUAL FIRE INSURANCE COMPANY,Closed,OAMF-133798776,2023-10-07
2023,4,5.3,HOME STATE COUNTY MUTUAL INSURANCE COMPANY,Closed,HMSG-133786982,2023-10-07
2023,4,5.4,GEICO CHOICE INSURANCE COMPANY,Closed,GECC-133728632,2023-10-22
2023,4,5.8,OLD AMERICAN COUNTY MUTUAL FIRE INSURANCE COMPANY,Closed,OAMF-133830301,2023-11-01
2023,4,5.9,MID-CENTURY INSURANCE COMPANY OF TEXAS,Closed,FARM-133806956,2023-10-22
2023,4,6.0,FARMERS TEXAS COUNTY MUTUAL INSURANCE COMPANY,Closed,FARM-133850071,2023-10-22
2023,4,6.0,FARMERS TEXAS COUNTY MUTUAL INSURANCE COMPANY,Closed,FARM-133851747,2023-10-22
2023,4,6.0,HOME STATE COUNTY MUTUAL INSURANCE COMPANY,Closed,HMSG-133875521,2023-12-21
2023,4,6.0,HOME STATE COUNTY MUTUAL INSURANCE COMPANY,Closed,HMSG-133881493,2023-12-16
2023,4,6.3,FOREMOST COUNTY MUTUAL INSURANCE COMPANY,Closed,FORE-133769224,2023-12-01
2023,4,6.4,DAIRYLAND COUNTY MUTUAL INSURANCE COMPANY OF TEXAS,Closed,VKNG-133786143,2023-10-25
2023,4,6.6,HOME STATE COUNTY MUTUAL INSURANCE COMPANY,Closed,HMSG-133793915,2023-11-01
2023,4,6.7,GEICO COUNTY MUTUAL INSURANCE COMPANY,Closed,GECC-133728632,2023-10-22
2023,4,6.7,REDPOINT COUNTY MUTUAL INSURANCE COMPANY,Closed,SWCM-133783189,2023-10-01
2023,4,7.0,FARMERS DIRECT PROPERTY AND CASUALTY INSURANCE COMPANY,Closed,FAIG-133864513,2023-12-29
2023,4,7.0,GEICO ADVANTAGE INSURANCE COMPANY,Closed,GECC-133728632,2023-10-22
2023,4,7.0,GEICO TEXAS COUNTY MUTUAL INSURANCE COMPANY,Closed,GECC-133728632,2023-10-22
2023,4,7.0,OLD AMERICAN COUNTY MUTUAL FIRE INSURANCE COMPANY,Closed,OAMF-133830105,2023-11-01
2023,4,7.0,WORTH INSURANCE COMPANY,Closed,AGWG-133802424,2023-11-01
2023,4,7.1,FOREMOST COUNTY MUTUAL INSURANCE COMPANY,Closed,FORE-133767850,2023-12-01
2023,4,7.1,FOREMOST COUNTY MUTUAL INSURANCE COMPANY,Closed,FORE-133769228,2023-12-01
2023,4,7.1,FOREMOST COUNTY MUTUAL INSURANCE COMPANY,Closed,FORE-133776317,2023-12-01
2023,4,7.2,GEICO INDEMNITY COMPANY,Closed,GECC-133728632,2023-10-22
2023,4,7.3,OLD AMERICAN COUNTY MUTUAL FIRE INSURANCE COMPANY,Closed,OAMF-133812523,2023-10-18
2023,4,7.5,HOME STATE COUNTY MUTUAL INSURANCE COMPANY,Closed,HMSG-133786970,2023-10-07
2023,4,7.7,HOME STATE COUNTY MUTUAL INSURANCE COMPANY,Closed,HMSG-133789806,2023-10-07
2023,4,7.9,OLD AMERICAN COUNTY MUTUAL FIRE INSURANCE COMPANY,Closed,OAMF-133850106,2023-11-15
2023,4,7.9,OLD AMERICAN COUNTY MUTUAL FIRE INSURANCE COMPANY,Closed,OAMF-133850131,2023-11-15
2023,4,7.9,REDPOINT COUNTY MUTUAL INSURANCE COMPANY,Closed,SWCM-133782808,2023-10-01
2023,4,8.0,AMICA MUTUAL INSURANCE COMPANY,Closed,AMMA-133658920,2023-10-01
2023,4,8.0,FARMERS GROUP PROPERTY AND CASUALTY INSURANCE COMPANY,Closed,FAIG-133864513,2023-12-29
2023,4,8.1,OLD AMERICAN COUNTY MUTUAL FIRE INSURANCE COMPANY,Closed,OAMF-133889980,2023-12-15
2023,4,8.2,LIBERTY COUNTY MUTUAL INSURANCE COMPANY,Closed,LBPM-133825496,2023-12-27
2023,4,8.4,REDPOINT COUNTY MUTUAL INSURANCE COMPANY,Closed,SWCM-133857584,2023-12-01
2023,4,8.5,FARMERS LLOYDS INSURANCE COMPANY OF TEXAS,Closed,FAIG-133864936,2023-12-29
2023,4,8.6,AMICA PROPERTY AND CASUALTY INSURANCE COMPANY,Closed,AMMA-133658903,2023-10-01
2023,4,8.6,REDPOINT COUNTY MUTUAL INSURANCE COMPANY,Closed,SWCM-133808659,2023-10-15
2023,4,9.0,ALLSTATE INDEMNITY COMPANY,Closed,ALSE-133793653,2023-10-19
2023,4,9.2,FARMERS TEXAS COUNTY MUTUAL INSURANCE COMPANY,Closed,FARM-133766981,2023-11-01
2023,4,9.2,HOME STATE COUNTY MUTUAL INSURANCE COMPANY,Closed,HMSG-133790704,2023-10-07
2023,4,9.3,HOME STATE COUNTY MUTUAL INSURANCE COMPANY,Closed,HMSG-133789733,2023-10-07
2023,4,9.5,INFINITY COUNTY MUTUAL INSURANCE COMPANY,Closed,NFNT-133872806,2023-12-02
2023,4,9.5,INFINITY COUNTY MUTUAL INSURANCE COMPANY,Closed,NFNT-133872854,2023-12-02
2023,4,9.5,REDPOINT COUNTY MUTUAL INSURANCE COMPANY,Closed,SWCM-133793939,2023-10-11
2023,4,9.5,REDPOINT COUNTY MUTUAL INSURANCE COMPANY,Closed,SWCM-133806760,2023-11-01
2023,4,9.6,HOME STATE COUNTY MUTUAL INSURANCE COMPANY,Closed,HMSG-133889088,2023-12-20
2023,4,9.9,CENTRAL INSURANCE COMPANY,Closed,CEMC-133718207,2023-11-01
2023,4,9.9,LOYA INSURANCE COMPANY,Closed,PERR-133834620,2023-11-08
2023,4,10.0,GOVERNMENT EMPLOYEES INSURANCE COMPANY,Closed,GECC-133728632,2023-10-22
2023,4,10.0,OLD AMERICAN COUNTY MUTUAL FIRE INSURANCE COMPANY,Closed,OAMF-133831948,2023-11-02
2023,4,10.3,REDPOINT COUNTY MUTUAL INSURANCE COMPANY,Closed,SWCM-133802213,2023-10-10
2023,4,10.5,OLD AMERICAN COUNTY MUTUAL FIRE INSURANCE COMPANY,Closed,OAMF-133843288,2023-11-09
2023,4,10.7,ALLSTATE PROPERTY AND CASUALTY INSURANCE COMPANY,Closed,ALSE-133793725,2023-10-19
2023,4,10.8,REDPOINT COUNTY MUTUAL INSURANCE COMPANY,Closed,SWCM-133773448,2023-10-04
2023,4,11.0,FARMERS CASUALTY INSURANCE COMPANY,Closed,FAIG-133864513,2023-12-29
2023,4,12.6,COLONIAL COUNTY MUTUAL INSURANCE COMPANY,Closed,NWPP-133733064,2023-10-15
2023,4,12.7,REDPOINT COUNTY MUTUAL INSURANCE COMPANY,Closed,SWCM-133842912,2023-11-30
2023,4,12.9,ALLSTATE COUNTY MUTUAL INSURANCE COMPANY,Closed,ALSE-133793910,2023-10-19
2023,4,13.0,REDPOINT COUNTY MUTUAL INSURANCE COMPANY,Closed,HART-133808375,2023-12-17
2023,4,13.0,STATE FARM MUTUAL AUTOMOBILE INSURANCE COMPANY,Closed,SFMA-133817321,2023-11-13
2023,4,13.5,HOME STATE COUNTY MUTUAL INSURANCE COMPANY,Closed,HMSG-133827213,2023-11-01
2023,4,13.7,CONSUMERS COUNTY MUTUAL INSURANCE COMPANY,Closed,CCMC-133867469,2023-12-24
2023,4,13.7,"FOREMOST INSURANCE COMPANY GRAND RAPIDS, MICHIGAN",Closed,FORE-133769407,2023-12-15
2023,4,14.0,HOME STATE COUNTY MUTUAL INSURANCE COMPANY,Closed,HMSG-133810704,2023-10-18
2023,4,14.4,LIBERTY COUNTY MUTUAL INSURANCE COMPANY,Closed,LBPM-133675559,2023-11-11
2023,4,14.5,ALLSTATE COUNTY MUTUAL INSURANCE COMPANY,Closed,ALSE-133793871,2023-10-19
2023,4,14.6,OLD AMERICAN COUNTY MUTUAL FIRE INSURANCE COMPANY,Closed,OAMF-133862897,2023-11-16
2023,4,15.0,LIBERTY COUNTY MUTUAL INSURANCE COMPANY,Closed,LBPM-133833447,2023-11-14
2023,4,15.2,REDPOINT COUNTY MUTUAL INSURANCE COMPANY,Closed,SWCM-133749045,2023-10-01
2023,4,16.1,GERMANIA FIRE & CASUALTY COMPANY,Closed,GEIN-133838219,2023-10-15
2023,4,16.1,GERMANIA INSURANCE COMPANY,Closed,GEIN-133838219,2023-10-15
2023,4,16.1,GERMANIA SELECT INSURANCE COMPANY,Closed,GEIN-133838219,2023-10-15
2023,4,16.1,HOME STATE COUNTY MUTUAL INSURANCE COMPANY,Closed,HMSG-133843642,2023-10-15
2023,4,16.3,HOME STATE COUNTY MUTUAL INSURANCE COMPANY,Closed,HMSG-133812116,2023-10-18
2023,4,16.5,TRUMBULL INSURANCE COMPANY,Closed,HART-133848743,2023-12-22
2023,4,16.8,STATE FARM COUNTY MUTUAL INSURANCE COMPANY OF TEXAS,Closed,SFMA-133817321,2023-11-13
2023,4,17.0,"MGA INSURANCE COMPANY, INC.",Closed,GNSC-133821962,2023-11-07
2023,4,17.7,ANCHOR GENERAL INSURANCE COMPANY,Closed,AGIN-133775014,2023-11-05
2023,4,17.7,REDPOINT COUNTY MUTUAL INSURANCE COMPANY,Closed,PERR-133839576,2023-12-01
2023,4,18.0,FARMERS PROPERTY AND CASUALTY INSURANCE COMPANY,Closed,FAIG-133806610,2023-11-22
2023,4,18.0,REDPOINT COUNTY MUTUAL INSURANCE COMPANY,Closed,SWCM-133850436,2023-12-04
2023,4,18.4,"SENTINEL INSURANCE COMPANY, LTD.",Closed,HART-133849009,2023-12-22
2023,4,18.9,"FIRST ACCEPTANCE INSURANCE COMPANY, INC.",Closed,FRST-133857582,2023-11-16
2023,4,19.8,TEXAS FARM BUREAU MUTUAL INSURANCE COMPANY,Closed,TXFB-133828167,2023-11-15
2023,4,19.9,TEXAS FARM BUREAU CASUALTY INSURANCE COMPANY,Closed,TXFB-133828167,2023-11-15
2023,4,20.1,TEXAS FARM BUREAU UNDERWRITERS,Closed,TXFB-133828167,2023-11-15
2023,4,20.4,FARM BUREAU COUNTY MUTUAL INSURANCE COMPANY OF TEXAS,Closed,TXFB-133828167,2023-11-15
2023,4,20.5,FALCON INSURANCE COMPANY,Closed,FIGC-133821793,2023-10-27
2023,4,24.4,ENCOMPASS INDEPENDENT INSURANCE COMPANY,Closed,ALSE-133853039,2023-11-30
2023,4,24.7,BRANCH INSURANCE EXCHANGE,Closed,BRFI-133879883,2023-12-27
2023,4,27.1,ENCOMPASS INDEMNITY COMPANY,Closed,ALSE-133852899,2023-11-30
2023,4,29.9,AIG PROPERTY CASUALTY COMPANY,Closed,APCG-133630770,2023-10-01
2023,4,32.9,AMERICAN NATIONAL COUNTY MUTUAL INSURANCE COMPANY,Closed,ANPC-133604455,2023-11-04
2024,1,-2.6,HOCHHEIM PRAIRIE CASUALTY INSURANCE COMPANY,Closed,HOCH-133863317,2024-01-01
2024,1,-0.7,HOME STATE COUNTY MUTUAL INSURANCE COMPANY,Closed,HMSG-133925558,2024-02-20
2024,1,-0.6,ELEPHANT INSURANCE COMPANY,Closed,EINS-133882388,2024-03-26
2024,1,-0.6,HOME STATE COUNTY MUTUAL INSURANCE COMPANY,Closed,HMSG-133996046,2024-03-28
2024,1,-0.4,REDPOINT COUNTY MUTUAL INSURANCE COMPANY,Closed,SWCM-133883960,2024-03-26
2024,1,-0.2,BRANCH INSURANCE EXCHANGE,Closed,BRFI-134095218,2024-03-24
2024,1,-0.1,STATE FARM MUTUAL AUTOMOBILE INSURANCE COMPANY,Closed,SFMA-133814554,2024-01-01
2024,1,0.0,ALLSTATE PROPERTY AND CASUALTY INSURANCE COMPANY,Closed,ALSE-133966363,2024-02-05
2024,1,0.0,AMERICAN MODERN PROPERTY AND CASUALTY INSURANCE COMPANY,Closed,AMMH-133768220,2024-02-03
2024,1,0.0,AMERICAN NATIONAL COUNTY MUTUAL INSURANCE COMPANY,Closed,ANPC-133750434,2024-02-07
2024,1,0.0,AMICA MUTUAL INSURANCE COMPANY,Closed,AMMA-133802280,2024-01-01
2024,1,0.0,AMICA MUTUAL INSURANCE COMPANY,Closed,AMMA-133921336,2024-01-01
2024,1,0.0,AMICA PROPERTY AND CASUALTY INSURANCE COMPANY,Closed,AMMA-133802280,2024-01-01
2024,1,0.0,AMICA PROPERTY AND CASUALTY INSURANCE COMPANY,Closed,AMMA-133921336,2024-01-01
2024,1,0.0,ASSURANCEAMERICA INSURANCE COMPANY,Closed,ASRN-133913718,2024-01-01
2024,1,0.0,ASSURANCEAMERICA INSURANCE COMPANY,Closed,ASRN-133953895,2024-01-22
2024,1,0.0,"AUTOMOBILE INSURANCE COMPANY OF HARTFORD, CONNECTICUT, THE",Closed,TRVD-134018463,2024-03-15
2024,1,0.0,"CIMARRON INSURANCE COMPANY, INC.",Closed,EXSL-133939308,2024-02-29
2024,1,0.0,CONSUMERS COUNTY MUTUAL INSURANCE COMPANY,Closed,CCMC-134022474,2024-03-15
2024,1,0.0,DAIRYLAND COUNTY MUTUAL INSURANCE COMPANY OF TEXAS,Closed,VKNG-133901629,2024-01-01
2024,1,0.0,ESSENTIA INSURANCE COMPANY,Closed,ESSN-133844146,2024-01-01
2024,1,0.0,FARMERS TEXAS COUNTY MUTUAL INSURANCE COMPANY,Closed,FARM-133958942,2024-03-25
2024,1,0.0,FARMERS TEXAS COUNTY MUTUAL INSURANCE COMPANY,Closed,FARM-133959054,2024-03-25
2024,1,0.0,"FOREMOST INSURANCE COMPANY GRAND RAPIDS, MICHIGAN",Closed,MRTN-133726532,2024-01-01
2024,1,0.0,"FOREMOST INSURANCE COMPANY GRAND RAPIDS, MICHIGAN",Closed,MRTN-133726537,2024-01-01
2024,1,0.0,GARRISON PROPERTY AND CASUALTY INSURANCE COMPANY,Closed,USAA-133776514,2024-02-01
2024,1,0.0,GEICO TEXAS COUNTY MUTUAL INSURANCE COMPANY,Closed,GECC-133858873,2024-02-01
2024,1,0.0,GERMANIA FIRE & CASUALTY COMPANY,Closed,GEIN-133899763,2024-01-01
2024,1,0.0,GERMANIA INSURANCE COMPANY,Closed,GEIN-133899763,2024-01-01
2024,1,0.0,GERMANIA SELECT INSURANCE COMPANY,Closed,GEIN-133899763,2024-01-01
2024,1,0.0,GM NATIONAL INSURANCE COMPANY,Closed,ONST-133881601,2024-01-12
2024,1,0.0,HOME STATE COUNTY MUTUAL INSURANCE COMPANY,Closed,HMSG-133919448,2024-01-01
2024,1,0.0,HOME STATE COUNTY MUTUAL INSURANCE COMPANY,Closed,HMSG-133944679,2024-01-23
2024,1,0.0,HOME STATE COUNTY MUTUAL INSURANCE COMPANY,Closed,HMSG-133945360,2024-01-23
2024,1,0.0,HOME STATE COUNTY MUTUAL INSURANCE COMPANY,Closed,HMSG-133945476,2024-01-23
2024,1,0.0,HOME STATE COUNTY MUTUAL INSURANCE COMPANY,Closed,HMSG-134003639,2024-03-28
2024,1,0.0,INFINITY COUNTY MUTUAL INSURANCE COMPANY,Closed,NFNT-133872322,2024-01-06
2024,1,0.0,INFINITY COUNTY MUTUAL INSURANCE COMPANY,Closed,NFNT-133872705,2024-01-06
2024,1,0.0,INSUREMAX INSURANCE COMPANY,Closed,ASRN-133913718,2024-01-01
2024,1,0.0,INSUREMAX INSURANCE COMPANY,Closed,ASRN-133989383,2024-02-13
2024,1,0.0,LOYA INSURANCE COMPANY,Closed,PERR-133956704,2024-01-29
2024,1,0.0,MID-CENTURY INSURANCE COMPANY OF TEXAS,Closed,FARM-133959224,2024-03-25
2024,1,0.0,PRIVILEGE UNDERWRITERS RECIPROCAL EXCHANGE,Closed,PRIV-133754675,2024-01-01
2024,1,0.0,PROGRESSIVE COUNTY MUTUAL INSURANCE COMPANY,Closed,PRGS-134033333,2024-03-21
2024,1,0.0,PROGRESSIVE COUNTY MUTUAL INSURANCE COMPANY,Closed,PRGS-134033337,2024-03-21
2024,1,0.0,REDPOINT COUNTY MUTUAL INSURANCE COMPANY,Closed,MOCC-133854908,2024-01-01
2024,1,0.0,REDPOINT COUNTY MUTUAL INSURANCE COMPANY,Closed,SWCM-133883980,2024-03-26
2024,1,0.0,"SENTINEL INSURANCE COMPANY, LTD.",Closed,HART-134003709,2024-02-29
2024,1,0.0,STATE FARM FIRE AND CASUALTY COMPANY,Closed,SFMA-133814554,2024-01-01
2024,1,0.0,"TRAVELERS HOME AND MARINE INSURANCE COMPANY, THE",Closed,TRVD-134018358,2024-03-15
2024,1,0.0,TRUMBULL INSURANCE COMPANY,Closed,HART-134003539,2024-02-29
2024,1,0.0,UNITED SERVICES AUTOMOBILE ASSOCIATION,Closed,USAA-133776514,2024-02-01
2024,1,0.0,USAA CASUALTY INSURANCE COMPANY,Closed,USAA-133776514,2024-02-01
2024,1,0.0,USAA GENERAL INDEMNITY COMPANY,Closed,USAA-133776514,2024-02-01
2024,1,0.0,VAULT RECIPROCAL EXCHANGE,Closed,SPIS-133884439,2024-02-01
2024,1,0.2,STATE FARM COUNTY MUTUAL INSURANCE COMPANY OF TEXAS,Closed,SFMA-133814554,2024-01-01
2024,1,1.2,HOCHHEIM PRAIRIE CASUALTY INSURANCE COMPANY,Closed,HOCH-133932718,2024-02-01
2024,1,1.4,OLD AMERICAN COUNTY MUTUAL FIRE INSURANCE COMPANY,Closed,OAMF-133977394,2024-03-01
2024,1,1.7,OLD AMERICAN COUNTY MUTUAL FIRE INSURANCE COMPANY,Closed,OAMF-133977462,2024-03-01
2024,1,2.8,HALLMARK COUNTY MUTUAL INSURANCE COMPANY,Closed,PHXN-133901873,2024-01-08
2024,1,3.3,OLD AMERICAN COUNTY MUTUAL FIRE INSURANCE COMPANY,Closed,OAMF-133921034,2024-01-15
2024,1,3.5,HOME STATE COUNTY MUTUAL INSURANCE COMPANY,Closed,HMSG-133953396,2024-02-29
2024,1,3.6,OLD AMERICAN COUNTY MUTUAL FIRE INSURANCE COMPANY,Closed,OAMF-133977482,2024-03-01
2024,1,3.7,HOME STATE COUNTY MUTUAL INSURANCE COMPANY,Closed,HMSG-134004009,2024-03-28
2024,1,3.9,ALINSCO INSURANCE COMPANY,Closed,AINS-133947198,2024-02-15
2024,1,4.3,OLD AMERICAN COUNTY MUTUAL FIRE INSURANCE COMPANY,Closed,OAMF-133904705,2024-01-01
2024,1,4.3,OLD AMERICAN COUNTY MUTUAL FIRE INSURANCE COMPANY,Closed,OAMF-133904732,2024-01-01
2024,1,4.5,GERMANIA FIRE & CASUALTY COMPANY,Closed,GEIN-133933939,2024-01-07
2024,1,4.5,GERMANIA INSURANCE COMPANY,Closed,GEIN-133933939,2024-01-07
2024,1,4.5,GERMANIA SELECT INSURANCE COMPANY,Closed,GEIN-133933939,2024-01-07
2024,1,4.5,HOME STATE COUNTY MUTUAL INSURANCE COMPANY,Closed,HMSG-133941798,2024-01-07
2024,1,4.5,OLD AMERICAN COUNTY MUTUAL FIRE INSURANCE COMPANY,Closed,OAMF-133928943,2024-02-01
2024,1,4.6,HOME STATE COUNTY MUTUAL INSURANCE COMPANY,Closed,HMSG-133896104,2024-02-01
2024,1,5.1,HOME STATE COUNTY MUTUAL INSURANCE COMPANY,Closed,HMSG-133997212,2024-03-28
2024,1,5.2,OLD AMERICAN COUNTY MUTUAL FIRE INSURANCE COMPANY,Closed,OAMF-133929540,2024-02-01
2024,1,5.4,ESURANCE INSURANCE COMPANY,Closed,ALSE-133900083,2024-01-25
2024,1,5.4,HOME STATE COUNTY MUTUAL INSURANCE COMPANY,Closed,HMSG-133998596,2024-03-28
2024,1,5.4,HOME STATE COUNTY MUTUAL INSURANCE COMPANY,Closed,HMSG-133998994,2024-03-28
2024,1,5.5,OLD AMERICAN COUNTY MUTUAL FIRE INSURANCE COMPANY,Closed,OAMF-133906849,2024-01-01
2024,1,5.5,OLD AMERICAN COUNTY MUTUAL FIRE INSURANCE COMPANY,Closed,OAMF-133989631,2024-03-15
2024,1,5.7,OLD AMERICAN COUNTY MUTUAL FIRE INSURANCE COMPANY,Closed,OAMF-133982939,2024-03-16
2024,1,6.0,HOME STATE COUNTY MUTUAL INSURANCE COMPANY,Closed,HMSG-133914400,2024-01-14
2024,1,6.0,OLD AMERICAN COUNTY MUTUAL FIRE INSURANCE COMPANY,Closed,OAMF-133923131,2024-01-01
2024,1,6.0,OLD AMERICAN COUNTY MUTUAL FIRE INSURANCE COMPANY,Closed,OAMF-133929109,2024-02-01
2024,1,6.2,MERCURY COUNTY MUTUAL INSURANCE COMPANY,Closed,MERY-133897303,2024-02-15
2024,1,6.4,HOME STATE COUNTY MUTUAL INSURANCE COMPANY,Closed,HMSG-133999408,2024-03-28
2024,1,6.4,HOME STATE COUNTY MUTUAL INSURANCE COMPANY,Closed,HMSG-134000457,2024-03-28
2024,1,6.6,OLD AMERICAN COUNTY MUTUAL FIRE INSURANCE COMPANY,Closed,OAMF-133928254,2024-02-01
2024,1,6.7,OLD AMERICAN COUNTY MUTUAL FIRE INSURANCE COMPANY,Closed,OAMF-133948351,2024-02-19
2024,1,6.9,HOME STATE COUNTY MUTUAL INSURANCE COMPANY,Closed,HMSG-134002613,2024-03-28
2024,1,6.9,OLD AMERICAN COUNTY MUTUAL FIRE INSURANCE COMPANY,Closed,OAMF-133928199,2024-02-01
2024,1,7.0,HOME STATE COUNTY MUTUAL INSURANCE COMPANY,Closed,HMSG-133990585,2024-03-23
2024,1,7.1,HOME STATE COUNTY MUTUAL INSURANCE COMPANY,Closed,HMSG-133892435,2024-02-01
2024,1,7.1,OLD AMERICAN COUNTY MUTUAL FIRE INSURANCE COMPANY,Closed,OAMF-133946576,2024-02-10
2024,1,7.2,DAIRYLAND COUNTY MUTUAL INSURANCE COMPANY OF TEXAS,Closed,VKNG-133914273,2024-02-07
2024,1,7.3,ESSENTIA INSURANCE COMPANY,Closed,ESSN-133605358,2024-02-01
2024,1,8.2,REDPOINT COUNTY MUTUAL INSURANCE COMPANY,Closed,SWCM-133958663,2024-03-06
2024,1,8.4,OLD AMERICAN COUNTY MUTUAL FIRE INSURANCE COMPANY,Closed,OAMF-133929483,2024-02-01
2024,1,9.0,HOME STATE COUNTY MUTUAL INSURANCE COMPANY,Closed,HMSG-133952341,2024-03-04
2024,1,9.1,OLD AMERICAN COUNTY MUTUAL FIRE INSURANCE COMPANY,Closed,OAMF-133931947,2024-02-01
2024,1,9.2,OLD AMERICAN COUNTY MUTUAL FIRE INSURANCE COMPANY,Closed,OAMF-133975060,2024-03-07
2024,1,9.5,HOME STATE COUNTY MUTUAL INSURANCE COMPANY,Closed,HMSG-133896458,2024-02-01
2024,1,9.5,UNITED SECURITY INSURANCE COMPANY,Closed,USLH-133943071,2024-01-30
2024,1,9.7,HOME STATE COUNTY MUTUAL INSURANCE COMPANY,Closed,HMSG-133914415,2024-01-14
2024,1,9.9,HOME STATE COUNTY MUTUAL INSURANCE COMPANY,Closed,HMSG-133913700,2024-01-14
2024,1,9.9,HOME STATE COUNTY MUTUAL INSURANCE COMPANY,Closed,HMSG-133948181,2024-02-02
2024,1,10.0,LIBERTY COUNTY MUTUAL INSURANCE COMPANY,Closed,LBPM-133885284,2024-01-01
2024,1,10.0,REDPOINT COUNTY MUTUAL INSURANCE COMPANY,Closed,SWCM-133959527,2024-03-01
2024,1,10.1,FIRST CHICAGO INSURANCE COMPANY,Closed,FCLH-133943075,2024-03-04
2024,1,10.1,REDPOINT COUNTY MUTUAL INSURANCE COMPANY,Closed,SWCM-133899263,2024-02-01
2024,1,10.3,SAFEWAY INSURANCE COMPANY,Closed,PERR-133787203,2024-03-01
2024,1,10.4,HOME STATE COUNTY MUTUAL INSURANCE COMPANY,Closed,HMSG-133912169,2024-01-14
2024,1,10.5,REDPOINT COUNTY MUTUAL INSURANCE COMPANY,Closed,SWCM-133946502,2024-03-01
2024,1,10.6,HOME STATE COUNTY MUTUAL INSURANCE COMPANY,Closed,HMSG-133912244,2024-01-14
2024,1,10.6,REDPOINT COUNTY MUTUAL INSURANCE COMPANY,Closed,SWCM-133844318,2024-01-01
2024,1,10.7,WORTH INSURANCE COMPANY,Closed,AGWG-133884084,2024-02-01
2024,1,10.9,REDPOINT COUNTY MUTUAL INSURANCE COMPANY,Closed,SWCM-133902074,2024-01-15
2024,1,11.9,SAFECO INSURANCE COMPANY OF ILLINOIS,Closed,LBPM-133805806,2024-02-15
2024,1,12.0,NATIONWIDE MUTUAL INSURANCE COMPANY,Closed,NWPP-133825485,2024-01-01
2024,1,12.0,SAFECO INSURANCE COMPANY OF AMERICA,Closed,LBPM-133805806,2024-02-15
2024,1,12.0,SAFECO LLOYDS INSURANCE COMPANY,Closed,LBPM-133805806,2024-02-15
2024,1,12.0,SPINNAKER INSURANCE COMPANY,Closed,WOOD-133847019,2024-01-15
2024,1,12.1,GENERAL INSURANCE COMPANY OF AMERICA,Closed,LBPM-133805806,2024-02-15
2024,1,13.0,HOME STATE COUNTY MUTUAL INSURANCE COMPANY,Closed,HMSG-133901991,2024-01-01
2024,1,13.3,OLD AMERICAN COUNTY MUTUAL FIRE INSURANCE COMPANY,Closed,OAMF-133870144,2024-01-15
2024,1,14.7,REDPOINT COUNTY MUTUAL INSURANCE COMPANY,Closed,SWCM-133903587,2024-01-10
2024,1,14.8,TEACHERS INSURANCE COMPANY,Closed,HRMN-133865953,2024-02-01
2024,1,15.0,AMERICAN FAMILY CONNECT PROPERTY AND CASUALTY INSURANCE COMPANY,Closed,PRCA-133984908,2024-03-28
2024,1,15.1,HORACE MANN PROPERTY & CASUALTY INSURANCE COMPANY,Closed,HRMN-133865953,2024-02-01
2024,1,15.2,HORACE MANN INSURANCE COMPANY,Closed,HRMN-133865953,2024-02-01
2024,1,15.4,REDPOINT COUNTY MUTUAL INSURANCE COMPANY,Closed,SWCM-133890510,2024-01-01
2024,1,15.5,HOME STATE COUNTY MUTUAL INSURANCE COMPANY,Closed,HMSG-133913616,2024-01-14
2024,1,15.6,COLONIAL COUNTY MUTUAL INSURANCE COMPANY,Closed,NWPP-133824269,2024-01-01
2024,1,16.6,REDPOINT COUNTY MUTUAL INSURANCE COMPANY,Closed,SWCM-133959548,2024-03-01
2024,1,17.5,CLEARCOVER INSURANCE COMPANY,Closed,CLEA-133892062,2024-03-06
2024,1,18.1,INTEGON INDEMNITY CORPORATION,Closed,GMMX-133867925,2024-01-20
2024,1,18.4,HOME STATE COUNTY MUTUAL INSURANCE COMPANY,Closed,HMSG-133919094,2024-01-20
2024,1,18.5,AGRICULTURAL WORKERS MUTUAL AUTO INSURANCE COMPANY,Closed,AGWG-133802380,2024-01-01
2024,1,18.7,AGRICULTURAL WORKERS MUTUAL AUTO INSURANCE COMPANY,Closed,AGWG-133802382,2024-01-01
2024,1,20.0,HOME STATE COUNTY MUTUAL INSURANCE COMPANY,Closed,HMSG-133825353,2024-02-01
2024,1,20.1,REDPOINT COUNTY MUTUAL INSURANCE COMPANY,Closed,SWCM-133946491,2024-03-01
2024,1,22.1,REDPOINT COUNTY MUTUAL INSURANCE COMPANY,Closed,SWCM-133890520,2024-01-01
2024,1,22.3,OLD AMERICAN COUNTY MUTUAL FIRE INSURANCE COMPANY,Closed,OAMF-133950242,2024-02-01
2024,1,23.0,SENTRY SELECT INSURANCE COMPANY,Closed,VKNG-133889779,2024-01-14
2024,1,25.0,TREXIS ONE INSURANCE CORPORATION,Closed,VSGP-133940434,2024-02-02
2024,1,26.7,OLD AMERICAN COUNTY MUTUAL FIRE INSURANCE COMPANY,Closed,OAMF-133933877,2024-02-01
2024,2,-2.2,GEICO TEXAS COUNTY MUTUAL INSURANCE COMPANY,Closed,GECC-133950446,2024-04-24
2024,2,-1.3,FOREMOST COUNTY MUTUAL INSURANCE COMPANY,Closed,BRWS-134099752,2024-06-19
2024,2,0.0,ALLSTATE COUNTY MUTUAL INSURANCE COMPANY,Closed,ALSE-133944539,2024-04-25
2024,2,0.0,ALLSTATE COUNTY MUTUAL INSURANCE COMPANY,Closed,ALSE-133944573,2024-04-25
2024,2,0.0,ALLSTATE COUNTY MUTUAL INSURANCE COMPANY,Closed,ALSE-133944610,2024-05-30
2024,2,0.0,ALLSTATE COUNTY MUTUAL INSURANCE COMPANY,Closed,ALSE-133945883,2024-05-30
2024,2,0.0,ALLSTATE FIRE AND CASUALTY INSURANCE COMPANY,Closed,ALSE-133948162,2024-04-25
2024,2,0.0,ALLSTATE INDEMNITY COMPANY,Closed,ALSE-133944300,2024-04-25
2024,2,0.0,ALLSTATE INSURANCE COMPANY,Closed,ALSE-133944189,2024-05-30
2024,2,0.0,ALLSTATE INSURANCE COMPANY,Closed,ALSE-133944261,2024-04-25
2024,2,0.0,ALLSTATE INSURANCE COMPANY,Closed,ALSE-133945854,2024-05-30
2024,2,0.0,ALLSTATE PROPERTY AND CASUALTY INSURANCE COMPANY,Closed,ALSE-133944251,2024-04-25
2024,2,0.0,ALLSTATE PROPERTY AND CASUALTY INSURANCE COMPANY,Closed,ALSE-133944515,2024-04-25
2024,2,0.0,ALLSTATE PROPERTY AND CASUALTY INSURANCE COMPANY,Closed,ALSE-133944601,2024-05-30
2024,2,0.0,ALLSTATE PROPERTY AND CASUALTY INSURANCE COMPANY,Closed,ALSE-133945805,2024-05-30
2024,2,0.0,ANCHOR GENERAL INSURANCE COMPANY,Closed,AGIN-133960658,2024-04-05
2024,2,0.0,ASSURANCEAMERICA INSURANCE COMPANY,Closed,ASRN-134090125,2024-06-06
2024,2,0.0,"CIMARRON INSURANCE COMPANY, INC.",Closed,MILE-134012540,2024-04-01
2024,2,0.0,COLONIAL COUNTY MUTUAL INSURANCE COMPANY,Closed,NWPP-133980654,2024-05-01
2024,2,0.0,"CONNECTED ANALYTICS SERVICES, LLC",Closed,CASL-134096354,2024-05-07
2024,2,0.0,ESURANCE INSURANCE COMPANY,Closed,ALSE-134083709,2024-05-30
2024,2,0.0,FARMERS PROPERTY AND CASUALTY INSURANCE COMPANY,Closed,FAIG-134041015,2024-05-27
2024,2,0.0,GARRISON PROPERTY AND CASUALTY INSURANCE COMPANY,Closed,USAA-133871712,2024-05-16
2024,2,0.0,GEICO ADVANTAGE INSURANCE COMPANY,Closed,GECC-133940971,2024-04-11
2024,2,0.0,GEICO CHOICE INSURANCE COMPANY,Closed,GECC-133940971,2024-04-11
2024,2,0.0,GEICO COUNTY MUTUAL INSURANCE COMPANY,Closed,GECC-133940971,2024-04-11
2024,2,0.0,GEICO GENERAL INSURANCE COMPANY,Closed,GECC-133940971,2024-04-11
2024,2,0.0,GEICO INDEMNITY COMPANY,Closed,GECC-133940971,2024-04-11
2024,2,0.0,GEICO SECURE INSURANCE COMPANY,Closed,GECC-133940971,2024-04-11
2024,2,0.0,GEICO TEXAS COUNTY MUTUAL INSURANCE COMPANY,Closed,GECC-133940971,2024-04-11
2024,2,0.0,GM NATIONAL INSURANCE COMPANY,Closed,ONST-134065760,2024-06-13
2024,2,0.0,GOAUTO INSURANCE COMPANY,Closed,GAIC-133995725,2024-06-24
2024,2,0.0,GOVERNMENT EMPLOYEES INSURANCE COMPANY,Closed,GECC-133940971,2024-04-11
2024,2,0.0,HOME STATE COUNTY MUTUAL INSURANCE COMPANY,Closed,HMSG-134095978,2024-05-30
2024,2,0.0,HORACE MANN INSURANCE COMPANY,Closed,HRMN-133992882,2024-05-01
2024,2,0.0,HORACE MANN PROPERTY & CASUALTY INSURANCE COMPANY,Closed,HRMN-133992882,2024-05-01
2024,2,0.0,IMPERIAL FIRE AND CASUALTY INSURANCE COMPANY,Closed,GMMX-134042442,2024-05-27
2024,2,0.0,INSUREMAX INSURANCE COMPANY,Closed,ASRN-134091149,2024-06-06
2024,2,0.0,LOYA INSURANCE COMPANY,Closed,PERR-134122190,2024-05-27
2024,2,0.0,MID-CENTURY INSURANCE COMPANY OF TEXAS,Closed,FARM-134023184,2024-04-22
2024,2,0.0,MID-CENTURY INSURANCE COMPANY OF TEXAS,Closed,FARM-134025520,2024-04-22
2024,2,0.0,NATIONWIDE MUTUAL INSURANCE COMPANY,Closed,NWPP-133980654,2024-05-01
2024,2,0.0,OLD AMERICAN COUNTY MUTUAL FIRE INSURANCE COMPANY,Closed,OAMF-134063651,2024-05-18
2024,2,0.0,OLD AMERICAN COUNTY MUTUAL FIRE INSURANCE COMPANY,Closed,OAMF-134085627,2024-06-01
2024,2,0.0,OLD AMERICAN COUNTY MUTUAL FIRE INSURANCE COMPANY,Closed,OAMF-134108014,2024-05-17
2024,2,0.0,OLD AMERICAN COUNTY MUTUAL FIRE INSURANCE COMPANY,Closed,OAMF-134157365,2024-06-25
2024,2,0.0,REDPOINT COUNTY MUTUAL INSURANCE COMPANY,Closed,SWCM-134024737,2024-05-15
2024,2,0.0,REDPOINT COUNTY MUTUAL INSURANCE COMPANY,Closed,SWCM-134087673,2024-05-28
2024,2,0.0,SPINNAKER INSURANCE COMPANY,Closed,MILE-134012690,2024-04-01
2024,2,0.0,STATE FARM CLASSIC INSURANCE COMPANY,Closed,SFCI-133559370,2024-04-01
2024,2,0.0,STATE FARM FIRE AND CASUALTY COMPANY,Closed,SFMA-134013524,2024-05-13
2024,2,0.0,TEACHERS INSURANCE COMPANY,Closed,HRMN-133992882,2024-05-01
2024,2,0.0,UNITED SECURITY INSURANCE COMPANY,Closed,USLH-133955143,2024-04-19
2024,2,0.0,UNITED SERVICES AUTOMOBILE ASSOCIATION,Closed,USAA-133871712,2024-05-16
2024,2,0.0,USAA CASUALTY INSURANCE COMPANY,Closed,USAA-133871712,2024-05-16
2024,2,0.0,USAA GENERAL INDEMNITY COMPANY,Closed,USAA-133871712,2024-05-16
2024,2,0.0,VISION INSURANCE COMPANY,Closed,PERR-134122401,2024-05-27
2024,2,0.8,FOREMOST COUNTY MUTUAL INSURANCE COMPANY,Closed,BRWS-133942272,2024-04-29
2024,2,0.9,REDPOINT COUNTY MUTUAL INSURANCE COMPANY,Closed,PERR-134078594,2024-06-01
2024,2,1.5,OLD AMERICAN COUNTY MUTUAL FIRE INSURANCE COMPANY,Closed,OAMF-134088197,2024-06-01
2024,2,1.6,OLD AMERICAN COUNTY MUTUAL FIRE INSURANCE COMPANY,Closed,OAMF-134088166,2024-06-01
2024,2,2.1,USAA GENERAL INDEMNITY COMPANY,Closed,USAA-133920624,2024-04-01
2024,2,2.3,OLD AMERICAN COUNTY MUTUAL FIRE INSURANCE COMPANY,Closed,OAMF-134100312,2024-06-12
2024,2,2.5,REDPOINT COUNTY MUTUAL INSURANCE COMPANY,Closed,SWCM-134006722,2024-04-17
2024,2,2.6,REDPOINT COUNTY MUTUAL INSURANCE COMPANY,Closed,SWCM-133968363,2024-04-01
2024,2,2.6,STATE FARM COUNTY MUTUAL INSURANCE COMPANY OF TEXAS,Closed,SFMA-134013524,2024-05-13
2024,2,2.8,USAA CASUALTY INSURANCE COMPANY,Closed,USAA-133920624,2024-04-01
2024,2,2.9,REDPOINT COUNTY MUTUAL INSURANCE COMPANY,Closed,SWCM-133991813,2024-04-01
2024,2,3.0,OLD AMERICAN COUNTY MUTUAL FIRE INSURANCE COMPANY,Closed,OAMF-134047961,2024-05-01
2024,2,3.3,OLD AMERICAN COUNTY MUTUAL FIRE INSURANCE COMPANY,Closed,OAMF-134012533,2024-05-01
2024,2,3.4,OLD AMERICAN COUNTY MUTUAL FIRE INSURANCE COMPANY,Closed,OAMF-134012186,2024-05-01
2024,2,3.6,"MGA INSURANCE COMPANY, INC.",Closed,GNSC-134038998,2024-05-07
2024,2,3.7,HOME STATE COUNTY MUTUAL INSURANCE COMPANY,Closed,HMSG-133973483,2024-04-05
2024,2,3.8,STATE FARM MUTUAL AUTOMOBILE INSURANCE COMPANY,Closed,SFMA-134013524,2024-05-13
2024,2,4.0,FARMERS GROUP PROPERTY AND CASUALTY INSURANCE COMPANY,Closed,FAIG-134003486,2024-05-29
2024,2,4.0,UNITED SERVICES AUTOMOBILE ASSOCIATION,Closed,USAA-133920624,2024-04-01
2024,2,4.2,HOME STATE COUNTY MUTUAL INSURANCE COMPANY,Closed,HMSG-134021214,2024-05-01
2024,2,4.8,OLD AMERICAN COUNTY MUTUAL FIRE INSURANCE COMPANY,Closed,OAMF-134012211,2024-05-01
2024,2,5.0,GARRISON PROPERTY AND CASUALTY INSURANCE COMPANY,Closed,USAA-133920624,2024-04-01
2024,2,5.1,OLD AMERICAN COUNTY MUTUAL FIRE INSURANCE COMPANY,Closed,OAMF-134046012,2024-05-01
2024,2,5.6,WORTH INSURANCE COMPANY,Closed,AGWG-133998160,2024-05-01
2024,2,5.9,FARMERS CASUALTY INSURANCE COMPANY,Closed,FAIG-134003486,2024-05-29
2024,2,6.0,AMERICAN NATIONAL COUNTY MUTUAL INSURANCE COMPANY,Closed,ANPC-133818824,2024-05-04
2024,2,6.0,FARMERS TEXAS COUNTY MUTUAL INSURANCE COMPANY,Closed,FARM-134061752,2024-04-22
2024,2,6.0,FARMERS TEXAS COUNTY MUTUAL INSURANCE COMPANY,Closed,FARM-134061762,2024-04-22
2024,2,6.0,OLD AMERICAN COUNTY MUTUAL FIRE INSURANCE COMPANY,Closed,OAMF-134106096,2024-06-01
2024,2,6.4,OLD AMERICAN COUNTY MUTUAL FIRE INSURANCE COMPANY,Closed,OAMF-134088189,2024-06-01
2024,2,6.9,"TESLA PROPERTY & CASUALTY, INC.",Closed,TSIS-134021009,2024-05-20
2024,2,7.0,GREAT NORTHERN INSURANCE COMPANY,Closed,ACEH-133843585,2024-04-06
2024,2,7.0,GREAT NORTHERN INSURANCE COMPANY,Closed,ACEH-133889021,2024-04-06
2024,2,7.1,CHUBB LLOYDS INSURANCE COMPANY OF TEXAS,Closed,ACEH-133843585,2024-04-06
2024,2,7.1,CHUBB LLOYDS INSURANCE COMPANY OF TEXAS,Closed,ACEH-133889021,2024-04-06
2024,2,7.1,HOME STATE COUNTY MUTUAL INSURANCE COMPANY,Closed,HMSG-134018899,2024-05-01
2024,2,7.2,HALLMARK COUNTY MUTUAL INSURANCE COMPANY,Closed,PHXN-133994390,2024-04-01
2024,2,7.4,FEDERAL INSURANCE COMPANY,Closed,ACEH-133843585,2024-04-06
2024,2,7.4,FEDERAL INSURANCE COMPANY,Closed,ACEH-133889021,2024-04-06
2024,2,7.7,PACIFIC INDEMNITY COMPANY,Closed,ACEH-133843550,2024-04-06
2024,2,7.8,FALCON INSURANCE COMPANY,Closed,FIGC-134068570,2024-05-26
2024,2,7.8,FARMERS LLOYDS INSURANCE COMPANY OF TEXAS,Closed,FAIG-134066976,2024-06-29
2024,2,7.8,NOBLR RECIPROCAL EXCHANGE,Closed,NOBL-133927156,2024-04-25
2024,2,7.9,FARMERS DIRECT PROPERTY AND CASUALTY INSURANCE COMPANY,Closed,FAIG-134003486,2024-05-29
2024,2,7.9,HALLMARK COUNTY MUTUAL INSURANCE COMPANY,Closed,PHXN-134072655,2024-06-03
2024,2,8.0,ECONOMY FIRE & CASUALTY COMPANY,Closed,FAIG-134067015,2024-06-29
2024,2,8.2,ASSURANCEAMERICA INSURANCE COMPANY,Closed,ASRN-134103846,2024-06-18
2024,2,8.2,CHUBB NATIONAL INSURANCE COMPANY,Closed,ACEH-133843550,2024-04-06
2024,2,8.3,OLD AMERICAN COUNTY MUTUAL FIRE INSURANCE COMPANY,Closed,OAMF-134061995,2024-05-10
2024,2,8.4,VIGILANT INSURANCE COMPANY,Closed,ACEH-133843550,2024-04-06
2024,2,8.6,OLD AMERICAN COUNTY MUTUAL FIRE INSURANCE COMPANY,Closed,OAMF-134045951,2024-05-01
2024,2,9.0,REDPOINT COUNTY MUTUAL INSURANCE COMPANY,Closed,SWCM-134084588,2024-06-01
2024,2,9.6,CENTRAL INSURANCE COMPANY,Closed,CEMC-133954526,2024-06-01
2024,2,9.9,OLD AMERICAN COUNTY MUTUAL FIRE INSURANCE COMPANY,Closed,OAMF-134037042,2024-04-20
2024,2,9.9,OLD AMERICAN COUNTY MUTUAL FIRE INSURANCE COMPANY,Closed,OAMF-134106333,2024-06-15
2024,2,10.0,"CINCINNATI CASUALTY COMPANY, THE",Closed,CNNB-133815763,2024-05-01
2024,2,10.0,"CINCINNATI INSURANCE COMPANY, THE",Closed,CNNB-133815759,2024-05-01
2024,2,10.1,HOME STATE COUNTY MUTUAL INSURANCE COMPANY,Closed,HMSG-134008045,2024-04-01
2024,2,10.2,REDPOINT COUNTY MUTUAL INSURANCE COMPANY,Closed,SWCM-134051219,2024-05-15
2024,2,10.4,REDPOINT COUNTY MUTUAL INSURANCE COMPANY,Closed,SWCM-134069653,2024-06-15
2024,2,11.8,HOME STATE COUNTY MUTUAL INSURANCE COMPANY,Closed,HMSG-134012520,2024-04-05
2024,2,12.0,REDPOINT COUNTY MUTUAL INSURANCE COMPANY,Closed,SWCM-134041913,2024-05-11
2024,2,12.3,REDPOINT COUNTY MUTUAL INSURANCE COMPANY,Closed,SWCM-133988018,2024-05-13
2024,2,13.5,OLD AMERICAN COUNTY MUTUAL FIRE INSURANCE COMPANY,Closed,OAMF-134045985,2024-05-01
2024,2,14.9,AMICA PROPERTY AND CASUALTY INSURANCE COMPANY,Closed,AMMA-133918625,2024-04-01
2024,2,15.0,AMICA MUTUAL INSURANCE COMPANY,Closed,AMMA-133918665,2024-04-01
2024,2,15.1,HOME STATE COUNTY MUTUAL INSURANCE COMPANY,Closed,HMSG-134021812,2024-05-01
2024,2,15.5,ELEPHANT INSURANCE COMPANY,Closed,EINS-133985865,2024-05-13
2024,2,15.8,"CIMARRON INSURANCE COMPANY, INC.",Closed,MILE-133912131,2024-04-24
2024,2,16.2,REDPOINT COUNTY MUTUAL INSURANCE COMPANY,Closed,SWCM-134074164,2024-06-01
2024,2,17.0,QUALITAS INSURANCE COMPANY,Closed,QUIC-134006727,2024-04-15
2024,2,18.2,LIBERTY COUNTY MUTUAL INSURANCE COMPANY,Closed,LBPM-133930111,2024-06-04
2024,2,18.2,OLD AMERICAN COUNTY MUTUAL FIRE INSURANCE COMPANY,Closed,OAMF-133965212,2024-04-15
2024,2,18.5,FARMERS PROPERTY AND CASUALTY INSURANCE COMPANY,Closed,FAIG-133976217,2024-04-08
2024,2,19.0,REDPOINT COUNTY MUTUAL INSURANCE COMPANY,Closed,PERR-134001165,2024-04-01
2024,2,19.1,FARMERS TEXAS COUNTY MUTUAL INSURANCE COMPANY,Closed,FARM-134004108,2024-05-27
2024,2,19.7,REDPOINT COUNTY MUTUAL INSURANCE COMPANY,Closed,SWCM-133967438,2024-04-08
2024,2,19.7,REDPOINT COUNTY MUTUAL INSURANCE COMPANY,Closed,SWCM-133977250,2024-04-08
2024,2,19.9,STILLWATER INSURANCE COMPANY,Closed,FDLY-133943849,2024-04-29
2024,2,20.0,HOME STATE COUNTY MUTUAL INSURANCE COMPANY,Closed,HMSG-134061390,2024-06-28
2024,2,20.2,HOME STATE COUNTY MUTUAL INSURANCE COMPANY,Closed,HMSG-133907686,2024-04-06
2024,2,20.4,MIDVALE INDEMNITY COMPANY,Closed,HMSS-133946015,2024-04-01
2024,2,20.8,REDPOINT COUNTY MUTUAL INSURANCE COMPANY,Closed,SWCM-134028280,2024-05-03
2024,2,21.0,LIBERTY COUNTY MUTUAL INSURANCE COMPANY,Closed,LBPM-133865464,2024-05-23
2024,2,26.6,REDPOINT COUNTY MUTUAL INSURANCE COMPANY,Closed,SWCM-134041959,2024-05-11
2024,2,26.9,REDPOINT COUNTY MUTUAL INSURANCE COMPANY,Closed,SWCM-134074126,2024-06-01
2024,2,29.3,REDPOINT COUNTY MUTUAL INSURANCE COMPANY,Closed,SWCM-134041963,2024-05-11
2024,3,-8.9,OLD AMERICAN COUNTY MUTUAL FIRE INSURANCE COMPANY,Closed,OAMF-134213549,2024-08-25
2024,3,-3.3,OLD AMERICAN COUNTY MUTUAL FIRE INSURANCE COMPANY,Closed,OAMF-134165226,2024-08-01
2024,3,-2.5,"MGA INSURANCE COMPANY, INC.",Closed,GNSC-134165631,2024-08-16
2024,3,-2.4,GEICO TEXAS COUNTY MUTUAL INSURANCE COMPANY,Closed,GECC-134043909,2024-07-14
2024,3,-2.4,REDPOINT COUNTY MUTUAL INSURANCE COMPANY,Pending,SWCM-134220599,2024-09-29
2024,3,-2.0,REDPOINT COUNTY MUTUAL INSURANCE COMPANY,Closed,SWCM-134210023,2024-09-29
2024,3,-0.8,ELEPHANT INSURANCE COMPANY,Closed,EINS-134152306,2024-08-25
2024,3,-0.3,REDPOINT COUNTY MUTUAL INSURANCE COMPANY,Closed,SWCM-134142064,2024-09-01
2024,3,-0.1,REDPOINT COUNTY MUTUAL INSURANCE COMPANY,Closed,SWCM-134153542,2024-08-25
2024,3,0.0,ALLSTATE NORTH AMERICAN INSURANCE COMPANY,Closed,ALSE-133716681,2024-08-12
2024,3,0.0,AMERICAN FAMILY HOME INSURANCE COMPANY,Closed,MRTN-134055469,2024-08-01
2024,3,0.0,AMICA MUTUAL INSURANCE COMPANY,Closed,AMMA-134214303,2024-09-15
2024,3,0.0,AMICA PROPERTY AND CASUALTY INSURANCE COMPANY,Closed,AMMA-134214303,2024-09-15
2024,3,0.0,ASSURANCEAMERICA INSURANCE COMPANY,Closed,ASRN-134193044,2024-07-26
2024,3,0.0,"AUTOMOBILE INSURANCE COMPANY OF HARTFORD, CONNECTICUT, THE",Closed,TRVD-G134261368,2024-09-27
2024,3,0.0,"CIMARRON INSURANCE COMPANY, INC.",Closed,MILE-133921295,2024-07-09
2024,3,0.0,"CIMARRON INSURANCE COMPANY, INC.",Closed,PARE-134216284,2024-09-15
2024,3,0.0,CONSUMERS COUNTY MUTUAL INSURANCE COMPANY,Closed,CCMC-134261485,2024-09-27
2024,3,0.0,ECONOMY FIRE & CASUALTY COMPANY,Closed,FAIG-134137537,2024-08-16
2024,3,0.0,ELEPHANT INSURANCE COMPANY,Closed,EINS-134071956,2024-07-02
2024,3,0.0,ENCOMPASS INDEPENDENT INSURANCE COMPANY,Closed,ALSE-134144268,2024-08-19
2024,3,0.0,FALCON INSURANCE COMPANY,Closed,FIGC-134218052,2024-08-27
2024,3,0.0,FARMERS CASUALTY INSURANCE COMPANY,Closed,FAIG-134137487,2024-08-16
2024,3,0.0,FARMERS DIRECT PROPERTY AND CASUALTY INSURANCE COMPANY,Closed,FAIG-134137487,2024-08-16
2024,3,0.0,FARMERS GROUP PROPERTY AND CASUALTY INSURANCE COMPANY,Closed,FAIG-134137487,2024-08-16
2024,3,0.0,FARMERS LLOYDS INSURANCE COMPANY OF TEXAS,Closed,FAIG-134138103,2024-08-16
2024,3,0.0,FARMERS PROPERTY AND CASUALTY INSURANCE COMPANY,Closed,FAIG-134137487,2024-08-16
2024,3,0.0,FARMERS TEXAS COUNTY MUTUAL INSURANCE COMPANY,Closed,FARM-134221921,2024-09-30
2024,3,0.0,FARMERS TEXAS COUNTY MUTUAL INSURANCE COMPANY,Closed,FARM-134221939,2024-09-30
2024,3,0.0,GARRISON PROPERTY AND CASUALTY INSURANCE COMPANY,Closed,USAA-133961441,2024-09-01
2024,3,0.0,GEICO TEXAS COUNTY MUTUAL INSURANCE COMPANY,Closed,GECC-134240631,2024-09-13
2024,3,0.0,GERMANIA FIRE & CASUALTY COMPANY,Closed,GEIN-134081707,2024-07-15
2024,3,0.0,GERMANIA FIRE & CASUALTY COMPANY,Closed,GEIN-134106788,2024-07-15
2024,3,0.0,GERMANIA INSURANCE COMPANY,Closed,GEIN-134081707,2024-07-15
2024,3,0.0,GERMANIA INSURANCE COMPANY,Closed,GEIN-134106788,2024-07-15
2024,3,0.0,GERMANIA SELECT INSURANCE COMPANY,Closed,GEIN-134081707,2024-07-15
2024,3,0.0,GERMANIA SELECT INSURANCE COMPANY,Closed,GEIN-134106788,2024-07-15
2024,3,0.0,HARTFORD INSURANCE COMPANY OF THE MIDWEST,Closed,HART-134142497,2024-08-03
2024,3,0.0,HOME STATE COUNTY MUTUAL INSURANCE COMPANY,Closed,HMSG-134084718,2024-07-15
2024,3,0.0,HOME STATE COUNTY MUTUAL INSURANCE COMPANY,Closed,HMSG-134117038,2024-07-15
2024,3,0.0,HOME STATE COUNTY MUTUAL INSURANCE COMPANY,Closed,HMSG-134140649,2024-07-20
2024,3,0.0,HOME STATE COUNTY MUTUAL INSURANCE COMPANY,Closed,HMSG-134142399,2024-07-20
2024,3,0.0,HOME STATE COUNTY MUTUAL INSURANCE COMPANY,Closed,HMSG-134162768,2024-08-03
2024,3,0.0,HOME STATE COUNTY MUTUAL INSURANCE COMPANY,Closed,HMSG-134162834,2024-08-03
2024,3,0.0,HOME STATE COUNTY MUTUAL INSURANCE COMPANY,Closed,HMSG-134183239,2024-08-31
2024,3,0.0,INSUREMAX INSURANCE COMPANY,Closed,ASRN-134193073,2024-07-26
2024,3,0.0,LIBERTY COUNTY MUTUAL INSURANCE COMPANY,Closed,LBPM-134070945,2024-09-23
2024,3,0.0,LOYA INSURANCE COMPANY,Closed,PERR-134157856,2024-08-15
2024,3,0.0,MID-CENTURY INSURANCE COMPANY OF TEXAS,Closed,FARM-134221942,2024-09-30
2024,3,0.0,OLD AMERICAN COUNTY MUTUAL FIRE INSURANCE COMPANY,Closed,OAMF-134110002,2024-07-01
2024,3,0.0,OLD AMERICAN COUNTY MUTUAL FIRE INSURANCE COMPANY,Closed,OAMF-134110078,2024-07-01
2024,3,0.0,OLD AMERICAN COUNTY MUTUAL FIRE INSURANCE COMPANY,Closed,OAMF-134192655,2024-09-01
2024,3,0.0,OLD AMERICAN COUNTY MUTUAL FIRE INSURANCE COMPANY,Closed,OAMF-134193001,2024-09-01
2024,3,0.0,OLD AMERICAN COUNTY MUTUAL FIRE INSURANCE COMPANY,Closed,OAMF-134193026,2024-09-01
2024,3,0.0,OLD AMERICAN COUNTY MUTUAL FIRE INSURANCE COMPANY,Closed,OAMF-134194445,2024-09-01
2024,3,0.0,OLD AMERICAN COUNTY MUTUAL FIRE INSURANCE COMPANY,Closed,OAMF-134238696,2024-09-08
2024,3,0.0,PROGRESSIVE COUNTY MUTUAL INSURANCE COMPANY,Closed,PRGC-134189978,2024-08-29
2024,3,0.0,PROGRESSIVE COUNTY MUTUAL INSURANCE COMPANY,Closed,PRGC-134189985,2024-08-29
2024,3,0.0,PROGRESSIVE COUNTY MUTUAL INSURANCE COMPANY,Closed,PRGS-134166322,2024-08-29
2024,3,0.0,PROGRESSIVE COUNTY MUTUAL INSURANCE COMPANY,Closed,PRGS-134173505,2024-07-16
2024,3,0.0,PROGRESSIVE COUNTY MUTUAL INSURANCE COMPANY,Closed,PRGS-134185097,2024-08-29
2024,3,0.0,REDPOINT COUNTY MUTUAL INSURANCE COMPANY,Closed,SWCM-133987364,2024-07-15
2024,3,0.0,REDPOINT COUNTY MUTUAL INSURANCE COMPANY,Closed,SWCM-134016621,2024-07-15
2024,3,0.0,REDPOINT COUNTY MUTUAL INSURANCE COMPANY,Closed,SWCM-134069154,2024-07-02
2024,3,0.0,REDPOINT COUNTY MUTUAL INSURANCE COMPANY,Closed,SWCM-134069157,2024-07-02
2024,3,0.0,REDPOINT COUNTY MUTUAL INSURANCE COMPANY,Closed,SWCM-134107853,2024-08-01
2024,3,0.0,REDPOINT COUNTY MUTUAL INSURANCE COMPANY,Closed,SWCM-134163518,2024-07-09
2024,3,0.0,REDPOINT COUNTY MUTUAL INSURANCE COMPANY,Closed,SWCM-134191020,2024-09-25
2024,3,0.0,"SENTINEL INSURANCE COMPANY, LTD.",Closed,HART-134143087,2024-08-07
2024,3,0.0,STATE FARM FIRE AND CASUALTY COMPANY,Closed,SFMA-134076580,2024-08-01
2024,3,0.0,"TNEDICCA, INC.",Closed,FRCS-134052975,2024-08-27
2024,3,0.0,"TRAVELERS HOME AND MARINE INSURANCE COMPANY, THE",Closed,TRVD-G134261293,2024-09-27
2024,3,0.0,TRUMBULL INSURANCE COMPANY,Closed,HART-134143086,2024-08-07
2024,3,0.0,UNITED SERVICES AUTOMOBILE ASSOCIATION,Closed,USAA-133961441,2024-09-01
2024,3,0.0,USAA CASUALTY INSURANCE COMPANY,Closed,USAA-133961441,2024-09-01
2024,3,0.0,USAA GENERAL INDEMNITY COMPANY,Closed,USAA-133961441,2024-09-01
2024,3,0.1,LIBERTY COUNTY MUTUAL INSURANCE COMPANY,Closed,LBPM-134030555,2024-09-28
2024,3,0.2,REDPOINT COUNTY MUTUAL INSURANCE COMPANY,Closed,HART-134093302,2024-09-30
2024,3,0.2,STATE FARM MUTUAL AUTOMOBILE INSURANCE COMPANY,Closed,SFMA-134076580,2024-08-01
2024,3,0.3,STATE FARM COUNTY MUTUAL INSURANCE COMPANY OF TEXAS,Closed,SFMA-134076580,2024-08-01
2024,3,0.4,AMERICAN FAMILY HOME INSURANCE COMPANY,Closed,MRTN-134124736,2024-09-01
2024,3,0.8,REDPOINT COUNTY MUTUAL INSURANCE COMPANY,Closed,CLIN-134121867,2024-07-01
2024,3,1.4,INFINITY COUNTY MUTUAL INSURANCE COMPANY,Closed,NFNT-134149021,2024-07-25
2024,3,1.6,GEICO INDEMNITY COMPANY,Closed,GECC-134041157,2024-07-06
2024,3,1.9,GEICO SECURE INSURANCE COMPANY,Closed,GECC-134041157,2024-07-06
2024,3,2.2,OLD AMERICAN COUNTY MUTUAL FIRE INSURANCE COMPANY,Closed,OAMF-134210025,2024-09-17
2024,3,2.3,GEICO CHOICE INSURANCE COMPANY,Closed,GECC-134041157,2024-07-06
2024,3,2.4,MARKEL AMERICAN INSURANCE COMPANY,Closed,MRKA-134042622,2024-09-19
2024,3,2.4,OLD AMERICAN COUNTY MUTUAL FIRE INSURANCE COMPANY,Closed,OAMF-134163786,2024-08-01
2024,3,2.4,OLD AMERICAN COUNTY MUTUAL FIRE INSURANCE COMPANY,Closed,OAMF-134163852,2024-08-01
2024,3,2.7,ALINSCO INSURANCE COMPANY,Closed,AINS-134120726,2024-07-01
2024,3,2.7,OLD AMERICAN COUNTY MUTUAL FIRE INSURANCE COMPANY,Closed,OAMF-134190511,2024-09-01
2024,3,2.7,OLD AMERICAN COUNTY MUTUAL FIRE INSURANCE COMPANY,Closed,OAMF-134190546,2024-09-01
2024,3,3.1,GEICO COUNTY MUTUAL INSURANCE COMPANY,Closed,GECC-134041157,2024-07-06
2024,3,3.3,MERCURY COUNTY MUTUAL INSURANCE COMPANY,Closed,MERY-134151002,2024-08-30
2024,3,3.4,GEICO ADVANTAGE INSURANCE COMPANY,Closed,GECC-134041157,2024-07-06
2024,3,3.5,HOME STATE COUNTY MUTUAL INSURANCE COMPANY,Closed,HMSG-134109173,2024-07-06
2024,3,4.0,OLD AMERICAN COUNTY MUTUAL FIRE INSURANCE COMPANY,Closed,OAMF-134162818,2024-08-01
2024,3,4.0,WORTH INSURANCE COMPANY,Closed,AGWG-134121123,2024-08-01
2024,3,4.3,REDPOINT COUNTY MUTUAL INSURANCE COMPANY,Closed,SWCM-134121641,2024-07-01
2024,3,4.6,ESURANCE INSURANCE COMPANY,Closed,ALSE-134175603,2024-09-12
2024,3,4.6,UNITED SECURITY INSURANCE COMPANY,Closed,USLH-134180503,2024-09-08
2024,3,5.2,OLD AMERICAN COUNTY MUTUAL FIRE INSURANCE COMPANY,Closed,OAMF-134194567,2024-09-01
2024,3,5.4,BRANCH INSURANCE EXCHANGE,Closed,BRFI-134172967,2024-08-28
2024,3,5.7,GOVERNMENT EMPLOYEES INSURANCE COMPANY,Closed,GECC-134041157,2024-07-06
2024,3,5.7,INFINITY COUNTY MUTUAL INSURANCE COMPANY,Closed,NFNT-134148770,2024-07-25
2024,3,5.9,ALLSTATE FIRE AND CASUALTY INSURANCE COMPANY,Closed,ALSE-133905207,2024-08-21
2024,3,5.9,ALLSTATE FIRE AND CASUALTY INSURANCE COMPANY,Closed,ALSE-134166435,2024-08-22
2024,3,6.0,AMERICAN ACCESS CASUALTY COMPANY,Closed,AACI-134182009,2024-08-25
2024,3,6.5,OLD AMERICAN COUNTY MUTUAL FIRE INSURANCE COMPANY,Closed,OAMF-134161701,2024-08-01
2024,3,6.8,REDPOINT COUNTY MUTUAL INSURANCE COMPANY,Closed,SWCM-134229186,2024-09-30
2024,3,6.9,FIRST CHICAGO INSURANCE COMPANY,Closed,FCLH-134080403,2024-07-18
2024,3,7.2,COLONIAL COUNTY MUTUAL INSURANCE COMPANY,Closed,NWPP-133965769,2024-07-01
2024,3,7.5,REDPOINT COUNTY MUTUAL INSURANCE COMPANY,Closed,PERR-134190458,2024-09-15
2024,3,7.6,CLEARCOVER INSURANCE COMPANY,Closed,CLEA-134145881,2024-09-18
2024,3,7.9,NATIONWIDE MUTUAL INSURANCE COMPANY,Closed,NWPP-133965769,2024-07-01
2024,3,8.3,HOME STATE COUNTY MUTUAL INSURANCE COMPANY,Closed,HMSG-134114512,2024-07-18
2024,3,8.4,BERKLEY INSURANCE COMPANY,Closed,BKON-133882956,2024-08-19
2024,3,9.0,ROOT INSURANCE COMPANY,Closed,CLIN-134122288,2024-07-01
2024,3,10.0,REDPOINT COUNTY MUTUAL INSURANCE COMPANY,Closed,HART-134034918,2024-07-11
2024,3,10.0,VISION INSURANCE COMPANY,Closed,PERR-134169071,2024-08-19
2024,3,10.4,REDPOINT COUNTY MUTUAL INSURANCE COMPANY,Closed,SWCM-134193924,2024-07-29
2024,3,12.1,BANKERS STANDARD INSURANCE COMPANY,Closed,ACEH-133947380,2024-07-18
2024,3,12.6,VISION INSURANCE COMPANY,Closed,PERR-134205066,2024-09-26
2024,3,13.8,LIBERTY COUNTY MUTUAL INSURANCE COMPANY,Closed,LBPM-134029641,2024-09-28
2024,3,14.8,HOME STATE COUNTY MUTUAL INSURANCE COMPANY,Closed,HMSG-134241874,2024-09-30
2024,3,14.9,TEXAS FARM BUREAU MUTUAL INSURANCE COMPANY,Closed,TXFB-134244387,2024-09-15
2024,3,14.9,TEXAS FARM BUREAU UNDERWRITERS,Closed,TXFB-134244387,2024-09-15
2024,3,15.0,HOME STATE COUNTY MUTUAL INSURANCE COMPANY,Closed,HMSG-134060727,2024-08-21
2024,3,15.1,GOAUTO INSURANCE COMPANY,Closed,GAIC-134151572,2024-09-07
2024,3,15.1,TEXAS FARM BUREAU CASUALTY INSURANCE COMPANY,Closed,TXFB-134244387,2024-09-15
2024,3,16.1,FARM BUREAU COUNTY MUTUAL INSURANCE COMPANY OF TEXAS,Closed,TXFB-134244387,2024-09-15
2024,3,16.9,LOYA INSURANCE COMPANY,Pending,PERR-134171873,2024-08-14
2024,3,16.9,OLD AMERICAN COUNTY MUTUAL FIRE INSURANCE COMPANY,Closed,OAMF-134087267,2024-07-15
2024,3,18.7,OLD AMERICAN COUNTY MUTUAL FIRE INSURANCE COMPANY,Closed,OAMF-134126633,2024-07-03
2024,3,19.8,ENCOMPASS INDEPENDENT INSURANCE COMPANY,Closed,ALSE-134150799,2024-08-16
2024,3,19.9,PRIVILEGE UNDERWRITERS RECIPROCAL EXCHANGE,Closed,PRIV-134006473,2024-09-06
2024,3,20.0,HARTFORD INSURANCE COMPANY OF THE MIDWEST,Closed,HART-134113553,2024-09-03
2024,3,22.1,OLD AMERICAN COUNTY MUTUAL FIRE INSURANCE COMPANY,Closed,OAMF-134231528,2024-09-15
2024,3,22.4,AMERICAN MODERN PROPERTY AND CASUALTY INSURANCE COMPANY,Closed,AMMH-133358950,2024-09-09
2024,3,25.3,HOCHHEIM PRAIRIE CASUALTY INSURANCE COMPANY,Closed,HOCH-134062090,2024-07-01
2024,4,-25.0,REDPOINT COUNTY MUTUAL INSURANCE COMPANY,Closed,SWCM-134202441,2024-10-24
2024,4,-6.7,ELEPHANT INSURANCE COMPANY,Closed,EINS-134212969,2024-10-01
2024,4,-6.5,LIBERTY COUNTY MUTUAL INSURANCE COMPANY,Closed,LBPM-134255077,2024-11-10
2024,4,-6.4,COLONIAL COUNTY MUTUAL INSURANCE COMPANY,Closed,NWPP-134245353,2024-11-05
2024,4,-6.4,NATIONWIDE MUTUAL INSURANCE COMPANY,Closed,NWPP-134245353,2024-11-05
2024,4,-6.2,REDPOINT COUNTY MUTUAL INSURANCE COMPANY,Closed,SWCM-134213285,2024-10-01
2024,4,-5.7,STATE FARM MUTUAL AUTOMOBILE INSURANCE COMPANY,Closed,SFMA-134246041,2024-11-18
2024,4,-5.4,REDPOINT COUNTY MUTUAL INSURANCE COMPANY,Closed,SWCM-134224700,2024-10-21
2024,4,-5.1,OLD AMERICAN COUNTY MUTUAL FIRE INSURANCE COMPANY,Closed,OAMF-134303171,2024-12-01
2024,4,-4.7,FOREMOST COUNTY MUTUAL INSURANCE COMPANY,Closed,BRWS-134246088,2024-10-23
2024,4,-4.5,REDPOINT COUNTY MUTUAL INSURANCE COMPANY,Closed,SWCM-134224278,2024-11-07
2024,4,-4.0,LIBERTY COUNTY MUTUAL INSURANCE COMPANY,Closed,LBPM-134191019,2024-10-23
2024,4,-3.8,REDPOINT COUNTY MUTUAL INSURANCE COMPANY,Closed,SWCM-134239265,2024-10-16
2024,4,-2.1,MID-CENTURY INSURANCE COMPANY OF TEXAS,Closed,FARM-134231828,2024-10-22
2024,4,-0.3,REDPOINT COUNTY MUTUAL INSURANCE COMPANY,Closed,SWCM-134225079,2024-11-19
2024,4,-0.2,REDPOINT COUNTY MUTUAL INSURANCE COMPANY,Closed,SWCM-134194890,2024-12-01
2024,4,0.0,ALLSTATE NORTH AMERICAN INSURANCE COMPANY,Closed,ALSE-134133644,2024-10-04
2024,4,0.0,AMERICAN FREEDOM INSURANCE COMPANY,Closed,AFCO-134188082,2024-11-01
2024,4,0.0,AUTO CLUB COUNTY MUTUAL INSURANCE COMPANY,Closed,IACA-134223528,2024-11-01
2024,4,0.0,"CAMBRIDGE MOBILE TELEMATICS, INC.",Closed,FRCS-134199980,2024-10-02
2024,4,0.0,"CIMARRON INSURANCE COMPANY, INC.",Closed,PARE-134322178,2024-12-15
2024,4,0.0,FOREMOST COUNTY MUTUAL INSURANCE COMPANY,Closed,BRWS-134320653,2024-12-15
2024,4,0.0,GEICO TEXAS COUNTY MUTUAL INSURANCE COMPANY,Closed,GECC-134118727,2024-12-31
2024,4,0.0,GEICO TEXAS COUNTY MUTUAL INSURANCE COMPANY,Closed,GECC-134269150,2024-11-18
2024,4,0.0,HOME STATE COUNTY MUTUAL INSURANCE COMPANY,Closed,HMSG-134167678,2024-10-11
2024,4,0.0,HOME STATE COUNTY MUTUAL INSURANCE COMPANY,Closed,HMSG-134195991,2024-10-11
2024,4,0.0,HOME STATE COUNTY MUTUAL INSURANCE COMPANY,Closed,HMSG-134210426,2024-10-01
2024,4,0.0,HOME STATE COUNTY MUTUAL INSURANCE COMPANY,Closed,HMSG-134250767,2024-11-01
2024,4,0.0,HOME STATE COUNTY MUTUAL INSURANCE COMPANY,Closed,HMSG-134251170,2024-11-01
2024,4,0.0,HOME STATE COUNTY MUTUAL INSURANCE COMPANY,Closed,HMSG-134251189,2024-11-01
2024,4,0.0,HOME STATE COUNTY MUTUAL INSURANCE COMPANY,Closed,HMSG-134251219,2024-11-01
2024,4,0.0,HOME STATE COUNTY MUTUAL INSURANCE COMPANY,Closed,HMSG-134251238,2024-11-01
2024,4,0.0,HOME STATE COUNTY MUTUAL INSURANCE COMPANY,Closed,HMSG-134251271,2024-11-01
2024,4,0.0,HOME STATE COUNTY MUTUAL INSURANCE COMPANY,Closed,HMSG-134252374,2024-11-01
2024,4,0.0,HOME STATE COUNTY MUTUAL INSURANCE COMPANY,Closed,HMSG-134252997,2024-11-01
2024,4,0.0,HOME STATE COUNTY MUTUAL INSURANCE COMPANY,Closed,HMSG-134253017,2024-11-01
2024,4,0.0,HOME STATE COUNTY MUTUAL INSURANCE COMPANY,Closed,HMSG-134253205,2024-11-01
2024,4,0.0,HOME STATE COUNTY MUTUAL INSURANCE COMPANY,Closed,HMSG-134282094,2024-12-12
2024,4,0.0,HOME STATE COUNTY MUTUAL INSURANCE COMPANY,Closed,HMSG-134322407,2024-12-29
2024,4,0.0,HOME STATE COUNTY MUTUAL INSURANCE COMPANY,Closed,HMSG-134349499,2024-12-16
2024,4,0.0,NATIONAL INTERSTATE INSURANCE COMPANY,Closed,WESA-134170055,2024-11-01
2024,4,0.0,OLD AMERICAN COUNTY MUTUAL FIRE INSURANCE COMPANY,Closed,OAMF-134227745,2024-10-01
2024,4,0.0,OLD AMERICAN COUNTY MUTUAL FIRE INSURANCE COMPANY,Closed,OAMF-134257238,2024-10-23
2024,4,0.0,OLD AMERICAN COUNTY MUTUAL FIRE INSURANCE COMPANY,Closed,OAMF-134263018,2024-11-01
2024,4,0.0,OLD AMERICAN COUNTY MUTUAL FIRE INSURANCE COMPANY,Closed,OAMF-134275363,2024-10-08
2024,4,0.0,OLD AMERICAN COUNTY MUTUAL FIRE INSURANCE COMPANY,Closed,OAMF-134285588,2024-11-17
2024,4,0.0,OLD AMERICAN COUNTY MUTUAL FIRE INSURANCE COMPANY,Closed,OAMF-134325388,2024-12-01
2024,4,0.0,OLD AMERICAN COUNTY MUTUAL FIRE INSURANCE COMPANY,Closed,OAMF-134342340,2024-12-06
2024,4,0.0,REDPOINT COUNTY MUTUAL INSURANCE COMPANY,Closed,CLIN-134275782,2024-11-20
2024,4,0.0,REDPOINT COUNTY MUTUAL INSURANCE COMPANY,Closed,HART-134295418,2024-10-26
2024,4,0.0,ROOT INSURANCE COMPANY,Closed,CLIN-134275759,2024-11-20
2024,4,0.0,"SENTINEL INSURANCE COMPANY, LTD.",Closed,HART-134294816,2024-12-13
2024,4,0.0,STATE FARM COUNTY MUTUAL INSURANCE COMPANY OF TEXAS,Closed,SFMA-134246041,2024-11-18
2024,4,0.0,STATE FARM FIRE AND CASUALTY COMPANY,Closed,SFMA-134246041,2024-11-18
2024,4,0.0,VAULT RECIPROCAL EXCHANGE,Closed,SPIS-134088779,2024-10-03
2024,4,0.0,WESTLAKE SPECIALTY INSURANCE COMPANY,Closed,WSIC-134182656,2024-12-15
2024,4,0.1,CONSUMERS COUNTY MUTUAL INSURANCE COMPANY,Closed,CCMC-134317082,2024-11-17
2024,4,0.1,HOME STATE COUNTY MUTUAL INSURANCE COMPANY,Closed,HMSG-134269974,2024-11-22
2024,4,0.2,HOME STATE COUNTY MUTUAL INSURANCE COMPANY,Closed,HMSG-134270665,2024-11-22
2024,4,0.2,HOME STATE COUNTY MUTUAL INSURANCE COMPANY,Closed,HMSG-134272166,2024-11-22
2024,4,0.6,WORTH INSURANCE COMPANY,Closed,AGWG-134225620,2024-11-01
2024,4,0.9,HOME STATE COUNTY MUTUAL INSURANCE COMPANY,Closed,HMSG-134272128,2024-11-22
2024,4,0.9,OLD AMERICAN COUNTY MUTUAL FIRE INSURANCE COMPANY,Closed,OAMF-134277028,2024-11-12
2024,4,1.4,REDPOINT COUNTY MUTUAL INSURANCE COMPANY,Closed,SWCM-134315769,2024-12-15
2024,4,1.5,HOME STATE COUNTY MUTUAL INSURANCE COMPANY,Closed,HMSG-134273588,2024-11-22
2024,4,1.8,HOME STATE COUNTY MUTUAL INSURANCE COMPANY,Closed,HMSG-134269867,2024-11-15
2024,4,2.6,REDPOINT COUNTY MUTUAL INSURANCE COMPANY,Closed,SWCM-134259148,2024-11-01
2024,4,3.1,OLD AMERICAN COUNTY MUTUAL FIRE INSURANCE COMPANY,Closed,OAMF-134270486,2024-11-01
2024,4,3.3,AGRICULTURAL WORKERS MUTUAL AUTO INSURANCE COMPANY,Closed,AGWG-134166235,2024-11-01
2024,4,3.4,AMERICAN FAMILY CONNECT PROPERTY AND CASUALTY INSURANCE COMPANY,Closed,PRCA-134223950,2024-10-26
2024,4,4.0,HOME STATE COUNTY MUTUAL INSURANCE COMPANY,Closed,HMSG-134308446,2024-11-19
2024,4,4.0,TRUMBULL INSURANCE COMPANY,Closed,HART-134294826,2024-12-13
2024,4,4.1,DAIRYLAND COUNTY MUTUAL INSURANCE COMPANY OF TEXAS,Closed,VKNG-134223957,2024-10-31
2024,4,5.0,HALLMARK COUNTY MUTUAL INSURANCE COMPANY,Closed,PHXN-134250793,2024-10-28
2024,4,5.0,HOME STATE COUNTY MUTUAL INSURANCE COMPANY,Closed,HMSG-134269573,2024-11-15
2024,4,5.0,OLD AMERICAN COUNTY MUTUAL FIRE INSURANCE COMPANY,Closed,OAMF-134260608,2024-10-25
2024,4,5.0,"TESLA PROPERTY & CASUALTY, INC.",Closed,TSIS-134239710,2024-10-25
2024,4,6.0,HOME STATE COUNTY MUTUAL INSURANCE COMPANY,Closed,HMSG-134265393,2024-11-01
2024,4,6.1,REDPOINT COUNTY MUTUAL INSURANCE COMPANY,Closed,SWCM-134214498,2024-11-01
2024,4,6.1,REDPOINT COUNTY MUTUAL INSURANCE COMPANY,Closed,SWCM-134241395,2024-11-01
2024,4,6.1,REDPOINT COUNTY MUTUAL INSURANCE COMPANY,Closed,SWCM-134267345,2024-12-15
2024,4,7.0,HOME STATE COUNTY MUTUAL INSURANCE COMPANY,Closed,HMSG-134277004,2024-11-16
2024,4,7.1,LOYA INSURANCE COMPANY,Closed,PERR-134291882,2024-12-04
2024,4,7.2,OLD AMERICAN COUNTY MUTUAL FIRE INSURANCE COMPANY,Closed,OAMF-134251684,2024-10-18
2024,4,7.3,ANCHOR GENERAL INSURANCE COMPANY,Closed,AGIN-134163846,2024-12-06
2024,4,8.8,OLD AMERICAN COUNTY MUTUAL FIRE INSURANCE COMPANY,Closed,OAMF-134245307,2024-10-15
2024,4,9.0,AMERICAN MODERN PROPERTY AND CASUALTY INSURANCE COMPANY,Closed,AMMH-134019865,2024-11-18
2024,4,9.1,REDPOINT COUNTY MUTUAL INSURANCE COMPANY,Closed,SWCM-134195618,2024-10-17
2024,4,9.5,OLD AMERICAN COUNTY MUTUAL FIRE INSURANCE COMPANY,Closed,OAMF-134248133,2024-10-16
2024,4,9.6,REDPOINT COUNTY MUTUAL INSURANCE COMPANY,Closed,MOCC-134175657,2024-12-01
2024,4,11.5,AMICA MUTUAL INSURANCE COMPANY,Closed,AMMA-134104402,2024-10-01
2024,4,11.5,AUTO CLUB COUNTY MUTUAL INSURANCE COMPANY,Closed,IACA-134002169,2024-11-01
2024,4,12.3,AMICA PROPERTY AND CASUALTY INSURANCE COMPANY,Closed,AMMA-134104403,2024-10-01
2024,4,23.7,AIG PROPERTY CASUALTY COMPANY,Closed,APCG-134048890,2024-10-01
2025,1,-25.6,OLD AMERICAN COUNTY MUTUAL FIRE INSURANCE COMPANY,Closed,OAMF-134404755,2025-02-05
2025,1,-11.1,OLD AMERICAN COUNTY MUTUAL FIRE INSURANCE COMPANY,Closed,OAMF-134440643,2025-03-28
2025,1,-8.6,OLD AMERICAN COUNTY MUTUAL FIRE INSURANCE COMPANY,Closed,OAMF-134418896,2025-03-01
2025,1,-6.6,REDPOINT COUNTY MUTUAL INSURANCE COMPANY,Closed,SWCM-134346861,2025-02-14
2025,1,-5.8,MID-CENTURY INSURANCE COMPANY OF TEXAS,Closed,FARM-134382608,2025-02-21
2025,1,-5.1,WORTH INSURANCE COMPANY,Closed,AGWG-134356657,2025-02-01
2025,1,-5.0,NATIONWIDE MUTUAL INSURANCE COMPANY,Closed,NWPP-134349694,2025-03-12
2025,1,-4.5,OLD AMERICAN COUNTY MUTUAL FIRE INSURANCE COMPANY,Closed,OAMF-134364930,2025-02-01
2025,1,-4.5,OLD AMERICAN COUNTY MUTUAL FIRE INSURANCE COMPANY,Closed,OAMF-134364943,2025-02-01
2025,1,-4.4,HOME STATE COUNTY MUTUAL INSURANCE COMPANY,Closed,HMSG-134348315,2025-02-01
2025,1,-4.3,REDPOINT COUNTY MUTUAL INSURANCE COMPANY,Closed,SWCM-134346959,2025-02-26
2025,1,-3.9,REDPOINT COUNTY MUTUAL INSURANCE COMPANY,Closed,SWCM-134348946,2025-02-01
2025,1,-3.3,OLD AMERICAN COUNTY MUTUAL FIRE INSURANCE COMPANY,Closed,OAMF-134358844,2025-01-23
2025,1,-3.1,PROGRESSIVE COUNTY MUTUAL INSURANCE COMPANY,Closed,PRGS-134411310,2025-03-20
2025,1,-3.0,FALCON INSURANCE COMPANY,Closed,FIGC-134385340,2025-03-15
2025,1,-2.2,OLD AMERICAN COUNTY MUTUAL FIRE INSURANCE COMPANY,Closed,OAMF-134417107,2025-03-15
2025,1,-1.9,COLONIAL COUNTY MUTUAL INSURANCE COMPANY,Closed,NWPP-134349694,2025-03-12
2025,1,-1.8,FOREMOST COUNTY MUTUAL INSURANCE COMPANY,Closed,BRWS-134381273,2025-03-10
2025,1,-1.5,LIBERTY COUNTY MUTUAL INSURANCE COMPANY,Closed,LBPM-134331693,2025-02-19
2025,1,-1.0,AMICA PROPERTY AND CASUALTY INSURANCE COMPANY,Closed,AMMA-134219486,2025-02-01
2025,1,-1.0,PROGRESSIVE COUNTY MUTUAL INSURANCE COMPANY,Closed,PRGS-134418080,2025-03-20
2025,1,-0.9,AMICA MUTUAL INSURANCE COMPANY,Closed,AMMA-134219486,2025-02-01
2025,1,-0.4,HOME STATE COUNTY MUTUAL INSURANCE COMPANY,Closed,HMSG-134423617,2025-03-25
2025,1,-0.4,HOME STATE COUNTY MUTUAL INSURANCE COMPANY,Closed,HMSG-134426946,2025-03-25
2025,1,0.0,AGRICULTURAL WORKERS MUTUAL AUTO INSURANCE COMPANY,Closed,AGWG-134249863,2025-01-01
2025,1,0.0,AGRICULTURAL WORKERS MUTUAL AUTO INSURANCE COMPANY,Closed,AGWG-134249885,2025-01-01
2025,1,0.0,AMERICAN NATIONAL COUNTY MUTUAL INSURANCE COMPANY,Closed,ANPC-134214021,2025-03-30
2025,1,0.0,AMERICAN NATIONAL COUNTY MUTUAL INSURANCE COMPANY,Closed,ANPC-134236307,2025-01-17
2025,1,0.0,ASSURANCEAMERICA INSURANCE COMPANY,Closed,ASRN-134441352,2025-03-05
2025,1,0.0,DAIRYLAND COUNTY MUTUAL INSURANCE COMPANY OF TEXAS,Closed,VKNG-134343052,2025-01-01
2025,1,0.0,ECONOMY FIRE & CASUALTY COMPANY,Closed,FAIG-134323887,2025-01-21
2025,1,0.0,"FIRST ACCEPTANCE INSURANCE COMPANY, INC.",Closed,FRST-134352044,2025-01-21
2025,1,0.0,FOREMOST COUNTY MUTUAL INSURANCE COMPANY,Closed,BRWS-134176610,2025-01-01
2025,1,0.0,FOREMOST COUNTY MUTUAL INSURANCE COMPANY,Closed,BRWS-134317141,2025-01-22
2025,1,0.0,FOREMOST COUNTY MUTUAL INSURANCE COMPANY,Closed,FORE-133885572,2025-03-01
2025,1,0.0,FOREMOST COUNTY MUTUAL INSURANCE COMPANY,Closed,FORE-133887783,2025-01-15
2025,1,0.0,FOREMOST COUNTY MUTUAL INSURANCE COMPANY,Closed,FORE-134180652,2025-03-01
2025,1,0.0,GARRISON PROPERTY AND CASUALTY INSURANCE COMPANY,Closed,USAA-134155577,2025-01-04
2025,1,0.0,GEICO ADVANTAGE INSURANCE COMPANY,Closed,GECC-134325035,2025-03-20
2025,1,0.0,GEICO CHOICE INSURANCE COMPANY,Closed,GECC-134325035,2025-03-20
2025,1,0.0,GEICO COUNTY MUTUAL INSURANCE COMPANY,Closed,GECC-134325035,2025-03-20
2025,1,0.0,GEICO INDEMNITY COMPANY,Closed,GECC-134325035,2025-03-20
2025,1,0.0,GEICO SECURE INSURANCE COMPANY,Closed,GECC-134325035,2025-03-20
2025,1,0.0,GEICO TEXAS COUNTY MUTUAL INSURANCE COMPANY,Closed,GECC-134186013,2025-02-23
2025,1,0.0,GEICO TEXAS COUNTY MUTUAL INSURANCE COMPANY,Closed,GECC-134320474,2025-01-23
2025,1,0.0,GEICO TEXAS COUNTY MUTUAL INSURANCE COMPANY,Closed,GECC-134325035,2025-03-20
2025,1,0.0,GERMANIA FIRE & CASUALTY COMPANY,Closed,GEIN-134371820,2025-02-13
2025,1,0.0,GERMANIA FIRE & CASUALTY COMPANY,Closed,GEIN-134399213,2025-02-15
2025,1,0.0,GERMANIA INSURANCE COMPANY,Closed,GEIN-134371820,2025-02-13
2025,1,0.0,GERMANIA SELECT INSURANCE COMPANY,Closed,GEIN-134371820,2025-02-13
2025,1,0.0,GERMANIA SELECT INSURANCE COMPANY,Closed,GEIN-134399213,2025-02-15
2025,1,0.0,GOVERNMENT EMPLOYEES INSURANCE COMPANY,Closed,GECC-134325035,2025-03-20
2025,1,0.0,HOME STATE COUNTY MUTUAL INSURANCE COMPANY,Closed,HMSG-134342319,2025-02-01
2025,1,0.0,HOME STATE COUNTY MUTUAL INSURANCE COMPANY,Closed,HMSG-134345933,2025-01-21
2025,1,0.0,HOME STATE COUNTY MUTUAL INSURANCE COMPANY,Closed,HMSG-134345934,2025-01-21
2025,1,0.0,HOME STATE COUNTY MUTUAL INSURANCE COMPANY,Closed,HMSG-134345935,2025-01-21
2025,1,0.0,HOME STATE COUNTY MUTUAL INSURANCE COMPANY,Closed,HMSG-134345956,2025-01-21
2025,1,0.0,HOME STATE COUNTY MUTUAL INSURANCE COMPANY,Closed,HMSG-134345960,2025-01-21
2025,1,0.0,HOME STATE COUNTY MUTUAL INSURANCE COMPANY,Closed,HMSG-134346315,2025-01-21
2025,1,0.0,HOME STATE COUNTY MUTUAL INSURANCE COMPANY,Closed,HMSG-134346723,2025-01-21
2025,1,0.0,HOME STATE COUNTY MUTUAL INSURANCE COMPANY,Closed,HMSG-134346868,2025-01-21
2025,1,0.0,HOME STATE COUNTY MUTUAL INSURANCE COMPANY,Closed,HMSG-134346979,2025-01-21
2025,1,0.0,HOME STATE COUNTY MUTUAL INSURANCE COMPANY,Closed,HMSG-134372181,2025-01-30
2025,1,0.0,HOME STATE COUNTY MUTUAL INSURANCE COMPANY,Closed,HMSG-134373784,2025-02-13
2025,1,0.0,HOME STATE COUNTY MUTUAL INSURANCE COMPANY,Closed,HMSG-134411507,2025-02-13
2025,1,0.0,IMPERIAL FIRE AND CASUALTY INSURANCE COMPANY,Closed,GMMX-134436354,2025-03-26
2025,1,0.0,INSUREMAX INSURANCE COMPANY,Closed,ASRN-134441363,2025-03-05
2025,1,0.0,LIBERTY COUNTY MUTUAL INSURANCE COMPANY,Closed,LBPM-134286149,2025-01-19
2025,1,0.0,LIBERTY COUNTY MUTUAL INSURANCE COMPANY,Closed,LBPM-134355724,2025-01-03
2025,1,0.0,MERCURY COUNTY MUTUAL INSURANCE COMPANY,Closed,MERY-134231180,2025-02-21
2025,1,0.0,OLD AMERICAN COUNTY MUTUAL FIRE INSURANCE COMPANY,Closed,OAMF-134347046,2025-01-10
2025,1,0.0,OLD AMERICAN COUNTY MUTUAL FIRE INSURANCE COMPANY,Closed,OAMF-134352929,2025-01-16
2025,1,0.0,OLD AMERICAN COUNTY MUTUAL FIRE INSURANCE COMPANY,Closed,OAMF-134370524,2025-01-07
2025,1,0.0,OLD AMERICAN COUNTY MUTUAL FIRE INSURANCE COMPANY,Closed,OAMF-134385458,2025-01-21
2025,1,0.0,OLD AMERICAN COUNTY MUTUAL FIRE INSURANCE COMPANY,Closed,OAMF-134414536,2025-03-11
2025,1,0.0,OLD AMERICAN COUNTY MUTUAL FIRE INSURANCE COMPANY,Closed,OAMF-134414712,2025-03-11
2025,1,0.0,QBE INSURANCE CORPORATION,Closed,QBEC-134303541,2025-03-05
2025,1,0.0,REDPOINT COUNTY MUTUAL INSURANCE COMPANY,Closed,CLIN-134390898,2025-03-05
2025,1,0.0,REDPOINT COUNTY MUTUAL INSURANCE COMPANY,Closed,SWCM-134268729,2025-01-01
2025,1,0.0,REDPOINT COUNTY MUTUAL INSURANCE COMPANY,Closed,SWCM-134355876,2025-02-01
2025,1,0.0,"SENTINEL INSURANCE COMPANY, LTD.",Closed,HART-134421465,2025-03-01
2025,1,0.0,"TESLA PROPERTY & CASUALTY, INC.",Closed,TSIS-134312778,2025-03-08
2025,1,0.0,TRUMBULL INSURANCE COMPANY,Closed,HART-134421449,2025-03-01
2025,1,0.0,UNITED SERVICES AUTOMOBILE ASSOCIATION,Closed,USAA-134155577,2025-01-04
2025,1,0.0,USAA CASUALTY INSURANCE COMPANY,Closed,USAA-134155577,2025-01-04
2025,1,0.0,USAA GENERAL INDEMNITY COMPANY,Closed,USAA-134155577,2025-01-04
2025,1,0.2,GERMANIA INSURANCE COMPANY,Closed,GEIN-134399213,2025-02-15
2025,1,0.9,GEICO TEXAS COUNTY MUTUAL INSURANCE COMPANY,Closed,GECC-134296446,2025-02-27
2025,1,1.1,HOME STATE COUNTY MUTUAL INSURANCE COMPANY,Closed,HMSG-134405514,2025-02-15
2025,1,1.1,"MGA INSURANCE COMPANY, INC.",Closed,GNSC-134379837,2025-03-05
2025,1,1.4,INFINITY COUNTY MUTUAL INSURANCE COMPANY,Closed,NFNT-134414605,2025-03-20
2025,1,1.7,OLD AMERICAN COUNTY MUTUAL FIRE INSURANCE COMPANY,Closed,OAMF-134236472,2025-01-15
2025,1,1.8,OLD AMERICAN COUNTY MUTUAL FIRE INSURANCE COMPANY,Closed,OAMF-134329097,2025-01-01
2025,1,1.8,OLD AMERICAN COUNTY MUTUAL FIRE INSURANCE COMPANY,Closed,OAMF-134329114,2025-01-01
2025,1,1.8,OLD AMERICAN COUNTY MUTUAL FIRE INSURANCE COMPANY,Closed,OAMF-134329142,2025-01-01
2025,1,2.0,HOME STATE COUNTY MUTUAL INSURANCE COMPANY,Closed,HMSG-134392627,2025-03-12
2025,1,2.3,OLD AMERICAN COUNTY MUTUAL FIRE INSURANCE COMPANY,Closed,OAMF-134397018,2025-03-01
2025,1,2.6,INFINITY COUNTY MUTUAL INSURANCE COMPANY,Closed,NFNT-134414550,2025-03-20
2025,1,2.9,AMERICAN ACCESS CASUALTY COMPANY,Closed,AACI-134422805,2025-03-24
2025,1,3.0,REDPOINT COUNTY MUTUAL INSURANCE COMPANY,Closed,HART-134284432,2025-01-16
2025,1,3.1,REDPOINT COUNTY MUTUAL INSURANCE COMPANY,Closed,SWCM-134365996,2025-02-22
2025,1,3.8,HOME STATE COUNTY MUTUAL INSURANCE COMPANY,Closed,HMSG-134326726,2025-01-15
2025,1,4.0,REDPOINT COUNTY MUTUAL INSURANCE COMPANY,Closed,SWCM-134413928,2025-03-14
2025,1,4.1,REDPOINT COUNTY MUTUAL INSURANCE COMPANY,Closed,SWCM-134397440,2025-03-15
2025,1,4.5,REDPOINT COUNTY MUTUAL INSURANCE COMPANY,Closed,PERR-134340228,2025-01-16
2025,1,4.7,HOME STATE COUNTY MUTUAL INSURANCE COMPANY,Closed,HMSG-134352007,2025-02-07
2025,1,5.1,OLD AMERICAN COUNTY MUTUAL FIRE INSURANCE COMPANY,Closed,OAMF-134431251,2025-03-24
2025,1,6.0,"CIMARRON INSURANCE COMPANY, INC.",Closed,EXSL-134159502,2025-01-05
2025,1,6.2,ALLSTATE FIRE AND CASUALTY INSURANCE COMPANY,Closed,ALSE-134368189,2025-02-27
2025,1,6.4,OLD AMERICAN COUNTY MUTUAL FIRE INSURANCE COMPANY,Closed,OAMF-134397225,2025-03-01
2025,1,6.5,HOME STATE COUNTY MUTUAL INSURANCE COMPANY,Closed,HMSG-134352005,2025-02-07
2025,1,7.3,OLD AMERICAN COUNTY MUTUAL FIRE INSURANCE COMPANY,Closed,OAMF-134376910,2025-01-13
2025,1,8.4,FIRST CHICAGO INSURANCE COMPANY,Closed,FCLH-134315995,2025-01-13
2025,1,8.4,OLD AMERICAN COUNTY MUTUAL FIRE INSURANCE COMPANY,Closed,OAMF-134376963,2025-01-13
2025,1,8.9,ANCHOR GENERAL INSURANCE COMPANY,Closed,AGIN-134328527,2025-02-19
2025,1,8.9,HOME STATE COUNTY MUTUAL INSURANCE COMPANY,Closed,HMSG-134323228,2025-01-13
2025,1,9.0,HOME STATE COUNTY MUTUAL INSURANCE COMPANY,Closed,HMSG-134261406,2025-02-02
2025,1,9.1,PHILADELPHIA INDEMNITY INSURANCE COMPANY,Closed,PHLX-134115532,2025-02-01
2025,1,11.9,OLD AMERICAN COUNTY MUTUAL FIRE INSURANCE COMPANY,Closed,OAMF-134414582,2025-03-11
2025,1,12.5,ENCOMPASS INDEPENDENT INSURANCE COMPANY,Closed,ALSE-134351684,2025-02-20
2025,1,12.7,FARMERS TEXAS COUNTY MUTUAL INSURANCE COMPANY,Closed,FARM-134138941,2025-01-15
2025,1,15.2,OLD AMERICAN COUNTY MUTUAL FIRE INSURANCE COMPANY,Closed,OAMF-134410037,2025-03-09
2025,1,16.0,REDPOINT COUNTY MUTUAL INSURANCE COMPANY,Closed,SWCM-134397435,2025-03-15
2025,1,20.0,AMERICAN FAMILY HOME INSURANCE COMPANY,Closed,MRTN-134023753,2025-01-01
2025,1,23.4,REDPOINT COUNTY MUTUAL INSURANCE COMPANY,Closed,SWCM-134031382,2025-02-14
2025,2,-13.8,AMERICAN FREEDOM INSURANCE COMPANY,Closed,AFCO-134407395,2025-05-17
2025,2,-9.9,TEXAS FARM BUREAU CASUALTY INSURANCE COMPANY,Closed,TXFB-134456787,2025-05-15
2025,2,-9.6,FARMERS PROPERTY AND CASUALTY INSURANCE COMPANY,Closed,FAIG-134405375,2025-05-29
2025,2,-9.4,REDPOINT COUNTY MUTUAL INSURANCE COMPANY,Closed,SWCM-134533430,2025-06-27
2025,2,-9.3,OLD AMERICAN COUNTY MUTUAL FIRE INSURANCE COMPANY,Closed,OAMF-134517345,2025-06-01
2025,2,-8.3,OLD AMERICAN COUNTY MUTUAL FIRE INSURANCE COMPANY,Closed,OAMF-134481850,2025-06-19
2025,2,-8.0,COLONIAL COUNTY MUTUAL INSURANCE COMPANY,Closed,NWPP-134474664,2025-05-03
2025,2,-8.0,REDPOINT COUNTY MUTUAL INSURANCE COMPANY,Closed,SWCM-134533435,2025-06-27
2025,2,-7.9,REDPOINT COUNTY MUTUAL INSURANCE COMPANY,Closed,SWCM-134415181,2025-04-14
2025,2,-6.6,GM NATIONAL INSURANCE COMPANY,Closed,ONST-134375171,2025-04-05
2025,2,-6.0,"MGA INSURANCE COMPANY, INC.",Closed,GNSC-134466070,2025-05-12
2025,2,-5.3,HOME STATE COUNTY MUTUAL INSURANCE COMPANY,Closed,HMSG-134520616,2025-06-24
2025,2,-5.0,FIRST CHICAGO INSURANCE COMPANY,Closed,FCLH-134506812,2025-06-09
2025,2,-4.9,REDPOINT COUNTY MUTUAL INSURANCE COMPANY,Closed,SWCM-134453242,2025-05-04
2025,2,-4.5,HALLMARK COUNTY MUTUAL INSURANCE COMPANY,Closed,PHXN-134421266,2025-04-07
2025,2,-2.8,GERMANIA SELECT INSURANCE COMPANY,Closed,GEIN-134456052,2025-04-14
2025,2,-2.6,GERMANIA FIRE & CASUALTY COMPANY,Closed,GEIN-134456052,2025-04-14
2025,2,-2.5,OLD AMERICAN COUNTY MUTUAL FIRE INSURANCE COMPANY,Closed,OAMF-134543444,2025-06-24
2025,2,-2.3,GERMANIA INSURANCE COMPANY,Closed,GEIN-134456052,2025-04-14
2025,2,-1.9,OLD AMERICAN COUNTY MUTUAL FIRE INSURANCE COMPANY,Closed,OAMF-134480196,2025-05-01
2025,2,-1.8,HOME STATE COUNTY MUTUAL INSURANCE COMPANY,Closed,HMSG-134457040,2025-04-14
2025,2,-1.0,MID-CENTURY INSURANCE COMPANY OF TEXAS,Closed,FARM-134458147,2025-04-19
2025,2,-0.9,REDPOINT COUNTY MUTUAL INSURANCE COMPANY,Closed,SWCM-134491766,2025-06-01
2025,2,-0.4,FARMERS PROPERTY AND CASUALTY INSURANCE COMPANY,Closed,FAIG-134536110,2025-06-28
2025,2,-0.3,OLD AMERICAN COUNTY MUTUAL FIRE INSURANCE COMPANY,Closed,OAMF-134483731,2025-05-15
2025,2,-0.3,REDPOINT COUNTY MUTUAL INSURANCE COMPANY,Closed,SWCM-134453130,2025-06-18
2025,2,-0.1,HOME STATE COUNTY MUTUAL INSURANCE COMPANY,Closed,HMSG-134516780,2025-06-08
2025,2,-0.1,STATE FARM COUNTY MUTUAL INSURANCE COMPANY OF TEXAS,Pending,SFMA-134294264,2025-04-15
2025,2,0.0,ALLSTATE COUNTY MUTUAL INSURANCE COMPANY,Closed,ALSE-134218645,2025-04-10
2025,2,0.0,ALLSTATE FIRE AND CASUALTY INSURANCE COMPANY,Closed,ALSE-134144188,2025-04-10
2025,2,0.0,ALLSTATE FIRE AND CASUALTY INSURANCE COMPANY,Closed,ALSE-134488828,2025-06-19
2025,2,0.0,ALLSTATE INDEMNITY COMPANY,Closed,ALSE-134221665,2025-04-10
2025,2,0.0,ALLSTATE INSURANCE COMPANY,Closed,ALSE-134221665,2025-04-10
2025,2,0.0,ALLSTATE NORTH AMERICAN INSURANCE COMPANY,Closed,ALSE-134487022,2025-05-30
2025,2,0.0,ALLSTATE PROPERTY AND CASUALTY INSURANCE COMPANY,Closed,ALSE-134144254,2025-04-10
2025,2,0.0,ALLSTATE PROPERTY AND CASUALTY INSURANCE COMPANY,Closed,ALSE-134221665,2025-04-10
2025,2,0.0,ALLSTATE PROPERTY AND CASUALTY INSURANCE COMPANY,Closed,ALSE-134492202,2025-06-19
2025,2,0.0,AMICA MUTUAL INSURANCE COMPANY,Closed,AMMA-134459873,2025-04-30
2025,2,0.0,AMICA PROPERTY AND CASUALTY INSURANCE COMPANY,Closed,AMMA-134459873,2025-04-30
2025,2,0.0,"AUTOMOBILE INSURANCE COMPANY OF HARTFORD, CONNECTICUT, THE",Closed,TRVD-G134472683,2025-04-01
2025,2,0.0,"CIMARRON INSURANCE COMPANY, INC.",Closed,MILE-134476151,2025-04-30
2025,2,0.0,"CIMARRON INSURANCE COMPANY, INC.",Closed,PARE-134477787,2025-04-01
2025,2,0.0,COLONIAL COUNTY MUTUAL INSURANCE COMPANY,Closed,NWPP-134487412,2025-06-01
2025,2,0.0,COLONIAL COUNTY MUTUAL INSURANCE COMPANY,Closed,NWPP-134487730,2025-06-01
2025,2,0.0,COLONIAL COUNTY MUTUAL INSURANCE COMPANY,Closed,NWPP-134496157,2025-06-03
2025,2,0.0,CONSUMERS COUNTY MUTUAL INSURANCE COMPANY,Closed,CCMC-134475603,2025-04-01
2025,2,0.0,ENCOMPASS INDEPENDENT INSURANCE COMPANY,Closed,GMMX-134491297,2025-06-23
2025,2,0.0,ESSENTIA INSURANCE COMPANY,Closed,ESSN-134004531,2025-06-01
2025,2,0.0,ESURANCE INSURANCE COMPANY,Closed,ALSE-134495415,2025-06-05
2025,2,0.0,FARMERS TEXAS COUNTY MUTUAL INSURANCE COMPANY,Closed,FARM-134488321,2025-04-30
2025,2,0.0,FOREMOST COUNTY MUTUAL INSURANCE COMPANY,Closed,FORE-134052687,2025-04-01
2025,2,0.0,"FOREMOST INSURANCE COMPANY GRAND RAPIDS, MICHIGAN",Closed,FORE-134025161,2025-04-01
2025,2,0.0,"FOREMOST INSURANCE COMPANY GRAND RAPIDS, MICHIGAN",Closed,FORE-134046519,2025-04-01
2025,2,0.0,GARRISON PROPERTY AND CASUALTY INSURANCE COMPANY,Closed,USAA-134279742,2025-06-01
2025,2,0.0,GEICO TEXAS COUNTY MUTUAL INSURANCE COMPANY,Closed,GECC-134366326,2025-04-20
2025,2,0.0,HOME STATE COUNTY MUTUAL INSURANCE COMPANY,Closed,HMSG-134421371,2025-04-29
2025,2,0.0,HOME STATE COUNTY MUTUAL INSURANCE COMPANY,Closed,HMSG-134441956,2025-04-11
2025,2,0.0,HOME STATE COUNTY MUTUAL INSURANCE COMPANY,Closed,HMSG-134444867,2025-04-11
2025,2,0.0,HOME STATE COUNTY MUTUAL INSURANCE COMPANY,Closed,HMSG-134508512,2025-06-05
2025,2,0.0,KIN INTERINSURANCE NEXUS EXCHANGE,Closed,KINN-134302617,2025-04-15
2025,2,0.0,MID-CENTURY INSURANCE COMPANY OF TEXAS,Closed,FARM-134498173,2025-06-14
2025,2,0.0,NATIONAL GENERAL ASSURANCE COMPANY,Closed,GMMX-134514301,2025-05-01
2025,2,0.0,NATIONAL GENERAL INSURANCE COMPANY,Closed,GMMX-134513662,2025-05-01
2025,2,0.0,NATIONWIDE MUTUAL INSURANCE COMPANY,Closed,NWPP-134487412,2025-06-01
2025,2,0.0,NATIONWIDE MUTUAL INSURANCE COMPANY,Closed,NWPP-134496157,2025-06-03
2025,2,0.0,OLD AMERICAN COUNTY MUTUAL FIRE INSURANCE COMPANY,Closed,OAMF-134371964,2025-04-01
2025,2,0.0,OLD AMERICAN COUNTY MUTUAL FIRE INSURANCE COMPANY,Closed,OAMF-134412612,2025-04-01
2025,2,0.0,OLD AMERICAN COUNTY MUTUAL FIRE INSURANCE COMPANY,Closed,OAMF-134479752,2025-05-01
2025,2,0.0,OLD AMERICAN COUNTY MUTUAL FIRE INSURANCE COMPANY,Closed,OAMF-134479803,2025-05-01
2025,2,0.0,OLD AMERICAN COUNTY MUTUAL FIRE INSURANCE COMPANY,Closed,OAMF-134509893,2025-05-28
2025,2,0.0,OLD AMERICAN COUNTY MUTUAL FIRE INSURANCE COMPANY,Closed,OAMF-134513383,2025-05-30
2025,2,0.0,OLD AMERICAN COUNTY MUTUAL FIRE INSURANCE COMPANY,Closed,OAMF-134565609,2025-06-10
2025,2,0.0,PROGRESSIVE COUNTY MUTUAL INSURANCE COMPANY,Closed,PRGS-134508506,2025-04-30
2025,2,0.0,PROGRESSIVE COUNTY MUTUAL INSURANCE COMPANY,Closed,PRGS-134508510,2025-04-30
2025,2,0.0,REDPOINT COUNTY MUTUAL INSURANCE COMPANY,Closed,CLIN-134454312,2025-04-22
2025,2,0.0,REDPOINT COUNTY MUTUAL INSURANCE COMPANY,Closed,PERR-134520344,2025-06-01
2025,2,0.0,REDPOINT COUNTY MUTUAL INSURANCE COMPANY,Closed,SWCM-134377329,2025-05-01
2025,2,0.0,REDPOINT COUNTY MUTUAL INSURANCE COMPANY,Closed,SWCM-134410340,2025-04-15
2025,2,0.0,REDPOINT COUNTY MUTUAL INSURANCE COMPANY,Closed,SWCM-134518759,2025-05-05
2025,2,0.0,STATE FARM FIRE AND CASUALTY COMPANY,Pending,SFMA-134294264,2025-04-15
2025,2,0.0,STATE FARM MUTUAL AUTOMOBILE INSURANCE COMPANY,Pending,SFMA-134294264,2025-04-15
2025,2,0.0,"TESLA PROPERTY & CASUALTY, INC.",Closed,TSIS-134464364,2025-05-31
2025,2,0.0,"TRAVELERS HOME AND MARINE INSURANCE COMPANY, THE",Closed,TRVD-G134472643,2025-04-01
2025,2,0.0,UNITED SERVICES AUTOMOBILE ASSOCIATION,Closed,USAA-134279742,2025-06-01
2025,2,0.0,USAA CASUALTY INSURANCE COMPANY,Closed,USAA-134279742,2025-06-01
2025,2,0.0,USAA GENERAL INDEMNITY COMPANY,Closed,USAA-134279742,2025-06-01
2025,2,0.2,REDPOINT COUNTY MUTUAL INSURANCE COMPANY,Closed,SWCM-134365942,2025-04-24
2025,2,0.4,FARM BUREAU COUNTY MUTUAL INSURANCE COMPANY OF TEXAS,Closed,TXFB-134456787,2025-05-15
2025,2,0.8,AMERICAN MODERN PROPERTY AND CASUALTY INSURANCE COMPANY,Closed,AMMH-134271877,2025-04-21
2025,2,1.8,TEXAS FARM BUREAU MUTUAL INSURANCE COMPANY,Closed,TXFB-134456787,2025-05-15
2025,2,1.9,TEXAS FARM BUREAU UNDERWRITERS,Closed,TXFB-134456787,2025-05-15
2025,2,2.0,PACIFIC INDEMNITY COMPANY,Closed,ACEH-134218534,2025-04-06
2025,2,2.1,CHUBB NATIONAL INSURANCE COMPANY,Closed,ACEH-134218534,2025-04-06
2025,2,2.1,VIGILANT INSURANCE COMPANY,Closed,ACEH-134218534,2025-04-06
2025,2,2.3,OLD AMERICAN COUNTY MUTUAL FIRE INSURANCE COMPANY,Closed,OAMF-134516605,2025-06-01
2025,2,2.4,OLD AMERICAN COUNTY MUTUAL FIRE INSURANCE COMPANY,Closed,OAMF-134516326,2025-06-01
2025,2,2.4,OLD AMERICAN COUNTY MUTUAL FIRE INSURANCE COMPANY,Closed,OAMF-134516684,2025-06-01
2025,2,2.5,OLD AMERICAN COUNTY MUTUAL FIRE INSURANCE COMPANY,Closed,OAMF-134484236,2025-05-15
2025,2,2.7,GEICO TEXAS COUNTY MUTUAL INSURANCE COMPANY,Closed,GECC-134422377,2025-05-05
2025,2,2.8,HOME STATE COUNTY MUTUAL INSURANCE COMPANY,Closed,HMSG-134471871,2025-05-01
2025,2,3.1,OLD AMERICAN COUNTY MUTUAL FIRE INSURANCE COMPANY,Closed,OAMF-134535119,2025-06-15
2025,2,3.3,HOME STATE COUNTY MUTUAL INSURANCE COMPANY,Closed,HMSG-134505060,2025-05-30
2025,2,3.5,REDPOINT COUNTY MUTUAL INSURANCE COMPANY,Closed,PERR-134488695,2025-05-22
2025,2,3.7,AGRICULTURAL WORKERS MUTUAL AUTO INSURANCE COMPANY,Closed,AGWG-134375133,2025-06-01
2025,2,4.0,FOREMOST PROPERTY AND CASUALTY INSURANCE COMPANY,Closed,FORE-134057302,2025-04-01
2025,2,4.4,REDPOINT COUNTY MUTUAL INSURANCE COMPANY,Closed,SWCM-134500422,2025-06-01
2025,2,4.7,OLD AMERICAN COUNTY MUTUAL FIRE INSURANCE COMPANY,Closed,OAMF-134520202,2025-06-05
2025,2,4.7,REDPOINT COUNTY MUTUAL INSURANCE COMPANY,Closed,SWCM-134453120,2025-05-01
2025,2,5.1,HOME STATE COUNTY MUTUAL INSURANCE COMPANY,Closed,HMSG-134502648,2025-05-30
2025,2,5.4,AMERICAN FAMILY CONNECT PROPERTY AND CASUALTY INSURANCE COMPANY,Closed,PRCA-134417135,2025-06-08
2025,2,5.5,INSUREMAX INSURANCE COMPANY,Closed,ASRN-134521217,2025-06-24
2025,2,5.7,ASSURANCEAMERICA INSURANCE COMPANY,Closed,ASRN-134521274,2025-06-24
2025,2,5.8,OLD AMERICAN COUNTY MUTUAL FIRE INSURANCE COMPANY,Closed,OAMF-134516930,2025-05-15
2025,2,6.1,FOREMOST COUNTY MUTUAL INSURANCE COMPANY,Closed,FORE-134057046,2025-04-01
2025,2,6.3,GREAT NORTHERN INSURANCE COMPANY,Closed,ACEH-134218562,2025-04-06
2025,2,6.4,CHUBB LLOYDS INSURANCE COMPANY OF TEXAS,Closed,ACEH-134218562,2025-04-06
2025,2,6.7,FEDERAL INSURANCE COMPANY,Closed,ACEH-134218562,2025-04-06
2025,2,7.5,AMICA MUTUAL INSURANCE COMPANY,Closed,AMMA-134377060,2025-04-01
2025,2,7.8,AMICA PROPERTY AND CASUALTY INSURANCE COMPANY,Closed,AMMA-134377038,2025-04-01
2025,2,8.4,BRANCH INSURANCE EXCHANGE,Closed,BRFI-134485533,2025-05-21
2025,2,8.5,HOME STATE COUNTY MUTUAL INSURANCE COMPANY,Closed,HMSG-134495048,2025-05-23
2025,2,8.5,REDPOINT COUNTY MUTUAL INSURANCE COMPANY,Closed,SWCM-134533473,2025-06-27
2025,2,8.9,"FOREMOST INSURANCE COMPANY GRAND RAPIDS, MICHIGAN",Closed,FORE-134369177,2025-05-01
2025,2,9.7,LIBERTY COUNTY MUTUAL INSURANCE COMPANY,Closed,LBPM-134277274,2025-05-23
2025,2,9.8,SAFEWAY INSURANCE COMPANY,Closed,PERR-134364717,2025-06-01
2025,2,11.1,ALLSTATE NORTH AMERICAN INSURANCE COMPANY,Closed,ALSE-134454958,2025-05-02
2025,2,11.8,HOME STATE COUNTY MUTUAL INSURANCE COMPANY,Closed,HMSG-134567177,2025-06-15
2025,2,13.0,"CIMARRON INSURANCE COMPANY, INC.",Closed,MILE-134407306,2025-04-04
2025,2,37.0,OLD AMERICAN COUNTY MUTUAL FIRE INSURANCE COMPANY,Closed,OAMF-134455742,2025-04-10
2025,2,40.5,REDPOINT COUNTY MUTUAL INSURANCE COMPANY,Closed,SWCM-134365399,2025-04-01
2025,2,43.8,QUALITAS INSURANCE COMPANY,Closed,QUIC-134425504,2025-04-15
2025,3,-11.4,ALLSTATE COUNTY MUTUAL INSURANCE COMPANY,Closed,ALSE-134618548,2025-09-15
2025,3,-10.1,OLD AMERICAN COUNTY MUTUAL FIRE INSURANCE COMPANY,Closed,OAMF-134638194,2025-09-15
2025,3,-10.0,FOREMOST COUNTY MUTUAL INSURANCE COMPANY,Closed,FORE-134481310,2025-07-01
2025,3,-7.8,HOME STATE COUNTY MUTUAL INSURANCE COMPANY,Closed,HMSG-134551732,2025-09-01
2025,3,-7.8,OLD AMERICAN COUNTY MUTUAL FIRE INSURANCE COMPANY,Closed,OAMF-134553330,2025-09-01
2025,3,-5.9,WORTH INSURANCE COMPANY,Closed,AGWG-134532459,2025-09-01
2025,3,-5.3,AMERICAN FREEDOM INSURANCE COMPANY,Closed,AFCO-134541573,2025-08-20
2025,3,-5.0,HOME STATE COUNTY MUTUAL INSURANCE COMPANY,Closed,HMSG-134650444,2025-09-28
2025,3,-4.1,FOREMOST COUNTY MUTUAL INSURANCE COMPANY,Closed,BRWS-134604745,2025-09-02
2025,3,-3.6,REDPOINT COUNTY MUTUAL INSURANCE COMPANY,Closed,SWCM-134592518,2025-08-13
2025,3,-3.2,OLD AMERICAN COUNTY MUTUAL FIRE INSURANCE COMPANY,Closed,OAMF-134621584,2025-09-01
2025,3,-3.0,OLD AMERICAN COUNTY MUTUAL FIRE INSURANCE COMPANY,Closed,OAMF-134624308,2025-09-09
2025,3,-2.5,AUTO CLUB COUNTY MUTUAL INSURANCE COMPANY,Closed,IACA-134517201,2025-09-01
2025,3,-2.5,HALLMARK COUNTY MUTUAL INSURANCE COMPANY,Closed,PHXN-134554092,2025-07-14
2025,3,-2.5,LIBERTY COUNTY MUTUAL INSURANCE COMPANY,Closed,LBPM-134581090,2025-09-29
2025,3,-2.1,HOME STATE COUNTY MUTUAL INSURANCE COMPANY,Closed,HMSG-134571876,2025-07-25
2025,3,-2.1,HOME STATE COUNTY MUTUAL INSURANCE COMPANY,Closed,HMSG-134573172,2025-07-25
2025,3,-2.1,OLD AMERICAN COUNTY MUTUAL FIRE INSURANCE COMPANY,Closed,OAMF-134584210,2025-08-01
2025,3,-2.0,OLD AMERICAN COUNTY MUTUAL FIRE INSURANCE COMPANY,Closed,OAMF-134579518,2025-08-01
2025,3,-2.0,OLD AMERICAN COUNTY MUTUAL FIRE INSURANCE COMPANY,Closed,OAMF-134584262,2025-08-01
2025,3,-1.9,AUTO CLUB COUNTY MUTUAL INSURANCE COMPANY,Closed,IACA-134449435,2025-07-17
2025,3,-1.9,HOME STATE COUNTY MUTUAL INSURANCE COMPANY,Closed,HMSG-134571985,2025-07-25
2025,3,-1.9,OLD AMERICAN COUNTY MUTUAL FIRE INSURANCE COMPANY,Closed,OAMF-134603870,2025-08-15
2025,3,-1.8,HOME STATE COUNTY MUTUAL INSURANCE COMPANY,Closed,HMSG-134573740,2025-07-25
2025,3,-1.0,HOME STATE COUNTY MUTUAL INSURANCE COMPANY,Closed,HMSG-134629918,2025-09-20
2025,3,-0.8,HOME STATE COUNTY MUTUAL INSURANCE COMPANY,Closed,HMSG-134540303,2025-07-01
2025,3,-0.8,REDPOINT COUNTY MUTUAL INSURANCE COMPANY,Closed,SWCM-134583385,2025-08-01
2025,3,-0.6,CONSUMERS COUNTY MUTUAL INSURANCE COMPANY,Closed,CCMC-134581515,2025-08-01
2025,3,-0.6,USAA GENERAL INDEMNITY COMPANY,Pending,USAA-134505658,2025-08-25
2025,3,-0.5,GARRISON PROPERTY AND CASUALTY INSURANCE COMPANY,Pending,USAA-134505658,2025-08-25
2025,3,-0.5,GERMANIA SELECT INSURANCE COMPANY,Closed,GEIN-134546729,2025-07-08
2025,3,-0.4,GERMANIA FIRE & CASUALTY COMPANY,Closed,GEIN-134546729,2025-07-08
2025,3,-0.4,HOME STATE COUNTY MUTUAL INSURANCE COMPANY,Closed,HMSG-134553433,2025-07-08
2025,3,-0.3,GERMANIA INSURANCE COMPANY,Closed,GEIN-134546729,2025-07-08
2025,3,-0.3,USAA CASUALTY INSURANCE COMPANY,Pending,USAA-134505658,2025-08-25
2025,3,-0.2,UNITED SERVICES AUTOMOBILE ASSOCIATION,Pending,USAA-134505658,2025-08-25
2025,3,-0.1,HOME STATE COUNTY MUTUAL INSURANCE COMPANY,Closed,HMSG-134591502,2025-09-01
2025,3,-0.1,INTEGON INDEMNITY CORPORATION,Closed,GMMX-134586249,2025-09-01
2025,3,-0.1,REDPOINT COUNTY MUTUAL INSURANCE COMPANY,Closed,SWCM-134557829,2025-07-15
2025,3,-0.1,STILLWATER INSURANCE COMPANY,Closed,FDLY-134584947,2025-09-01
2025,3,0.0,AEGIS SECURITY INSURANCE COMPANY,Closed,PERR-134559898,2025-09-01
2025,3,0.0,AIG PROPERTY CASUALTY COMPANY,Closed,APCG-134620260,2025-09-01
2025,3,0.0,ALLSTATE COUNTY MUTUAL INSURANCE COMPANY,Closed,ALSE-134304999,2025-09-18
2025,3,0.0,ALLSTATE COUNTY MUTUAL INSURANCE COMPANY,Closed,ALSE-134524977,2025-07-03
2025,3,0.0,ALLSTATE FIRE AND CASUALTY INSURANCE COMPANY,Closed,ALSE-134524977,2025-07-03
2025,3,0.0,ALLSTATE INDEMNITY COMPANY,Closed,ALSE-134524977,2025-07-03
2025,3,0.0,ALLSTATE INSURANCE COMPANY,Closed,ALSE-134524977,2025-07-03
2025,3,0.0,ALLSTATE PROPERTY AND CASUALTY INSURANCE COMPANY,Closed,ALSE-134524977,2025-07-03
2025,3,0.0,AMICA MUTUAL INSURANCE COMPANY,Closed,AMMA-134548950,2025-09-01
2025,3,0.0,AMICA PROPERTY AND CASUALTY INSURANCE COMPANY,Closed,AMMA-134548950,2025-09-01
2025,3,0.0,ASSURANCEAMERICA INSURANCE COMPANY,Closed,ASRN-134646365,2025-09-01
2025,3,0.0,"CIMARRON INSURANCE COMPANY, INC.",Closed,CMOC-134287447,2025-08-15
2025,3,0.0,CONSUMERS COUNTY MUTUAL INSURANCE COMPANY,Closed,CCMC-134610286,2025-09-21
2025,3,0.0,DIRECT GENERAL INSURANCE COMPANY,Closed,GMMX-134612795,2025-08-15
2025,3,0.0,ECONOMY FIRE & CASUALTY COMPANY,Closed,FAIG-134535729,2025-07-18
2025,3,0.0,ELEPHANT INSURANCE COMPANY,Pending,EINS-134625477,2025-09-20
2025,3,0.0,FALCON INSURANCE COMPANY,Closed,FIGC-134632139,2025-09-01
2025,3,0.0,FARMERS PROPERTY AND CASUALTY INSURANCE COMPANY,Closed,FAIG-134502010,2025-07-01
2025,3,0.0,FARMERS TEXAS COUNTY MUTUAL INSURANCE COMPANY,Closed,FARM-134552062,2025-07-01
2025,3,0.0,FARMERS TEXAS COUNTY MUTUAL INSURANCE COMPANY,Closed,FARM-134552111,2025-07-01
2025,3,0.0,GEICO TEXAS COUNTY MUTUAL INSURANCE COMPANY,Closed,GECC-134602305,2025-09-21
2025,3,0.0,GEICO TEXAS COUNTY MUTUAL INSURANCE COMPANY,Closed,GECC-134653560,2025-08-30
2025,3,0.0,GEICO TEXAS COUNTY MUTUAL INSURANCE COMPANY,Closed,GECC-134655341,2025-09-23
2025,3,0.0,GEICO TEXAS COUNTY MUTUAL INSURANCE COMPANY,Closed,GECC-134676724,2025-09-23
2025,3,0.0,GERMANIA FIRE & CASUALTY COMPANY,Closed,GEIN-134608256,2025-09-10
2025,3,0.0,GERMANIA FIRE & CASUALTY COMPANY,Closed,GEIN-134630131,2025-09-01
2025,3,0.0,GERMANIA INSURANCE COMPANY,Closed,GEIN-134608256,2025-09-10
2025,3,0.0,GERMANIA INSURANCE COMPANY,Closed,GEIN-134630131,2025-09-01
2025,3,0.0,GERMANIA SELECT INSURANCE COMPANY,Closed,GEIN-134608256,2025-09-10
2025,3,0.0,GERMANIA SELECT INSURANCE COMPANY,Closed,GEIN-134630131,2025-09-01
2025,3,0.0,HALLMARK COUNTY MUTUAL INSURANCE COMPANY,Closed,PHXN-134601573,2025-09-01
2025,3,0.0,HARTFORD INSURANCE COMPANY OF THE MIDWEST,Closed,HART-134388843,2025-07-01
2025,3,0.0,HARTFORD INSURANCE COMPANY OF THE MIDWEST,Closed,HART-134433712,2025-09-30
2025,3,0.0,HARTFORD INSURANCE COMPANY OF THE MIDWEST,Closed,HART-134442046,2025-07-01
2025,3,0.0,HOME STATE COUNTY MUTUAL INSURANCE COMPANY,Closed,HMSG-134510958,2025-07-06
2025,3,0.0,HOME STATE COUNTY MUTUAL INSURANCE COMPANY,Closed,HMSG-134511321,2025-09-25
2025,3,0.0,HOME STATE COUNTY MUTUAL INSURANCE COMPANY,Closed,HMSG-134548062,2025-07-04
2025,3,0.0,HOME STATE COUNTY MUTUAL INSURANCE COMPANY,Closed,HMSG-134548659,2025-07-04
2025,3,0.0,HOME STATE COUNTY MUTUAL INSURANCE COMPANY,Closed,HMSG-134564559,2025-07-18
2025,3,-0.0,HOME STATE COUNTY MUTUAL INSURANCE COMPANY,Closed,HMSG-134572290,2025-07-25
2025,3,0.0,HOME STATE COUNTY MUTUAL INSURANCE COMPANY,Closed,HMSG-134588309,2025-08-15
2025,3,0.0,HOME STATE COUNTY MUTUAL INSURANCE COMPANY,Closed,HMSG-134588676,2025-08-15
2025,3,0.0,HOME STATE COUNTY MUTUAL INSURANCE COMPANY,Closed,HMSG-134609034,2025-08-15
2025,3,0.0,HOME STATE COUNTY MUTUAL INSURANCE COMPANY,Closed,HMSG-134612097,2025-08-15
2025,3,0.0,HOME STATE COUNTY MUTUAL INSURANCE COMPANY,Closed,HMSG-134614462,2025-08-15
2025,3,0.0,HOME STATE COUNTY MUTUAL INSURANCE COMPANY,Closed,HMSG-134616855,2025-09-10
2025,3,0.0,HOME STATE COUNTY MUTUAL INSURANCE COMPANY,Closed,HMSG-134618766,2025-09-01
2025,3,0.0,HOME STATE COUNTY MUTUAL INSURANCE COMPANY,Closed,HMSG-134618959,2025-09-01
2025,3,0.0,HOME STATE COUNTY MUTUAL INSURANCE COMPANY,Closed,HMSG-134619385,2025-09-01
2025,3,0.0,HOME STATE COUNTY MUTUAL INSURANCE COMPANY,Closed,HMSG-134628907,2025-08-29
2025,3,0.0,HOME STATE COUNTY MUTUAL INSURANCE COMPANY,Closed,HMSG-134631323,2025-09-01
2025,3,0.0,HOME STATE COUNTY MUTUAL INSURANCE COMPANY,Closed,HMSG-134635105,2025-09-08
2025,3,0.0,HOME STATE COUNTY MUTUAL INSURANCE COMPANY,Closed,HMSG-134642259,2025-09-01
2025,3,0.0,HOME STATE COUNTY MUTUAL INSURANCE COMPANY,Closed,HMSG-134653664,2025-09-01
2025,3,0.0,INSUREMAX INSURANCE COMPANY,Closed,ASRN-134646365,2025-09-01
2025,3,0.0,INTEGON INDEMNITY CORPORATION,Closed,GMMX-134613215,2025-08-15
2025,3,0.0,MERCURY COUNTY MUTUAL INSURANCE COMPANY,Closed,MERY-134419776,2025-08-03
2025,3,0.0,MID-CENTURY INSURANCE COMPANY OF TEXAS,Closed,FARM-134552308,2025-07-01
2025,3,0.0,NATIONAL GENERAL ASSURANCE COMPANY,Closed,GMMX-134612497,2025-08-15
2025,3,0.0,NATIONAL GENERAL INSURANCE COMPANY,Closed,GMMX-134611308,2025-08-15
2025,3,0.0,OLD AMERICAN COUNTY MUTUAL FIRE INSURANCE COMPANY,Closed,OAMF-134527268,2025-07-08
2025,3,0.0,OLD AMERICAN COUNTY MUTUAL FIRE INSURANCE COMPANY,Closed,OAMF-134566387,2025-07-11
2025,3,0.0,OLD AMERICAN COUNTY MUTUAL FIRE INSURANCE COMPANY,Closed,OAMF-134593335,2025-07-07
2025,3,0.0,OLD AMERICAN COUNTY MUTUAL FIRE INSURANCE COMPANY,Closed,OAMF-134604982,2025-08-15
2025,3,0.0,OLD AMERICAN COUNTY MUTUAL FIRE INSURANCE COMPANY,Closed,OAMF-134612611,2025-09-01
2025,3,0.0,OLD AMERICAN COUNTY MUTUAL FIRE INSURANCE COMPANY,Closed,OAMF-134639830,2025-09-30
2025,3,0.0,OLD AMERICAN COUNTY MUTUAL FIRE INSURANCE COMPANY,Closed,OAMF-134649718,2025-09-01
2025,3,0.0,OLD AMERICAN COUNTY MUTUAL FIRE INSURANCE COMPANY,Closed,OAMF-134649750,2025-09-01
2025,3,0.0,OLD AMERICAN COUNTY MUTUAL FIRE INSURANCE COMPANY,Closed,OAMF-134649971,2025-09-01
2025,3,0.0,OLD AMERICAN COUNTY MUTUAL FIRE INSURANCE COMPANY,Closed,OAMF-134649984,2025-09-01
2025,3,0.0,OLD AMERICAN COUNTY MUTUAL FIRE INSURANCE COMPANY,Closed,OAMF-134650291,2025-09-01
2025,3,0.0,OLD AMERICAN COUNTY MUTUAL FIRE INSURANCE COMPANY,Closed,OAMF-134655393,2025-09-01
2025,3,0.0,OLD AMERICAN COUNTY MUTUAL FIRE INSURANCE COMPANY,Closed,OAMF-134655407,2025-09-01
2025,3,0.0,OLD AMERICAN COUNTY MUTUAL FIRE INSURANCE COMPANY,Closed,OAMF-134655417,2025-09-01
2025,3,0.0,OLD AMERICAN COUNTY MUTUAL FIRE INSURANCE COMPANY,Closed,OAMF-134655422,2025-09-01
2025,3,0.0,OLD AMERICAN COUNTY MUTUAL FIRE INSURANCE COMPANY,Closed,OAMF-134655435,2025-09-01
2025,3,0.0,OLD AMERICAN COUNTY MUTUAL FIRE INSURANCE COMPANY,Closed,OAMF-134656044,2025-09-01
2025,3,0.0,OLD AMERICAN COUNTY MUTUAL FIRE INSURANCE COMPANY,Closed,OAMF-134682780,2025-09-25
2025,3,0.0,PROGRESSIVE COUNTY MUTUAL INSURANCE COMPANY,Closed,PRGS-134600191,2025-09-01
2025,3,0.0,PROGRESSIVE COUNTY MUTUAL INSURANCE COMPANY,Closed,PRGS-134600219,2025-09-01
2025,3,0.0,REDPOINT COUNTY MUTUAL INSURANCE COMPANY,Closed,CLIN-134662698,2025-09-10
2025,3,0.0,REDPOINT COUNTY MUTUAL INSURANCE COMPANY,Closed,HART-134388843,2025-07-01
2025,3,0.0,REDPOINT COUNTY MUTUAL INSURANCE COMPANY,Closed,HART-134442042,2025-07-01
2025,3,0.0,REDPOINT COUNTY MUTUAL INSURANCE COMPANY,Closed,PERR-134590957,2025-07-03
2025,3,0.0,REDPOINT COUNTY MUTUAL INSURANCE COMPANY,Closed,SWCM-134641264,2025-09-01
2025,3,0.0,REDPOINT COUNTY MUTUAL INSURANCE COMPANY,Pending,PERR-134594634,2025-09-09
2025,3,0.0,REDPOINT COUNTY MUTUAL INSURANCE COMPANY,Pending,SWCM-134621915,2025-09-20
2025,3,0.0,ROOT INSURANCE COMPANY,Closed,CLIN-134571651,2025-08-03
2025,3,0.0,"SENTINEL INSURANCE COMPANY, LTD.",Closed,HART-134388843,2025-07-01
2025,3,0.0,"SENTINEL INSURANCE COMPANY, LTD.",Closed,HART-134442046,2025-07-01
2025,3,0.0,TRUMBULL INSURANCE COMPANY,Closed,HART-134388843,2025-07-01
2025,3,0.0,TRUMBULL INSURANCE COMPANY,Closed,HART-134433712,2025-09-30
2025,3,0.0,TRUMBULL INSURANCE COMPANY,Closed,HART-134442046,2025-07-01
2025,3,0.0,WORTH INSURANCE COMPANY,Closed,AGWG-134604251,2025-09-01
2025,3,1.0,OLD AMERICAN COUNTY MUTUAL FIRE INSURANCE COMPANY,Closed,OAMF-134603750,2025-08-15
2025,3,1.1,OLD AMERICAN COUNTY MUTUAL FIRE INSURANCE COMPANY,Closed,OAMF-134603959,2025-08-15
2025,3,1.2,OLD AMERICAN COUNTY MUTUAL FIRE INSURANCE COMPANY,Closed,OAMF-134603724,2025-08-15
2025,3,1.8,GEICO INDEMNITY COMPANY,Closed,GECC-134438389,2025-07-03
2025,3,2.0,OLD AMERICAN COUNTY MUTUAL FIRE INSURANCE COMPANY,Closed,OAMF-134584399,2025-08-01
2025,3,2.4,INFINITY COUNTY MUTUAL INSURANCE COMPANY,Closed,NFNT-134644044,2025-09-25
2025,3,2.4,INFINITY COUNTY MUTUAL INSURANCE COMPANY,Closed,NFNT-134644096,2025-09-25
2025,3,2.5,OLD AMERICAN COUNTY MUTUAL FIRE INSURANCE COMPANY,Closed,OAMF-134612689,2025-09-24
2025,3,3.0,OLD AMERICAN COUNTY MUTUAL FIRE INSURANCE COMPANY,Closed,OAMF-134648152,2025-09-24
2025,3,3.1,HOME STATE COUNTY MUTUAL INSURANCE COMPANY,Closed,HMSG-134572413,2025-07-25
2025,3,3.1,HOME STATE COUNTY MUTUAL INSURANCE COMPANY,Closed,HMSG-134630026,2025-09-20
2025,3,3.2,GEICO TEXAS COUNTY MUTUAL INSURANCE COMPANY,Closed,GECC-134522456,2025-07-13
2025,3,3.2,VISION INSURANCE COMPANY,Closed,PERR-134612006,2025-08-28
2025,3,3.7,HOME STATE COUNTY MUTUAL INSURANCE COMPANY,Closed,HMSG-134574132,2025-07-25
2025,3,4.9,UNITED SECURITY INSURANCE COMPANY,Closed,USLH-134652205,2025-09-23
2025,3,5.0,REDPOINT COUNTY MUTUAL INSURANCE COMPANY,Closed,CLIN-134605771,2025-09-02
2025,3,5.0,REDPOINT COUNTY MUTUAL INSURANCE COMPANY,Closed,SWCM-134467595,2025-07-14
2025,3,5.2,GEICO TEXAS COUNTY MUTUAL INSURANCE COMPANY,Closed,GECC-134522000,2025-07-13
2025,3,5.6,OLD AMERICAN COUNTY MUTUAL FIRE INSURANCE COMPANY,Closed,OAMF-134552132,2025-07-01
2025,3,6.5,LOYA INSURANCE COMPANY,Closed,PERR-134612082,2025-08-28
2025,3,6.9,AGRICULTURAL WORKERS MUTUAL AUTO INSURANCE COMPANY,Closed,AGWG-134553987,2025-09-01
2025,3,10.5,HOME STATE COUNTY MUTUAL INSURANCE COMPANY,Closed,HMSG-134554940,2025-08-09
2025,3,10.7,HORACE MANN INSURANCE COMPANY,Pending,HRMN-134580312,2025-09-01
2025,3,10.9,"FOREMOST INSURANCE COMPANY GRAND RAPIDS, MICHIGAN",Closed,MRTN-134406556,2025-07-01
2025,3,11.0,TEACHERS INSURANCE COMPANY,Pending,HRMN-134580312,2025-09-01
2025,3,11.3,HORACE MANN PROPERTY & CASUALTY INSURANCE COMPANY,Pending,HRMN-134580312,2025-09-01
2025,3,13.6,ASSURANCEAMERICA INSURANCE COMPANY,Closed,ASRN-134639979,2025-09-22
2025,3,13.7,BERKLEY INSURANCE COMPANY,Closed,BKON-134309739,2025-08-19
2025,3,13.8,REDPOINT COUNTY MUTUAL INSURANCE COMPANY,Closed,SWCM-134517117,2025-09-02
2025,3,14.0,PRIVILEGE UNDERWRITERS RECIPROCAL EXCHANGE,Closed,PRIV-134476338,2025-09-06
2025,3,27.1,FARMERS TEXAS COUNTY MUTUAL INSURANCE COMPANY,Closed,FARM-134553197,2025-07-20
2025,4,-19.7,IMPERIAL FIRE AND CASUALTY INSURANCE COMPANY,Closed,GMMX-134657789,2025-11-13
2025,4,-15.7,MIDVALE INDEMNITY COMPANY,Closed,HMSS-134596878,2025-11-11
2025,4,-12.0,"FIRST ACCEPTANCE INSURANCE COMPANY, INC.",Closed,FRST-134701937,2025-11-05
2025,4,-9.5,OLD AMERICAN COUNTY MUTUAL FIRE INSURANCE COMPANY,Closed,OAMF-134729031,2025-12-07
2025,4,-8.0,WORTH INSURANCE COMPANY,Closed,AGWG-134651097,2025-11-01
2025,4,-7.8,SPINNAKER INSURANCE COMPANY,Closed,WOOD-134632809,2025-12-15
2025,4,-6.8,HOME STATE COUNTY MUTUAL INSURANCE COMPANY,Closed,HMSG-134648409,2025-10-14
2025,4,-6.1,FIRST CHICAGO INSURANCE COMPANY,Closed,FCLH-134640355,2025-10-14
2025,4,-5.9,FARM BUREAU COUNTY MUTUAL INSURANCE COMPANY OF TEXAS,Closed,TXFB-134671163,2025-12-01
2025,4,-5.8,TEXAS FARM BUREAU MUTUAL INSURANCE COMPANY,Closed,TXFB-134671163,2025-12-01
2025,4,-5.8,TEXAS FARM BUREAU UNDERWRITERS,Closed,TXFB-134671163,2025-12-01
2025,4,-4.5,GERMANIA INSURANCE COMPANY,Closed,GEIN-134672349,2025-11-01
2025,4,-4.4,FARMERS PROPERTY AND CASUALTY INSURANCE COMPANY,Pending,FAIG-134693248,2025-11-12
2025,4,-4.1,HALLMARK COUNTY MUTUAL INSURANCE COMPANY,Closed,PHXN-134700338,2025-11-24
2025,4,-4.1,REDPOINT COUNTY MUTUAL INSURANCE COMPANY,Closed,SWCM-134727557,2025-12-31
2025,4,-3.9,GERMANIA FIRE & CASUALTY COMPANY,Closed,GEIN-134672349,2025-11-01
2025,4,-3.9,GERMANIA SELECT INSURANCE COMPANY,Closed,GEIN-134672349,2025-11-01
2025,4,-3.6,HOME STATE COUNTY MUTUAL INSURANCE COMPANY,Closed,HMSG-134677821,2025-11-01
2025,4,-2.3,"MGA INSURANCE COMPANY, INC.",Closed,GNSC-134635224,2025-10-06
2025,4,-2.0,ALLSTATE COUNTY MUTUAL INSURANCE COMPANY,Closed,ALSE-134656030,2025-10-23
2025,4,-2.0,MERCURY COUNTY MUTUAL INSURANCE COMPANY,Pending,MERY-134555446,2025-11-30
2025,4,-1.6,AMICA PROPERTY AND CASUALTY INSURANCE COMPANY,Closed,AMMA-134597213,2025-12-01
2025,4,-1.6,HOME STATE COUNTY MUTUAL INSURANCE COMPANY,Closed,HMSG-134685586,2025-11-01
2025,4,-1.3,LIBERTY COUNTY MUTUAL INSURANCE COMPANY,Closed,LBPM-134556146,2025-11-20
2025,4,-1.1,REDPOINT COUNTY MUTUAL INSURANCE COMPANY,Closed,SWCM-134687209,2025-11-01
2025,4,-0.9,MID-CENTURY INSURANCE COMPANY OF TEXAS,Pending,FARM-134697394,2025-11-15
2025,4,-0.9,REDPOINT COUNTY MUTUAL INSURANCE COMPANY,Pending,SWCM-134668284,2025-11-12
2025,4,-0.6,AMERICAN ACCESS CASUALTY COMPANY,Closed,AACI-134614204,2025-10-08
2025,4,-0.4,ELEPHANT INSURANCE COMPANY,Pending,EINS-134668540,2025-11-12
2025,4,-0.3,OLD AMERICAN COUNTY MUTUAL FIRE INSURANCE COMPANY,Closed,OAMF-134752599,2025-12-15
2025,4,-0.2,OLD AMERICAN COUNTY MUTUAL FIRE INSURANCE COMPANY,Closed,OAMF-134738556,2025-12-15
2025,4,0.0,AEGIS SECURITY INSURANCE COMPANY,Closed,PERR-134522134,2025-10-01
2025,4,0.0,ALLSTATE COUNTY MUTUAL INSURANCE COMPANY,Closed,ALSE-134644199,2025-12-26
2025,4,0.0,ALLSTATE COUNTY MUTUAL INSURANCE COMPANY,Closed,ALSE-134646933,2025-11-27
2025,4,0.0,ALLSTATE COUNTY MUTUAL INSURANCE COMPANY,Closed,ALSE-134692896,2025-10-03
2025,4,0.0,ALLSTATE INDEMNITY COMPANY,Closed,ALSE-134646729,2025-11-27
2025,4,0.0,ALLSTATE INSURANCE COMPANY,Closed,ALSE-134646729,2025-11-27
2025,4,0.0,ALLSTATE PROPERTY AND CASUALTY INSURANCE COMPANY,Closed,ALSE-134646729,2025-11-27
2025,4,0.0,AMERICAN BANKERS INSURANCE COMPANY OF FLORIDA,Closed,ASPX-134413846,2025-10-15
2025,4,0.0,AMERICAN NATIONAL COUNTY MUTUAL INSURANCE COMPANY,Closed,ANPC-134497748,2025-12-30
2025,4,0.0,AMICA MUTUAL INSURANCE COMPANY,Closed,AMMA-134597232,2025-12-01
2025,4,0.0,"AUTOMOBILE INSURANCE COMPANY OF HARTFORD, CONNECTICUT, THE",Closed,TRVD-G134652480,2025-10-01
2025,4,0.0,CONSUMERS COUNTY MUTUAL INSURANCE COMPANY,Closed,CCMC-134659091,2025-10-01
2025,4,0.0,CONSUMERS COUNTY MUTUAL INSURANCE COMPANY,Closed,CCMC-134679612,2025-10-31
2025,4,0.0,ELEPHANT INSURANCE COMPANY,Closed,EINS-134640509,2025-10-27
2025,4,0.0,FALCON INSURANCE COMPANY,Closed,FIGC-134744881,2025-12-24
2025,4,0.0,FARMERS CASUALTY INSURANCE COMPANY,Pending,FAIG-134719633,2025-12-29
2025,4,0.0,FARMERS DIRECT PROPERTY AND CASUALTY INSURANCE COMPANY,Pending,FAIG-134719633,2025-12-29
2025,4,0.0,FARMERS GROUP PROPERTY AND CASUALTY INSURANCE COMPANY,Pending,FAIG-134719633,2025-12-29
2025,4,0.0,FARMERS LLOYDS INSURANCE COMPANY OF TEXAS,Pending,FAIG-134718092,2025-12-29
2025,4,0.0,FARMERS PROPERTY AND CASUALTY INSURANCE COMPANY,Pending,FAIG-134719633,2025-12-29
2025,4,0.0,FARMERS TEXAS COUNTY MUTUAL INSURANCE COMPANY,Closed,FARM-134691938,2025-11-21
2025,4,0.0,FARMERS TEXAS COUNTY MUTUAL INSURANCE COMPANY,Closed,FARM-134701828,2025-10-10
2025,4,0.0,FARMERS TEXAS COUNTY MUTUAL INSURANCE COMPANY,Closed,FARM-134702006,2025-10-10
2025,4,0.0,FARMERS TEXAS COUNTY MUTUAL INSURANCE COMPANY,Closed,FARM-134712588,2025-11-21
2025,4,0.0,"FIRST ACCEPTANCE INSURANCE COMPANY, INC.",Closed,FRST-134403929,2025-10-01
2025,4,0.0,FOREMOST COUNTY MUTUAL INSURANCE COMPANY,Closed,BRWS-134690370,2025-12-15
2025,4,0.0,GEICO ADVANTAGE INSURANCE COMPANY,Closed,GECC-134637978,2025-11-18
2025,4,0.0,GEICO CHOICE INSURANCE COMPANY,Closed,GECC-134637978,2025-11-18
2025,4,0.0,GEICO COUNTY MUTUAL INSURANCE COMPANY,Closed,GECC-134637978,2025-11-18
2025,4,0.0,GEICO GENERAL INSURANCE COMPANY,Closed,GECC-134593132,2025-11-18
2025,4,0.0,GEICO SECURE INSURANCE COMPANY,Closed,GECC-134637978,2025-11-18
2025,4,0.0,GEICO TEXAS COUNTY MUTUAL INSURANCE COMPANY,Closed,GECC-134637983,2025-11-18
2025,4,0.0,GM NATIONAL INSURANCE COMPANY,Closed,ONST-134327563,2025-10-24
2025,4,0.0,HOME STATE COUNTY MUTUAL INSURANCE COMPANY,Closed,HMSG-134675110,2025-11-01
2025,4,0.0,HOME STATE COUNTY MUTUAL INSURANCE COMPANY,Closed,HMSG-134705132,2025-11-30
2025,4,0.0,HOME STATE COUNTY MUTUAL INSURANCE COMPANY,Closed,HMSG-134705179,2025-11-30
2025,4,0.0,HOME STATE COUNTY MUTUAL INSURANCE COMPANY,Closed,HMSG-134706200,2025-11-30
2025,4,0.0,HOME STATE COUNTY MUTUAL INSURANCE COMPANY,Closed,HMSG-134706217,2025-11-30
2025,4,0.0,HOME STATE COUNTY MUTUAL INSURANCE COMPANY,Closed,HMSG-134710146,2025-11-30
2025,4,0.0,HOME STATE COUNTY MUTUAL INSURANCE COMPANY,Closed,HMSG-134710214,2025-11-30
2025,4,0.0,HOME STATE COUNTY MUTUAL INSURANCE COMPANY,Closed,HMSG-134710650,2025-11-30
2025,4,0.0,HOME STATE COUNTY MUTUAL INSURANCE COMPANY,Closed,HMSG-134711407,2025-11-30
2025,4,0.0,HOME STATE COUNTY MUTUAL INSURANCE COMPANY,Closed,HMSG-134711478,2025-11-30
2025,4,0.0,HOME STATE COUNTY MUTUAL INSURANCE COMPANY,Closed,HMSG-134711563,2025-11-30
2025,4,0.0,HOME STATE COUNTY MUTUAL INSURANCE COMPANY,Closed,HMSG-134720746,2025-12-05
2025,4,0.0,HOME STATE COUNTY MUTUAL INSURANCE COMPANY,Closed,HMSG-134720801,2025-10-31
2025,4,0.0,HOME STATE COUNTY MUTUAL INSURANCE COMPANY,Closed,HMSG-134728509,2025-11-05
2025,4,0.0,IMPERIAL FIRE AND CASUALTY INSURANCE COMPANY,Closed,GMMX-134895922,2025-11-27
2025,4,0.0,LIBERTY COUNTY MUTUAL INSURANCE COMPANY,Closed,LBPM-134656195,2025-10-06
2025,4,0.0,LIBERTY COUNTY MUTUAL INSURANCE COMPANY,Closed,LBPM-134676259,2025-11-17
2025,4,0.0,LOYA INSURANCE COMPANY,Closed,PERR-134736604,2025-11-17
2025,4,0.0,LOYA INSURANCE COMPANY,Closed,PERR-134736923,2025-11-17
2025,4,0.0,LOYA INSURANCE COMPANY,Closed,PERR-134737023,2025-11-17
2025,4,0.0,MID-CENTURY INSURANCE COMPANY OF TEXAS,Closed,FARM-134714621,2025-11-21
2025,4,0.0,MID-CENTURY INSURANCE COMPANY OF TEXAS,Pending,FARM-134702305,2025-10-10
2025,4,0.0,OLD AMERICAN COUNTY MUTUAL FIRE INSURANCE COMPANY,Closed,OAMF-134677646,2025-10-22
2025,4,0.0,OLD AMERICAN COUNTY MUTUAL FIRE INSURANCE COMPANY,Closed,OAMF-134689773,2025-11-01
2025,4,0.0,OLD AMERICAN COUNTY MUTUAL FIRE INSURANCE COMPANY,Closed,OAMF-134689844,2025-11-01
2025,4,0.0,OLD AMERICAN COUNTY MUTUAL FIRE INSURANCE COMPANY,Closed,OAMF-134697687,2025-10-08
2025,4,0.0,OLD AMERICAN COUNTY MUTUAL FIRE INSURANCE COMPANY,Closed,OAMF-134705120,2025-11-15
2025,4,0.0,OLD AMERICAN COUNTY MUTUAL FIRE INSURANCE COMPANY,Closed,OAMF-134712512,2025-11-27
2025,4,0.0,OLD AMERICAN COUNTY MUTUAL FIRE INSURANCE COMPANY,Closed,OAMF-134712518,2025-11-27
2025,4,0.0,OLD AMERICAN COUNTY MUTUAL FIRE INSURANCE COMPANY,Closed,OAMF-134719769,2025-11-01
2025,4,0.0,OLD AMERICAN COUNTY MUTUAL FIRE INSURANCE COMPANY,Closed,OAMF-134753669,2025-12-01
2025,4,0.0,REDPOINT COUNTY MUTUAL INSURANCE COMPANY,Closed,SWCM-134637774,2025-10-27
2025,4,0.0,REDPOINT COUNTY MUTUAL INSURANCE COMPANY,Closed,SWCM-134711821,2025-12-11
2025,4,0.0,RIVERPORT INSURANCE COMPANY,Closed,BKON-134393369,2025-11-18
2025,4,0.0,SENTRY SELECT INSURANCE COMPANY,Closed,VKNG-134658443,2025-11-05
2025,4,0.0,TEXAS FARM BUREAU CASUALTY INSURANCE COMPANY,Closed,TXFB-134671163,2025-12-01
2025,4,0.0,"TRAVELERS HOME AND MARINE INSURANCE COMPANY, THE",Closed,TRVD-G134652420,2025-10-01
2025,4,0.0,VISION INSURANCE COMPANY,Closed,PERR-134733073,2025-11-17
2025,4,0.0,VISION INSURANCE COMPANY,Closed,PERR-134733168,2025-11-17
2025,4,0.0,YOUNG AMERICA INSURANCE COMPANY,Closed,PERR-134740048,2025-11-17
2025,4,0.4,GM NATIONAL INSURANCE COMPANY,Pending,ONST-134500760,2025-10-24
2025,4,0.5,HOME STATE COUNTY MUTUAL INSURANCE COMPANY,Closed,HMSG-134715150,2025-11-21
2025,4,0.9,OLD AMERICAN COUNTY MUTUAL FIRE INSURANCE COMPANY,Closed,OAMF-134717824,2025-12-01
2025,4,0.9,OLD AMERICAN COUNTY MUTUAL FIRE INSURANCE COMPANY,Closed,OAMF-134717916,2025-12-01
2025,4,0.9,REDPOINT COUNTY MUTUAL INSURANCE COMPANY,Closed,SWCM-134563062,2025-10-01
2025,4,1.1,OLD AMERICAN COUNTY MUTUAL FIRE INSURANCE COMPANY,Closed,OAMF-134717663,2025-12-01
2025,4,1.2,ALINSCO INSURANCE COMPANY,Closed,AINS-134695437,2025-11-08
2025,4,1.6,OLD AMERICAN COUNTY MUTUAL FIRE INSURANCE COMPANY,Closed,OAMF-134690784,2025-11-01
2025,4,1.9,GOAUTO INSURANCE COMPANY,Closed,GAIC-134405871,2025-10-11
2025,4,2.0,GEICO INDEMNITY COMPANY,Closed,GECC-134593132,2025-11-18
2025,4,2.9,REDPOINT COUNTY MUTUAL INSURANCE COMPANY,Closed,PERR-134638204,2025-10-01
2025,4,3.0,FARMERS TEXAS COUNTY MUTUAL INSURANCE COMPANY,Closed,FARM-134736303,2025-11-15
2025,4,3.0,FARMERS TEXAS COUNTY MUTUAL INSURANCE COMPANY,Closed,FARM-134736374,2025-11-15
2025,4,3.0,STATE FARM COUNTY MUTUAL INSURANCE COMPANY OF TEXAS,Pending,SFMA-134504695,2025-11-19
2025,4,3.7,OLD AMERICAN COUNTY MUTUAL FIRE INSURANCE COMPANY,Closed,OAMF-134737588,2025-11-15
2025,4,3.7,OLD AMERICAN COUNTY MUTUAL FIRE INSURANCE COMPANY,Closed,OAMF-134737649,2025-11-15
2025,4,3.8,STATE FARM MUTUAL AUTOMOBILE INSURANCE COMPANY,Pending,SFMA-134504695,2025-11-19
2025,4,4.0,GOVERNMENT EMPLOYEES INSURANCE COMPANY,Closed,GECC-134593132,2025-11-18
2025,4,4.1,DAIRYLAND COUNTY MUTUAL INSURANCE COMPANY OF TEXAS,Closed,VKNG-134710695,2025-12-17
2025,4,4.5,"CINCINNATI CASUALTY COMPANY, THE",Closed,CNNB-134503653,2025-11-01
2025,4,4.5,HOME STATE COUNTY MUTUAL INSURANCE COMPANY,Closed,HMSG-134726189,2025-12-11
2025,4,4.7,AMERICAN FAMILY HOME INSURANCE COMPANY,Closed,MRTN-134593586,2025-12-15
2025,4,5.1,"SENTINEL INSURANCE COMPANY, LTD.",Closed,HART-134641876,2025-10-17
2025,4,5.3,"CINCINNATI INSURANCE COMPANY, THE",Closed,CNNB-134482324,2025-11-01
2025,4,5.7,"CIMARRON INSURANCE COMPANY, INC.",Closed,EXSL-134696307,2025-11-24
2025,4,6.2,REDPOINT COUNTY MUTUAL INSURANCE COMPANY,Closed,SWCM-134679180,2025-12-01
2025,4,6.8,AMERICAN FAMILY CONNECT PROPERTY AND CASUALTY INSURANCE COMPANY,Closed,PRCA-134652381,2025-12-15
2025,4,7.0,AMERICAN MODERN PROPERTY AND CASUALTY INSURANCE COMPANY,Closed,AMMH-134473202,2025-10-27
2025,4,7.2,TRUMBULL INSURANCE COMPANY,Closed,HART-134641892,2025-10-17
2025,4,7.3,REDPOINT COUNTY MUTUAL INSURANCE COMPANY,Closed,HART-134635808,2025-11-13
2025,4,7.9,ASSURANCEAMERICA INSURANCE COMPANY,Closed,ASRN-134671374,2025-10-29
2025,4,8.5,OLD AMERICAN COUNTY MUTUAL FIRE INSURANCE COMPANY,Closed,OAMF-134721041,2025-11-15
2025,4,8.6,TREXIS ONE INSURANCE CORPORATION,Closed,VSGP-134719621,2025-11-21
2025,4,9.1,ALLSTATE FIRE AND CASUALTY INSURANCE COMPANY,Closed,ALSE-134708213,2025-12-11
2025,4,9.6,ALLSTATE COUNTY MUTUAL INSURANCE COMPANY,Closed,ALSE-134708258,2025-12-11
2025,4,9.7,ALLSTATE COUNTY MUTUAL INSURANCE COMPANY,Closed,ALSE-134708703,2025-12-11
2025,4,12.0,INSUREMAX INSURANCE COMPANY,Closed,ASRN-134671372,2025-10-29
2025,4,17.6,AIG PROPERTY CASUALTY COMPANY,Pending,APCG-134581635,2025-12-17
2025,4,20.5,OLD AMERICAN COUNTY MUTUAL FIRE INSURANCE COMPANY,Closed,OAMF-134650975,2025-10-01
2026,1,-14.7,WORTH INSURANCE COMPANY,Closed,AGWG-134764998,2026-03-01
2026,1,-11.3,OLD AMERICAN COUNTY MUTUAL FIRE INSURANCE COMPANY,Closed,OAMF-134770651,2026-01-08
2026,1,-10.1,MID-CENTURY INSURANCE COMPANY OF TEXAS,Closed,FARM-134817393,2026-03-05
2026,1,-7.9,GERMANIA SELECT INSURANCE COMPANY,Closed,GEIN-134805604,2026-03-04
2026,1,-7.8,GERMANIA FIRE & CASUALTY COMPANY,Closed,GEIN-134805604,2026-03-04
2026,1,-7.8,GERMANIA INSURANCE COMPANY,Closed,GEIN-134805604,2026-03-04
2026,1,-7.3,HOME STATE COUNTY MUTUAL INSURANCE COMPANY,Closed,HMSG-134814042,2026-03-04
2026,1,-6.0,AMERICAN FREEDOM INSURANCE COMPANY,Closed,AFCO-134720659,2026-02-01
2026,1,-5.3,LOYA INSURANCE COMPANY,Closed,PERR-134786145,2026-03-02
2026,1,-5.2,FARMERS PROPERTY AND CASUALTY INSURANCE COMPANY,Closed,FAIG-134773153,2026-02-04
2026,1,-5.1,LOYA INSURANCE COMPANY,Closed,PERR-134787308,2026-03-02
2026,1,-5.0,HOME STATE COUNTY MUTUAL INSURANCE COMPANY,Closed,HMSG-134843302,2026-03-27
2026,1,-4.5,OLD AMERICAN COUNTY MUTUAL FIRE INSURANCE COMPANY,Closed,OAMF-134840941,2026-03-21
2026,1,-4.5,SAFEWAY INSURANCE COMPANY,Closed,MOCC-134778569,2026-03-01
2026,1,-4.5,VISION INSURANCE COMPANY,Closed,PERR-134786779,2026-03-02
2026,1,-4.3,FALCON INSURANCE COMPANY,Closed,FIGC-134829141,2026-03-13
2026,1,-3.8,GERMANIA INSURANCE COMPANY,Closed,GEIN-134781007,2026-02-03
2026,1,-3.7,OLD AMERICAN COUNTY MUTUAL FIRE INSURANCE COMPANY,Closed,OAMF-134840753,2026-03-16
2026,1,-3.6,STATE FARM COUNTY MUTUAL INSURANCE COMPANY OF TEXAS,Closed,SFMA-134710723,2026-01-15
2026,1,-3.5,OLD AMERICAN COUNTY MUTUAL FIRE INSURANCE COMPANY,Closed,OAMF-134779814,2026-01-29
2026,1,-3.1,GERMANIA FIRE & CASUALTY COMPANY,Closed,GEIN-134781007,2026-02-03
2026,1,-3.1,HOME STATE COUNTY MUTUAL INSURANCE COMPANY,Closed,HMSG-134801571,2026-02-03
2026,1,-3.0,GERMANIA SELECT INSURANCE COMPANY,Closed,GEIN-134781007,2026-02-03
2026,1,-3.0,STATE FARM MUTUAL AUTOMOBILE INSURANCE COMPANY,Closed,SFMA-134710723,2026-01-15
2026,1,-2.9,REDPOINT COUNTY MUTUAL INSURANCE COMPANY,Closed,SWCM-134663940,2026-01-14
2026,1,-2.5,PROGRESSIVE COUNTY MUTUAL INSURANCE COMPANY,Closed,PRGS-134818917,2026-03-12
2026,1,-2.0,"MGA INSURANCE COMPANY, INC.",Closed,GNSC-134750488,2026-01-19
2026,1,-2.0,PROGRESSIVE COUNTY MUTUAL INSURANCE COMPANY,Closed,PRGS-134805561,2026-03-12
2026,1,-1.5,DAIRYLAND COUNTY MUTUAL INSURANCE COMPANY OF TEXAS,Closed,VKNG-134711787,2026-01-14
2026,1,-1.4,ANCHOR GENERAL INSURANCE COMPANY,Closed,AGIN-134701492,2026-01-19
2026,1,-1.4,VISION INSURANCE COMPANY,Closed,PERR-134706664,2026-01-01
2026,1,-1.2,FOREMOST COUNTY MUTUAL INSURANCE COMPANY,Closed,BRWS-134750254,2026-01-13
2026,1,-1.0,LOYA INSURANCE COMPANY,Closed,PERR-134706878,2026-01-01
2026,1,-0.9,HOME STATE COUNTY MUTUAL INSURANCE COMPANY,Closed,HMSG-134757919,2026-01-16
2026,1,-0.1,OLD AMERICAN COUNTY MUTUAL FIRE INSURANCE COMPANY,Closed,OAMF-134781849,2026-01-15
2026,1,0.0,AIG PROPERTY CASUALTY COMPANY,Closed,APCG-134779580,2026-01-01
2026,1,0.0,ALLSTATE COUNTY MUTUAL INSURANCE COMPANY,Closed,ALSE-134773322,2026-01-01
2026,1,0.0,ALLSTATE FIRE AND CASUALTY INSURANCE COMPANY,Closed,ALSE-134773322,2026-01-01
2026,1,0.0,ALLSTATE PROPERTY AND CASUALTY INSURANCE COMPANY,Closed,ALSE-134779519,2026-01-01
2026,1,0.0,ALLSTATE PROPERTY AND CASUALTY INSURANCE COMPANY,Closed,ALSE-134779615,2026-01-01
2026,1,0.0,AMICA MUTUAL INSURANCE COMPANY,Closed,AMMA-134630732,2026-01-01
2026,1,0.0,AMICA MUTUAL INSURANCE COMPANY,Closed,AMMA-134720618,2026-03-01
2026,1,0.0,AMICA PROPERTY AND CASUALTY INSURANCE COMPANY,Closed,AMMA-134630755,2026-01-01
2026,1,0.0,AMICA PROPERTY AND CASUALTY INSURANCE COMPANY,Closed,AMMA-134718376,2026-03-01
2026,1,0.0,AUTO CLUB COUNTY MUTUAL INSURANCE COMPANY,Closed,IACA-134708506,2026-01-01
2026,1,0.0,AUTO CLUB COUNTY MUTUAL INSURANCE COMPANY,Closed,IACA-134781297,2026-01-01
2026,1,0.0,BERKLEY INSURANCE COMPANY,Closed,BKON-134664091,2026-03-07
2026,1,0.0,"CINCINNATI CASUALTY COMPANY, THE",Closed,CNNB-134639337,2026-01-01
2026,1,0.0,"CINCINNATI INSURANCE COMPANY, THE",Closed,CNNB-134639337,2026-01-01
2026,1,0.0,COLONIAL COUNTY MUTUAL INSURANCE COMPANY,Closed,NWPP-134650170,2026-01-01
2026,1,0.0,COLONIAL COUNTY MUTUAL INSURANCE COMPANY,Closed,NWPP-134651284,2026-01-01
2026,1,0.0,COLONIAL COUNTY MUTUAL INSURANCE COMPANY,Closed,NWPP-G134764423,2026-01-26
2026,1,0.0,CONSUMERS COUNTY MUTUAL INSURANCE COMPANY,Closed,CCMC-134781304,2026-01-01
2026,1,0.0,CONSUMERS COUNTY MUTUAL INSURANCE COMPANY,Closed,CCMC-134831280,2026-03-22
2026,1,0.0,ELEPHANT INSURANCE COMPANY,Closed,EINS-134752559,2026-01-15
2026,1,0.0,ENCOMPASS INDEPENDENT INSURANCE COMPANY,Closed,GMMX-134757449,2026-01-01
2026,1,0.0,FARMERS CASUALTY INSURANCE COMPANY,Closed,FAIG-134748280,2026-02-01
2026,1,0.0,FARMERS DIRECT PROPERTY AND CASUALTY INSURANCE COMPANY,Closed,FAIG-134748280,2026-02-01
2026,1,0.0,FARMERS GROUP PROPERTY AND CASUALTY INSURANCE COMPANY,Closed,FAIG-134748280,2026-02-01
2026,1,0.0,FARMERS LLOYDS INSURANCE COMPANY OF TEXAS,Closed,FAIG-134748280,2026-02-01
2026,1,0.0,FARMERS PROPERTY AND CASUALTY INSURANCE COMPANY,Closed,FAIG-134748280,2026-02-01
2026,1,0.0,FARMERS TEXAS COUNTY MUTUAL INSURANCE COMPANY,Closed,FARM-134823853,2026-03-13
2026,1,0.0,FARMERS TEXAS COUNTY MUTUAL INSURANCE COMPANY,Closed,FARM-134824062,2026-03-13
2026,1,0.0,FOREMOST COUNTY MUTUAL INSURANCE COMPANY,Closed,FORE-134613972,2026-01-01
2026,1,0.0,FOREMOST COUNTY MUTUAL INSURANCE COMPANY,Closed,FORE-134614024,2026-01-01
2026,1,0.0,FOREMOST COUNTY MUTUAL INSURANCE COMPANY,Closed,FORE-134623856,2026-01-01
2026,1,0.0,FOREMOST COUNTY MUTUAL INSURANCE COMPANY,Closed,FORE-134735779,2026-01-15
2026,1,0.0,FOREMOST COUNTY MUTUAL INSURANCE COMPANY,Closed,FORE-134735804,2026-01-15
2026,1,0.0,FOREMOST COUNTY MUTUAL INSURANCE COMPANY,Closed,FORE-134740348,2026-01-15
2026,1,0.0,FOREMOST COUNTY MUTUAL INSURANCE COMPANY,Closed,FORE-134740372,2026-01-15
2026,1,0.0,"FOREMOST INSURANCE COMPANY GRAND RAPIDS, MICHIGAN",Closed,FORE-134613950,2026-01-01
2026,1,0.0,"FOREMOST INSURANCE COMPANY GRAND RAPIDS, MICHIGAN",Closed,FORE-134614001,2026-01-01
2026,1,0.0,"FOREMOST INSURANCE COMPANY GRAND RAPIDS, MICHIGAN",Closed,FORE-134740345,2026-01-15
2026,1,0.0,"FOREMOST INSURANCE COMPANY GRAND RAPIDS, MICHIGAN",Closed,FORE-134740347,2026-01-15
2026,1,0.0,FOREMOST PROPERTY AND CASUALTY INSURANCE COMPANY,Closed,FORE-134614020,2026-01-01
2026,1,0.0,FOREMOST PROPERTY AND CASUALTY INSURANCE COMPANY,Closed,FORE-134740366,2026-01-15
2026,1,0.0,GEICO ADVANTAGE INSURANCE COMPANY,Closed,GECC-134653190,2026-01-01
2026,1,0.0,GEICO CHOICE INSURANCE COMPANY,Closed,GECC-134653190,2026-01-01
2026,1,0.0,GEICO COUNTY MUTUAL INSURANCE COMPANY,Closed,GECC-134653190,2026-01-01
2026,1,0.0,GEICO SECURE INSURANCE COMPANY,Closed,GECC-134653190,2026-01-01
2026,1,0.0,GEICO TEXAS COUNTY MUTUAL INSURANCE COMPANY,Closed,GECC-134653190,2026-01-01
2026,1,0.0,GEICO TEXAS COUNTY MUTUAL INSURANCE COMPANY,Closed,GECC-134764074,2026-01-01
2026,1,0.0,GEICO TEXAS COUNTY MUTUAL INSURANCE COMPANY,Closed,GECC-134765572,2026-01-01
2026,1,0.0,GENERAL INSURANCE COMPANY OF AMERICA,Closed,LBPM-134749148,2026-01-01
2026,1,0.0,GENERAL INSURANCE COMPANY OF AMERICA,Closed,LBPM-134749189,2026-01-01
2026,1,0.0,GENERAL INSURANCE COMPANY OF AMERICA,Closed,LBPM-134786234,2026-03-21
2026,1,0.0,GERMANIA FIRE & CASUALTY COMPANY,Closed,GEIN-134745803,2026-01-01
2026,1,0.0,GERMANIA INSURANCE COMPANY,Closed,GEIN-134745803,2026-01-01
2026,1,0.0,GERMANIA SELECT INSURANCE COMPANY,Closed,GEIN-134745803,2026-01-01
2026,1,0.0,HOME STATE COUNTY MUTUAL INSURANCE COMPANY,Closed,HMSG-134741540,2026-01-01
2026,1,-0.0,HOME STATE COUNTY MUTUAL INSURANCE COMPANY,Closed,HMSG-134750122,2026-01-16
2026,1,0.0,HOME STATE COUNTY MUTUAL INSURANCE COMPANY,Closed,HMSG-134760647,2026-01-01
2026,1,0.0,HOME STATE COUNTY MUTUAL INSURANCE COMPANY,Closed,HMSG-134762492,2026-02-13
2026,1,0.0,HOME STATE COUNTY MUTUAL INSURANCE COMPANY,Closed,HMSG-134763472,2026-01-16
2026,1,0.0,HOME STATE COUNTY MUTUAL INSURANCE COMPANY,Closed,HMSG-134799323,2026-02-20
2026,1,0.0,HOME STATE COUNTY MUTUAL INSURANCE COMPANY,Closed,HMSG-134804880,2026-01-22
2026,1,0.0,HOME STATE COUNTY MUTUAL INSURANCE COMPANY,Closed,HMSG-134834554,2026-03-31
2026,1,0.0,HOME STATE COUNTY MUTUAL INSURANCE COMPANY,Closed,HMSG-134863725,2026-03-23
2026,1,0.0,HORACE MANN INSURANCE COMPANY,Closed,HRMN-134704227,2026-01-01
2026,1,0.0,HORACE MANN PROPERTY & CASUALTY INSURANCE COMPANY,Closed,HRMN-134704227,2026-01-01
2026,1,0.0,INFINITY COUNTY MUTUAL INSURANCE COMPANY,Closed,NFNT-134684529,2026-02-20
2026,1,0.0,INFINITY COUNTY MUTUAL INSURANCE COMPANY,Closed,NFNT-134684535,2026-02-20
2026,1,0.0,INFINITY COUNTY MUTUAL INSURANCE COMPANY,Closed,NFNT-134684544,2026-02-20
2026,1,0.0,"INSURANCE SERVICES OFFICE, INC.",Closed,ISOF-134835693,2026-02-12
2026,1,0.0,"INSURANCE SERVICES OFFICE, INC.",Closed,ISOF-134846681,2026-02-19
2026,1,0.0,"INSURANCE SERVICES OFFICE, INC.",Closed,ISOF-134846841,2026-02-19
2026,1,0.0,"INSURANCE SERVICES OFFICE, INC.",Closed,ISOF-134848973,2026-02-23
2026,1,0.0,LIBERTY COUNTY MUTUAL INSURANCE COMPANY,Closed,LBPM-134677566,2026-03-23
2026,1,0.0,LIBERTY COUNTY MUTUAL INSURANCE COMPANY,Closed,LBPM-134748538,2026-01-01
2026,1,0.0,LIBERTY COUNTY MUTUAL INSURANCE COMPANY,Closed,LBPM-134748558,2026-01-01
2026,1,0.0,LIBERTY COUNTY MUTUAL INSURANCE COMPANY,Closed,LBPM-134749104,2026-01-01
2026,1,0.0,LIBERTY COUNTY MUTUAL INSURANCE COMPANY,Closed,LBPM-134752519,2026-01-01
2026,1,0.0,LIBERTY COUNTY MUTUAL INSURANCE COMPANY,Closed,LBPM-134786328,2026-03-21
2026,1,-0.0,LOYA INSURANCE COMPANY,Closed,PERR-134787637,2026-02-11
2026,1,0.0,MID-CENTURY INSURANCE COMPANY OF TEXAS,Closed,FARM-134823245,2026-03-20
2026,1,0.0,NATIONWIDE MUTUAL INSURANCE COMPANY,Closed,NWPP-G134764423,2026-01-26
2026,1,0.0,OLD AMERICAN COUNTY MUTUAL FIRE INSURANCE COMPANY,Closed,OAMF-134769768,2026-02-17
2026,1,0.0,OLD AMERICAN COUNTY MUTUAL FIRE INSURANCE COMPANY,Closed,OAMF-134769943,2026-02-17
2026,1,0.0,OLD AMERICAN COUNTY MUTUAL FIRE INSURANCE COMPANY,Closed,OAMF-134782115,2026-01-01
2026,1,0.0,OLD AMERICAN COUNTY MUTUAL FIRE INSURANCE COMPANY,Closed,OAMF-134782119,2026-01-01
2026,1,0.0,OLD AMERICAN COUNTY MUTUAL FIRE INSURANCE COMPANY,Closed,OAMF-134782130,2026-01-01
2026,1,0.0,OLD AMERICAN COUNTY MUTUAL FIRE INSURANCE COMPANY,Closed,OAMF-134802248,2026-02-16
2026,1,0.0,OLD AMERICAN COUNTY MUTUAL FIRE INSURANCE COMPANY,Closed,OAMF-134817344,2026-01-28
2026,1,0.0,OLD AMERICAN COUNTY MUTUAL FIRE INSURANCE COMPANY,Closed,OAMF-134875860,2026-03-16
2026,1,0.0,PROGRESSIVE COUNTY MUTUAL INSURANCE COMPANY,Closed,PRGS-134706593,2026-01-01
2026,1,0.0,PROGRESSIVE COUNTY MUTUAL INSURANCE COMPANY,Closed,PRGS-134706751,2026-01-01
2026,1,0.0,QUALITAS INSURANCE COMPANY,Closed,QUIC-134735134,2026-03-01
2026,1,0.0,REDPOINT COUNTY MUTUAL INSURANCE COMPANY,Closed,CLIN-134739311,2026-01-01
2026,1,0.0,REDPOINT COUNTY MUTUAL INSURANCE COMPANY,Closed,HART-134785946,2026-01-01
2026,1,0.0,REDPOINT COUNTY MUTUAL INSURANCE COMPANY,Closed,SWCM-134709285,2026-03-04
2026,1,0.0,REDPOINT COUNTY MUTUAL INSURANCE COMPANY,Closed,SWCM-134752205,2026-01-15
2026,1,0.0,REDPOINT COUNTY MUTUAL INSURANCE COMPANY,Closed,SWCM-134756427,2026-02-01
2026,1,0.0,REDPOINT COUNTY MUTUAL INSURANCE COMPANY,Closed,SWCM-134764765,2026-02-16
2026,1,0.0,REDPOINT COUNTY MUTUAL INSURANCE COMPANY,Closed,SWCM-134802349,2026-02-01
2026,1,0.0,ROOT INSURANCE COMPANY,Closed,CLIN-134739159,2026-01-01
2026,1,0.0,SAFECO INSURANCE COMPANY OF AMERICA,Closed,LBPM-134749148,2026-01-01
2026,1,0.0,SAFECO INSURANCE COMPANY OF AMERICA,Closed,LBPM-134749189,2026-01-01
2026,1,0.0,SAFECO INSURANCE COMPANY OF ILLINOIS,Closed,LBPM-134749148,2026-01-01
2026,1,0.0,SAFECO INSURANCE COMPANY OF ILLINOIS,Closed,LBPM-134749189,2026-01-01
2026,1,0.0,SAFECO INSURANCE COMPANY OF ILLINOIS,Closed,LBPM-134786364,2026-03-21
2026,1,0.0,SAFECO LLOYDS INSURANCE COMPANY,Closed,LBPM-134749148,2026-01-01
2026,1,0.0,SAFECO LLOYDS INSURANCE COMPANY,Closed,LBPM-134749189,2026-01-01
2026,1,0.0,"SENTINEL INSURANCE COMPANY, LTD.",Closed,HART-134786686,2026-01-01
2026,1,0.0,STATE FARM CLASSIC INSURANCE COMPANY,Closed,SFCI-134668314,2026-01-01
2026,1,0.0,STATE FARM COUNTY MUTUAL INSURANCE COMPANY OF TEXAS,Closed,SFMA-134752588,2026-02-16
2026,1,0.0,STATE FARM MUTUAL AUTOMOBILE INSURANCE COMPANY,Closed,SFMA-134752588,2026-02-16
2026,1,0.0,TEACHERS INSURANCE COMPANY,Closed,HRMN-134704227,2026-01-01
2026,1,0.0,TREXIS INSURANCE CORPORATION,Closed,VSGP-134747860,2026-01-12
2026,1,0.0,TRUMBULL INSURANCE COMPANY,Closed,HART-134786483,2026-01-01
2026,1,0.0,VAULT RECIPROCAL EXCHANGE,Closed,SPIS-134778200,2026-03-11
2026,1,0.0,XL SPECIALTY INSURANCE COMPANY,Closed,XLAM-134790687,2026-01-14
2026,1,0.2,FIRST CHICAGO INSURANCE COMPANY,Pending,FCLH-134839915,2026-03-31
2026,1,0.3,OLD AMERICAN COUNTY MUTUAL FIRE INSURANCE COMPANY,Closed,OAMF-134834838,2026-03-10
2026,1,0.3,OLD AMERICAN COUNTY MUTUAL FIRE INSURANCE COMPANY,Closed,OAMF-134835038,2026-03-10
2026,1,0.4,OLD AMERICAN COUNTY MUTUAL FIRE INSURANCE COMPANY,Closed,OAMF-134847100,2026-02-20
2026,1,0.9,OLD AMERICAN COUNTY MUTUAL FIRE INSURANCE COMPANY,Closed,OAMF-134835082,2026-03-10
2026,1,1.0,HOME STATE COUNTY MUTUAL INSURANCE COMPANY,Closed,HMSG-134750910,2026-01-16
2026,1,1.1,HOME STATE COUNTY MUTUAL INSURANCE COMPANY,Closed,HMSG-134750142,2026-01-16
2026,1,1.4,OLD AMERICAN COUNTY MUTUAL FIRE INSURANCE COMPANY,Closed,OAMF-134820468,2026-03-01
2026,1,1.5,OLD AMERICAN COUNTY MUTUAL FIRE INSURANCE COMPANY,Closed,OAMF-134820454,2026-03-01
2026,1,1.5,"TESLA PROPERTY & CASUALTY, INC.",Pending,TSIS-134686304,2026-01-05
2026,1,1.6,OLD AMERICAN COUNTY MUTUAL FIRE INSURANCE COMPANY,Closed,OAMF-134836490,2026-02-15
2026,1,2.0,HOME STATE COUNTY MUTUAL INSURANCE COMPANY,Closed,HMSG-134757752,2026-01-16
2026,1,2.0,OLD AMERICAN COUNTY MUTUAL FIRE INSURANCE COMPANY,Closed,OAMF-134820353,2026-03-01
2026,1,2.3,REDPOINT COUNTY MUTUAL INSURANCE COMPANY,Closed,PERR-134786306,2026-02-12
2026,1,2.3,REDPOINT COUNTY MUTUAL INSURANCE COMPANY,Closed,PERR-134786661,2026-02-12
2026,1,2.5,HOME STATE COUNTY MUTUAL INSURANCE COMPANY,Closed,HMSG-134765794,2026-01-15
2026,1,3.0,OLD AMERICAN COUNTY MUTUAL FIRE INSURANCE COMPANY,Closed,OAMF-134815574,2026-02-26
2026,1,3.1,OLD AMERICAN COUNTY MUTUAL FIRE INSURANCE COMPANY,Closed,OAMF-134847449,2026-03-24
2026,1,3.9,OLD AMERICAN COUNTY MUTUAL FIRE INSURANCE COMPANY,Closed,OAMF-134837863,2026-03-06
2026,1,4.0,OLD AMERICAN COUNTY MUTUAL FIRE INSURANCE COMPANY,Closed,OAMF-134845797,2026-03-20
2026,1,4.2,HOME STATE COUNTY MUTUAL INSURANCE COMPANY,Closed,HMSG-134750642,2026-01-16
2026,1,5.0,HOME STATE COUNTY MUTUAL INSURANCE COMPANY,Closed,HMSG-134748949,2026-01-16
2026,1,5.0,HOME STATE COUNTY MUTUAL INSURANCE COMPANY,Closed,HMSG-134843459,2026-03-20
2026,1,5.5,HOME STATE COUNTY MUTUAL INSURANCE COMPANY,Closed,HMSG-134756249,2026-01-16
2026,1,6.5,HOME STATE COUNTY MUTUAL INSURANCE COMPANY,Closed,HMSG-134755468,2026-01-16
2026,1,6.5,REDPOINT COUNTY MUTUAL INSURANCE COMPANY,Closed,SWCM-134802405,2026-03-01
2026,1,7.5,HOME STATE COUNTY MUTUAL INSURANCE COMPANY,Closed,HMSG-134703798,2026-02-03
2026,1,8.8,OLD AMERICAN COUNTY MUTUAL FIRE INSURANCE COMPANY,Closed,OAMF-134731020,2026-01-01
2026,1,12.2,REDPOINT COUNTY MUTUAL INSURANCE COMPANY,Closed,SWCM-134708823,2026-01-22
2026,1,17.5,OLD AMERICAN COUNTY MUTUAL FIRE INSURANCE COMPANY,Closed,OAMF-134785401,2026-01-30
2026,2,-20.9,IMPERIAL FIRE AND CASUALTY INSURANCE COMPANY,Closed,GMMX-134875790,2026-06-04
2026,2,-17.6,VISION INSURANCE COMPANY,Closed,PERR-134907153,2026-05-13
2026,2,-16.8,"CIMARRON INSURANCE COMPANY, INC.",Closed,CMOC-134919336,2026-06-01
2026,2,-15.0,BRANCH INSURANCE EXCHANGE,Pending,BRFI-134880802,2026-05-06
2026,2,-8.0,REDPOINT COUNTY MUTUAL INSURANCE COMPANY,Closed,SWCM-134847929,2026-05-01
2026,2,-7.1,"TESLA PROPERTY & CASUALTY, INC.",Pending,TSIS-134881860,2026-06-13
2026,2,-6.8,FOREMOST COUNTY MUTUAL INSURANCE COMPANY,Closed,BRWS-134861015,2026-04-21
2026,2,-5.5,OLD AMERICAN COUNTY MUTUAL FIRE INSURANCE COMPANY,Closed,OAMF-134911503,2026-05-15
2026,2,-4.5,SAFEWAY INSURANCE COMPANY,Closed,MOCC-134785576,2026-04-01
2026,2,-4.4,FARMERS PROPERTY AND CASUALTY INSURANCE COMPANY,Pending,FAIG-134926549,2026-06-17
2026,2,-4.4,OLD AMERICAN COUNTY MUTUAL FIRE INSURANCE COMPANY,Closed,OAMF-134934478,2026-06-04
2026,2,-4.3,STATE FARM MUTUAL AUTOMOBILE INSURANCE COMPANY,Pending,SFMA-134873829,2026-06-04
2026,2,-4.1,FARM BUREAU COUNTY MUTUAL INSURANCE COMPANY OF TEXAS,Pending,TXFB-134919025,2026-06-01
2026,2,-4.1,TEXAS FARM BUREAU MUTUAL INSURANCE COMPANY,Pending,TXFB-134919025,2026-06-01
2026,2,-4.1,TEXAS FARM BUREAU UNDERWRITERS,Pending,TXFB-134919025,2026-06-01
2026,2,-4.0,REDPOINT COUNTY MUTUAL INSURANCE COMPANY,Closed,CLIN-134890847,2026-05-20
2026,2,-3.7,MIDVALE INDEMNITY COMPANY,Closed,HMSS-134823015,2026-05-13
2026,2,-3.5,REDPOINT COUNTY MUTUAL INSURANCE COMPANY,Closed,SWCM-134847938,2026-05-01
2026,2,-3.3,HOME STATE COUNTY MUTUAL INSURANCE COMPANY,Closed,HMSG-134941679,2026-06-15
2026,2,-3.1,GERMANIA FIRE & CASUALTY COMPANY,Closed,GEIN-134932723,2026-06-15
2026,2,-3.1,GERMANIA INSURANCE COMPANY,Closed,GEIN-134932723,2026-06-15
2026,2,-3.0,GERMANIA SELECT INSURANCE COMPANY,Closed,GEIN-134932723,2026-06-15
2026,2,-1.5,AMICA MUTUAL INSURANCE COMPANY,Pending,AMMA-134791067,2026-06-01
2026,2,-1.5,AMICA PROPERTY AND CASUALTY INSURANCE COMPANY,Pending,AMMA-134791075,2026-06-01
2026,2,-1.4,HOME STATE COUNTY MUTUAL INSURANCE COMPANY,Closed,HMSG-134909280,2026-05-19
2026,2,-1.4,HOME STATE COUNTY MUTUAL INSURANCE COMPANY,Closed,HMSG-134915002,2026-05-26
2026,2,-1.3,REDPOINT COUNTY MUTUAL INSURANCE COMPANY,Closed,SWCM-134852268,2026-04-15
2026,2,-0.9,UNITED SECURITY INSURANCE COMPANY,Closed,USLH-134925515,2026-05-18
2026,2,-0.7,FARMERS TEXAS COUNTY MUTUAL INSURANCE COMPANY,Closed,FARM-134867622,2026-05-01
2026,2,-0.7,FARMERS TEXAS COUNTY MUTUAL INSURANCE COMPANY,Closed,FARM-134867632,2026-05-01
2026,2,-0.4,OLD AMERICAN COUNTY MUTUAL FIRE INSURANCE COMPANY,Closed,OAMF-134903275,2026-05-08
2026,2,-0.4,OLD AMERICAN COUNTY MUTUAL FIRE INSURANCE COMPANY,Closed,OAMF-134927487,2026-06-15
2026,2,-0.4,OLD AMERICAN COUNTY MUTUAL FIRE INSURANCE COMPANY,Closed,OAMF-134927508,2026-06-15
2026,2,-0.3,GERMANIA SELECT INSURANCE COMPANY,Closed,GEIN-134859358,2026-04-10
2026,2,-0.1,AMICA MUTUAL INSURANCE COMPANY,Closed,AMMA-134826440,2026-06-01
2026,2,-0.1,AMICA PROPERTY AND CASUALTY INSURANCE COMPANY,Closed,AMMA-134826429,2026-06-01
2026,2,-0.1,GERMANIA FIRE & CASUALTY COMPANY,Closed,GEIN-134859358,2026-04-10
2026,2,-0.1,GERMANIA INSURANCE COMPANY,Closed,GEIN-134859358,2026-04-10
2026,2,-0.1,HOME STATE COUNTY MUTUAL INSURANCE COMPANY,Closed,HMSG-134870752,2026-04-10
2026,2,-0.1,OLD AMERICAN COUNTY MUTUAL FIRE INSURANCE COMPANY,Closed,OAMF-134908979,2026-06-01
2026,2,0.0,"ACUITY, A MUTUAL INSURANCE COMPANY",Closed,ACUT-134819357,2026-04-01
2026,2,0.0,AIG PROPERTY CASUALTY COMPANY,Closed,APCG-134866760,2026-04-17
2026,2,0.0,ALLSTATE COUNTY MUTUAL INSURANCE COMPANY,Closed,ALSE-134882827,2026-06-26
2026,2,0.0,ALLSTATE COUNTY MUTUAL INSURANCE COMPANY,Closed,ALSE-135004817,2026-06-30
2026,2,0.0,ALLSTATE FIRE AND CASUALTY INSURANCE COMPANY,Closed,ALSE-134909624,2026-06-25
2026,2,0.0,ALLSTATE FIRE AND CASUALTY INSURANCE COMPANY,Closed,ALSE-135004817,2026-06-30
2026,2,0.0,ALLSTATE INDEMNITY COMPANY,Closed,ALSE-135004817,2026-06-30
2026,2,0.0,ALLSTATE INSURANCE COMPANY,Closed,ALSE-135004817,2026-06-30
2026,2,0.0,ALLSTATE PROPERTY AND CASUALTY INSURANCE COMPANY,Closed,ALSE-134912913,2026-06-25
2026,2,0.0,ALLSTATE PROPERTY AND CASUALTY INSURANCE COMPANY,Closed,ALSE-135001989,2026-06-30
2026,2,0.0,ALLSTATE PROPERTY AND CASUALTY INSURANCE COMPANY,Closed,ALSE-135004817,2026-06-30
2026,2,0.0,ALLSTATE PROPERTY AND CASUALTY INSURANCE COMPANY,Closed,ALSE-135005887,2026-06-30
2026,2,0.0,AUTO CLUB COUNTY MUTUAL INSURANCE COMPANY,Closed,IACA-134932221,2026-05-06
2026,2,0.0,"AUTOMOBILE INSURANCE COMPANY OF HARTFORD, CONNECTICUT, THE",Closed,TRVD-G134888902,2026-04-01
2026,2,0.0,CLEARCOVER INSURANCE COMPANY,Closed,CLEA-134747274,2026-04-22
2026,2,0.0,COLONIAL COUNTY MUTUAL INSURANCE COMPANY,Closed,NWPP-G134856622,2026-04-21
2026,2,0.0,CONSUMERS COUNTY MUTUAL INSURANCE COMPANY,Closed,CCMC-134919553,2026-04-24
2026,2,0.0,ELEPHANT INSURANCE COMPANY,Pending,EINS-134861971,2026-05-03
2026,2,0.0,ENCOMPASS INDEPENDENT INSURANCE COMPANY,Closed,GMMX-134895108,2026-06-22
2026,2,0.0,ESURANCE INSURANCE COMPANY,Closed,ALSE-134933008,2026-06-11
2026,2,0.0,FARMERS TEXAS COUNTY MUTUAL INSURANCE COMPANY,Closed,FARM-134893266,2026-05-10
2026,2,0.0,FARMERS TEXAS COUNTY MUTUAL INSURANCE COMPANY,Closed,FARM-134893509,2026-05-10
2026,2,0.0,FOREMOST COUNTY MUTUAL INSURANCE COMPANY,Closed,FORE-134704750,2026-04-01
2026,2,0.0,GARRISON PROPERTY AND CASUALTY INSURANCE COMPANY,Closed,USAA-134689419,2026-06-21
2026,2,0.0,GARRISON PROPERTY AND CASUALTY INSURANCE COMPANY,Pending,USAA-134783947,2026-05-31
2026,2,0.0,GATEWAY INSURANCE COMPANY,Pending,PARE-134867711,2026-04-01
2026,2,0.0,GEICO TEXAS COUNTY MUTUAL INSURANCE COMPANY,Pending,GECC-134869784,2026-05-14
2026,2,0.0,GEICO TEXAS COUNTY MUTUAL INSURANCE COMPANY,Pending,GECC-134887047,2026-06-08
2026,2,0.0,GEICO TEXAS COUNTY MUTUAL INSURANCE COMPANY,Pending,GECC-134896075,2026-06-08
2026,2,0.0,HOME STATE COUNTY MUTUAL INSURANCE COMPANY,Closed,HMSG-134827912,2026-05-15
2026,2,0.0,HOME STATE COUNTY MUTUAL INSURANCE COMPANY,Closed,HMSG-134903907,2026-06-29
2026,2,0.0,HOME STATE COUNTY MUTUAL INSURANCE COMPANY,Closed,HMSG-134953040,2026-06-11
2026,2,0.0,HOME STATE COUNTY MUTUAL INSURANCE COMPANY,Closed,HMSG-134976640,2026-06-15
2026,2,0.0,HOME STATE COUNTY MUTUAL INSURANCE COMPANY,Closed,HMSG-134976773,2026-06-15
2026,2,0.0,HOME STATE COUNTY MUTUAL INSURANCE COMPANY,Pending,HMSG-134909655,2026-06-01
2026,2,0.0,HOME STATE COUNTY MUTUAL INSURANCE COMPANY,Pending,HMSG-134915207,2026-06-01
2026,2,0.0,HOME STATE COUNTY MUTUAL INSURANCE COMPANY,Pending,HMSG-134949125,2026-06-28
2026,2,0.0,HOME STATE COUNTY MUTUAL INSURANCE COMPANY,Pending,HMSG-134953254,2026-06-28
2026,2,0.0,HOME STATE COUNTY MUTUAL INSURANCE COMPANY,Pending,HMSG-134954803,2026-06-28
2026,2,0.0,HOME STATE COUNTY MUTUAL INSURANCE COMPANY,Pending,HMSG-134954877,2026-06-28
2026,2,0.0,HOME STATE COUNTY MUTUAL INSURANCE COMPANY,Pending,HMSG-134955233,2026-06-28
2026,2,0.0,"INSURANCE SERVICES OFFICE, INC.",Closed,ISOF-134911905,2026-04-15
2026,2,0.0,"INSURANCE SERVICES OFFICE, INC.",Closed,ISOF-134921507,2026-04-23
2026,2,0.0,"INSURANCE SERVICES OFFICE, INC.",Closed,ISOF-134921652,2026-04-23
2026,2,0.0,"INSURANCE SERVICES OFFICE, INC.",Closed,ISOF-134922613,2026-04-23
2026,2,0.0,"INSURANCE SERVICES OFFICE, INC.",Closed,ISOF-134994863,2026-06-23
2026,2,0.0,KIN INTERINSURANCE NEXUS EXCHANGE,Closed,KINN-134910051,2026-04-29
2026,2,0.0,MERCURY COUNTY MUTUAL INSURANCE COMPANY,Pending,MERY-134769395,2026-05-31
2026,2,0.0,MID-CENTURY INSURANCE COMPANY OF TEXAS,Closed,FARM-134888938,2026-05-08
2026,2,0.0,MID-CENTURY INSURANCE COMPANY OF TEXAS,Closed,FARM-134894719,2026-05-10
2026,2,0.0,NATIONAL GENERAL ASSURANCE COMPANY,Closed,GMMX-134969748,2026-06-15
2026,2,0.0,OLD AMERICAN COUNTY MUTUAL FIRE INSURANCE COMPANY,Closed,OAMF-134984831,2026-06-24
2026,2,0.0,REDPOINT COUNTY MUTUAL INSURANCE COMPANY,Closed,SWCM-134830488,2026-05-26
2026,2,0.0,REDPOINT COUNTY MUTUAL INSURANCE COMPANY,Pending,SWCM-134862005,2026-05-03
2026,2,0.0,REDPOINT COUNTY MUTUAL INSURANCE COMPANY,Pending,SWCM-134862034,2026-05-03
2026,2,0.0,"SENTINEL INSURANCE COMPANY, LTD.",Closed,HART-134912906,2026-04-30
2026,2,0.0,TEXAS FARM BUREAU CASUALTY INSURANCE COMPANY,Pending,TXFB-134919025,2026-06-01
2026,2,0.0,"TRAVELERS HOME AND MARINE INSURANCE COMPANY, THE",Closed,TRVD-G134888889,2026-04-01
2026,2,0.0,TRUMBULL INSURANCE COMPANY,Closed,HART-134912906,2026-04-30
2026,2,0.0,U S LLOYDS INSURANCE COMPANY,Pending,USLL-134884788,2026-06-01
2026,2,0.0,UNITED SERVICES AUTOMOBILE ASSOCIATION,Closed,USAA-134689419,2026-06-21
2026,2,0.0,UNITED SERVICES AUTOMOBILE ASSOCIATION,Pending,USAA-134783947,2026-05-31
2026,2,0.0,USAA CASUALTY INSURANCE COMPANY,Closed,USAA-134689419,2026-06-21
2026,2,0.0,USAA CASUALTY INSURANCE COMPANY,Pending,USAA-134783947,2026-05-31
2026,2,0.0,USAA GENERAL INDEMNITY COMPANY,Closed,USAA-134689419,2026-06-21
2026,2,0.0,USAA GENERAL INDEMNITY COMPANY,Pending,USAA-134783947,2026-05-31
2026,2,0.3,OLD AMERICAN COUNTY MUTUAL FIRE INSURANCE COMPANY,Closed,OAMF-134909636,2026-05-15
2026,2,0.3,OLD AMERICAN COUNTY MUTUAL FIRE INSURANCE COMPANY,Closed,OAMF-134909794,2026-05-15
2026,2,0.5,HOME STATE COUNTY MUTUAL INSURANCE COMPANY,Closed,HMSG-134880034,2026-05-01
2026,2,0.5,HOME STATE COUNTY MUTUAL INSURANCE COMPANY,Closed,HMSG-134893133,2026-05-01
2026,2,0.6,HOME STATE COUNTY MUTUAL INSURANCE COMPANY,Closed,HMSG-134883486,2026-05-01
2026,2,0.7,HOME STATE COUNTY MUTUAL INSURANCE COMPANY,Closed,HMSG-134892375,2026-05-01
2026,2,0.7,HOME STATE COUNTY MUTUAL INSURANCE COMPANY,Closed,HMSG-134893562,2026-05-01
2026,2,0.8,HOME STATE COUNTY MUTUAL INSURANCE COMPANY,Closed,HMSG-134879908,2026-05-01
2026,2,0.8,HOME STATE COUNTY MUTUAL INSURANCE COMPANY,Closed,HMSG-134883165,2026-05-01
2026,2,0.8,OLD AMERICAN COUNTY MUTUAL FIRE INSURANCE COMPANY,Closed,OAMF-134927497,2026-06-15
2026,2,0.9,HOME STATE COUNTY MUTUAL INSURANCE COMPANY,Closed,HMSG-134893020,2026-05-01
2026,2,1.2,ROOT INSURANCE COMPANY,Closed,CLIN-134801304,2026-05-12
2026,2,1.3,OLD AMERICAN COUNTY MUTUAL FIRE INSURANCE COMPANY,Closed,OAMF-134906663,2026-05-15
2026,2,1.7,HOME STATE COUNTY MUTUAL INSURANCE COMPANY,Closed,HMSG-134890837,2026-05-01
2026,2,1.7,STATE FARM COUNTY MUTUAL INSURANCE COMPANY OF TEXAS,Pending,SFMA-134873829,2026-06-04
2026,2,1.8,ALLSTATE INSURANCE COMPANY,Closed,ALSE-134894355,2026-05-28
2026,2,2.5,INFINITY COUNTY MUTUAL INSURANCE COMPANY,Closed,NFNT-134880157,2026-04-23
2026,2,3.1,HOME STATE COUNTY MUTUAL INSURANCE COMPANY,Closed,HMSG-134889206,2026-05-01
2026,2,3.2,HOME STATE COUNTY MUTUAL INSURANCE COMPANY,Closed,HMSG-134927268,2026-06-01
2026,2,3.2,REDPOINT COUNTY MUTUAL INSURANCE COMPANY,Closed,SWCM-134815658,2026-04-08
2026,2,3.3,OLD AMERICAN COUNTY MUTUAL FIRE INSURANCE COMPANY,Closed,OAMF-134951065,2026-06-15
2026,2,3.5,DAIRYLAND COUNTY MUTUAL INSURANCE COMPANY OF TEXAS,Pending,VKNG-134924029,2026-06-03
2026,2,3.9,ALLSTATE FIRE AND CASUALTY INSURANCE COMPANY,Closed,ALSE-134897829,2026-05-28
2026,2,3.9,AMERICAN ACCESS CASUALTY COMPANY,Pending,AACI-134882868,2026-04-23
2026,2,3.9,OLD AMERICAN COUNTY MUTUAL FIRE INSURANCE COMPANY,Closed,OAMF-134911397,2026-05-15
2026,2,4.1,REDPOINT COUNTY MUTUAL INSURANCE COMPANY,Closed,SWCM-134917724,2026-06-15
2026,2,4.2,INFINITY COUNTY MUTUAL INSURANCE COMPANY,Closed,NFNT-134880014,2026-04-23
2026,2,4.8,AMERICAN FAMILY CONNECT PROPERTY AND CASUALTY INSURANCE COMPANY,Closed,PRCA-134883893,2026-06-15
2026,2,4.8,REDPOINT COUNTY MUTUAL INSURANCE COMPANY,Closed,CLIN-134801474,2026-06-03
2026,2,5.0,GM NATIONAL INSURANCE COMPANY,Pending,ONST-134930313,2026-06-05
2026,2,6.9,ASSURANCEAMERICA INSURANCE COMPANY,Pending,ASRN-134886670,2026-04-28
2026,2,8.9,GEICO TEXAS COUNTY MUTUAL INSURANCE COMPANY,Closed,GECC-134796944,2026-05-04
2026,2,9.7,"FIRST ACCEPTANCE INSURANCE COMPANY, INC.",Pending,FRST-134919270,2026-05-22
2026,2,9.9,ALLSTATE COUNTY MUTUAL INSURANCE COMPANY,Closed,ALSE-134899636,2026-05-28
2026,2,11.2,INSUREMAX INSURANCE COMPANY,Pending,ASRN-134884834,2026-04-28
2026,2,11.9,REDPOINT COUNTY MUTUAL INSURANCE COMPANY,Closed,SWCM-134847936,2026-05-01
2026,3,-19.1,TREXIS INSURANCE CORPORATION,Pending,VSGP-135036634,2026-08-21
2026,3,-18.6,GATEWAY INSURANCE COMPANY,Pending,PARE-135059830,2026-09-01
2026,3,-17.8,OLD AMERICAN COUNTY MUTUAL FIRE INSURANCE COMPANY,Pending,OAMF-135073343,2026-09-01
2026,3,-10.7,VAULT RECIPROCAL EXCHANGE,Closed,SPIS-134927422,2026-08-09
2026,3,-10.3,LOYA INSURANCE COMPANY,Pending,PERR-135058704,2026-09-23
2026,3,-9.0,OLD AMERICAN COUNTY MUTUAL FIRE INSURANCE COMPANY,Closed,OAMF-134968335,2026-07-01
2026,3,-6.1,HALLMARK COUNTY MUTUAL INSURANCE COMPANY,Closed,PHXN-134983829,2026-07-27
2026,3,-4.5,PROGRESSIVE COUNTY MUTUAL INSURANCE COMPANY,Closed,PRGS-134716883,2026-07-08
2026,3,-3.3,OLD AMERICAN COUNTY MUTUAL FIRE INSURANCE COMPANY,Closed,OAMF-135019737,2026-08-15
2026,3,-2.7,OLD AMERICAN COUNTY MUTUAL FIRE INSURANCE COMPANY,Closed,OAMF-135036543,2026-09-01
2026,3,-1.5,HOME STATE COUNTY MUTUAL INSURANCE COMPANY,Pending,HMSG-135015825,2026-08-15
2026,3,-0.9,REDPOINT COUNTY MUTUAL INSURANCE COMPANY,Closed,SWCM-134917677,2026-09-07
2026,3,-0.6,OLD AMERICAN COUNTY MUTUAL FIRE INSURANCE COMPANY,Closed,OAMF-134969649,2026-07-01
2026,3,-0.5,ELEPHANT INSURANCE COMPANY,Pending,EINS-134929663,2026-07-01
2026,3,-0.5,HOME STATE COUNTY MUTUAL INSURANCE COMPANY,Closed,HMSG-135000244,2026-08-01
2026,3,-0.2,GERMANIA FIRE & CASUALTY COMPANY,Closed,GEIN-134995092,2026-08-01
2026,3,-0.1,FARMERS PROPERTY AND CASUALTY INSURANCE COMPANY,Pending,FAIG-135004710,2026-08-19
2026,3,-0.1,GERMANIA INSURANCE COMPANY,Closed,GEIN-134995092,2026-08-01
2026,3,-0.1,GERMANIA SELECT INSURANCE COMPANY,Closed,GEIN-134995092,2026-08-01
2026,3,-0.1,MID-CENTURY INSURANCE COMPANY OF TEXAS,Closed,FARM-134988624,2026-07-24
2026,3,0.0,"ACUITY, A MUTUAL INSURANCE COMPANY",Pending,ACUT-135068782,2026-09-17
2026,3,0.0,ALLSTATE COUNTY MUTUAL INSURANCE COMPANY,Pending,ALSE-135072048,2026-09-01
2026,3,0.0,ALLSTATE NORTH AMERICAN INSURANCE COMPANY,Pending,ALSE-135071567,2026-09-01
2026,3,0.0,AUTO CLUB COUNTY MUTUAL INSURANCE COMPANY,Closed,IACA-134839343,2026-07-01
2026,3,0.0,AUTO CLUB COUNTY MUTUAL INSURANCE COMPANY,Closed,IACA-134927054,2026-08-01
2026,3,0.0,"AUTOMOBILE INSURANCE COMPANY OF HARTFORD, CONNECTICUT, THE",Closed,TRVD-G134992661,2026-08-17
2026,3,0.0,"CHARTER OAK FIRE INSURANCE COMPANY, THE",Closed,TRVD-G134992661,2026-08-17
2026,3,0.0,CONSUMERS COUNTY MUTUAL INSURANCE COMPANY,Closed,CCMC-134938071,2026-07-01
2026,3,0.0,CONSUMERS COUNTY MUTUAL INSURANCE COMPANY,Closed,CCMC-134989221,2026-08-17
2026,3,0.0,CONSUMERS COUNTY MUTUAL INSURANCE COMPANY,Closed,CCMC-134997816,2026-07-31
2026,3,0.0,CONSUMERS COUNTY MUTUAL INSURANCE COMPANY,Closed,CCMC-135031828,2026-09-11
2026,3,0.0,ENCOMPASS INDEPENDENT INSURANCE COMPANY,Pending,GMMX-135056043,2026-09-01
2026,3,0.0,FARMERS CASUALTY INSURANCE COMPANY,Pending,FAIG-135059178,2026-09-01
2026,3,0.0,FARMERS DIRECT PROPERTY AND CASUALTY INSURANCE COMPANY,Pending,FAIG-135059178,2026-09-01
2026,3,0.0,FARMERS GROUP PROPERTY AND CASUALTY INSURANCE COMPANY,Pending,FAIG-135059178,2026-09-01
2026,3,0.0,FARMERS LLOYDS INSURANCE COMPANY OF TEXAS,Pending,FAIG-135059178,2026-09-01
2026,3,0.0,FARMERS PROPERTY AND CASUALTY INSURANCE COMPANY,Pending,FAIG-135059178,2026-09-01
2026,3,0.0,FOREMOST COUNTY MUTUAL INSURANCE COMPANY,Closed,FORE-135000381,2026-07-08
2026,3,0.0,GARRISON PROPERTY AND CASUALTY INSURANCE COMPANY,Pending,USAA-134987707,2026-09-28
2026,3,0.0,GEICO COUNTY MUTUAL INSURANCE COMPANY,Pending,GECC-135075113,2026-09-10
2026,3,0.0,GEICO TEXAS COUNTY MUTUAL INSURANCE COMPANY,Closed,GECC-134963732,2026-08-17
2026,3,0.0,GENERAL INSURANCE COMPANY OF AMERICA,Closed,LBPM-135004742,2026-07-20
2026,3,0.0,HARTFORD ACCIDENT AND INDEMNITY COMPANY,Closed,HART-134841737,2026-09-23
2026,3,0.0,HARTFORD CASUALTY INSURANCE COMPANY,Closed,HART-134841737,2026-09-23
2026,3,0.0,HOME STATE COUNTY MUTUAL INSURANCE COMPANY,Closed,HMSG-134969567,2026-07-10
2026,3,0.0,HOME STATE COUNTY MUTUAL INSURANCE COMPANY,Closed,HMSG-134980487,2026-07-24
2026,3,0.0,HOME STATE COUNTY MUTUAL INSURANCE COMPANY,Closed,HMSG-135077644,2026-09-17
2026,3,0.0,HOME STATE COUNTY MUTUAL INSURANCE COMPANY,Pending,HMSG-135003762,2026-07-01
2026,3,0.0,HOME STATE COUNTY MUTUAL INSURANCE COMPANY,Pending,HMSG-135025168,2026-09-15
2026,3,0.0,HOME STATE COUNTY MUTUAL INSURANCE COMPANY,Pending,HMSG-135035573,2026-09-11
2026,3,0.0,IMPERIAL FIRE AND CASUALTY INSURANCE COMPANY,Pending,GMMX-135071508,2026-09-01
2026,3,0.0,INFINITY COUNTY MUTUAL INSURANCE COMPANY,Pending,NFNT-134940257,2026-09-01
2026,3,0.0,INFINITY COUNTY MUTUAL INSURANCE COMPANY,Pending,NFNT-134977743,2026-09-01
2026,3,0.0,"INSURANCE SERVICES OFFICE, INC.",Closed,ISOF-135011506,2026-07-09
2026,3,0.0,"INSURANCE SERVICES OFFICE, INC.",Closed,ISOF-135022415,2026-07-24
2026,3,0.0,"INSURANCE SERVICES OFFICE, INC.",Closed,ISOF-135024741,2026-07-24
2026,3,0.0,"INSURANCE SERVICES OFFICE, INC.",Closed,ISOF-135042038,2026-08-03
2026,3,0.0,LIBERTY COUNTY MUTUAL INSURANCE COMPANY,Closed,LBPM-134989158,2026-08-29
2026,3,0.0,MID-CENTURY INSURANCE COMPANY OF TEXAS,Pending,FARM-135031773,2026-08-28
2026,3,0.0,NATIONAL INTERSTATE INSURANCE COMPANY,Closed,WESA-134776514,2026-09-01
2026,3,0.0,OLD AMERICAN COUNTY MUTUAL FIRE INSURANCE COMPANY,Closed,OAMF-135000086,2026-07-28
2026,3,0.0,OLD AMERICAN COUNTY MUTUAL FIRE INSURANCE COMPANY,Closed,OAMF-135006835,2026-07-01
2026,3,0.0,OLD AMERICAN COUNTY MUTUAL FIRE INSURANCE COMPANY,Closed,OAMF-135007147,2026-08-02
2026,3,0.0,OLD AMERICAN COUNTY MUTUAL FIRE INSURANCE COMPANY,Closed,OAMF-135025229,2026-07-20
2026,3,0.0,OLD AMERICAN COUNTY MUTUAL FIRE INSURANCE COMPANY,Closed,OAMF-135038433,2026-08-01
2026,3,0.0,OLD AMERICAN COUNTY MUTUAL FIRE INSURANCE COMPANY,Closed,OAMF-135038726,2026-09-01
2026,3,0.0,OLD AMERICAN COUNTY MUTUAL FIRE INSURANCE COMPANY,Closed,OAMF-135058504,2026-09-20
2026,3,0.0,OLD AMERICAN COUNTY MUTUAL FIRE INSURANCE COMPANY,Pending,OAMF-135005729,2026-07-01
2026,3,0.0,OLD AMERICAN COUNTY MUTUAL FIRE INSURANCE COMPANY,Pending,OAMF-135070805,2026-09-01
2026,3,0.0,"PHOENIX INSURANCE COMPANY, THE",Closed,TRVD-G134992661,2026-08-17
2026,3,0.0,PRIVILEGE UNDERWRITERS RECIPROCAL EXCHANGE,Closed,PRIV-134847943,2026-09-06
2026,3,0.0,PRIVILEGE UNDERWRITERS RECIPROCAL EXCHANGE,Closed,PRIV-134869346,2026-09-06
2026,3,0.0,PROGRESSIVE COUNTY MUTUAL INSURANCE COMPANY,Closed,PRGS-134721963,2026-07-08
2026,3,0.0,PROGRESSIVE COUNTY MUTUAL INSURANCE COMPANY,Pending,PRGS-134992521,2026-08-06
2026,3,0.0,PROGRESSIVE COUNTY MUTUAL INSURANCE COMPANY,Pending,PRGS-134992553,2026-08-06
2026,3,0.0,REDPOINT COUNTY MUTUAL INSURANCE COMPANY,Closed,CLIN-134998124,2026-08-03
2026,3,0.0,REDPOINT COUNTY MUTUAL INSURANCE COMPANY,Closed,CLIN-134998394,2026-08-03
2026,3,0.0,REDPOINT COUNTY MUTUAL INSURANCE COMPANY,Closed,SWCM-135000650,2026-08-09
2026,3,0.0,REDPOINT COUNTY MUTUAL INSURANCE COMPANY,Closed,SWCM-135013348,2026-07-17
2026,3,0.0,REDPOINT COUNTY MUTUAL INSURANCE COMPANY,Closed,SWCM-135034062,2026-09-24
2026,3,0.0,ROOT INSURANCE COMPANY,Closed,CLIN-134978641,2026-08-03
2026,3,0.0,SAFECO INSURANCE COMPANY OF ILLINOIS,Closed,LBPM-135004742,2026-07-20
2026,3,0.0,SPINNAKER INSURANCE COMPANY,Closed,WOOD-134948697,2026-07-01
2026,3,0.0,SPINNAKER INSURANCE COMPANY,Pending,WOOD-135001765,2026-07-26
2026,3,0.0,TEXAS FARMERS INSURANCE COMPANY,Pending,FARM-135055715,2026-08-15
2026,3,0.0,TEXAS FARMERS INSURANCE COMPANY,Pending,FARM-135055865,2026-08-15
2026,3,0.0,"TRAVELERS HOME AND MARINE INSURANCE COMPANY, THE",Closed,TRVD-G134992661,2026-08-17
2026,3,0.0,"TRAVELERS INDEMNITY COMPANY OF AMERICA, THE",Closed,TRVD-G134992661,2026-08-17
2026,3,0.0,"TRAVELERS INDEMNITY COMPANY OF CONNECTICUT, THE",Closed,TRVD-G134992661,2026-08-17
2026,3,0.0,"TRAVELERS INDEMNITY COMPANY, THE",Closed,TRVD-G134992661,2026-08-17
2026,3,0.0,TRAVELERS PERSONAL SECURITY INSURANCE COMPANY,Closed,TRVD-G134992661,2026-08-17
2026,3,0.0,UNITED SERVICES AUTOMOBILE ASSOCIATION,Pending,USAA-134987707,2026-09-28
2026,3,0.0,USAA CASUALTY INSURANCE COMPANY,Pending,USAA-134987707,2026-09-28
2026,3,0.0,USAA GENERAL INDEMNITY COMPANY,Pending,USAA-134987707,2026-09-28
2026,3,0.1,OLD AMERICAN COUNTY MUTUAL FIRE INSURANCE COMPANY,Pending,OAMF-135062983,2026-09-24
2026,3,0.2,OLD AMERICAN COUNTY MUTUAL FIRE INSURANCE COMPANY,Pending,OAMF-135046941,2026-08-07
2026,3,1.5,OLD AMERICAN COUNTY MUTUAL FIRE INSURANCE COMPANY,Closed,OAMF-134969769,2026-07-01
2026,3,2.0,REDPOINT COUNTY MUTUAL INSURANCE COMPANY,Pending,CLIN-135038732,2026-09-27
2026,3,2.2,OLD AMERICAN COUNTY MUTUAL FIRE INSURANCE COMPANY,Pending,OAMF-135062854,2026-09-24
2026,3,2.4,OLD AMERICAN COUNTY MUTUAL FIRE INSURANCE COMPANY,Closed,OAMF-134986051,2026-07-15
2026,3,2.7,OLD AMERICAN COUNTY MUTUAL FIRE INSURANCE COMPANY,Closed,OAMF-134936318,2026-07-07
2026,3,3.1,"MGA INSURANCE COMPANY, INC.",Pending,GNSC-135020369,2026-08-31
2026,3,3.9,BERKLEY INSURANCE COMPANY,Closed,BKON-134747907,2026-08-19
2026,3,3.9,OLD AMERICAN COUNTY MUTUAL FIRE INSURANCE COMPANY,Closed,OAMF-134967434,2026-07-01
2026,3,4.9,HORACE MANN PROPERTY & CASUALTY INSURANCE COMPANY,Closed,HRMN-134858222,2026-09-01
2026,3,5.0,HORACE MANN INSURANCE COMPANY,Closed,HRMN-134858222,2026-09-01
2026,3,5.1,TEACHERS INSURANCE COMPANY,Closed,HRMN-134858222,2026-09-01
2026,3,5.5,HOME STATE COUNTY MUTUAL INSURANCE COMPANY,Closed,HMSG-134936210,2026-08-23
2026,3,5.5,HOME STATE COUNTY MUTUAL INSURANCE COMPANY,Closed,HMSG-134943292,2026-09-15
2026,3,5.6,FOREMOST COUNTY MUTUAL INSURANCE COMPANY,Closed,BRWS-134993638,2026-08-25
2026,3,5.7,REDPOINT COUNTY MUTUAL INSURANCE COMPANY,Closed,PERR-135041329,2026-09-17
2026,3,6.9,REDPOINT COUNTY MUTUAL INSURANCE COMPANY,Closed,HART-134858380,2026-09-23
2026,3,7.9,GOAUTO INSURANCE COMPANY,Closed,GAIC-134962020,2026-08-01
2026,3,8.0,REDPOINT COUNTY MUTUAL INSURANCE COMPANY,Closed,SWCM-134749741,2026-07-25
2026,3,11.4,INSUREMAX INSURANCE COMPANY,Pending,ASRN-134946782,2026-07-16
2026,3,11.8,ASSURANCEAMERICA INSURANCE COMPANY,Pending,ASRN-134946787,2026-07-16
2026,3,11.9,REDPOINT COUNTY MUTUAL INSURANCE COMPANY,Pending,SWCM-134824135,2026-07-30
2026,3,14.8,"CIMARRON INSURANCE COMPANY, INC.",Closed,MILE-134886954,2026-09-10
2026,3,15.4,GOAUTO INSURANCE COMPANY,Pending,GAIC-134905445,2026-07-04
2026,3,17.8,OLD AMERICAN COUNTY MUTUAL FIRE INSURANCE COMPANY,Closed,OAMF-134936761,2026-07-07
2026,4,-3.7,GERMANIA FIRE & CASUALTY COMPANY,Pending,GEIN-135076058,2026-10-15
2026,4,-3.7,HOME STATE COUNTY MUTUAL INSURANCE COMPANY,Pending,HMSG-135081298,2026-10-15
2026,4,-3.6,GERMANIA SELECT INSURANCE COMPANY,Pending,GEIN-135076058,2026-10-15
2026,4,-3.0,GERMANIA INSURANCE COMPANY,Pending,GEIN-135076058,2026-10-15
2026,4,-0.5,STATE FARM COUNTY MUTUAL INSURANCE COMPANY OF TEXAS,Pending,SFMA-134835054,2026-11-25
2026,4,-0.5,STATE FARM MUTUAL AUTOMOBILE INSURANCE COMPANY,Pending,SFMA-134835054,2026-11-25
2026,4,-0.3,"CINCINNATI INSURANCE COMPANY, THE",Closed,CNNB-134919660,2026-11-01
2026,4,0.0,ALLSTATE COUNTY MUTUAL INSURANCE COMPANY,Closed,ALSE-135057575,2026-10-15
2026,4,0.0,ALLSTATE INDEMNITY COMPANY,Closed,ALSE-135058187,2026-10-15
2026,4,0.0,ALLSTATE INSURANCE COMPANY,Closed,ALSE-135058187,2026-10-15
2026,4,0.0,ALLSTATE PROPERTY AND CASUALTY INSURANCE COMPANY,Closed,ALSE-135058187,2026-10-15
2026,4,0.0,AMICA MUTUAL INSURANCE COMPANY,Closed,AMMA-134978446,2026-10-01
2026,4,0.0,AMICA MUTUAL INSURANCE COMPANY,Pending,AMMA-134894926,2026-10-01
2026,4,0.0,AMICA PROPERTY AND CASUALTY INSURANCE COMPANY,Closed,AMMA-134978433,2026-10-01
2026,4,0.0,AMICA PROPERTY AND CASUALTY INSURANCE COMPANY,Pending,AMMA-134894986,2026-10-01
2026,4,0.0,ANCHOR GENERAL INSURANCE COMPANY,Closed,AGIN-134979091,2026-10-20
2026,4,0.0,"CINCINNATI CASUALTY COMPANY, THE",Closed,CNNB-134921414,2026-11-01
2026,4,0.0,HARTFORD ACCIDENT AND INDEMNITY COMPANY,Closed,HART-135012593,2026-10-21
2026,4,0.0,HARTFORD CASUALTY INSURANCE COMPANY,Closed,HART-135012593,2026-10-21
2026,4,0.0,HOME STATE COUNTY MUTUAL INSURANCE COMPANY,Closed,HMSG-134991250,2026-11-14
2026,4,0.0,HOME STATE COUNTY MUTUAL INSURANCE COMPANY,Pending,HMSG-135070926,2026-10-31
2026,4,0.0,LIBERTY COUNTY MUTUAL INSURANCE COMPANY,Closed,LBPM-134949792,2026-10-21
2026,4,0.0,LIBERTY COUNTY MUTUAL INSURANCE COMPANY,Pending,LBPM-135056072,2026-11-25
2026,4,0.0,PHILADELPHIA INDEMNITY INSURANCE COMPANY,Closed,MRTN-134531951,2026-12-01
2026,4,0.0,PHILADELPHIA INDEMNITY INSURANCE COMPANY,Pending,MRTN-134933541,2026-12-01
2026,4,1.3,OLD AMERICAN COUNTY MUTUAL FIRE INSURANCE COMPANY,Pending,OAMF-135074494,2026-10-01
2026,4,1.5,OLD AMERICAN COUNTY MUTUAL FIRE INSURANCE COMPANY,Pending,OAMF-135074556,2026-10-01
2026,4,2.0,ANCHOR GENERAL INSURANCE COMPANY,Closed,AGIN-134986421,2026-10-20
2026,4,2.3,OLD AMERICAN COUNTY MUTUAL FIRE INSURANCE COMPANY,Pending,OAMF-135074487,2026-10-01
2026,4,3.5,"FOREMOST INSURANCE COMPANY GRAND RAPIDS, MICHIGAN",Closed,FORE-134867705,2026-10-01
2026,4,3.8,OLD AMERICAN COUNTY MUTUAL FIRE INSURANCE COMPANY,Pending,OAMF-135071886,2026-10-01
2026,4,4.1,HORACE MANN PROPERTY & CASUALTY INSURANCE COMPANY,Closed,HRMN-134950957,2026-11-16
2026,4,4.2,HORACE MANN INSURANCE COMPANY,Closed,HRMN-134950957,2026-11-16
2026,4,4.2,TEACHERS INSURANCE COMPANY,Closed,HRMN-134950957,2026-11-16
2026,4,5.5,ALLSTATE COUNTY MUTUAL INSURANCE COMPANY,Pending,ALSE-135071772,2026-10-15
2026,4,6.9,ALLSTATE NORTH AMERICAN INSURANCE COMPANY,Pending,ALSE-135059215,2026-10-15
2026,4,7.5,"FOREMOST INSURANCE COMPANY GRAND RAPIDS, MICHIGAN",Closed,MRTN-134882041,2026-10-15
2026,4,9.6,AMERICAN MODERN PROPERTY AND CASUALTY INSURANCE COMPANY,Closed,AMMH-134975794,2026-12-07
2027,1,-3.4,"FOREMOST INSURANCE COMPANY GRAND RAPIDS, MICHIGAN",Closed,FORE-134967365,2027-02-01
2027,1,0.0,AMICA MUTUAL INSURANCE COMPANY,Closed,AMMA-135018481,2027-01-01
2027,1,0.0,AMICA MUTUAL INSURANCE COMPANY,Pending,AMMA-135061184,2027-01-01
2027,1,0.0,AMICA PROPERTY AND CASUALTY INSURANCE COMPANY,Closed,AMMA-135018483,2027-01-01
2027,1,0.0,AMICA PROPERTY AND CASUALTY INSURANCE COMPANY,Pending,AMMA-135061218,2027-01-01
