case_id,car_exterior_share,car_intermediate_share,car_extensive_share,suv_exterior_share,suv_intermediate_share,suv_extensive_share
1,0.0,0.0,1.0,0.0,0.0,1.0
2,0.0,0.0,1.0,0.0,0.1,0.9
3,0.0,0.0,1.0,0.0,0.2,0.8
4,0.0,0.0,1.0,0.0,0.3,0.7
5,0.0,0.0,1.0,0.0,0.4,0.6
6,0.0,0.0,1.0,0.0,0.5,0.5
7,0.0,0.0,1.0,0.0,0.6,0.4
8,0.0,0.0,1.0,0.0,0.7,0.3
9,0.0,0.0,1.0,0.0,0.8,0.2
10,0.0,0.0,1.0,0.0,0.9,0.1
11,0.0,0.0,1.0,0.0,1.0,0.0
12,0.0,0.0,1.0,0.1,0.0,0.9
13,0.0,0.0,1.0,0.1,0.1,0.8
14,0.0,0.0,1.0,0.1,0.2,0.7
15,0.0,0.0,1.0,0.1,0.3,0.6
16,0.0,0.0,1.0,0.1,0.4,0.5
17,0.0,0.0,1.0,0.1,0.5,0.4
18,0.0,0.0,1.0,0.1,0.6,0.3
19,0.0,0.0,1.0,0.1,0.7,0.2
20,0.0,0.0,1.0,0.1,0.8,0.1
21,0.0,0.0,1.0,0.1,0.9,0.0
22,0.0,0.0,1.0,0.2,0.0,0.8
23,0.0,0.0,1.0,0.2,0.1,0.7
24,0.0,0.0,1.0,0.2,0.2,0.6
25,0.0,0.0,1.0,0.2,0.3,0.5
26,0.0,0.0,1.0,0.2,0.4,0.4
27,0.0,0.0,1.0,0.2,0.5,0.3
28,0.0,0.0,1.0,0.2,0.6,0.2
29,0.0,0.0,1.0,0.2,0.7,0.1
30,0.0,0.0,1.0,0.2,0.8,0.0
31,0.0,0.0,1.0,0.3,0.0,0.7
32,0.0,0.0,1.0,0.3,0.1,0.6
33,0.0,0.0,1.0,0.3,0.2,0.5
34,0.0,0.0,1.0,0.3,0.3,0.4
35,0.0,0.0,1.0,0.3,0.4,0.3
36,0.0,0.0,1.0,0.3,0.5,0.2
37,0.0,0.0,1.0,0.3,0.6,0.1
38,0.0,0.0,1.0,0.3,0.7,0.0
39,0.0,0.0,1.0,0.4,0.0,0.6
40,0.0,0.0,1.0,0.4,0.1,0.5
41,0.0,0.0,1.0,0.4,0.2,0.4
42,0.0,0.0,1.0,0.4,0.3,0.3
43,0.0,0.0,1.0,0.4,0.4,0.2
44,0.0,0.0,1.0,0.4,0.5,0.1
45,0.0,0.0,1.0,0.4,0.6,0.0
46,0.0,0.0,1.0,0.5,0.0,0.5
47,0.0,0.0,1.0,0.5,0.1,0.4
48,0.0,0.0,1.0,0.5,0.2,0.3
49,0.0,0.0,1.0,0.5,0.3,0.2
50,0.0,0.0,1.0,0.5,0.4,0.1
51,0.0,0.0,1.0,0.5,0.5,0.0
52,0.0,0.0,1.0,0.6,0.0,0.4
53,0.0,0.0,1.0,0.6,0.1,0.3
54,0.0,0.0,1.0,0.6,0.2,0.2
55,0.0,0.0,1.0,0.6,0.3,0.1
56,0.0,0.0,1.0,0.6,0.4,0.0
57,0.0,0.0,1.0,0.7,0.0,0.3
58,0.0,0.0,1.0,0.7,0.1,0.2
59,0.0,0.0,1.0,0.7,0.2,0.1
60,0.0,0.0,1.0,0.7,0.3,0.0
61,0.0,0.0,1.0,0.8,0.0,0.2
62,0.0,0.0,1.0,0.8,0.1,0.1
63,0.0,0.0,1.0,0.8,0.2,0.0
64,0.0,0.0,1.0,0.9,0.0,0.1
65,0.0,0.0,1.0,0.9,0.1,0.0
66,0.0,0.0,1.0,1.0,0.0,0.0
67,0.0,0.1,0.9,0.0,0.0,1.0
68,0.0,0.1,0.9,0.0,0.1,0.9
69,0.0,0.1,0.9,0.0,0.2,0.8
70,0.0,0.1,0.9,0.0,0.3,0.7
71,0.0,0.1,0.9,0.0,0.4,0.6
72,0.0,0.1,0.9,0.0,0.5,0.5
73,0.0,0.1,0.9,0.0,0.6,0.4
74,0.0,0.1,0.9,0.0,0.7,0.3
75,0.0,0.1,0.9,0.0,0.8,0.2
76,0.0,0.1,0.9,0.0,0.9,0.1
77,0.0,0.1,0.9,0.0,1.0,0.0
78,0.0,0.1,0.9,0.1,0.0,0.9
79,0.0,0.1,0.9,0.1,0.1,0.8
80,0.0,0.1,0.9,0.1,0.2,0.7
81,0.0,0.1,0.9,0.1,0.3,0.6
82,0.0,0.1,0.9,0.1,0.4,0.5
83,0.0,0.1,0.9,0.1,0.5,0.4
84,0.0,0.1,0.9,0.1,0.6,0.3
85,0.0,0.1,0.9,0.1,0.7,0.2
86,0.0,0.1,0.9,0.1,0.8,0.1
87,0.0,0.1,0.9,0.1,0.9,0.0
88,0.0,0.1,0.9,0.2,0.0,0.8
89,0.0,0.1,0.9,0.2,0.1,0.7
90,0.0,0.1,0.9,0.2,0.2,0.6
91,0.0,0.1,0.9,0.2,0.3,0.5
92,0.0,0.1,0.9,0.2,0.4,0.4
93,0.0,0.1,0.9,0.2,0.5,0.3
94,0.0,0.1,0.9,0.2,0.6,0.2
95,0.0,0.1,0.9,0.2,0.7,0.1
96,0.0,0.1,0.9,0.2,0.8,0.0
97,0.0,0.1,0.9,0.3,0.0,0.7
98,0.0,0.1,0.9,0.3,0.1,0.6
99,0.0,0.1,0.9,0.3,0.2,0.5
100,0.0,0.1,0.9,0.3,0.3,0.4
101,0.0,0.1,0.9,0.3,0.4,0.3
102,0.0,0.1,0.9,0.3,0.5,0.2
103,0.0,0.1,0.9,0.3,0.6,0.1
104,0.0,0.1,0.9,0.3,0.7,0.0
105,0.0,0.1,0.9,0.4,0.0,0.6
106,0.0,0.1,0.9,0.4,0.1,0.5
107,0.0,0.1,0.9,0.4,0.2,0.4
108,0.0,0.1,0.9,0.4,0.3,0.3
109,0.0,0.1,0.9,0.4,0.4,0.2
110,0.0,0.1,0.9,0.4,0.5,0.1
111,0.0,0.1,0.9,0.4,0.6,0.0
112,0.0,0.1,0.9,0.5,0.0,0.5
113,0.0,0.1,0.9,0.5,0.1,0.4
114,0.0,0.1,0.9,0.5,0.2,0.3
115,0.0,0.1,0.9,0.5,0.3,0.2
116,0.0,0.1,0.9,0.5,0.4,0.1
117,0.0,0.1,0.9,0.5,0.5,0.0
118,0.0,0.1,0.9,0.6,0.0,0.4
119,0.0,0.1,0.9,0.6,0.1,0.3
120,0.0,0.1,0.9,0.6,0.2,0.2
121,0.0,0.1,0.9,0.6,0.3,0.1
122,0.0,0.1,0.9,0.6,0.4,0.0
123,0.0,0.1,0.9,0.7,0.0,0.3
124,0.0,0.1,0.9,0.7,0.1,0.2
125,0.0,0.1,0.9,0.7,0.2,0.1
126,0.0,0.1,0.9,0.7,0.3,0.0
127,0.0,0.1,0.9,0.8,0.0,0.2
128,0.0,0.1,0.9,0.8,0.1,0.1
129,0.0,0.1,0.9,0.8,0.2,0.0
130,0.0,0.1,0.9,0.9,0.0,0.1
131,0.0,0.1,0.9,0.9,0.1,0.0
132,0.0,0.1,0.9,1.0,0.0,0.0
133,0.0,0.2,0.8,0.0,0.0,1.0
134,0.0,0.2,0.8,0.0,0.1,0.9
135,0.0,0.2,0.8,0.0,0.2,0.8
136,0.0,0.2,0.8,0.0,0.3,0.7
137,0.0,0.2,0.8,0.0,0.4,0.6
138,0.0,0.2,0.8,0.0,0.5,0.5
139,0.0,0.2,0.8,0.0,0.6,0.4
140,0.0,0.2,0.8,0.0,0.7,0.3
141,0.0,0.2,0.8,0.0,0.8,0.2
142,0.0,0.2,0.8,0.0,0.9,0.1
143,0.0,0.2,0.8,0.0,1.0,0.0
144,0.0,0.2,0.8,0.1,0.0,0.9
145,0.0,0.2,0.8,0.1,0.1,0.8
146,0.0,0.2,0.8,0.1,0.2,0.7
147,0.0,0.2,0.8,0.1,0.3,0.6
148,0.0,0.2,0.8,0.1,0.4,0.5
149,0.0,0.2,0.8,0.1,0.5,0.4
150,0.0,0.2,0.8,0.1,0.6,0.3
151,0.0,0.2,0.8,0.1,0.7,0.2
152,0.0,0.2,0.8,0.1,0.8,0.1
153,0.0,0.2,0.8,0.1,0.9,0.0
154,0.0,0.2,0.8,0.2,0.0,0.8
155,0.0,0.2,0.8,0.2,0.1,0.7
156,0.0,0.2,0.8,0.2,0.2,0.6
157,0.0,0.2,0.8,0.2,0.3,0.5
158,0.0,0.2,0.8,0.2,0.4,0.4
159,0.0,0.2,0.8,0.2,0.5,0.3
160,0.0,0.2,0.8,0.2,0.6,0.2
161,0.0,0.2,0.8,0.2,0.7,0.1
162,0.0,0.2,0.8,0.2,0.8,0.0
163,0.0,0.2,0.8,0.3,0.0,0.7
164,0.0,0.2,0.8,0.3,0.1,0.6
165,0.0,0.2,0.8,0.3,0.2,0.5
166,0.0,0.2,0.8,0.3,0.3,0.4
167,0.0,0.2,0.8,0.3,0.4,0.3
168,0.0,0.2,0.8,0.3,0.5,0.2
169,0.0,0.2,0.8,0.3,0.6,0.1
170,0.0,0.2,0.8,0.3,0.7,0.0
171,0.0,0.2,0.8,0.4,0.0,0.6
172,0.0,0.2,0.8,0.4,0.1,0.5
173,0.0,0.2,0.8,0.4,0.2,0.4
174,0.0,0.2,0.8,0.4,0.3,0.3
175,0.0,0.2,0.8,0.4,0.4,0.2
176,0.0,0.2,0.8,0.4,0.5,0.1
177,0.0,0.2,0.8,0.4,0.6,0.0
178,0.0,0.2,0.8,0.5,0.0,0.5
179,0.0,0.2,0.8,0.5,0.1,0.4
180,0.0,0.2,0.8,0.5,0.2,0.3
181,0.0,0.2,0.8,0.5,0.3,0.2
182,0.0,0.2,0.8,0.5,0.4,0.1
183,0.0,0.2,0.8,0.5,0.5,0.0
184,0.0,0.2,0.8,0.6,0.0,0.4
185,0.0,0.2,0.8,0.6,0.1,0.3
186,0.0,0.2,0.8,0.6,0.2,0.2
187,0.0,0.2,0.8,0.6,0.3,0.1
188,0.0,0.2,0.8,0.6,0.4,0.0
189,0.0,0.2,0.8,0.7,0.0,0.3
190,0.0,0.2,0.8,0.7,0.1,0.2
191,0.0,0.2,0.8,0.7,0.2,0.1
192,0.0,0.2,0.8,0.7,0.3,0.0
193,0.0,0.2,0.8,0.8,0.0,0.2
194,0.0,0.2,0.8,0.8,0.1,0.1
195,0.0,0.2,0.8,0.8,0.2,0.0
196,0.0,0.2,0.8,0.9,0.0,0.1
197,0.0,0.2,0.8,0.9,0.1,0.0
198,0.0,0.2,0.8,1.0,0.0,0.0
199,0.0,0.3,0.7,0.0,0.0,1.0
200,0.0,0.3,0.7,0.0,0.1,0.9
201,0.0,0.3,0.7,0.0,0.2,0.8
202,0.0,0.3,0.7,0.0,0.3,0.7
203,0.0,0.3,0.7,0.0,0.4,0.6
204,0.0,0.3,0.7,0.0,0.5,0.5
205,0.0,0.3,0.7,0.0,0.6,0.4
206,0.0,0.3,0.7,0.0,0.7,0.3
207,0.0,0.3,0.7,0.0,0.8,0.2
208,0.0,0.3,0.7,0.0,0.9,0.1
209,0.0,0.3,0.7,0.0,1.0,0.0
210,0.0,0.3,0.7,0.1,0.0,0.9
211,0.0,0.3,0.7,0.1,0.1,0.8
212,0.0,0.3,0.7,0.1,0.2,0.7
213,0.0,0.3,0.7,0.1,0.3,0.6
214,0.0,0.3,0.7,0.1,0.4,0.5
215,0.0,0.3,0.7,0.1,0.5,0.4
216,0.0,0.3,0.7,0.1,0.6,0.3
217,0.0,0.3,0.7,0.1,0.7,0.2
218,0.0,0.3,0.7,0.1,0.8,0.1
219,0.0,0.3,0.7,0.1,0.9,0.0
220,0.0,0.3,0.7,0.2,0.0,0.8
221,0.0,0.3,0.7,0.2,0.1,0.7
222,0.0,0.3,0.7,0.2,0.2,0.6
223,0.0,0.3,0.7,0.2,0.3,0.5
224,0.0,0.3,0.7,0.2,0.4,0.4
225,0.0,0.3,0.7,0.2,0.5,0.3
226,0.0,0.3,0.7,0.2,0.6,0.2
227,0.0,0.3,0.7,0.2,0.7,0.1
228,0.0,0.3,0.7,0.2,0.8,0.0
229,0.0,0.3,0.7,0.3,0.0,0.7
230,0.0,0.3,0.7,0.3,0.1,0.6
231,0.0,0.3,0.7,0.3,0.2,0.5
232,0.0,0.3,0.7,0.3,0.3,0.4
233,0.0,0.3,0.7,0.3,0.4,0.3
234,0.0,0.3,0.7,0.3,0.5,0.2
235,0.0,0.3,0.7,0.3,0.6,0.1
236,0.0,0.3,0.7,0.3,0.7,0.0
237,0.0,0.3,0.7,0.4,0.0,0.6
238,0.0,0.3,0.7,0.4,0.1,0.5
239,0.0,0.3,0.7,0.4,0.2,0.4
240,0.0,0.3,0.7,0.4,0.3,0.3
241,0.0,0.3,0.7,0.4,0.4,0.2
242,0.0,0.3,0.7,0.4,0.5,0.1
243,0.0,0.3,0.7,0.4,0.6,0.0
244,0.0,0.3,0.7,0.5,0.0,0.5
245,0.0,0.3,0.7,0.5,0.1,0.4
246,0.0,0.3,0.7,0.5,0.2,0.3
247,0.0,0.3,0.7,0.5,0.3,0.2
248,0.0,0.3,0.7,0.5,0.4,0.1
249,0.0,0.3,0.7,0.5,0.5,0.0
250,0.0,0.3,0.7,0.6,0.0,0.4
251,0.0,0.3,0.7,0.6,0.1,0.3
252,0.0,0.3,0.7,0.6,0.2,0.2
253,0.0,0.3,0.7,0.6,0.3,0.1
254,0.0,0.3,0.7,0.6,0.4,0.0
255,0.0,0.3,0.7,0.7,0.0,0.3
256,0.0,0.3,0.7,0.7,0.1,0.2
257,0.0,0.3,0.7,0.7,0.2,0.1
258,0.0,0.3,0.7,0.7,0.3,0.0
259,0.0,0.3,0.7,0.8,0.0,0.2
260,0.0,0.3,0.7,0.8,0.1,0.1
261,0.0,0.3,0.7,0.8,0.2,0.0
262,0.0,0.3,0.7,0.9,0.0,0.1
263,0.0,0.3,0.7,0.9,0.1,0.0
264,0.0,0.3,0.7,1.0,0.0,0.0
265,0.0,0.4,0.6,0.0,0.0,1.0
266,0.0,0.4,0.6,0.0,0.1,0.9
267,0.0,0.4,0.6,0.0,0.2,0.8
268,0.0,0.4,0.6,0.0,0.3,0.7
269,0.0,0.4,0.6,0.0,0.4,0.6
270,0.0,0.4,0.6,0.0,0.5,0.5
271,0.0,0.4,0.6,0.0,0.6,0.4
272,0.0,0.4,0.6,0.0,0.7,0.3
273,0.0,0.4,0.6,0.0,0.8,0.2
274,0.0,0.4,0.6,0.0,0.9,0.1
275,0.0,0.4,0.6,0.0,1.0,0.0
276,0.0,0.4,0.6,0.1,0.0,0.9
277,0.0,0.4,0.6,0.1,0.1,0.8
278,0.0,0.4,0.6,0.1,0.2,0.7
279,0.0,0.4,0.6,0.1,0.3,0.6
280,0.0,0.4,0.6,0.1,0.4,0.5
281,0.0,0.4,0.6,0.1,0.5,0.4
282,0.0,0.4,0.6,0.1,0.6,0.3
283,0.0,0.4,0.6,0.1,0.7,0.2
284,0.0,0.4,0.6,0.1,0.8,0.1
285,0.0,0.4,0.6,0.1,0.9,0.0
286,0.0,0.4,0.6,0.2,0.0,0.8
287,0.0,0.4,0.6,0.2,0.1,0.7
288,0.0,0.4,0.6,0.2,0.2,0.6
289,0.0,0.4,0.6,0.2,0.3,0.5
290,0.0,0.4,0.6,0.2,0.4,0.4
291,0.0,0.4,0.6,0.2,0.5,0.3
292,0.0,0.4,0.6,0.2,0.6,0.2
293,0.0,0.4,0.6,0.2,0.7,0.1
294,0.0,0.4,0.6,0.2,0.8,0.0
295,0.0,0.4,0.6,0.3,0.0,0.7
296,0.0,0.4,0.6,0.3,0.1,0.6
297,0.0,0.4,0.6,0.3,0.2,0.5
298,0.0,0.4,0.6,0.3,0.3,0.4
299,0.0,0.4,0.6,0.3,0.4,0.3
300,0.0,0.4,0.6,0.3,0.5,0.2
301,0.0,0.4,0.6,0.3,0.6,0.1
302,0.0,0.4,0.6,0.3,0.7,0.0
303,0.0,0.4,0.6,0.4,0.0,0.6
304,0.0,0.4,0.6,0.4,0.1,0.5
305,0.0,0.4,0.6,0.4,0.2,0.4
306,0.0,0.4,0.6,0.4,0.3,0.3
307,0.0,0.4,0.6,0.4,0.4,0.2
308,0.0,0.4,0.6,0.4,0.5,0.1
309,0.0,0.4,0.6,0.4,0.6,0.0
310,0.0,0.4,0.6,0.5,0.0,0.5
311,0.0,0.4,0.6,0.5,0.1,0.4
312,0.0,0.4,0.6,0.5,0.2,0.3
313,0.0,0.4,0.6,0.5,0.3,0.2
314,0.0,0.4,0.6,0.5,0.4,0.1
315,0.0,0.4,0.6,0.5,0.5,0.0
316,0.0,0.4,0.6,0.6,0.0,0.4
317,0.0,0.4,0.6,0.6,0.1,0.3
318,0.0,0.4,0.6,0.6,0.2,0.2
319,0.0,0.4,0.6,0.6,0.3,0.1
320,0.0,0.4,0.6,0.6,0.4,0.0
321,0.0,0.4,0.6,0.7,0.0,0.3
322,0.0,0.4,0.6,0.7,0.1,0.2
323,0.0,0.4,0.6,0.7,0.2,0.1
324,0.0,0.4,0.6,0.7,0.3,0.0
325,0.0,0.4,0.6,0.8,0.0,0.2
326,0.0,0.4,0.6,0.8,0.1,0.1
327,0.0,0.4,0.6,0.8,0.2,0.0
328,0.0,0.4,0.6,0.9,0.0,0.1
329,0.0,0.4,0.6,0.9,0.1,0.0
330,0.0,0.4,0.6,1.0,0.0,0.0
331,0.0,0.5,0.5,0.0,0.0,1.0
332,0.0,0.5,0.5,0.0,0.1,0.9
333,0.0,0.5,0.5,0.0,0.2,0.8
334,0.0,0.5,0.5,0.0,0.3,0.7
335,0.0,0.5,0.5,0.0,0.4,0.6
336,0.0,0.5,0.5,0.0,0.5,0.5
337,0.0,0.5,0.5,0.0,0.6,0.4
338,0.0,0.5,0.5,0.0,0.7,0.3
339,0.0,0.5,0.5,0.0,0.8,0.2
340,0.0,0.5,0.5,0.0,0.9,0.1
341,0.0,0.5,0.5,0.0,1.0,0.0
342,0.0,0.5,0.5,0.1,0.0,0.9
343,0.0,0.5,0.5,0.1,0.1,0.8
344,0.0,0.5,0.5,0.1,0.2,0.7
345,0.0,0.5,0.5,0.1,0.3,0.6
346,0.0,0.5,0.5,0.1,0.4,0.5
347,0.0,0.5,0.5,0.1,0.5,0.4
348,0.0,0.5,0.5,0.1,0.6,0.3
349,0.0,0.5,0.5,0.1,0.7,0.2
350,0.0,0.5,0.5,0.1,0.8,0.1
351,0.0,0.5,0.5,0.1,0.9,0.0
352,0.0,0.5,0.5,0.2,0.0,0.8
353,0.0,0.5,0.5,0.2,0.1,0.7
354,0.0,0.5,0.5,0.2,0.2,0.6
355,0.0,0.5,0.5,0.2,0.3,0.5
356,0.0,0.5,0.5,0.2,0.4,0.4
357,0.0,0.5,0.5,0.2,0.5,0.3
358,0.0,0.5,0.5,0.2,0.6,0.2
359,0.0,0.5,0.5,0.2,0.7,0.1
360,0.0,0.5,0.5,0.2,0.8,0.0
361,0.0,0.5,0.5,0.3,0.0,0.7
362,0.0,0.5,0.5,0.3,0.1,0.6
363,0.0,0.5,0.5,0.3,0.2,0.5
364,0.0,0.5,0.5,0.3,0.3,0.4
365,0.0,0.5,0.5,0.3,0.4,0.3
366,0.0,0.5,0.5,0.3,0.5,0.2
367,0.0,0.5,0.5,0.3,0.6,0.1
368,0.0,0.5,0.5,0.3,0.7,0.0
369,0.0,0.5,0.5,0.4,0.0,0.6
370,0.0,0.5,0.5,0.4,0.1,0.5
371,0.0,0.5,0.5,0.4,0.2,0.4
372,0.0,0.5,0.5,0.4,0.3,0.3
373,0.0,0.5,0.5,0.4,0.4,0.2
374,0.0,0.5,0.5,0.4,0.5,0.1
375,0.0,0.5,0.5,0.4,0.6,0.0
376,0.0,0.5,0.5,0.5,0.0,0.5
377,0.0,0.5,0.5,0.5,0.1,0.4
378,0.0,0.5,0.5,0.5,0.2,0.3
379,0.0,0.5,0.5,0.5,0.3,0.2
380,0.0,0.5,0.5,0.5,0.4,0.1
381,0.0,0.5,0.5,0.5,0.5,0.0
382,0.0,0.5,0.5,0.6,0.0,0.4
383,0.0,0.5,0.5,0.6,0.1,0.3
384,0.0,0.5,0.5,0.6,0.2,0.2
385,0.0,0.5,0.5,0.6,0.3,0.1
386,0.0,0.5,0.5,0.6,0.4,0.0
387,0.0,0.5,0.5,0.7,0.0,0.3
388,0.0,0.5,0.5,0.7,0.1,0.2
389,0.0,0.5,0.5,0.7,0.2,0.1
390,0.0,0.5,0.5,0.7,0.3,0.0
391,0.0,0.5,0.5,0.8,0.0,0.2
392,0.0,0.5,0.5,0.8,0.1,0.1
393,0.0,0.5,0.5,0.8,0.2,0.0
394,0.0,0.5,0.5,0.9,0.0,0.1
395,0.0,0.5,0.5,0.9,0.1,0.0
396,0.0,0.5,0.5,1.0,0.0,0.0
397,0.0,0.6,0.4,0.0,0.0,1.0
398,0.0,0.6,0.4,0.0,0.1,0.9
399,0.0,0.6,0.4,0.0,0.2,0.8
400,0.0,0.6,0.4,0.0,0.3,0.7
401,0.0,0.6,0.4,0.0,0.4,0.6
402,0.0,0.6,0.4,0.0,0.5,0.5
403,0.0,0.6,0.4,0.0,0.6,0.4
404,0.0,0.6,0.4,0.0,0.7,0.3
405,0.0,0.6,0.4,0.0,0.8,0.2
406,0.0,0.6,0.4,0.0,0.9,0.1
407,0.0,0.6,0.4,0.0,1.0,0.0
408,0.0,0.6,0.4,0.1,0.0,0.9
409,0.0,0.6,0.4,0.1,0.1,0.8
410,0.0,0.6,0.4,0.1,0.2,0.7
411,0.0,0.6,0.4,0.1,0.3,0.6
412,0.0,0.6,0.4,0.1,0.4,0.5
413,0.0,0.6,0.4,0.1,0.5,0.4
414,0.0,0.6,0.4,0.1,0.6,0.3
415,0.0,0.6,0.4,0.1,0.7,0.2
416,0.0,0.6,0.4,0.1,0.8,0.1
417,0.0,0.6,0.4,0.1,0.9,0.0
418,0.0,0.6,0.4,0.2,0.0,0.8
419,0.0,0.6,0.4,0.2,0.1,0.7
420,0.0,0.6,0.4,0.2,0.2,0.6
421,0.0,0.6,0.4,0.2,0.3,0.5
422,0.0,0.6,0.4,0.2,0.4,0.4
423,0.0,0.6,0.4,0.2,0.5,0.3
424,0.0,0.6,0.4,0.2,0.6,0.2
425,0.0,0.6,0.4,0.2,0.7,0.1
426,0.0,0.6,0.4,0.2,0.8,0.0
427,0.0,0.6,0.4,0.3,0.0,0.7
428,0.0,0.6,0.4,0.3,0.1,0.6
429,0.0,0.6,0.4,0.3,0.2,0.5
430,0.0,0.6,0.4,0.3,0.3,0.4
431,0.0,0.6,0.4,0.3,0.4,0.3
432,0.0,0.6,0.4,0.3,0.5,0.2
433,0.0,0.6,0.4,0.3,0.6,0.1
434,0.0,0.6,0.4,0.3,0.7,0.0
435,0.0,0.6,0.4,0.4,0.0,0.6
436,0.0,0.6,0.4,0.4,0.1,0.5
437,0.0,0.6,0.4,0.4,0.2,0.4
438,0.0,0.6,0.4,0.4,0.3,0.3
439,0.0,0.6,0.4,0.4,0.4,0.2
440,0.0,0.6,0.4,0.4,0.5,0.1
441,0.0,0.6,0.4,0.4,0.6,0.0
442,0.0,0.6,0.4,0.5,0.0,0.5
443,0.0,0.6,0.4,0.5,0.1,0.4
444,0.0,0.6,0.4,0.5,0.2,0.3
445,0.0,0.6,0.4,0.5,0.3,0.2
446,0.0,0.6,0.4,0.5,0.4,0.1
447,0.0,0.6,0.4,0.5,0.5,0.0
448,0.0,0.6,0.4,0.6,0.0,0.4
449,0.0,0.6,0.4,0.6,0.1,0.3
450,0.0,0.6,0.4,0.6,0.2,0.2
451,0.0,0.6,0.4,0.6,0.3,0.1
452,0.0,0.6,0.4,0.6,0.4,0.0
453,0.0,0.6,0.4,0.7,0.0,0.3
454,0.0,0.6,0.4,0.7,0.1,0.2
455,0.0,0.6,0.4,0.7,0.2,0.1
456,0.0,0.6,0.4,0.7,0.3,0.0
457,0.0,0.6,0.4,0.8,0.0,0.2
458,0.0,0.6,0.4,0.8,0.1,0.1
459,0.0,0.6,0.4,0.8,0.2,0.0
460,0.0,0.6,0.4,0.9,0.0,0.1
461,0.0,0.6,0.4,0.9,0.1,0.0
462,0.0,0.6,0.4,1.0,0.0,0.0
463,0.0,0.7,0.3,0.0,0.0,1.0
464,0.0,0.7,0.3,0.0,0.1,0.9
465,0.0,0.7,0.3,0.0,0.2,0.8
466,0.0,0.7,0.3,0.0,0.3,0.7
467,0.0,0.7,0.3,0.0,0.4,0.6
468,0.0,0.7,0.3,0.0,0.5,0.5
469,0.0,0.7,0.3,0.0,0.6,0.4
470,0.0,0.7,0.3,0.0,0.7,0.3
471,0.0,0.7,0.3,0.0,0.8,0.2
472,0.0,0.7,0.3,0.0,0.9,0.1
473,0.0,0.7,0.3,0.0,1.0,0.0
474,0.0,0.7,0.3,0.1,0.0,0.9
475,0.0,0.7,0.3,0.1,0.1,0.8
476,0.0,0.7,0.3,0.1,0.2,0.7
477,0.0,0.7,0.3,0.1,0.3,0.6
478,0.0,0.7,0.3,0.1,0.4,0.5
479,0.0,0.7,0.3,0.1,0.5,0.4
480,0.0,0.7,0.3,0.1,0.6,0.3
481,0.0,0.7,0.3,0.1,0.7,0.2
482,0.0,0.7,0.3,0.1,0.8,0.1
483,0.0,0.7,0.3,0.1,0.9,0.0
484,0.0,0.7,0.3,0.2,0.0,0.8
485,0.0,0.7,0.3,0.2,0.1,0.7
486,0.0,0.7,0.3,0.2,0.2,0.6
487,0.0,0.7,0.3,0.2,0.3,0.5
488,0.0,0.7,0.3,0.2,0.4,0.4
489,0.0,0.7,0.3,0.2,0.5,0.3
490,0.0,0.7,0.3,0.2,0.6,0.2
491,0.0,0.7,0.3,0.2,0.7,0.1
492,0.0,0.7,0.3,0.2,0.8,0.0
493,0.0,0.7,0.3,0.3,0.0,0.7
494,0.0,0.7,0.3,0.3,0.1,0.6
495,0.0,0.7,0.3,0.3,0.2,0.5
496,0.0,0.7,0.3,0.3,0.3,0.4
497,0.0,0.7,0.3,0.3,0.4,0.3
498,0.0,0.7,0.3,0.3,0.5,0.2
499,0.0,0.7,0.3,0.3,0.6,0.1
500,0.0,0.7,0.3,0.3,0.7,0.0
501,0.0,0.7,0.3,0.4,0.0,0.6
502,0.0,0.7,0.3,0.4,0.1,0.5
503,0.0,0.7,0.3,0.4,0.2,0.4
504,0.0,0.7,0.3,0.4,0.3,0.3
505,0.0,0.7,0.3,0.4,0.4,0.2
506,0.0,0.7,0.3,0.4,0.5,0.1
507,0.0,0.7,0.3,0.4,0.6,0.0
508,0.0,0.7,0.3,0.5,0.0,0.5
509,0.0,0.7,0.3,0.5,0.1,0.4
510,0.0,0.7,0.3,0.5,0.2,0.3
511,0.0,0.7,0.3,0.5,0.3,0.2
512,0.0,0.7,0.3,0.5,0.4,0.1
513,0.0,0.7,0.3,0.5,0.5,0.0
514,0.0,0.7,0.3,0.6,0.0,0.4
515,0.0,0.7,0.3,0.6,0.1,0.3
516,0.0,0.7,0.3,0.6,0.2,0.2
517,0.0,0.7,0.3,0.6,0.3,0.1
518,0.0,0.7,0.3,0.6,0.4,0.0
519,0.0,0.7,0.3,0.7,0.0,0.3
520,0.0,0.7,0.3,0.7,0.1,0.2
521,0.0,0.7,0.3,0.7,0.2,0.1
522,0.0,0.7,0.3,0.7,0.3,0.0
523,0.0,0.7,0.3,0.8,0.0,0.2
524,0.0,0.7,0.3,0.8,0.1,0.1
525,0.0,0.7,0.3,0.8,0.2,0.0
526,0.0,0.7,0.3,0.9,0.0,0.1
527,0.0,0.7,0.3,0.9,0.1,0.0
528,0.0,0.7,0.3,1.0,0.0,0.0
529,0.0,0.8,0.2,0.0,0.0,1.0
530,0.0,0.8,0.2,0.0,0.1,0.9
531,0.0,0.8,0.2,0.0,0.2,0.8
532,0.0,0.8,0.2,0.0,0.3,0.7
533,0.0,0.8,0.2,0.0,0.4,0.6
534,0.0,0.8,0.2,0.0,0.5,0.5
535,0.0,0.8,0.2,0.0,0.6,0.4
536,0.0,0.8,0.2,0.0,0.7,0.3
537,0.0,0.8,0.2,0.0,0.8,0.2
538,0.0,0.8,0.2,0.0,0.9,0.1
539,0.0,0.8,0.2,0.0,1.0,0.0
540,0.0,0.8,0.2,0.1,0.0,0.9
541,0.0,0.8,0.2,0.1,0.1,0.8
542,0.0,0.8,0.2,0.1,0.2,0.7
543,0.0,0.8,0.2,0.1,0.3,0.6
544,0.0,0.8,0.2,0.1,0.4,0.5
545,0.0,0.8,0.2,0.1,0.5,0.4
546,0.0,0.8,0.2,0.1,0.6,0.3
547,0.0,0.8,0.2,0.1,0.7,0.2
548,0.0,0.8,0.2,0.1,0.8,0.1
549,0.0,0.8,0.2,0.1,0.9,0.0
550,0.0,0.8,0.2,0.2,0.0,0.8
551,0.0,0.8,0.2,0.2,0.1,0.7
552,0.0,0.8,0.2,0.2,0.2,0.6
553,0.0,0.8,0.2,0.2,0.3,0.5
554,0.0,0.8,0.2,0.2,0.4,0.4
555,0.0,0.8,0.2,0.2,0.5,0.3
556,0.0,0.8,0.2,0.2,0.6,0.2
557,0.0,0.8,0.2,0.2,0.7,0.1
558,0.0,0.8,0.2,0.2,0.8,0.0
559,0.0,0.8,0.2,0.3,0.0,0.7
560,0.0,0.8,0.2,0.3,0.1,0.6
561,0.0,0.8,0.2,0.3,0.2,0.5
562,0.0,0.8,0.2,0.3,0.3,0.4
563,0.0,0.8,0.2,0.3,0.4,0.3
564,0.0,0.8,0.2,0.3,0.5,0.2
565,0.0,0.8,0.2,0.3,0.6,0.1
566,0.0,0.8,0.2,0.3,0.7,0.0
567,0.0,0.8,0.2,0.4,0.0,0.6
568,0.0,0.8,0.2,0.4,0.1,0.5
569,0.0,0.8,0.2,0.4,0.2,0.4
570,0.0,0.8,0.2,0.4,0.3,0.3
571,0.0,0.8,0.2,0.4,0.4,0.2
572,0.0,0.8,0.2,0.4,0.5,0.1
573,0.0,0.8,0.2,0.4,0.6,0.0
574,0.0,0.8,0.2,0.5,0.0,0.5
575,0.0,0.8,0.2,0.5,0.1,0.4
576,0.0,0.8,0.2,0.5,0.2,0.3
577,0.0,0.8,0.2,0.5,0.3,0.2
578,0.0,0.8,0.2,0.5,0.4,0.1
579,0.0,0.8,0.2,0.5,0.5,0.0
580,0.0,0.8,0.2,0.6,0.0,0.4
581,0.0,0.8,0.2,0.6,0.1,0.3
582,0.0,0.8,0.2,0.6,0.2,0.2
583,0.0,0.8,0.2,0.6,0.3,0.1
584,0.0,0.8,0.2,0.6,0.4,0.0
585,0.0,0.8,0.2,0.7,0.0,0.3
586,0.0,0.8,0.2,0.7,0.1,0.2
587,0.0,0.8,0.2,0.7,0.2,0.1
588,0.0,0.8,0.2,0.7,0.3,0.0
589,0.0,0.8,0.2,0.8,0.0,0.2
590,0.0,0.8,0.2,0.8,0.1,0.1
591,0.0,0.8,0.2,0.8,0.2,0.0
592,0.0,0.8,0.2,0.9,0.0,0.1
593,0.0,0.8,0.2,0.9,0.1,0.0
594,0.0,0.8,0.2,1.0,0.0,0.0
595,0.0,0.9,0.1,0.0,0.0,1.0
596,0.0,0.9,0.1,0.0,0.1,0.9
597,0.0,0.9,0.1,0.0,0.2,0.8
598,0.0,0.9,0.1,0.0,0.3,0.7
599,0.0,0.9,0.1,0.0,0.4,0.6
600,0.0,0.9,0.1,0.0,0.5,0.5
601,0.0,0.9,0.1,0.0,0.6,0.4
602,0.0,0.9,0.1,0.0,0.7,0.3
603,0.0,0.9,0.1,0.0,0.8,0.2
604,0.0,0.9,0.1,0.0,0.9,0.1
605,0.0,0.9,0.1,0.0,1.0,0.0
606,0.0,0.9,0.1,0.1,0.0,0.9
607,0.0,0.9,0.1,0.1,0.1,0.8
608,0.0,0.9,0.1,0.1,0.2,0.7
609,0.0,0.9,0.1,0.1,0.3,0.6
610,0.0,0.9,0.1,0.1,0.4,0.5
611,0.0,0.9,0.1,0.1,0.5,0.4
612,0.0,0.9,0.1,0.1,0.6,0.3
613,0.0,0.9,0.1,0.1,0.7,0.2
614,0.0,0.9,0.1,0.1,0.8,0.1
615,0.0,0.9,0.1,0.1,0.9,0.0
616,0.0,0.9,0.1,0.2,0.0,0.8
617,0.0,0.9,0.1,0.2,0.1,0.7
618,0.0,0.9,0.1,0.2,0.2,0.6
619,0.0,0.9,0.1,0.2,0.3,0.5
620,0.0,0.9,0.1,0.2,0.4,0.4
621,0.0,0.9,0.1,0.2,0.5,0.3
622,0.0,0.9,0.1,0.2,0.6,0.2
623,0.0,0.9,0.1,0.2,0.7,0.1
624,0.0,0.9,0.1,0.2,0.8,0.0
625,0.0,0.9,0.1,0.3,0.0,0.7
626,0.0,0.9,0.1,0.3,0.1,0.6
627,0.0,0.9,0.1,0.3,0.2,0.5
628,0.0,0.9,0.1,0.3,0.3,0.4
629,0.0,0.9,0.1,0.3,0.4,0.3
630,0.0,0.9,0.1,0.3,0.5,0.2
631,0.0,0.9,0.1,0.3,0.6,0.1
632,0.0,0.9,0.1,0.3,0.7,0.0
633,0.0,0.9,0.1,0.4,0.0,0.6
634,0.0,0.9,0.1,0.4,0.1,0.5
635,0.0,0.9,0.1,0.4,0.2,0.4
636,0.0,0.9,0.1,0.4,0.3,0.3
637,0.0,0.9,0.1,0.4,0.4,0.2
638,0.0,0.9,0.1,0.4,0.5,0.1
639,0.0,0.9,0.1,0.4,0.6,0.0
640,0.0,0.9,0.1,0.5,0.0,0.5
641,0.0,0.9,0.1,0.5,0.1,0.4
642,0.0,0.9,0.1,0.5,0.2,0.3
643,0.0,0.9,0.1,0.5,0.3,0.2
644,0.0,0.9,0.1,0.5,0.4,0.1
645,0.0,0.9,0.1,0.5,0.5,0.0
646,0.0,0.9,0.1,0.6,0.0,0.4
647,0.0,0.9,0.1,0.6,0.1,0.3
648,0.0,0.9,0.1,0.6,0.2,0.2
649,0.0,0.9,0.1,0.6,0.3,0.1
650,0.0,0.9,0.1,0.6,0.4,0.0
651,0.0,0.9,0.1,0.7,0.0,0.3
652,0.0,0.9,0.1,0.7,0.1,0.2
653,0.0,0.9,0.1,0.7,0.2,0.1
654,0.0,0.9,0.1,0.7,0.3,0.0
655,0.0,0.9,0.1,0.8,0.0,0.2
656,0.0,0.9,0.1,0.8,0.1,0.1
657,0.0,0.9,0.1,0.8,0.2,0.0
658,0.0,0.9,0.1,0.9,0.0,0.1
659,0.0,0.9,0.1,0.9,0.1,0.0
660,0.0,0.9,0.1,1.0,0.0,0.0
661,0.0,1.0,0.0,0.0,0.0,1.0
662,0.0,1.0,0.0,0.0,0.1,0.9
663,0.0,1.0,0.0,0.0,0.2,0.8
664,0.0,1.0,0.0,0.0,0.3,0.7
665,0.0,1.0,0.0,0.0,0.4,0.6
666,0.0,1.0,0.0,0.0,0.5,0.5
667,0.0,1.0,0.0,0.0,0.6,0.4
668,0.0,1.0,0.0,0.0,0.7,0.3
669,0.0,1.0,0.0,0.0,0.8,0.2
670,0.0,1.0,0.0,0.0,0.9,0.1
671,0.0,1.0,0.0,0.0,1.0,0.0
672,0.0,1.0,0.0,0.1,0.0,0.9
673,0.0,1.0,0.0,0.1,0.1,0.8
674,0.0,1.0,0.0,0.1,0.2,0.7
675,0.0,1.0,0.0,0.1,0.3,0.6
676,0.0,1.0,0.0,0.1,0.4,0.5
677,0.0,1.0,0.0,0.1,0.5,0.4
678,0.0,1.0,0.0,0.1,0.6,0.3
679,0.0,1.0,0.0,0.1,0.7,0.2
680,0.0,1.0,0.0,0.1,0.8,0.1
681,0.0,1.0,0.0,0.1,0.9,0.0
682,0.0,1.0,0.0,0.2,0.0,0.8
683,0.0,1.0,0.0,0.2,0.1,0.7
684,0.0,1.0,0.0,0.2,0.2,0.6
685,0.0,1.0,0.0,0.2,0.3,0.5
686,0.0,1.0,0.0,0.2,0.4,0.4
687,0.0,1.0,0.0,0.2,0.5,0.3
688,0.0,1.0,0.0,0.2,0.6,0.2
689,0.0,1.0,0.0,0.2,0.7,0.1
690,0.0,1.0,0.0,0.2,0.8,0.0
691,0.0,1.0,0.0,0.3,0.0,0.7
692,0.0,1.0,0.0,0.3,0.1,0.6
693,0.0,1.0,0.0,0.3,0.2,0.5
694,0.0,1.0,0.0,0.3,0.3,0.4
695,0.0,1.0,0.0,0.3,0.4,0.3
696,0.0,1.0,0.0,0.3,0.5,0.2
697,0.0,1.0,0.0,0.3,0.6,0.1
698,0.0,1.0,0.0,0.3,0.7,0.0
699,0.0,1.0,0.0,0.4,0.0,0.6
700,0.0,1.0,0.0,0.4,0.1,0.5
701,0.0,1.0,0.0,0.4,0.2,0.4
702,0.0,1.0,0.0,0.4,0.3,0.3
703,0.0,1.0,0.0,0.4,0.4,0.2
704,0.0,1.0,0.0,0.4,0.5,0.1
705,0.0,1.0,0.0,0.4,0.6,0.0
706,0.0,1.0,0.0,0.5,0.0,0.5
707,0.0,1.0,0.0,0.5,0.1,0.4
708,0.0,1.0,0.0,0.5,0.2,0.3
709,0.0,1.0,0.0,0.5,0.3,0.2
710,0.0,1.0,0.0,0.5,0.4,0.1
711,0.0,1.0,0.0,0.5,0.5,0.0
712,0.0,1.0,0.0,0.6,0.0,0.4
713,0.0,1.0,0.0,0.6,0.1,0.3
714,0.0,1.0,0.0,0.6,0.2,0.2
715,0.0,1.0,0.0,0.6,0.3,0.1
716,0.0,1.0,0.0,0.6,0.4,0.0
717,0.0,1.0,0.0,0.7,0.0,0.3
718,0.0,1.0,0.0,0.7,0.1,0.2
719,0.0,1.0,0.0,0.7,0.2,0.1
720,0.0,1.0,0.0,0.7,0.3,0.0
721,0.0,1.0,0.0,0.8,0.0,0.2
722,0.0,1.0,0.0,0.8,0.1,0.1
723,0.0,1.0,0.0,0.8,0.2,0.0
724,0.0,1.0,0.0,0.9,0.0,0.1
725,0.0,1.0,0.0,0.9,0.1,0.0
726,0.0,1.0,0.0,1.0,0.0,0.0
727,0.1,0.0,0.9,0.0,0.0,1.0
728,0.1,0.0,0.9,0.0,0.1,0.9
729,0.1,0.0,0.9,0.0,0.2,0.8
730,0.1,0.0,0.9,0.0,0.3,0.7
731,0.1,0.0,0.9,0.0,0.4,0.6
732,0.1,0.0,0.9,0.0,0.5,0.5
733,0.1,0.0,0.9,0.0,0.6,0.4
734,0.1,0.0,0.9,0.0,0.7,0.3
735,0.1,0.0,0.9,0.0,0.8,0.2
736,0.1,0.0,0.9,0.0,0.9,0.1
737,0.1,0.0,0.9,0.0,1.0,0.0
738,0.1,0.0,0.9,0.1,0.0,0.9
739,0.1,0.0,0.9,0.1,0.1,0.8
740,0.1,0.0,0.9,0.1,0.2,0.7
741,0.1,0.0,0.9,0.1,0.3,0.6
742,0.1,0.0,0.9,0.1,0.4,0.5
743,0.1,0.0,0.9,0.1,0.5,0.4
744,0.1,0.0,0.9,0.1,0.6,0.3
745,0.1,0.0,0.9,0.1,0.7,0.2
746,0.1,0.0,0.9,0.1,0.8,0.1
747,0.1,0.0,0.9,0.1,0.9,0.0
748,0.1,0.0,0.9,0.2,0.0,0.8
749,0.1,0.0,0.9,0.2,0.1,0.7
750,0.1,0.0,0.9,0.2,0.2,0.6
751,0.1,0.0,0.9,0.2,0.3,0.5
752,0.1,0.0,0.9,0.2,0.4,0.4
753,0.1,0.0,0.9,0.2,0.5,0.3
754,0.1,0.0,0.9,0.2,0.6,0.2
755,0.1,0.0,0.9,0.2,0.7,0.1
756,0.1,0.0,0.9,0.2,0.8,0.0
757,0.1,0.0,0.9,0.3,0.0,0.7
758,0.1,0.0,0.9,0.3,0.1,0.6
759,0.1,0.0,0.9,0.3,0.2,0.5
760,0.1,0.0,0.9,0.3,0.3,0.4
761,0.1,0.0,0.9,0.3,0.4,0.3
762,0.1,0.0,0.9,0.3,0.5,0.2
763,0.1,0.0,0.9,0.3,0.6,0.1
764,0.1,0.0,0.9,0.3,0.7,0.0
765,0.1,0.0,0.9,0.4,0.0,0.6
766,0.1,0.0,0.9,0.4,0.1,0.5
767,0.1,0.0,0.9,0.4,0.2,0.4
768,0.1,0.0,0.9,0.4,0.3,0.3
769,0.1,0.0,0.9,0.4,0.4,0.2
770,0.1,0.0,0.9,0.4,0.5,0.1
771,0.1,0.0,0.9,0.4,0.6,0.0
772,0.1,0.0,0.9,0.5,0.0,0.5
773,0.1,0.0,0.9,0.5,0.1,0.4
774,0.1,0.0,0.9,0.5,0.2,0.3
775,0.1,0.0,0.9,0.5,0.3,0.2
776,0.1,0.0,0.9,0.5,0.4,0.1
777,0.1,0.0,0.9,0.5,0.5,0.0
778,0.1,0.0,0.9,0.6,0.0,0.4
779,0.1,0.0,0.9,0.6,0.1,0.3
780,0.1,0.0,0.9,0.6,0.2,0.2
781,0.1,0.0,0.9,0.6,0.3,0.1
782,0.1,0.0,0.9,0.6,0.4,0.0
783,0.1,0.0,0.9,0.7,0.0,0.3
784,0.1,0.0,0.9,0.7,0.1,0.2
785,0.1,0.0,0.9,0.7,0.2,0.1
786,0.1,0.0,0.9,0.7,0.3,0.0
787,0.1,0.0,0.9,0.8,0.0,0.2
788,0.1,0.0,0.9,0.8,0.1,0.1
789,0.1,0.0,0.9,0.8,0.2,0.0
790,0.1,0.0,0.9,0.9,0.0,0.1
791,0.1,0.0,0.9,0.9,0.1,0.0
792,0.1,0.0,0.9,1.0,0.0,0.0
793,0.1,0.1,0.8,0.0,0.0,1.0
794,0.1,0.1,0.8,0.0,0.1,0.9
795,0.1,0.1,0.8,0.0,0.2,0.8
796,0.1,0.1,0.8,0.0,0.3,0.7
797,0.1,0.1,0.8,0.0,0.4,0.6
798,0.1,0.1,0.8,0.0,0.5,0.5
799,0.1,0.1,0.8,0.0,0.6,0.4
800,0.1,0.1,0.8,0.0,0.7,0.3
801,0.1,0.1,0.8,0.0,0.8,0.2
802,0.1,0.1,0.8,0.0,0.9,0.1
803,0.1,0.1,0.8,0.0,1.0,0.0
804,0.1,0.1,0.8,0.1,0.0,0.9
805,0.1,0.1,0.8,0.1,0.1,0.8
806,0.1,0.1,0.8,0.1,0.2,0.7
807,0.1,0.1,0.8,0.1,0.3,0.6
808,0.1,0.1,0.8,0.1,0.4,0.5
809,0.1,0.1,0.8,0.1,0.5,0.4
810,0.1,0.1,0.8,0.1,0.6,0.3
811,0.1,0.1,0.8,0.1,0.7,0.2
812,0.1,0.1,0.8,0.1,0.8,0.1
813,0.1,0.1,0.8,0.1,0.9,0.0
814,0.1,0.1,0.8,0.2,0.0,0.8
815,0.1,0.1,0.8,0.2,0.1,0.7
816,0.1,0.1,0.8,0.2,0.2,0.6
817,0.1,0.1,0.8,0.2,0.3,0.5
818,0.1,0.1,0.8,0.2,0.4,0.4
819,0.1,0.1,0.8,0.2,0.5,0.3
820,0.1,0.1,0.8,0.2,0.6,0.2
821,0.1,0.1,0.8,0.2,0.7,0.1
822,0.1,0.1,0.8,0.2,0.8,0.0
823,0.1,0.1,0.8,0.3,0.0,0.7
824,0.1,0.1,0.8,0.3,0.1,0.6
825,0.1,0.1,0.8,0.3,0.2,0.5
826,0.1,0.1,0.8,0.3,0.3,0.4
827,0.1,0.1,0.8,0.3,0.4,0.3
828,0.1,0.1,0.8,0.3,0.5,0.2
829,0.1,0.1,0.8,0.3,0.6,0.1
830,0.1,0.1,0.8,0.3,0.7,0.0
831,0.1,0.1,0.8,0.4,0.0,0.6
832,0.1,0.1,0.8,0.4,0.1,0.5
833,0.1,0.1,0.8,0.4,0.2,0.4
834,0.1,0.1,0.8,0.4,0.3,0.3
835,0.1,0.1,0.8,0.4,0.4,0.2
836,0.1,0.1,0.8,0.4,0.5,0.1
837,0.1,0.1,0.8,0.4,0.6,0.0
838,0.1,0.1,0.8,0.5,0.0,0.5
839,0.1,0.1,0.8,0.5,0.1,0.4
840,0.1,0.1,0.8,0.5,0.2,0.3
841,0.1,0.1,0.8,0.5,0.3,0.2
842,0.1,0.1,0.8,0.5,0.4,0.1
843,0.1,0.1,0.8,0.5,0.5,0.0
844,0.1,0.1,0.8,0.6,0.0,0.4
845,0.1,0.1,0.8,0.6,0.1,0.3
846,0.1,0.1,0.8,0.6,0.2,0.2
847,0.1,0.1,0.8,0.6,0.3,0.1
848,0.1,0.1,0.8,0.6,0.4,0.0
849,0.1,0.1,0.8,0.7,0.0,0.3
850,0.1,0.1,0.8,0.7,0.1,0.2
851,0.1,0.1,0.8,0.7,0.2,0.1
852,0.1,0.1,0.8,0.7,0.3,0.0
853,0.1,0.1,0.8,0.8,0.0,0.2
854,0.1,0.1,0.8,0.8,0.1,0.1
855,0.1,0.1,0.8,0.8,0.2,0.0
856,0.1,0.1,0.8,0.9,0.0,0.1
857,0.1,0.1,0.8,0.9,0.1,0.0
858,0.1,0.1,0.8,1.0,0.0,0.0
859,0.1,0.2,0.7,0.0,0.0,1.0
860,0.1,0.2,0.7,0.0,0.1,0.9
861,0.1,0.2,0.7,0.0,0.2,0.8
862,0.1,0.2,0.7,0.0,0.3,0.7
863,0.1,0.2,0.7,0.0,0.4,0.6
864,0.1,0.2,0.7,0.0,0.5,0.5
865,0.1,0.2,0.7,0.0,0.6,0.4
866,0.1,0.2,0.7,0.0,0.7,0.3
867,0.1,0.2,0.7,0.0,0.8,0.2
868,0.1,0.2,0.7,0.0,0.9,0.1
869,0.1,0.2,0.7,0.0,1.0,0.0
870,0.1,0.2,0.7,0.1,0.0,0.9
871,0.1,0.2,0.7,0.1,0.1,0.8
872,0.1,0.2,0.7,0.1,0.2,0.7
873,0.1,0.2,0.7,0.1,0.3,0.6
874,0.1,0.2,0.7,0.1,0.4,0.5
875,0.1,0.2,0.7,0.1,0.5,0.4
876,0.1,0.2,0.7,0.1,0.6,0.3
877,0.1,0.2,0.7,0.1,0.7,0.2
878,0.1,0.2,0.7,0.1,0.8,0.1
879,0.1,0.2,0.7,0.1,0.9,0.0
880,0.1,0.2,0.7,0.2,0.0,0.8
881,0.1,0.2,0.7,0.2,0.1,0.7
882,0.1,0.2,0.7,0.2,0.2,0.6
883,0.1,0.2,0.7,0.2,0.3,0.5
884,0.1,0.2,0.7,0.2,0.4,0.4
885,0.1,0.2,0.7,0.2,0.5,0.3
886,0.1,0.2,0.7,0.2,0.6,0.2
887,0.1,0.2,0.7,0.2,0.7,0.1
888,0.1,0.2,0.7,0.2,0.8,0.0
889,0.1,0.2,0.7,0.3,0.0,0.7
890,0.1,0.2,0.7,0.3,0.1,0.6
891,0.1,0.2,0.7,0.3,0.2,0.5
892,0.1,0.2,0.7,0.3,0.3,0.4
893,0.1,0.2,0.7,0.3,0.4,0.3
894,0.1,0.2,0.7,0.3,0.5,0.2
895,0.1,0.2,0.7,0.3,0.6,0.1
896,0.1,0.2,0.7,0.3,0.7,0.0
897,0.1,0.2,0.7,0.4,0.0,0.6
898,0.1,0.2,0.7,0.4,0.1,0.5
899,0.1,0.2,0.7,0.4,0.2,0.4
900,0.1,0.2,0.7,0.4,0.3,0.3
901,0.1,0.2,0.7,0.4,0.4,0.2
902,0.1,0.2,0.7,0.4,0.5,0.1
903,0.1,0.2,0.7,0.4,0.6,0.0
904,0.1,0.2,0.7,0.5,0.0,0.5
905,0.1,0.2,0.7,0.5,0.1,0.4
906,0.1,0.2,0.7,0.5,0.2,0.3
907,0.1,0.2,0.7,0.5,0.3,0.2
908,0.1,0.2,0.7,0.5,0.4,0.1
909,0.1,0.2,0.7,0.5,0.5,0.0
910,0.1,0.2,0.7,0.6,0.0,0.4
911,0.1,0.2,0.7,0.6,0.1,0.3
912,0.1,0.2,0.7,0.6,0.2,0.2
913,0.1,0.2,0.7,0.6,0.3,0.1
914,0.1,0.2,0.7,0.6,0.4,0.0
915,0.1,0.2,0.7,0.7,0.0,0.3
916,0.1,0.2,0.7,0.7,0.1,0.2
917,0.1,0.2,0.7,0.7,0.2,0.1
918,0.1,0.2,0.7,0.7,0.3,0.0
919,0.1,0.2,0.7,0.8,0.0,0.2
920,0.1,0.2,0.7,0.8,0.1,0.1
921,0.1,0.2,0.7,0.8,0.2,0.0
922,0.1,0.2,0.7,0.9,0.0,0.1
923,0.1,0.2,0.7,0.9,0.1,0.0
924,0.1,0.2,0.7,1.0,0.0,0.0
925,0.1,0.3,0.6,0.0,0.0,1.0
926,0.1,0.3,0.6,0.0,0.1,0.9
927,0.1,0.3,0.6,0.0,0.2,0.8
928,0.1,0.3,0.6,0.0,0.3,0.7
929,0.1,0.3,0.6,0.0,0.4,0.6
930,0.1,0.3,0.6,0.0,0.5,0.5
931,0.1,0.3,0.6,0.0,0.6,0.4
932,0.1,0.3,0.6,0.0,0.7,0.3
933,0.1,0.3,0.6,0.0,0.8,0.2
934,0.1,0.3,0.6,0.0,0.9,0.1
935,0.1,0.3,0.6,0.0,1.0,0.0
936,0.1,0.3,0.6,0.1,0.0,0.9
937,0.1,0.3,0.6,0.1,0.1,0.8
938,0.1,0.3,0.6,0.1,0.2,0.7
939,0.1,0.3,0.6,0.1,0.3,0.6
940,0.1,0.3,0.6,0.1,0.4,0.5
941,0.1,0.3,0.6,0.1,0.5,0.4
942,0.1,0.3,0.6,0.1,0.6,0.3
943,0.1,0.3,0.6,0.1,0.7,0.2
944,0.1,0.3,0.6,0.1,0.8,0.1
945,0.1,0.3,0.6,0.1,0.9,0.0
946,0.1,0.3,0.6,0.2,0.0,0.8
947,0.1,0.3,0.6,0.2,0.1,0.7
948,0.1,0.3,0.6,0.2,0.2,0.6
949,0.1,0.3,0.6,0.2,0.3,0.5
950,0.1,0.3,0.6,0.2,0.4,0.4
951,0.1,0.3,0.6,0.2,0.5,0.3
952,0.1,0.3,0.6,0.2,0.6,0.2
953,0.1,0.3,0.6,0.2,0.7,0.1
954,0.1,0.3,0.6,0.2,0.8,0.0
955,0.1,0.3,0.6,0.3,0.0,0.7
956,0.1,0.3,0.6,0.3,0.1,0.6
957,0.1,0.3,0.6,0.3,0.2,0.5
958,0.1,0.3,0.6,0.3,0.3,0.4
959,0.1,0.3,0.6,0.3,0.4,0.3
960,0.1,0.3,0.6,0.3,0.5,0.2
961,0.1,0.3,0.6,0.3,0.6,0.1
962,0.1,0.3,0.6,0.3,0.7,0.0
963,0.1,0.3,0.6,0.4,0.0,0.6
964,0.1,0.3,0.6,0.4,0.1,0.5
965,0.1,0.3,0.6,0.4,0.2,0.4
966,0.1,0.3,0.6,0.4,0.3,0.3
967,0.1,0.3,0.6,0.4,0.4,0.2
968,0.1,0.3,0.6,0.4,0.5,0.1
969,0.1,0.3,0.6,0.4,0.6,0.0
970,0.1,0.3,0.6,0.5,0.0,0.5
971,0.1,0.3,0.6,0.5,0.1,0.4
972,0.1,0.3,0.6,0.5,0.2,0.3
973,0.1,0.3,0.6,0.5,0.3,0.2
974,0.1,0.3,0.6,0.5,0.4,0.1
975,0.1,0.3,0.6,0.5,0.5,0.0
976,0.1,0.3,0.6,0.6,0.0,0.4
977,0.1,0.3,0.6,0.6,0.1,0.3
978,0.1,0.3,0.6,0.6,0.2,0.2
979,0.1,0.3,0.6,0.6,0.3,0.1
980,0.1,0.3,0.6,0.6,0.4,0.0
981,0.1,0.3,0.6,0.7,0.0,0.3
982,0.1,0.3,0.6,0.7,0.1,0.2
983,0.1,0.3,0.6,0.7,0.2,0.1
984,0.1,0.3,0.6,0.7,0.3,0.0
985,0.1,0.3,0.6,0.8,0.0,0.2
986,0.1,0.3,0.6,0.8,0.1,0.1
987,0.1,0.3,0.6,0.8,0.2,0.0
988,0.1,0.3,0.6,0.9,0.0,0.1
989,0.1,0.3,0.6,0.9,0.1,0.0
990,0.1,0.3,0.6,1.0,0.0,0.0
991,0.1,0.4,0.5,0.0,0.0,1.0
992,0.1,0.4,0.5,0.0,0.1,0.9
993,0.1,0.4,0.5,0.0,0.2,0.8
994,0.1,0.4,0.5,0.0,0.3,0.7
995,0.1,0.4,0.5,0.0,0.4,0.6
996,0.1,0.4,0.5,0.0,0.5,0.5
997,0.1,0.4,0.5,0.0,0.6,0.4
998,0.1,0.4,0.5,0.0,0.7,0.3
999,0.1,0.4,0.5,0.0,0.8,0.2
1000,0.1,0.4,0.5,0.0,0.9,0.1
1001,0.1,0.4,0.5,0.0,1.0,0.0
1002,0.1,0.4,0.5,0.1,0.0,0.9
1003,0.1,0.4,0.5,0.1,0.1,0.8
1004,0.1,0.4,0.5,0.1,0.2,0.7
1005,0.1,0.4,0.5,0.1,0.3,0.6
1006,0.1,0.4,0.5,0.1,0.4,0.5
1007,0.1,0.4,0.5,0.1,0.5,0.4
1008,0.1,0.4,0.5,0.1,0.6,0.3
1009,0.1,0.4,0.5,0.1,0.7,0.2
1010,0.1,0.4,0.5,0.1,0.8,0.1
1011,0.1,0.4,0.5,0.1,0.9,0.0
1012,0.1,0.4,0.5,0.2,0.0,0.8
1013,0.1,0.4,0.5,0.2,0.1,0.7
1014,0.1,0.4,0.5,0.2,0.2,0.6
1015,0.1,0.4,0.5,0.2,0.3,0.5
1016,0.1,0.4,0.5,0.2,0.4,0.4
1017,0.1,0.4,0.5,0.2,0.5,0.3
1018,0.1,0.4,0.5,0.2,0.6,0.2
1019,0.1,0.4,0.5,0.2,0.7,0.1
1020,0.1,0.4,0.5,0.2,0.8,0.0
1021,0.1,0.4,0.5,0.3,0.0,0.7
1022,0.1,0.4,0.5,0.3,0.1,0.6
1023,0.1,0.4,0.5,0.3,0.2,0.5
1024,0.1,0.4,0.5,0.3,0.3,0.4
1025,0.1,0.4,0.5,0.3,0.4,0.3
1026,0.1,0.4,0.5,0.3,0.5,0.2
1027,0.1,0.4,0.5,0.3,0.6,0.1
1028,0.1,0.4,0.5,0.3,0.7,0.0
1029,0.1,0.4,0.5,0.4,0.0,0.6
1030,0.1,0.4,0.5,0.4,0.1,0.5
1031,0.1,0.4,0.5,0.4,0.2,0.4
1032,0.1,0.4,0.5,0.4,0.3,0.3
1033,0.1,0.4,0.5,0.4,0.4,0.2
1034,0.1,0.4,0.5,0.4,0.5,0.1
1035,0.1,0.4,0.5,0.4,0.6,0.0
1036,0.1,0.4,0.5,0.5,0.0,0.5
1037,0.1,0.4,0.5,0.5,0.1,0.4
1038,0.1,0.4,0.5,0.5,0.2,0.3
1039,0.1,0.4,0.5,0.5,0.3,0.2
1040,0.1,0.4,0.5,0.5,0.4,0.1
1041,0.1,0.4,0.5,0.5,0.5,0.0
1042,0.1,0.4,0.5,0.6,0.0,0.4
1043,0.1,0.4,0.5,0.6,0.1,0.3
1044,0.1,0.4,0.5,0.6,0.2,0.2
1045,0.1,0.4,0.5,0.6,0.3,0.1
1046,0.1,0.4,0.5,0.6,0.4,0.0
1047,0.1,0.4,0.5,0.7,0.0,0.3
1048,0.1,0.4,0.5,0.7,0.1,0.2
1049,0.1,0.4,0.5,0.7,0.2,0.1
1050,0.1,0.4,0.5,0.7,0.3,0.0
1051,0.1,0.4,0.5,0.8,0.0,0.2
1052,0.1,0.4,0.5,0.8,0.1,0.1
1053,0.1,0.4,0.5,0.8,0.2,0.0
1054,0.1,0.4,0.5,0.9,0.0,0.1
1055,0.1,0.4,0.5,0.9,0.1,0.0
1056,0.1,0.4,0.5,1.0,0.0,0.0
1057,0.1,0.5,0.4,0.0,0.0,1.0
1058,0.1,0.5,0.4,0.0,0.1,0.9
1059,0.1,0.5,0.4,0.0,0.2,0.8
1060,0.1,0.5,0.4,0.0,0.3,0.7
1061,0.1,0.5,0.4,0.0,0.4,0.6
1062,0.1,0.5,0.4,0.0,0.5,0.5
1063,0.1,0.5,0.4,0.0,0.6,0.4
1064,0.1,0.5,0.4,0.0,0.7,0.3
1065,0.1,0.5,0.4,0.0,0.8,0.2
1066,0.1,0.5,0.4,0.0,0.9,0.1
1067,0.1,0.5,0.4,0.0,1.0,0.0
1068,0.1,0.5,0.4,0.1,0.0,0.9
1069,0.1,0.5,0.4,0.1,0.1,0.8
1070,0.1,0.5,0.4,0.1,0.2,0.7
1071,0.1,0.5,0.4,0.1,0.3,0.6
1072,0.1,0.5,0.4,0.1,0.4,0.5
1073,0.1,0.5,0.4,0.1,0.5,0.4
1074,0.1,0.5,0.4,0.1,0.6,0.3
1075,0.1,0.5,0.4,0.1,0.7,0.2
1076,0.1,0.5,0.4,0.1,0.8,0.1
1077,0.1,0.5,0.4,0.1,0.9,0.0
1078,0.1,0.5,0.4,0.2,0.0,0.8
1079,0.1,0.5,0.4,0.2,0.1,0.7
1080,0.1,0.5,0.4,0.2,0.2,0.6
1081,0.1,0.5,0.4,0.2,0.3,0.5
1082,0.1,0.5,0.4,0.2,0.4,0.4
1083,0.1,0.5,0.4,0.2,0.5,0.3
1084,0.1,0.5,0.4,0.2,0.6,0.2
1085,0.1,0.5,0.4,0.2,0.7,0.1
1086,0.1,0.5,0.4,0.2,0.8,0.0
1087,0.1,0.5,0.4,0.3,0.0,0.7
1088,0.1,0.5,0.4,0.3,0.1,0.6
1089,0.1,0.5,0.4,0.3,0.2,0.5
1090,0.1,0.5,0.4,0.3,0.3,0.4
1091,0.1,0.5,0.4,0.3,0.4,0.3
1092,0.1,0.5,0.4,0.3,0.5,0.2
1093,0.1,0.5,0.4,0.3,0.6,0.1
1094,0.1,0.5,0.4,0.3,0.7,0.0
1095,0.1,0.5,0.4,0.4,0.0,0.6
1096,0.1,0.5,0.4,0.4,0.1,0.5
1097,0.1,0.5,0.4,0.4,0.2,0.4
1098,0.1,0.5,0.4,0.4,0.3,0.3
1099,0.1,0.5,0.4,0.4,0.4,0.2
1100,0.1,0.5,0.4,0.4,0.5,0.1
1101,0.1,0.5,0.4,0.4,0.6,0.0
1102,0.1,0.5,0.4,0.5,0.0,0.5
1103,0.1,0.5,0.4,0.5,0.1,0.4
1104,0.1,0.5,0.4,0.5,0.2,0.3
1105,0.1,0.5,0.4,0.5,0.3,0.2
1106,0.1,0.5,0.4,0.5,0.4,0.1
1107,0.1,0.5,0.4,0.5,0.5,0.0
1108,0.1,0.5,0.4,0.6,0.0,0.4
1109,0.1,0.5,0.4,0.6,0.1,0.3
1110,0.1,0.5,0.4,0.6,0.2,0.2
1111,0.1,0.5,0.4,0.6,0.3,0.1
1112,0.1,0.5,0.4,0.6,0.4,0.0
1113,0.1,0.5,0.4,0.7,0.0,0.3
1114,0.1,0.5,0.4,0.7,0.1,0.2
1115,0.1,0.5,0.4,0.7,0.2,0.1
1116,0.1,0.5,0.4,0.7,0.3,0.0
1117,0.1,0.5,0.4,0.8,0.0,0.2
1118,0.1,0.5,0.4,0.8,0.1,0.1
1119,0.1,0.5,0.4,0.8,0.2,0.0
1120,0.1,0.5,0.4,0.9,0.0,0.1
1121,0.1,0.5,0.4,0.9,0.1,0.0
1122,0.1,0.5,0.4,1.0,0.0,0.0
1123,0.1,0.6,0.3,0.0,0.0,1.0
1124,0.1,0.6,0.3,0.0,0.1,0.9
1125,0.1,0.6,0.3,0.0,0.2,0.8
1126,0.1,0.6,0.3,0.0,0.3,0.7
1127,0.1,0.6,0.3,0.0,0.4,0.6
1128,0.1,0.6,0.3,0.0,0.5,0.5
1129,0.1,0.6,0.3,0.0,0.6,0.4
1130,0.1,0.6,0.3,0.0,0.7,0.3
1131,0.1,0.6,0.3,0.0,0.8,0.2
1132,0.1,0.6,0.3,0.0,0.9,0.1
1133,0.1,0.6,0.3,0.0,1.0,0.0
1134,0.1,0.6,0.3,0.1,0.0,0.9
1135,0.1,0.6,0.3,0.1,0.1,0.8
1136,0.1,0.6,0.3,0.1,0.2,0.7
1137,0.1,0.6,0.3,0.1,0.3,0.6
1138,0.1,0.6,0.3,0.1,0.4,0.5
1139,0.1,0.6,0.3,0.1,0.5,0.4
1140,0.1,0.6,0.3,0.1,0.6,0.3
1141,0.1,0.6,0.3,0.1,0.7,0.2
1142,0.1,0.6,0.3,0.1,0.8,0.1
1143,0.1,0.6,0.3,0.1,0.9,0.0
1144,0.1,0.6,0.3,0.2,0.0,0.8
1145,0.1,0.6,0.3,0.2,0.1,0.7
1146,0.1,0.6,0.3,0.2,0.2,0.6
1147,0.1,0.6,0.3,0.2,0.3,0.5
1148,0.1,0.6,0.3,0.2,0.4,0.4
1149,0.1,0.6,0.3,0.2,0.5,0.3
1150,0.1,0.6,0.3,0.2,0.6,0.2
1151,0.1,0.6,0.3,0.2,0.7,0.1
1152,0.1,0.6,0.3,0.2,0.8,0.0
1153,0.1,0.6,0.3,0.3,0.0,0.7
1154,0.1,0.6,0.3,0.3,0.1,0.6
1155,0.1,0.6,0.3,0.3,0.2,0.5
1156,0.1,0.6,0.3,0.3,0.3,0.4
1157,0.1,0.6,0.3,0.3,0.4,0.3
1158,0.1,0.6,0.3,0.3,0.5,0.2
1159,0.1,0.6,0.3,0.3,0.6,0.1
1160,0.1,0.6,0.3,0.3,0.7,0.0
1161,0.1,0.6,0.3,0.4,0.0,0.6
1162,0.1,0.6,0.3,0.4,0.1,0.5
1163,0.1,0.6,0.3,0.4,0.2,0.4
1164,0.1,0.6,0.3,0.4,0.3,0.3
1165,0.1,0.6,0.3,0.4,0.4,0.2
1166,0.1,0.6,0.3,0.4,0.5,0.1
1167,0.1,0.6,0.3,0.4,0.6,0.0
1168,0.1,0.6,0.3,0.5,0.0,0.5
1169,0.1,0.6,0.3,0.5,0.1,0.4
1170,0.1,0.6,0.3,0.5,0.2,0.3
1171,0.1,0.6,0.3,0.5,0.3,0.2
1172,0.1,0.6,0.3,0.5,0.4,0.1
1173,0.1,0.6,0.3,0.5,0.5,0.0
1174,0.1,0.6,0.3,0.6,0.0,0.4
1175,0.1,0.6,0.3,0.6,0.1,0.3
1176,0.1,0.6,0.3,0.6,0.2,0.2
1177,0.1,0.6,0.3,0.6,0.3,0.1
1178,0.1,0.6,0.3,0.6,0.4,0.0
1179,0.1,0.6,0.3,0.7,0.0,0.3
1180,0.1,0.6,0.3,0.7,0.1,0.2
1181,0.1,0.6,0.3,0.7,0.2,0.1
1182,0.1,0.6,0.3,0.7,0.3,0.0
1183,0.1,0.6,0.3,0.8,0.0,0.2
1184,0.1,0.6,0.3,0.8,0.1,0.1
1185,0.1,0.6,0.3,0.8,0.2,0.0
1186,0.1,0.6,0.3,0.9,0.0,0.1
1187,0.1,0.6,0.3,0.9,0.1,0.0
1188,0.1,0.6,0.3,1.0,0.0,0.0
1189,0.1,0.7,0.2,0.0,0.0,1.0
1190,0.1,0.7,0.2,0.0,0.1,0.9
1191,0.1,0.7,0.2,0.0,0.2,0.8
1192,0.1,0.7,0.2,0.0,0.3,0.7
1193,0.1,0.7,0.2,0.0,0.4,0.6
1194,0.1,0.7,0.2,0.0,0.5,0.5
1195,0.1,0.7,0.2,0.0,0.6,0.4
1196,0.1,0.7,0.2,0.0,0.7,0.3
1197,0.1,0.7,0.2,0.0,0.8,0.2
1198,0.1,0.7,0.2,0.0,0.9,0.1
1199,0.1,0.7,0.2,0.0,1.0,0.0
1200,0.1,0.7,0.2,0.1,0.0,0.9
1201,0.1,0.7,0.2,0.1,0.1,0.8
1202,0.1,0.7,0.2,0.1,0.2,0.7
1203,0.1,0.7,0.2,0.1,0.3,0.6
1204,0.1,0.7,0.2,0.1,0.4,0.5
1205,0.1,0.7,0.2,0.1,0.5,0.4
1206,0.1,0.7,0.2,0.1,0.6,0.3
1207,0.1,0.7,0.2,0.1,0.7,0.2
1208,0.1,0.7,0.2,0.1,0.8,0.1
1209,0.1,0.7,0.2,0.1,0.9,0.0
1210,0.1,0.7,0.2,0.2,0.0,0.8
1211,0.1,0.7,0.2,0.2,0.1,0.7
1212,0.1,0.7,0.2,0.2,0.2,0.6
1213,0.1,0.7,0.2,0.2,0.3,0.5
1214,0.1,0.7,0.2,0.2,0.4,0.4
1215,0.1,0.7,0.2,0.2,0.5,0.3
1216,0.1,0.7,0.2,0.2,0.6,0.2
1217,0.1,0.7,0.2,0.2,0.7,0.1
1218,0.1,0.7,0.2,0.2,0.8,0.0
1219,0.1,0.7,0.2,0.3,0.0,0.7
1220,0.1,0.7,0.2,0.3,0.1,0.6
1221,0.1,0.7,0.2,0.3,0.2,0.5
1222,0.1,0.7,0.2,0.3,0.3,0.4
1223,0.1,0.7,0.2,0.3,0.4,0.3
1224,0.1,0.7,0.2,0.3,0.5,0.2
1225,0.1,0.7,0.2,0.3,0.6,0.1
1226,0.1,0.7,0.2,0.3,0.7,0.0
1227,0.1,0.7,0.2,0.4,0.0,0.6
1228,0.1,0.7,0.2,0.4,0.1,0.5
1229,0.1,0.7,0.2,0.4,0.2,0.4
1230,0.1,0.7,0.2,0.4,0.3,0.3
1231,0.1,0.7,0.2,0.4,0.4,0.2
1232,0.1,0.7,0.2,0.4,0.5,0.1
1233,0.1,0.7,0.2,0.4,0.6,0.0
1234,0.1,0.7,0.2,0.5,0.0,0.5
1235,0.1,0.7,0.2,0.5,0.1,0.4
1236,0.1,0.7,0.2,0.5,0.2,0.3
1237,0.1,0.7,0.2,0.5,0.3,0.2
1238,0.1,0.7,0.2,0.5,0.4,0.1
1239,0.1,0.7,0.2,0.5,0.5,0.0
1240,0.1,0.7,0.2,0.6,0.0,0.4
1241,0.1,0.7,0.2,0.6,0.1,0.3
1242,0.1,0.7,0.2,0.6,0.2,0.2
1243,0.1,0.7,0.2,0.6,0.3,0.1
1244,0.1,0.7,0.2,0.6,0.4,0.0
1245,0.1,0.7,0.2,0.7,0.0,0.3
1246,0.1,0.7,0.2,0.7,0.1,0.2
1247,0.1,0.7,0.2,0.7,0.2,0.1
1248,0.1,0.7,0.2,0.7,0.3,0.0
1249,0.1,0.7,0.2,0.8,0.0,0.2
1250,0.1,0.7,0.2,0.8,0.1,0.1
1251,0.1,0.7,0.2,0.8,0.2,0.0
1252,0.1,0.7,0.2,0.9,0.0,0.1
1253,0.1,0.7,0.2,0.9,0.1,0.0
1254,0.1,0.7,0.2,1.0,0.0,0.0
1255,0.1,0.8,0.1,0.0,0.0,1.0
1256,0.1,0.8,0.1,0.0,0.1,0.9
1257,0.1,0.8,0.1,0.0,0.2,0.8
1258,0.1,0.8,0.1,0.0,0.3,0.7
1259,0.1,0.8,0.1,0.0,0.4,0.6
1260,0.1,0.8,0.1,0.0,0.5,0.5
1261,0.1,0.8,0.1,0.0,0.6,0.4
1262,0.1,0.8,0.1,0.0,0.7,0.3
1263,0.1,0.8,0.1,0.0,0.8,0.2
1264,0.1,0.8,0.1,0.0,0.9,0.1
1265,0.1,0.8,0.1,0.0,1.0,0.0
1266,0.1,0.8,0.1,0.1,0.0,0.9
1267,0.1,0.8,0.1,0.1,0.1,0.8
1268,0.1,0.8,0.1,0.1,0.2,0.7
1269,0.1,0.8,0.1,0.1,0.3,0.6
1270,0.1,0.8,0.1,0.1,0.4,0.5
1271,0.1,0.8,0.1,0.1,0.5,0.4
1272,0.1,0.8,0.1,0.1,0.6,0.3
1273,0.1,0.8,0.1,0.1,0.7,0.2
1274,0.1,0.8,0.1,0.1,0.8,0.1
1275,0.1,0.8,0.1,0.1,0.9,0.0
1276,0.1,0.8,0.1,0.2,0.0,0.8
1277,0.1,0.8,0.1,0.2,0.1,0.7
1278,0.1,0.8,0.1,0.2,0.2,0.6
1279,0.1,0.8,0.1,0.2,0.3,0.5
1280,0.1,0.8,0.1,0.2,0.4,0.4
1281,0.1,0.8,0.1,0.2,0.5,0.3
1282,0.1,0.8,0.1,0.2,0.6,0.2
1283,0.1,0.8,0.1,0.2,0.7,0.1
1284,0.1,0.8,0.1,0.2,0.8,0.0
1285,0.1,0.8,0.1,0.3,0.0,0.7
1286,0.1,0.8,0.1,0.3,0.1,0.6
1287,0.1,0.8,0.1,0.3,0.2,0.5
1288,0.1,0.8,0.1,0.3,0.3,0.4
1289,0.1,0.8,0.1,0.3,0.4,0.3
1290,0.1,0.8,0.1,0.3,0.5,0.2
1291,0.1,0.8,0.1,0.3,0.6,0.1
1292,0.1,0.8,0.1,0.3,0.7,0.0
1293,0.1,0.8,0.1,0.4,0.0,0.6
1294,0.1,0.8,0.1,0.4,0.1,0.5
1295,0.1,0.8,0.1,0.4,0.2,0.4
1296,0.1,0.8,0.1,0.4,0.3,0.3
1297,0.1,0.8,0.1,0.4,0.4,0.2
1298,0.1,0.8,0.1,0.4,0.5,0.1
1299,0.1,0.8,0.1,0.4,0.6,0.0
1300,0.1,0.8,0.1,0.5,0.0,0.5
1301,0.1,0.8,0.1,0.5,0.1,0.4
1302,0.1,0.8,0.1,0.5,0.2,0.3
1303,0.1,0.8,0.1,0.5,0.3,0.2
1304,0.1,0.8,0.1,0.5,0.4,0.1
1305,0.1,0.8,0.1,0.5,0.5,0.0
1306,0.1,0.8,0.1,0.6,0.0,0.4
1307,0.1,0.8,0.1,0.6,0.1,0.3
1308,0.1,0.8,0.1,0.6,0.2,0.2
1309,0.1,0.8,0.1,0.6,0.3,0.1
1310,0.1,0.8,0.1,0.6,0.4,0.0
1311,0.1,0.8,0.1,0.7,0.0,0.3
1312,0.1,0.8,0.1,0.7,0.1,0.2
1313,0.1,0.8,0.1,0.7,0.2,0.1
1314,0.1,0.8,0.1,0.7,0.3,0.0
1315,0.1,0.8,0.1,0.8,0.0,0.2
1316,0.1,0.8,0.1,0.8,0.1,0.1
1317,0.1,0.8,0.1,0.8,0.2,0.0
1318,0.1,0.8,0.1,0.9,0.0,0.1
1319,0.1,0.8,0.1,0.9,0.1,0.0
1320,0.1,0.8,0.1,1.0,0.0,0.0
1321,0.1,0.9,0.0,0.0,0.0,1.0
1322,0.1,0.9,0.0,0.0,0.1,0.9
1323,0.1,0.9,0.0,0.0,0.2,0.8
1324,0.1,0.9,0.0,0.0,0.3,0.7
1325,0.1,0.9,0.0,0.0,0.4,0.6
1326,0.1,0.9,0.0,0.0,0.5,0.5
1327,0.1,0.9,0.0,0.0,0.6,0.4
1328,0.1,0.9,0.0,0.0,0.7,0.3
1329,0.1,0.9,0.0,0.0,0.8,0.2
1330,0.1,0.9,0.0,0.0,0.9,0.1
1331,0.1,0.9,0.0,0.0,1.0,0.0
1332,0.1,0.9,0.0,0.1,0.0,0.9
1333,0.1,0.9,0.0,0.1,0.1,0.8
1334,0.1,0.9,0.0,0.1,0.2,0.7
1335,0.1,0.9,0.0,0.1,0.3,0.6
1336,0.1,0.9,0.0,0.1,0.4,0.5
1337,0.1,0.9,0.0,0.1,0.5,0.4
1338,0.1,0.9,0.0,0.1,0.6,0.3
1339,0.1,0.9,0.0,0.1,0.7,0.2
1340,0.1,0.9,0.0,0.1,0.8,0.1
1341,0.1,0.9,0.0,0.1,0.9,0.0
1342,0.1,0.9,0.0,0.2,0.0,0.8
1343,0.1,0.9,0.0,0.2,0.1,0.7
1344,0.1,0.9,0.0,0.2,0.2,0.6
1345,0.1,0.9,0.0,0.2,0.3,0.5
1346,0.1,0.9,0.0,0.2,0.4,0.4
1347,0.1,0.9,0.0,0.2,0.5,0.3
1348,0.1,0.9,0.0,0.2,0.6,0.2
1349,0.1,0.9,0.0,0.2,0.7,0.1
1350,0.1,0.9,0.0,0.2,0.8,0.0
1351,0.1,0.9,0.0,0.3,0.0,0.7
1352,0.1,0.9,0.0,0.3,0.1,0.6
1353,0.1,0.9,0.0,0.3,0.2,0.5
1354,0.1,0.9,0.0,0.3,0.3,0.4
1355,0.1,0.9,0.0,0.3,0.4,0.3
1356,0.1,0.9,0.0,0.3,0.5,0.2
1357,0.1,0.9,0.0,0.3,0.6,0.1
1358,0.1,0.9,0.0,0.3,0.7,0.0
1359,0.1,0.9,0.0,0.4,0.0,0.6
1360,0.1,0.9,0.0,0.4,0.1,0.5
1361,0.1,0.9,0.0,0.4,0.2,0.4
1362,0.1,0.9,0.0,0.4,0.3,0.3
1363,0.1,0.9,0.0,0.4,0.4,0.2
1364,0.1,0.9,0.0,0.4,0.5,0.1
1365,0.1,0.9,0.0,0.4,0.6,0.0
1366,0.1,0.9,0.0,0.5,0.0,0.5
1367,0.1,0.9,0.0,0.5,0.1,0.4
1368,0.1,0.9,0.0,0.5,0.2,0.3
1369,0.1,0.9,0.0,0.5,0.3,0.2
1370,0.1,0.9,0.0,0.5,0.4,0.1
1371,0.1,0.9,0.0,0.5,0.5,0.0
1372,0.1,0.9,0.0,0.6,0.0,0.4
1373,0.1,0.9,0.0,0.6,0.1,0.3
1374,0.1,0.9,0.0,0.6,0.2,0.2
1375,0.1,0.9,0.0,0.6,0.3,0.1
1376,0.1,0.9,0.0,0.6,0.4,0.0
1377,0.1,0.9,0.0,0.7,0.0,0.3
1378,0.1,0.9,0.0,0.7,0.1,0.2
1379,0.1,0.9,0.0,0.7,0.2,0.1
1380,0.1,0.9,0.0,0.7,0.3,0.0
1381,0.1,0.9,0.0,0.8,0.0,0.2
1382,0.1,0.9,0.0,0.8,0.1,0.1
1383,0.1,0.9,0.0,0.8,0.2,0.0
1384,0.1,0.9,0.0,0.9,0.0,0.1
1385,0.1,0.9,0.0,0.9,0.1,0.0
1386,0.1,0.9,0.0,1.0,0.0,0.0
1387,0.2,0.0,0.8,0.0,0.0,1.0
1388,0.2,0.0,0.8,0.0,0.1,0.9
1389,0.2,0.0,0.8,0.0,0.2,0.8
1390,0.2,0.0,0.8,0.0,0.3,0.7
1391,0.2,0.0,0.8,0.0,0.4,0.6
1392,0.2,0.0,0.8,0.0,0.5,0.5
1393,0.2,0.0,0.8,0.0,0.6,0.4
1394,0.2,0.0,0.8,0.0,0.7,0.3
1395,0.2,0.0,0.8,0.0,0.8,0.2
1396,0.2,0.0,0.8,0.0,0.9,0.1
1397,0.2,0.0,0.8,0.0,1.0,0.0
1398,0.2,0.0,0.8,0.1,0.0,0.9
1399,0.2,0.0,0.8,0.1,0.1,0.8
1400,0.2,0.0,0.8,0.1,0.2,0.7
1401,0.2,0.0,0.8,0.1,0.3,0.6
1402,0.2,0.0,0.8,0.1,0.4,0.5
1403,0.2,0.0,0.8,0.1,0.5,0.4
1404,0.2,0.0,0.8,0.1,0.6,0.3
1405,0.2,0.0,0.8,0.1,0.7,0.2
1406,0.2,0.0,0.8,0.1,0.8,0.1
1407,0.2,0.0,0.8,0.1,0.9,0.0
1408,0.2,0.0,0.8,0.2,0.0,0.8
1409,0.2,0.0,0.8,0.2,0.1,0.7
1410,0.2,0.0,0.8,0.2,0.2,0.6
1411,0.2,0.0,0.8,0.2,0.3,0.5
1412,0.2,0.0,0.8,0.2,0.4,0.4
1413,0.2,0.0,0.8,0.2,0.5,0.3
1414,0.2,0.0,0.8,0.2,0.6,0.2
1415,0.2,0.0,0.8,0.2,0.7,0.1
1416,0.2,0.0,0.8,0.2,0.8,0.0
1417,0.2,0.0,0.8,0.3,0.0,0.7
1418,0.2,0.0,0.8,0.3,0.1,0.6
1419,0.2,0.0,0.8,0.3,0.2,0.5
1420,0.2,0.0,0.8,0.3,0.3,0.4
1421,0.2,0.0,0.8,0.3,0.4,0.3
1422,0.2,0.0,0.8,0.3,0.5,0.2
1423,0.2,0.0,0.8,0.3,0.6,0.1
1424,0.2,0.0,0.8,0.3,0.7,0.0
1425,0.2,0.0,0.8,0.4,0.0,0.6
1426,0.2,0.0,0.8,0.4,0.1,0.5
1427,0.2,0.0,0.8,0.4,0.2,0.4
1428,0.2,0.0,0.8,0.4,0.3,0.3
1429,0.2,0.0,0.8,0.4,0.4,0.2
1430,0.2,0.0,0.8,0.4,0.5,0.1
1431,0.2,0.0,0.8,0.4,0.6,0.0
1432,0.2,0.0,0.8,0.5,0.0,0.5
1433,0.2,0.0,0.8,0.5,0.1,0.4
1434,0.2,0.0,0.8,0.5,0.2,0.3
1435,0.2,0.0,0.8,0.5,0.3,0.2
1436,0.2,0.0,0.8,0.5,0.4,0.1
1437,0.2,0.0,0.8,0.5,0.5,0.0
1438,0.2,0.0,0.8,0.6,0.0,0.4
1439,0.2,0.0,0.8,0.6,0.1,0.3
1440,0.2,0.0,0.8,0.6,0.2,0.2
1441,0.2,0.0,0.8,0.6,0.3,0.1
1442,0.2,0.0,0.8,0.6,0.4,0.0
1443,0.2,0.0,0.8,0.7,0.0,0.3
1444,0.2,0.0,0.8,0.7,0.1,0.2
1445,0.2,0.0,0.8,0.7,0.2,0.1
1446,0.2,0.0,0.8,0.7,0.3,0.0
1447,0.2,0.0,0.8,0.8,0.0,0.2
1448,0.2,0.0,0.8,0.8,0.1,0.1
1449,0.2,0.0,0.8,0.8,0.2,0.0
1450,0.2,0.0,0.8,0.9,0.0,0.1
1451,0.2,0.0,0.8,0.9,0.1,0.0
1452,0.2,0.0,0.8,1.0,0.0,0.0
1453,0.2,0.1,0.7,0.0,0.0,1.0
1454,0.2,0.1,0.7,0.0,0.1,0.9
1455,0.2,0.1,0.7,0.0,0.2,0.8
1456,0.2,0.1,0.7,0.0,0.3,0.7
1457,0.2,0.1,0.7,0.0,0.4,0.6
1458,0.2,0.1,0.7,0.0,0.5,0.5
1459,0.2,0.1,0.7,0.0,0.6,0.4
1460,0.2,0.1,0.7,0.0,0.7,0.3
1461,0.2,0.1,0.7,0.0,0.8,0.2
1462,0.2,0.1,0.7,0.0,0.9,0.1
1463,0.2,0.1,0.7,0.0,1.0,0.0
1464,0.2,0.1,0.7,0.1,0.0,0.9
1465,0.2,0.1,0.7,0.1,0.1,0.8
1466,0.2,0.1,0.7,0.1,0.2,0.7
1467,0.2,0.1,0.7,0.1,0.3,0.6
1468,0.2,0.1,0.7,0.1,0.4,0.5
1469,0.2,0.1,0.7,0.1,0.5,0.4
1470,0.2,0.1,0.7,0.1,0.6,0.3
1471,0.2,0.1,0.7,0.1,0.7,0.2
1472,0.2,0.1,0.7,0.1,0.8,0.1
1473,0.2,0.1,0.7,0.1,0.9,0.0
1474,0.2,0.1,0.7,0.2,0.0,0.8
1475,0.2,0.1,0.7,0.2,0.1,0.7
1476,0.2,0.1,0.7,0.2,0.2,0.6
1477,0.2,0.1,0.7,0.2,0.3,0.5
1478,0.2,0.1,0.7,0.2,0.4,0.4
1479,0.2,0.1,0.7,0.2,0.5,0.3
1480,0.2,0.1,0.7,0.2,0.6,0.2
1481,0.2,0.1,0.7,0.2,0.7,0.1
1482,0.2,0.1,0.7,0.2,0.8,0.0
1483,0.2,0.1,0.7,0.3,0.0,0.7
1484,0.2,0.1,0.7,0.3,0.1,0.6
1485,0.2,0.1,0.7,0.3,0.2,0.5
1486,0.2,0.1,0.7,0.3,0.3,0.4
1487,0.2,0.1,0.7,0.3,0.4,0.3
1488,0.2,0.1,0.7,0.3,0.5,0.2
1489,0.2,0.1,0.7,0.3,0.6,0.1
1490,0.2,0.1,0.7,0.3,0.7,0.0
1491,0.2,0.1,0.7,0.4,0.0,0.6
1492,0.2,0.1,0.7,0.4,0.1,0.5
1493,0.2,0.1,0.7,0.4,0.2,0.4
1494,0.2,0.1,0.7,0.4,0.3,0.3
1495,0.2,0.1,0.7,0.4,0.4,0.2
1496,0.2,0.1,0.7,0.4,0.5,0.1
1497,0.2,0.1,0.7,0.4,0.6,0.0
1498,0.2,0.1,0.7,0.5,0.0,0.5
1499,0.2,0.1,0.7,0.5,0.1,0.4
1500,0.2,0.1,0.7,0.5,0.2,0.3
1501,0.2,0.1,0.7,0.5,0.3,0.2
1502,0.2,0.1,0.7,0.5,0.4,0.1
1503,0.2,0.1,0.7,0.5,0.5,0.0
1504,0.2,0.1,0.7,0.6,0.0,0.4
1505,0.2,0.1,0.7,0.6,0.1,0.3
1506,0.2,0.1,0.7,0.6,0.2,0.2
1507,0.2,0.1,0.7,0.6,0.3,0.1
1508,0.2,0.1,0.7,0.6,0.4,0.0
1509,0.2,0.1,0.7,0.7,0.0,0.3
1510,0.2,0.1,0.7,0.7,0.1,0.2
1511,0.2,0.1,0.7,0.7,0.2,0.1
1512,0.2,0.1,0.7,0.7,0.3,0.0
1513,0.2,0.1,0.7,0.8,0.0,0.2
1514,0.2,0.1,0.7,0.8,0.1,0.1
1515,0.2,0.1,0.7,0.8,0.2,0.0
1516,0.2,0.1,0.7,0.9,0.0,0.1
1517,0.2,0.1,0.7,0.9,0.1,0.0
1518,0.2,0.1,0.7,1.0,0.0,0.0
1519,0.2,0.2,0.6,0.0,0.0,1.0
1520,0.2,0.2,0.6,0.0,0.1,0.9
1521,0.2,0.2,0.6,0.0,0.2,0.8
1522,0.2,0.2,0.6,0.0,0.3,0.7
1523,0.2,0.2,0.6,0.0,0.4,0.6
1524,0.2,0.2,0.6,0.0,0.5,0.5
1525,0.2,0.2,0.6,0.0,0.6,0.4
1526,0.2,0.2,0.6,0.0,0.7,0.3
1527,0.2,0.2,0.6,0.0,0.8,0.2
1528,0.2,0.2,0.6,0.0,0.9,0.1
1529,0.2,0.2,0.6,0.0,1.0,0.0
1530,0.2,0.2,0.6,0.1,0.0,0.9
1531,0.2,0.2,0.6,0.1,0.1,0.8
1532,0.2,0.2,0.6,0.1,0.2,0.7
1533,0.2,0.2,0.6,0.1,0.3,0.6
1534,0.2,0.2,0.6,0.1,0.4,0.5
1535,0.2,0.2,0.6,0.1,0.5,0.4
1536,0.2,0.2,0.6,0.1,0.6,0.3
1537,0.2,0.2,0.6,0.1,0.7,0.2
1538,0.2,0.2,0.6,0.1,0.8,0.1
1539,0.2,0.2,0.6,0.1,0.9,0.0
1540,0.2,0.2,0.6,0.2,0.0,0.8
1541,0.2,0.2,0.6,0.2,0.1,0.7
1542,0.2,0.2,0.6,0.2,0.2,0.6
1543,0.2,0.2,0.6,0.2,0.3,0.5
1544,0.2,0.2,0.6,0.2,0.4,0.4
1545,0.2,0.2,0.6,0.2,0.5,0.3
1546,0.2,0.2,0.6,0.2,0.6,0.2
1547,0.2,0.2,0.6,0.2,0.7,0.1
1548,0.2,0.2,0.6,0.2,0.8,0.0
1549,0.2,0.2,0.6,0.3,0.0,0.7
1550,0.2,0.2,0.6,0.3,0.1,0.6
1551,0.2,0.2,0.6,0.3,0.2,0.5
1552,0.2,0.2,0.6,0.3,0.3,0.4
1553,0.2,0.2,0.6,0.3,0.4,0.3
1554,0.2,0.2,0.6,0.3,0.5,0.2
1555,0.2,0.2,0.6,0.3,0.6,0.1
1556,0.2,0.2,0.6,0.3,0.7,0.0
1557,0.2,0.2,0.6,0.4,0.0,0.6
1558,0.2,0.2,0.6,0.4,0.1,0.5
1559,0.2,0.2,0.6,0.4,0.2,0.4
1560,0.2,0.2,0.6,0.4,0.3,0.3
1561,0.2,0.2,0.6,0.4,0.4,0.2
1562,0.2,0.2,0.6,0.4,0.5,0.1
1563,0.2,0.2,0.6,0.4,0.6,0.0
1564,0.2,0.2,0.6,0.5,0.0,0.5
1565,0.2,0.2,0.6,0.5,0.1,0.4
1566,0.2,0.2,0.6,0.5,0.2,0.3
1567,0.2,0.2,0.6,0.5,0.3,0.2
1568,0.2,0.2,0.6,0.5,0.4,0.1
1569,0.2,0.2,0.6,0.5,0.5,0.0
1570,0.2,0.2,0.6,0.6,0.0,0.4
1571,0.2,0.2,0.6,0.6,0.1,0.3
1572,0.2,0.2,0.6,0.6,0.2,0.2
1573,0.2,0.2,0.6,0.6,0.3,0.1
1574,0.2,0.2,0.6,0.6,0.4,0.0
1575,0.2,0.2,0.6,0.7,0.0,0.3
1576,0.2,0.2,0.6,0.7,0.1,0.2
1577,0.2,0.2,0.6,0.7,0.2,0.1
1578,0.2,0.2,0.6,0.7,0.3,0.0
1579,0.2,0.2,0.6,0.8,0.0,0.2
1580,0.2,0.2,0.6,0.8,0.1,0.1
1581,0.2,0.2,0.6,0.8,0.2,0.0
1582,0.2,0.2,0.6,0.9,0.0,0.1
1583,0.2,0.2,0.6,0.9,0.1,0.0
1584,0.2,0.2,0.6,1.0,0.0,0.0
1585,0.2,0.3,0.5,0.0,0.0,1.0
1586,0.2,0.3,0.5,0.0,0.1,0.9
1587,0.2,0.3,0.5,0.0,0.2,0.8
1588,0.2,0.3,0.5,0.0,0.3,0.7
1589,0.2,0.3,0.5,0.0,0.4,0.6
1590,0.2,0.3,0.5,0.0,0.5,0.5
1591,0.2,0.3,0.5,0.0,0.6,0.4
1592,0.2,0.3,0.5,0.0,0.7,0.3
1593,0.2,0.3,0.5,0.0,0.8,0.2
1594,0.2,0.3,0.5,0.0,0.9,0.1
1595,0.2,0.3,0.5,0.0,1.0,0.0
1596,0.2,0.3,0.5,0.1,0.0,0.9
1597,0.2,0.3,0.5,0.1,0.1,0.8
1598,0.2,0.3,0.5,0.1,0.2,0.7
1599,0.2,0.3,0.5,0.1,0.3,0.6
1600,0.2,0.3,0.5,0.1,0.4,0.5
1601,0.2,0.3,0.5,0.1,0.5,0.4
1602,0.2,0.3,0.5,0.1,0.6,0.3
1603,0.2,0.3,0.5,0.1,0.7,0.2
1604,0.2,0.3,0.5,0.1,0.8,0.1
1605,0.2,0.3,0.5,0.1,0.9,0.0
1606,0.2,0.3,0.5,0.2,0.0,0.8
1607,0.2,0.3,0.5,0.2,0.1,0.7
1608,0.2,0.3,0.5,0.2,0.2,0.6
1609,0.2,0.3,0.5,0.2,0.3,0.5
1610,0.2,0.3,0.5,0.2,0.4,0.4
1611,0.2,0.3,0.5,0.2,0.5,0.3
1612,0.2,0.3,0.5,0.2,0.6,0.2
1613,0.2,0.3,0.5,0.2,0.7,0.1
1614,0.2,0.3,0.5,0.2,0.8,0.0
1615,0.2,0.3,0.5,0.3,0.0,0.7
1616,0.2,0.3,0.5,0.3,0.1,0.6
1617,0.2,0.3,0.5,0.3,0.2,0.5
1618,0.2,0.3,0.5,0.3,0.3,0.4
1619,0.2,0.3,0.5,0.3,0.4,0.3
1620,0.2,0.3,0.5,0.3,0.5,0.2
1621,0.2,0.3,0.5,0.3,0.6,0.1
1622,0.2,0.3,0.5,0.3,0.7,0.0
1623,0.2,0.3,0.5,0.4,0.0,0.6
1624,0.2,0.3,0.5,0.4,0.1,0.5
1625,0.2,0.3,0.5,0.4,0.2,0.4
1626,0.2,0.3,0.5,0.4,0.3,0.3
1627,0.2,0.3,0.5,0.4,0.4,0.2
1628,0.2,0.3,0.5,0.4,0.5,0.1
1629,0.2,0.3,0.5,0.4,0.6,0.0
1630,0.2,0.3,0.5,0.5,0.0,0.5
1631,0.2,0.3,0.5,0.5,0.1,0.4
1632,0.2,0.3,0.5,0.5,0.2,0.3
1633,0.2,0.3,0.5,0.5,0.3,0.2
1634,0.2,0.3,0.5,0.5,0.4,0.1
1635,0.2,0.3,0.5,0.5,0.5,0.0
1636,0.2,0.3,0.5,0.6,0.0,0.4
1637,0.2,0.3,0.5,0.6,0.1,0.3
1638,0.2,0.3,0.5,0.6,0.2,0.2
1639,0.2,0.3,0.5,0.6,0.3,0.1
1640,0.2,0.3,0.5,0.6,0.4,0.0
1641,0.2,0.3,0.5,0.7,0.0,0.3
1642,0.2,0.3,0.5,0.7,0.1,0.2
1643,0.2,0.3,0.5,0.7,0.2,0.1
1644,0.2,0.3,0.5,0.7,0.3,0.0
1645,0.2,0.3,0.5,0.8,0.0,0.2
1646,0.2,0.3,0.5,0.8,0.1,0.1
1647,0.2,0.3,0.5,0.8,0.2,0.0
1648,0.2,0.3,0.5,0.9,0.0,0.1
1649,0.2,0.3,0.5,0.9,0.1,0.0
1650,0.2,0.3,0.5,1.0,0.0,0.0
1651,0.2,0.4,0.4,0.0,0.0,1.0
1652,0.2,0.4,0.4,0.0,0.1,0.9
1653,0.2,0.4,0.4,0.0,0.2,0.8
1654,0.2,0.4,0.4,0.0,0.3,0.7
1655,0.2,0.4,0.4,0.0,0.4,0.6
1656,0.2,0.4,0.4,0.0,0.5,0.5
1657,0.2,0.4,0.4,0.0,0.6,0.4
1658,0.2,0.4,0.4,0.0,0.7,0.3
1659,0.2,0.4,0.4,0.0,0.8,0.2
1660,0.2,0.4,0.4,0.0,0.9,0.1
1661,0.2,0.4,0.4,0.0,1.0,0.0
1662,0.2,0.4,0.4,0.1,0.0,0.9
1663,0.2,0.4,0.4,0.1,0.1,0.8
1664,0.2,0.4,0.4,0.1,0.2,0.7
1665,0.2,0.4,0.4,0.1,0.3,0.6
1666,0.2,0.4,0.4,0.1,0.4,0.5
1667,0.2,0.4,0.4,0.1,0.5,0.4
1668,0.2,0.4,0.4,0.1,0.6,0.3
1669,0.2,0.4,0.4,0.1,0.7,0.2
1670,0.2,0.4,0.4,0.1,0.8,0.1
1671,0.2,0.4,0.4,0.1,0.9,0.0
1672,0.2,0.4,0.4,0.2,0.0,0.8
1673,0.2,0.4,0.4,0.2,0.1,0.7
1674,0.2,0.4,0.4,0.2,0.2,0.6
1675,0.2,0.4,0.4,0.2,0.3,0.5
1676,0.2,0.4,0.4,0.2,0.4,0.4
1677,0.2,0.4,0.4,0.2,0.5,0.3
1678,0.2,0.4,0.4,0.2,0.6,0.2
1679,0.2,0.4,0.4,0.2,0.7,0.1
1680,0.2,0.4,0.4,0.2,0.8,0.0
1681,0.2,0.4,0.4,0.3,0.0,0.7
1682,0.2,0.4,0.4,0.3,0.1,0.6
1683,0.2,0.4,0.4,0.3,0.2,0.5
1684,0.2,0.4,0.4,0.3,0.3,0.4
1685,0.2,0.4,0.4,0.3,0.4,0.3
1686,0.2,0.4,0.4,0.3,0.5,0.2
1687,0.2,0.4,0.4,0.3,0.6,0.1
1688,0.2,0.4,0.4,0.3,0.7,0.0
1689,0.2,0.4,0.4,0.4,0.0,0.6
1690,0.2,0.4,0.4,0.4,0.1,0.5
1691,0.2,0.4,0.4,0.4,0.2,0.4
1692,0.2,0.4,0.4,0.4,0.3,0.3
1693,0.2,0.4,0.4,0.4,0.4,0.2
1694,0.2,0.4,0.4,0.4,0.5,0.1
1695,0.2,0.4,0.4,0.4,0.6,0.0
1696,0.2,0.4,0.4,0.5,0.0,0.5
1697,0.2,0.4,0.4,0.5,0.1,0.4
1698,0.2,0.4,0.4,0.5,0.2,0.3
1699,0.2,0.4,0.4,0.5,0.3,0.2
1700,0.2,0.4,0.4,0.5,0.4,0.1
1701,0.2,0.4,0.4,0.5,0.5,0.0
1702,0.2,0.4,0.4,0.6,0.0,0.4
1703,0.2,0.4,0.4,0.6,0.1,0.3
1704,0.2,0.4,0.4,0.6,0.2,0.2
1705,0.2,0.4,0.4,0.6,0.3,0.1
1706,0.2,0.4,0.4,0.6,0.4,0.0
1707,0.2,0.4,0.4,0.7,0.0,0.3
1708,0.2,0.4,0.4,0.7,0.1,0.2
1709,0.2,0.4,0.4,0.7,0.2,0.1
1710,0.2,0.4,0.4,0.7,0.3,0.0
1711,0.2,0.4,0.4,0.8,0.0,0.2
1712,0.2,0.4,0.4,0.8,0.1,0.1
1713,0.2,0.4,0.4,0.8,0.2,0.0
1714,0.2,0.4,0.4,0.9,0.0,0.1
1715,0.2,0.4,0.4,0.9,0.1,0.0
1716,0.2,0.4,0.4,1.0,0.0,0.0
1717,0.2,0.5,0.3,0.0,0.0,1.0
1718,0.2,0.5,0.3,0.0,0.1,0.9
1719,0.2,0.5,0.3,0.0,0.2,0.8
1720,0.2,0.5,0.3,0.0,0.3,0.7
1721,0.2,0.5,0.3,0.0,0.4,0.6
1722,0.2,0.5,0.3,0.0,0.5,0.5
1723,0.2,0.5,0.3,0.0,0.6,0.4
1724,0.2,0.5,0.3,0.0,0.7,0.3
1725,0.2,0.5,0.3,0.0,0.8,0.2
1726,0.2,0.5,0.3,0.0,0.9,0.1
1727,0.2,0.5,0.3,0.0,1.0,0.0
1728,0.2,0.5,0.3,0.1,0.0,0.9
1729,0.2,0.5,0.3,0.1,0.1,0.8
1730,0.2,0.5,0.3,0.1,0.2,0.7
1731,0.2,0.5,0.3,0.1,0.3,0.6
1732,0.2,0.5,0.3,0.1,0.4,0.5
1733,0.2,0.5,0.3,0.1,0.5,0.4
1734,0.2,0.5,0.3,0.1,0.6,0.3
1735,0.2,0.5,0.3,0.1,0.7,0.2
1736,0.2,0.5,0.3,0.1,0.8,0.1
1737,0.2,0.5,0.3,0.1,0.9,0.0
1738,0.2,0.5,0.3,0.2,0.0,0.8
1739,0.2,0.5,0.3,0.2,0.1,0.7
1740,0.2,0.5,0.3,0.2,0.2,0.6
1741,0.2,0.5,0.3,0.2,0.3,0.5
1742,0.2,0.5,0.3,0.2,0.4,0.4
1743,0.2,0.5,0.3,0.2,0.5,0.3
1744,0.2,0.5,0.3,0.2,0.6,0.2
1745,0.2,0.5,0.3,0.2,0.7,0.1
1746,0.2,0.5,0.3,0.2,0.8,0.0
1747,0.2,0.5,0.3,0.3,0.0,0.7
1748,0.2,0.5,0.3,0.3,0.1,0.6
1749,0.2,0.5,0.3,0.3,0.2,0.5
1750,0.2,0.5,0.3,0.3,0.3,0.4
1751,0.2,0.5,0.3,0.3,0.4,0.3
1752,0.2,0.5,0.3,0.3,0.5,0.2
1753,0.2,0.5,0.3,0.3,0.6,0.1
1754,0.2,0.5,0.3,0.3,0.7,0.0
1755,0.2,0.5,0.3,0.4,0.0,0.6
1756,0.2,0.5,0.3,0.4,0.1,0.5
1757,0.2,0.5,0.3,0.4,0.2,0.4
1758,0.2,0.5,0.3,0.4,0.3,0.3
1759,0.2,0.5,0.3,0.4,0.4,0.2
1760,0.2,0.5,0.3,0.4,0.5,0.1
1761,0.2,0.5,0.3,0.4,0.6,0.0
1762,0.2,0.5,0.3,0.5,0.0,0.5
1763,0.2,0.5,0.3,0.5,0.1,0.4
1764,0.2,0.5,0.3,0.5,0.2,0.3
1765,0.2,0.5,0.3,0.5,0.3,0.2
1766,0.2,0.5,0.3,0.5,0.4,0.1
1767,0.2,0.5,0.3,0.5,0.5,0.0
1768,0.2,0.5,0.3,0.6,0.0,0.4
1769,0.2,0.5,0.3,0.6,0.1,0.3
1770,0.2,0.5,0.3,0.6,0.2,0.2
1771,0.2,0.5,0.3,0.6,0.3,0.1
1772,0.2,0.5,0.3,0.6,0.4,0.0
1773,0.2,0.5,0.3,0.7,0.0,0.3
1774,0.2,0.5,0.3,0.7,0.1,0.2
1775,0.2,0.5,0.3,0.7,0.2,0.1
1776,0.2,0.5,0.3,0.7,0.3,0.0
1777,0.2,0.5,0.3,0.8,0.0,0.2
1778,0.2,0.5,0.3,0.8,0.1,0.1
1779,0.2,0.5,0.3,0.8,0.2,0.0
1780,0.2,0.5,0.3,0.9,0.0,0.1
1781,0.2,0.5,0.3,0.9,0.1,0.0
1782,0.2,0.5,0.3,1.0,0.0,0.0
1783,0.2,0.6,0.2,0.0,0.0,1.0
1784,0.2,0.6,0.2,0.0,0.1,0.9
1785,0.2,0.6,0.2,0.0,0.2,0.8
1786,0.2,0.6,0.2,0.0,0.3,0.7
1787,0.2,0.6,0.2,0.0,0.4,0.6
1788,0.2,0.6,0.2,0.0,0.5,0.5
1789,0.2,0.6,0.2,0.0,0.6,0.4
1790,0.2,0.6,0.2,0.0,0.7,0.3
1791,0.2,0.6,0.2,0.0,0.8,0.2
1792,0.2,0.6,0.2,0.0,0.9,0.1
1793,0.2,0.6,0.2,0.0,1.0,0.0
1794,0.2,0.6,0.2,0.1,0.0,0.9
1795,0.2,0.6,0.2,0.1,0.1,0.8
1796,0.2,0.6,0.2,0.1,0.2,0.7
1797,0.2,0.6,0.2,0.1,0.3,0.6
1798,0.2,0.6,0.2,0.1,0.4,0.5
1799,0.2,0.6,0.2,0.1,0.5,0.4
1800,0.2,0.6,0.2,0.1,0.6,0.3
1801,0.2,0.6,0.2,0.1,0.7,0.2
1802,0.2,0.6,0.2,0.1,0.8,0.1
1803,0.2,0.6,0.2,0.1,0.9,0.0
1804,0.2,0.6,0.2,0.2,0.0,0.8
1805,0.2,0.6,0.2,0.2,0.1,0.7
1806,0.2,0.6,0.2,0.2,0.2,0.6
1807,0.2,0.6,0.2,0.2,0.3,0.5
1808,0.2,0.6,0.2,0.2,0.4,0.4
1809,0.2,0.6,0.2,0.2,0.5,0.3
1810,0.2,0.6,0.2,0.2,0.6,0.2
1811,0.2,0.6,0.2,0.2,0.7,0.1
1812,0.2,0.6,0.2,0.2,0.8,0.0
1813,0.2,0.6,0.2,0.3,0.0,0.7
1814,0.2,0.6,0.2,0.3,0.1,0.6
1815,0.2,0.6,0.2,0.3,0.2,0.5
1816,0.2,0.6,0.2,0.3,0.3,0.4
1817,0.2,0.6,0.2,0.3,0.4,0.3
1818,0.2,0.6,0.2,0.3,0.5,0.2
1819,0.2,0.6,0.2,0.3,0.6,0.1
1820,0.2,0.6,0.2,0.3,0.7,0.0
1821,0.2,0.6,0.2,0.4,0.0,0.6
1822,0.2,0.6,0.2,0.4,0.1,0.5
1823,0.2,0.6,0.2,0.4,0.2,0.4
1824,0.2,0.6,0.2,0.4,0.3,0.3
1825,0.2,0.6,0.2,0.4,0.4,0.2
1826,0.2,0.6,0.2,0.4,0.5,0.1
1827,0.2,0.6,0.2,0.4,0.6,0.0
1828,0.2,0.6,0.2,0.5,0.0,0.5
1829,0.2,0.6,0.2,0.5,0.1,0.4
1830,0.2,0.6,0.2,0.5,0.2,0.3
1831,0.2,0.6,0.2,0.5,0.3,0.2
1832,0.2,0.6,0.2,0.5,0.4,0.1
1833,0.2,0.6,0.2,0.5,0.5,0.0
1834,0.2,0.6,0.2,0.6,0.0,0.4
1835,0.2,0.6,0.2,0.6,0.1,0.3
1836,0.2,0.6,0.2,0.6,0.2,0.2
1837,0.2,0.6,0.2,0.6,0.3,0.1
1838,0.2,0.6,0.2,0.6,0.4,0.0
1839,0.2,0.6,0.2,0.7,0.0,0.3
1840,0.2,0.6,0.2,0.7,0.1,0.2
1841,0.2,0.6,0.2,0.7,0.2,0.1
1842,0.2,0.6,0.2,0.7,0.3,0.0
1843,0.2,0.6,0.2,0.8,0.0,0.2
1844,0.2,0.6,0.2,0.8,0.1,0.1
1845,0.2,0.6,0.2,0.8,0.2,0.0
1846,0.2,0.6,0.2,0.9,0.0,0.1
1847,0.2,0.6,0.2,0.9,0.1,0.0
1848,0.2,0.6,0.2,1.0,0.0,0.0
1849,0.2,0.7,0.1,0.0,0.0,1.0
1850,0.2,0.7,0.1,0.0,0.1,0.9
1851,0.2,0.7,0.1,0.0,0.2,0.8
1852,0.2,0.7,0.1,0.0,0.3,0.7
1853,0.2,0.7,0.1,0.0,0.4,0.6
1854,0.2,0.7,0.1,0.0,0.5,0.5
1855,0.2,0.7,0.1,0.0,0.6,0.4
1856,0.2,0.7,0.1,0.0,0.7,0.3
1857,0.2,0.7,0.1,0.0,0.8,0.2
1858,0.2,0.7,0.1,0.0,0.9,0.1
1859,0.2,0.7,0.1,0.0,1.0,0.0
1860,0.2,0.7,0.1,0.1,0.0,0.9
1861,0.2,0.7,0.1,0.1,0.1,0.8
1862,0.2,0.7,0.1,0.1,0.2,0.7
1863,0.2,0.7,0.1,0.1,0.3,0.6
1864,0.2,0.7,0.1,0.1,0.4,0.5
1865,0.2,0.7,0.1,0.1,0.5,0.4
1866,0.2,0.7,0.1,0.1,0.6,0.3
1867,0.2,0.7,0.1,0.1,0.7,0.2
1868,0.2,0.7,0.1,0.1,0.8,0.1
1869,0.2,0.7,0.1,0.1,0.9,0.0
1870,0.2,0.7,0.1,0.2,0.0,0.8
1871,0.2,0.7,0.1,0.2,0.1,0.7
1872,0.2,0.7,0.1,0.2,0.2,0.6
1873,0.2,0.7,0.1,0.2,0.3,0.5
1874,0.2,0.7,0.1,0.2,0.4,0.4
1875,0.2,0.7,0.1,0.2,0.5,0.3
1876,0.2,0.7,0.1,0.2,0.6,0.2
1877,0.2,0.7,0.1,0.2,0.7,0.1
1878,0.2,0.7,0.1,0.2,0.8,0.0
1879,0.2,0.7,0.1,0.3,0.0,0.7
1880,0.2,0.7,0.1,0.3,0.1,0.6
1881,0.2,0.7,0.1,0.3,0.2,0.5
1882,0.2,0.7,0.1,0.3,0.3,0.4
1883,0.2,0.7,0.1,0.3,0.4,0.3
1884,0.2,0.7,0.1,0.3,0.5,0.2
1885,0.2,0.7,0.1,0.3,0.6,0.1
1886,0.2,0.7,0.1,0.3,0.7,0.0
1887,0.2,0.7,0.1,0.4,0.0,0.6
1888,0.2,0.7,0.1,0.4,0.1,0.5
1889,0.2,0.7,0.1,0.4,0.2,0.4
1890,0.2,0.7,0.1,0.4,0.3,0.3
1891,0.2,0.7,0.1,0.4,0.4,0.2
1892,0.2,0.7,0.1,0.4,0.5,0.1
1893,0.2,0.7,0.1,0.4,0.6,0.0
1894,0.2,0.7,0.1,0.5,0.0,0.5
1895,0.2,0.7,0.1,0.5,0.1,0.4
1896,0.2,0.7,0.1,0.5,0.2,0.3
1897,0.2,0.7,0.1,0.5,0.3,0.2
1898,0.2,0.7,0.1,0.5,0.4,0.1
1899,0.2,0.7,0.1,0.5,0.5,0.0
1900,0.2,0.7,0.1,0.6,0.0,0.4
1901,0.2,0.7,0.1,0.6,0.1,0.3
1902,0.2,0.7,0.1,0.6,0.2,0.2
1903,0.2,0.7,0.1,0.6,0.3,0.1
1904,0.2,0.7,0.1,0.6,0.4,0.0
1905,0.2,0.7,0.1,0.7,0.0,0.3
1906,0.2,0.7,0.1,0.7,0.1,0.2
1907,0.2,0.7,0.1,0.7,0.2,0.1
1908,0.2,0.7,0.1,0.7,0.3,0.0
1909,0.2,0.7,0.1,0.8,0.0,0.2
1910,0.2,0.7,0.1,0.8,0.1,0.1
1911,0.2,0.7,0.1,0.8,0.2,0.0
1912,0.2,0.7,0.1,0.9,0.0,0.1
1913,0.2,0.7,0.1,0.9,0.1,0.0
1914,0.2,0.7,0.1,1.0,0.0,0.0
1915,0.2,0.8,0.0,0.0,0.0,1.0
1916,0.2,0.8,0.0,0.0,0.1,0.9
1917,0.2,0.8,0.0,0.0,0.2,0.8
1918,0.2,0.8,0.0,0.0,0.3,0.7
1919,0.2,0.8,0.0,0.0,0.4,0.6
1920,0.2,0.8,0.0,0.0,0.5,0.5
1921,0.2,0.8,0.0,0.0,0.6,0.4
1922,0.2,0.8,0.0,0.0,0.7,0.3
1923,0.2,0.8,0.0,0.0,0.8,0.2
1924,0.2,0.8,0.0,0.0,0.9,0.1
1925,0.2,0.8,0.0,0.0,1.0,0.0
1926,0.2,0.8,0.0,0.1,0.0,0.9
1927,0.2,0.8,0.0,0.1,0.1,0.8
1928,0.2,0.8,0.0,0.1,0.2,0.7
1929,0.2,0.8,0.0,0.1,0.3,0.6
1930,0.2,0.8,0.0,0.1,0.4,0.5
1931,0.2,0.8,0.0,0.1,0.5,0.4
1932,0.2,0.8,0.0,0.1,0.6,0.3
1933,0.2,0.8,0.0,0.1,0.7,0.2
1934,0.2,0.8,0.0,0.1,0.8,0.1
1935,0.2,0.8,0.0,0.1,0.9,0.0
1936,0.2,0.8,0.0,0.2,0.0,0.8
1937,0.2,0.8,0.0,0.2,0.1,0.7
1938,0.2,0.8,0.0,0.2,0.2,0.6
1939,0.2,0.8,0.0,0.2,0.3,0.5
1940,0.2,0.8,0.0,0.2,0.4,0.4
1941,0.2,0.8,0.0,0.2,0.5,0.3
1942,0.2,0.8,0.0,0.2,0.6,0.2
1943,0.2,0.8,0.0,0.2,0.7,0.1
1944,0.2,0.8,0.0,0.2,0.8,0.0
1945,0.2,0.8,0.0,0.3,0.0,0.7
1946,0.2,0.8,0.0,0.3,0.1,0.6
1947,0.2,0.8,0.0,0.3,0.2,0.5
1948,0.2,0.8,0.0,0.3,0.3,0.4
1949,0.2,0.8,0.0,0.3,0.4,0.3
1950,0.2,0.8,0.0,0.3,0.5,0.2
1951,0.2,0.8,0.0,0.3,0.6,0.1
1952,0.2,0.8,0.0,0.3,0.7,0.0
1953,0.2,0.8,0.0,0.4,0.0,0.6
1954,0.2,0.8,0.0,0.4,0.1,0.5
1955,0.2,0.8,0.0,0.4,0.2,0.4
1956,0.2,0.8,0.0,0.4,0.3,0.3
1957,0.2,0.8,0.0,0.4,0.4,0.2
1958,0.2,0.8,0.0,0.4,0.5,0.1
1959,0.2,0.8,0.0,0.4,0.6,0.0
1960,0.2,0.8,0.0,0.5,0.0,0.5
1961,0.2,0.8,0.0,0.5,0.1,0.4
1962,0.2,0.8,0.0,0.5,0.2,0.3
1963,0.2,0.8,0.0,0.5,0.3,0.2
1964,0.2,0.8,0.0,0.5,0.4,0.1
1965,0.2,0.8,0.0,0.5,0.5,0.0
1966,0.2,0.8,0.0,0.6,0.0,0.4
1967,0.2,0.8,0.0,0.6,0.1,0.3
1968,0.2,0.8,0.0,0.6,0.2,0.2
1969,0.2,0.8,0.0,0.6,0.3,0.1
1970,0.2,0.8,0.0,0.6,0.4,0.0
1971,0.2,0.8,0.0,0.7,0.0,0.3
1972,0.2,0.8,0.0,0.7,0.1,0.2
1973,0.2,0.8,0.0,0.7,0.2,0.1
1974,0.2,0.8,0.0,0.7,0.3,0.0
1975,0.2,0.8,0.0,0.8,0.0,0.2
1976,0.2,0.8,0.0,0.8,0.1,0.1
1977,0.2,0.8,0.0,0.8,0.2,0.0
1978,0.2,0.8,0.0,0.9,0.0,0.1
1979,0.2,0.8,0.0,0.9,0.1,0.0
1980,0.2,0.8,0.0,1.0,0.0,0.0
1981,0.3,0.0,0.7,0.0,0.0,1.0
1982,0.3,0.0,0.7,0.0,0.1,0.9
1983,0.3,0.0,0.7,0.0,0.2,0.8
1984,0.3,0.0,0.7,0.0,0.3,0.7
1985,0.3,0.0,0.7,0.0,0.4,0.6
1986,0.3,0.0,0.7,0.0,0.5,0.5
1987,0.3,0.0,0.7,0.0,0.6,0.4
1988,0.3,0.0,0.7,0.0,0.7,0.3
1989,0.3,0.0,0.7,0.0,0.8,0.2
1990,0.3,0.0,0.7,0.0,0.9,0.1
1991,0.3,0.0,0.7,0.0,1.0,0.0
1992,0.3,0.0,0.7,0.1,0.0,0.9
1993,0.3,0.0,0.7,0.1,0.1,0.8
1994,0.3,0.0,0.7,0.1,0.2,0.7
1995,0.3,0.0,0.7,0.1,0.3,0.6
1996,0.3,0.0,0.7,0.1,0.4,0.5
1997,0.3,0.0,0.7,0.1,0.5,0.4
1998,0.3,0.0,0.7,0.1,0.6,0.3
1999,0.3,0.0,0.7,0.1,0.7,0.2
2000,0.3,0.0,0.7,0.1,0.8,0.1
2001,0.3,0.0,0.7,0.1,0.9,0.0
2002,0.3,0.0,0.7,0.2,0.0,0.8
2003,0.3,0.0,0.7,0.2,0.1,0.7
2004,0.3,0.0,0.7,0.2,0.2,0.6
2005,0.3,0.0,0.7,0.2,0.3,0.5
2006,0.3,0.0,0.7,0.2,0.4,0.4
2007,0.3,0.0,0.7,0.2,0.5,0.3
2008,0.3,0.0,0.7,0.2,0.6,0.2
2009,0.3,0.0,0.7,0.2,0.7,0.1
2010,0.3,0.0,0.7,0.2,0.8,0.0
2011,0.3,0.0,0.7,0.3,0.0,0.7
2012,0.3,0.0,0.7,0.3,0.1,0.6
2013,0.3,0.0,0.7,0.3,0.2,0.5
2014,0.3,0.0,0.7,0.3,0.3,0.4
2015,0.3,0.0,0.7,0.3,0.4,0.3
2016,0.3,0.0,0.7,0.3,0.5,0.2
2017,0.3,0.0,0.7,0.3,0.6,0.1
2018,0.3,0.0,0.7,0.3,0.7,0.0
2019,0.3,0.0,0.7,0.4,0.0,0.6
2020,0.3,0.0,0.7,0.4,0.1,0.5
2021,0.3,0.0,0.7,0.4,0.2,0.4
2022,0.3,0.0,0.7,0.4,0.3,0.3
2023,0.3,0.0,0.7,0.4,0.4,0.2
2024,0.3,0.0,0.7,0.4,0.5,0.1
2025,0.3,0.0,0.7,0.4,0.6,0.0
2026,0.3,0.0,0.7,0.5,0.0,0.5
2027,0.3,0.0,0.7,0.5,0.1,0.4
2028,0.3,0.0,0.7,0.5,0.2,0.3
2029,0.3,0.0,0.7,0.5,0.3,0.2
2030,0.3,0.0,0.7,0.5,0.4,0.1
2031,0.3,0.0,0.7,0.5,0.5,0.0
2032,0.3,0.0,0.7,0.6,0.0,0.4
2033,0.3,0.0,0.7,0.6,0.1,0.3
2034,0.3,0.0,0.7,0.6,0.2,0.2
2035,0.3,0.0,0.7,0.6,0.3,0.1
2036,0.3,0.0,0.7,0.6,0.4,0.0
2037,0.3,0.0,0.7,0.7,0.0,0.3
2038,0.3,0.0,0.7,0.7,0.1,0.2
2039,0.3,0.0,0.7,0.7,0.2,0.1
2040,0.3,0.0,0.7,0.7,0.3,0.0
2041,0.3,0.0,0.7,0.8,0.0,0.2
2042,0.3,0.0,0.7,0.8,0.1,0.1
2043,0.3,0.0,0.7,0.8,0.2,0.0
2044,0.3,0.0,0.7,0.9,0.0,0.1
2045,0.3,0.0,0.7,0.9,0.1,0.0
2046,0.3,0.0,0.7,1.0,0.0,0.0
2047,0.3,0.1,0.6,0.0,0.0,1.0
2048,0.3,0.1,0.6,0.0,0.1,0.9
2049,0.3,0.1,0.6,0.0,0.2,0.8
2050,0.3,0.1,0.6,0.0,0.3,0.7
2051,0.3,0.1,0.6,0.0,0.4,0.6
2052,0.3,0.1,0.6,0.0,0.5,0.5
2053,0.3,0.1,0.6,0.0,0.6,0.4
2054,0.3,0.1,0.6,0.0,0.7,0.3
2055,0.3,0.1,0.6,0.0,0.8,0.2
2056,0.3,0.1,0.6,0.0,0.9,0.1
2057,0.3,0.1,0.6,0.0,1.0,0.0
2058,0.3,0.1,0.6,0.1,0.0,0.9
2059,0.3,0.1,0.6,0.1,0.1,0.8
2060,0.3,0.1,0.6,0.1,0.2,0.7
2061,0.3,0.1,0.6,0.1,0.3,0.6
2062,0.3,0.1,0.6,0.1,0.4,0.5
2063,0.3,0.1,0.6,0.1,0.5,0.4
2064,0.3,0.1,0.6,0.1,0.6,0.3
2065,0.3,0.1,0.6,0.1,0.7,0.2
2066,0.3,0.1,0.6,0.1,0.8,0.1
2067,0.3,0.1,0.6,0.1,0.9,0.0
2068,0.3,0.1,0.6,0.2,0.0,0.8
2069,0.3,0.1,0.6,0.2,0.1,0.7
2070,0.3,0.1,0.6,0.2,0.2,0.6
2071,0.3,0.1,0.6,0.2,0.3,0.5
2072,0.3,0.1,0.6,0.2,0.4,0.4
2073,0.3,0.1,0.6,0.2,0.5,0.3
2074,0.3,0.1,0.6,0.2,0.6,0.2
2075,0.3,0.1,0.6,0.2,0.7,0.1
2076,0.3,0.1,0.6,0.2,0.8,0.0
2077,0.3,0.1,0.6,0.3,0.0,0.7
2078,0.3,0.1,0.6,0.3,0.1,0.6
2079,0.3,0.1,0.6,0.3,0.2,0.5
2080,0.3,0.1,0.6,0.3,0.3,0.4
2081,0.3,0.1,0.6,0.3,0.4,0.3
2082,0.3,0.1,0.6,0.3,0.5,0.2
2083,0.3,0.1,0.6,0.3,0.6,0.1
2084,0.3,0.1,0.6,0.3,0.7,0.0
2085,0.3,0.1,0.6,0.4,0.0,0.6
2086,0.3,0.1,0.6,0.4,0.1,0.5
2087,0.3,0.1,0.6,0.4,0.2,0.4
2088,0.3,0.1,0.6,0.4,0.3,0.3
2089,0.3,0.1,0.6,0.4,0.4,0.2
2090,0.3,0.1,0.6,0.4,0.5,0.1
2091,0.3,0.1,0.6,0.4,0.6,0.0
2092,0.3,0.1,0.6,0.5,0.0,0.5
2093,0.3,0.1,0.6,0.5,0.1,0.4
2094,0.3,0.1,0.6,0.5,0.2,0.3
2095,0.3,0.1,0.6,0.5,0.3,0.2
2096,0.3,0.1,0.6,0.5,0.4,0.1
2097,0.3,0.1,0.6,0.5,0.5,0.0
2098,0.3,0.1,0.6,0.6,0.0,0.4
2099,0.3,0.1,0.6,0.6,0.1,0.3
2100,0.3,0.1,0.6,0.6,0.2,0.2
2101,0.3,0.1,0.6,0.6,0.3,0.1
2102,0.3,0.1,0.6,0.6,0.4,0.0
2103,0.3,0.1,0.6,0.7,0.0,0.3
2104,0.3,0.1,0.6,0.7,0.1,0.2
2105,0.3,0.1,0.6,0.7,0.2,0.1
2106,0.3,0.1,0.6,0.7,0.3,0.0
2107,0.3,0.1,0.6,0.8,0.0,0.2
2108,0.3,0.1,0.6,0.8,0.1,0.1
2109,0.3,0.1,0.6,0.8,0.2,0.0
2110,0.3,0.1,0.6,0.9,0.0,0.1
2111,0.3,0.1,0.6,0.9,0.1,0.0
2112,0.3,0.1,0.6,1.0,0.0,0.0
2113,0.3,0.2,0.5,0.0,0.0,1.0
2114,0.3,0.2,0.5,0.0,0.1,0.9
2115,0.3,0.2,0.5,0.0,0.2,0.8
2116,0.3,0.2,0.5,0.0,0.3,0.7
2117,0.3,0.2,0.5,0.0,0.4,0.6
2118,0.3,0.2,0.5,0.0,0.5,0.5
2119,0.3,0.2,0.5,0.0,0.6,0.4
2120,0.3,0.2,0.5,0.0,0.7,0.3
2121,0.3,0.2,0.5,0.0,0.8,0.2
2122,0.3,0.2,0.5,0.0,0.9,0.1
2123,0.3,0.2,0.5,0.0,1.0,0.0
2124,0.3,0.2,0.5,0.1,0.0,0.9
2125,0.3,0.2,0.5,0.1,0.1,0.8
2126,0.3,0.2,0.5,0.1,0.2,0.7
2127,0.3,0.2,0.5,0.1,0.3,0.6
2128,0.3,0.2,0.5,0.1,0.4,0.5
2129,0.3,0.2,0.5,0.1,0.5,0.4
2130,0.3,0.2,0.5,0.1,0.6,0.3
2131,0.3,0.2,0.5,0.1,0.7,0.2
2132,0.3,0.2,0.5,0.1,0.8,0.1
2133,0.3,0.2,0.5,0.1,0.9,0.0
2134,0.3,0.2,0.5,0.2,0.0,0.8
2135,0.3,0.2,0.5,0.2,0.1,0.7
2136,0.3,0.2,0.5,0.2,0.2,0.6
2137,0.3,0.2,0.5,0.2,0.3,0.5
2138,0.3,0.2,0.5,0.2,0.4,0.4
2139,0.3,0.2,0.5,0.2,0.5,0.3
2140,0.3,0.2,0.5,0.2,0.6,0.2
2141,0.3,0.2,0.5,0.2,0.7,0.1
2142,0.3,0.2,0.5,0.2,0.8,0.0
2143,0.3,0.2,0.5,0.3,0.0,0.7
2144,0.3,0.2,0.5,0.3,0.1,0.6
2145,0.3,0.2,0.5,0.3,0.2,0.5
2146,0.3,0.2,0.5,0.3,0.3,0.4
2147,0.3,0.2,0.5,0.3,0.4,0.3
2148,0.3,0.2,0.5,0.3,0.5,0.2
2149,0.3,0.2,0.5,0.3,0.6,0.1
2150,0.3,0.2,0.5,0.3,0.7,0.0
2151,0.3,0.2,0.5,0.4,0.0,0.6
2152,0.3,0.2,0.5,0.4,0.1,0.5
2153,0.3,0.2,0.5,0.4,0.2,0.4
2154,0.3,0.2,0.5,0.4,0.3,0.3
2155,0.3,0.2,0.5,0.4,0.4,0.2
2156,0.3,0.2,0.5,0.4,0.5,0.1
2157,0.3,0.2,0.5,0.4,0.6,0.0
2158,0.3,0.2,0.5,0.5,0.0,0.5
2159,0.3,0.2,0.5,0.5,0.1,0.4
2160,0.3,0.2,0.5,0.5,0.2,0.3
2161,0.3,0.2,0.5,0.5,0.3,0.2
2162,0.3,0.2,0.5,0.5,0.4,0.1
2163,0.3,0.2,0.5,0.5,0.5,0.0
2164,0.3,0.2,0.5,0.6,0.0,0.4
2165,0.3,0.2,0.5,0.6,0.1,0.3
2166,0.3,0.2,0.5,0.6,0.2,0.2
2167,0.3,0.2,0.5,0.6,0.3,0.1
2168,0.3,0.2,0.5,0.6,0.4,0.0
2169,0.3,0.2,0.5,0.7,0.0,0.3
2170,0.3,0.2,0.5,0.7,0.1,0.2
2171,0.3,0.2,0.5,0.7,0.2,0.1
2172,0.3,0.2,0.5,0.7,0.3,0.0
2173,0.3,0.2,0.5,0.8,0.0,0.2
2174,0.3,0.2,0.5,0.8,0.1,0.1
2175,0.3,0.2,0.5,0.8,0.2,0.0
2176,0.3,0.2,0.5,0.9,0.0,0.1
2177,0.3,0.2,0.5,0.9,0.1,0.0
2178,0.3,0.2,0.5,1.0,0.0,0.0
2179,0.3,0.3,0.4,0.0,0.0,1.0
2180,0.3,0.3,0.4,0.0,0.1,0.9
2181,0.3,0.3,0.4,0.0,0.2,0.8
2182,0.3,0.3,0.4,0.0,0.3,0.7
2183,0.3,0.3,0.4,0.0,0.4,0.6
2184,0.3,0.3,0.4,0.0,0.5,0.5
2185,0.3,0.3,0.4,0.0,0.6,0.4
2186,0.3,0.3,0.4,0.0,0.7,0.3
2187,0.3,0.3,0.4,0.0,0.8,0.2
2188,0.3,0.3,0.4,0.0,0.9,0.1
2189,0.3,0.3,0.4,0.0,1.0,0.0
2190,0.3,0.3,0.4,0.1,0.0,0.9
2191,0.3,0.3,0.4,0.1,0.1,0.8
2192,0.3,0.3,0.4,0.1,0.2,0.7
2193,0.3,0.3,0.4,0.1,0.3,0.6
2194,0.3,0.3,0.4,0.1,0.4,0.5
2195,0.3,0.3,0.4,0.1,0.5,0.4
2196,0.3,0.3,0.4,0.1,0.6,0.3
2197,0.3,0.3,0.4,0.1,0.7,0.2
2198,0.3,0.3,0.4,0.1,0.8,0.1
2199,0.3,0.3,0.4,0.1,0.9,0.0
2200,0.3,0.3,0.4,0.2,0.0,0.8
2201,0.3,0.3,0.4,0.2,0.1,0.7
2202,0.3,0.3,0.4,0.2,0.2,0.6
2203,0.3,0.3,0.4,0.2,0.3,0.5
2204,0.3,0.3,0.4,0.2,0.4,0.4
2205,0.3,0.3,0.4,0.2,0.5,0.3
2206,0.3,0.3,0.4,0.2,0.6,0.2
2207,0.3,0.3,0.4,0.2,0.7,0.1
2208,0.3,0.3,0.4,0.2,0.8,0.0
2209,0.3,0.3,0.4,0.3,0.0,0.7
2210,0.3,0.3,0.4,0.3,0.1,0.6
2211,0.3,0.3,0.4,0.3,0.2,0.5
2212,0.3,0.3,0.4,0.3,0.3,0.4
2213,0.3,0.3,0.4,0.3,0.4,0.3
2214,0.3,0.3,0.4,0.3,0.5,0.2
2215,0.3,0.3,0.4,0.3,0.6,0.1
2216,0.3,0.3,0.4,0.3,0.7,0.0
2217,0.3,0.3,0.4,0.4,0.0,0.6
2218,0.3,0.3,0.4,0.4,0.1,0.5
2219,0.3,0.3,0.4,0.4,0.2,0.4
2220,0.3,0.3,0.4,0.4,0.3,0.3
2221,0.3,0.3,0.4,0.4,0.4,0.2
2222,0.3,0.3,0.4,0.4,0.5,0.1
2223,0.3,0.3,0.4,0.4,0.6,0.0
2224,0.3,0.3,0.4,0.5,0.0,0.5
2225,0.3,0.3,0.4,0.5,0.1,0.4
2226,0.3,0.3,0.4,0.5,0.2,0.3
2227,0.3,0.3,0.4,0.5,0.3,0.2
2228,0.3,0.3,0.4,0.5,0.4,0.1
2229,0.3,0.3,0.4,0.5,0.5,0.0
2230,0.3,0.3,0.4,0.6,0.0,0.4
2231,0.3,0.3,0.4,0.6,0.1,0.3
2232,0.3,0.3,0.4,0.6,0.2,0.2
2233,0.3,0.3,0.4,0.6,0.3,0.1
2234,0.3,0.3,0.4,0.6,0.4,0.0
2235,0.3,0.3,0.4,0.7,0.0,0.3
2236,0.3,0.3,0.4,0.7,0.1,0.2
2237,0.3,0.3,0.4,0.7,0.2,0.1
2238,0.3,0.3,0.4,0.7,0.3,0.0
2239,0.3,0.3,0.4,0.8,0.0,0.2
2240,0.3,0.3,0.4,0.8,0.1,0.1
2241,0.3,0.3,0.4,0.8,0.2,0.0
2242,0.3,0.3,0.4,0.9,0.0,0.1
2243,0.3,0.3,0.4,0.9,0.1,0.0
2244,0.3,0.3,0.4,1.0,0.0,0.0
2245,0.3,0.4,0.3,0.0,0.0,1.0
2246,0.3,0.4,0.3,0.0,0.1,0.9
2247,0.3,0.4,0.3,0.0,0.2,0.8
2248,0.3,0.4,0.3,0.0,0.3,0.7
2249,0.3,0.4,0.3,0.0,0.4,0.6
2250,0.3,0.4,0.3,0.0,0.5,0.5
2251,0.3,0.4,0.3,0.0,0.6,0.4
2252,0.3,0.4,0.3,0.0,0.7,0.3
2253,0.3,0.4,0.3,0.0,0.8,0.2
2254,0.3,0.4,0.3,0.0,0.9,0.1
2255,0.3,0.4,0.3,0.0,1.0,0.0
2256,0.3,0.4,0.3,0.1,0.0,0.9
2257,0.3,0.4,0.3,0.1,0.1,0.8
2258,0.3,0.4,0.3,0.1,0.2,0.7
2259,0.3,0.4,0.3,0.1,0.3,0.6
2260,0.3,0.4,0.3,0.1,0.4,0.5
2261,0.3,0.4,0.3,0.1,0.5,0.4
2262,0.3,0.4,0.3,0.1,0.6,0.3
2263,0.3,0.4,0.3,0.1,0.7,0.2
2264,0.3,0.4,0.3,0.1,0.8,0.1
2265,0.3,0.4,0.3,0.1,0.9,0.0
2266,0.3,0.4,0.3,0.2,0.0,0.8
2267,0.3,0.4,0.3,0.2,0.1,0.7
2268,0.3,0.4,0.3,0.2,0.2,0.6
2269,0.3,0.4,0.3,0.2,0.3,0.5
2270,0.3,0.4,0.3,0.2,0.4,0.4
2271,0.3,0.4,0.3,0.2,0.5,0.3
2272,0.3,0.4,0.3,0.2,0.6,0.2
2273,0.3,0.4,0.3,0.2,0.7,0.1
2274,0.3,0.4,0.3,0.2,0.8,0.0
2275,0.3,0.4,0.3,0.3,0.0,0.7
2276,0.3,0.4,0.3,0.3,0.1,0.6
2277,0.3,0.4,0.3,0.3,0.2,0.5
2278,0.3,0.4,0.3,0.3,0.3,0.4
2279,0.3,0.4,0.3,0.3,0.4,0.3
2280,0.3,0.4,0.3,0.3,0.5,0.2
2281,0.3,0.4,0.3,0.3,0.6,0.1
2282,0.3,0.4,0.3,0.3,0.7,0.0
2283,0.3,0.4,0.3,0.4,0.0,0.6
2284,0.3,0.4,0.3,0.4,0.1,0.5
2285,0.3,0.4,0.3,0.4,0.2,0.4
2286,0.3,0.4,0.3,0.4,0.3,0.3
2287,0.3,0.4,0.3,0.4,0.4,0.2
2288,0.3,0.4,0.3,0.4,0.5,0.1
2289,0.3,0.4,0.3,0.4,0.6,0.0
2290,0.3,0.4,0.3,0.5,0.0,0.5
2291,0.3,0.4,0.3,0.5,0.1,0.4
2292,0.3,0.4,0.3,0.5,0.2,0.3
2293,0.3,0.4,0.3,0.5,0.3,0.2
2294,0.3,0.4,0.3,0.5,0.4,0.1
2295,0.3,0.4,0.3,0.5,0.5,0.0
2296,0.3,0.4,0.3,0.6,0.0,0.4
2297,0.3,0.4,0.3,0.6,0.1,0.3
2298,0.3,0.4,0.3,0.6,0.2,0.2
2299,0.3,0.4,0.3,0.6,0.3,0.1
2300,0.3,0.4,0.3,0.6,0.4,0.0
2301,0.3,0.4,0.3,0.7,0.0,0.3
2302,0.3,0.4,0.3,0.7,0.1,0.2
2303,0.3,0.4,0.3,0.7,0.2,0.1
2304,0.3,0.4,0.3,0.7,0.3,0.0
2305,0.3,0.4,0.3,0.8,0.0,0.2
2306,0.3,0.4,0.3,0.8,0.1,0.1
2307,0.3,0.4,0.3,0.8,0.2,0.0
2308,0.3,0.4,0.3,0.9,0.0,0.1
2309,0.3,0.4,0.3,0.9,0.1,0.0
2310,0.3,0.4,0.3,1.0,0.0,0.0
2311,0.3,0.5,0.2,0.0,0.0,1.0
2312,0.3,0.5,0.2,0.0,0.1,0.9
2313,0.3,0.5,0.2,0.0,0.2,0.8
2314,0.3,0.5,0.2,0.0,0.3,0.7
2315,0.3,0.5,0.2,0.0,0.4,0.6
2316,0.3,0.5,0.2,0.0,0.5,0.5
2317,0.3,0.5,0.2,0.0,0.6,0.4
2318,0.3,0.5,0.2,0.0,0.7,0.3
2319,0.3,0.5,0.2,0.0,0.8,0.2
2320,0.3,0.5,0.2,0.0,0.9,0.1
2321,0.3,0.5,0.2,0.0,1.0,0.0
2322,0.3,0.5,0.2,0.1,0.0,0.9
2323,0.3,0.5,0.2,0.1,0.1,0.8
2324,0.3,0.5,0.2,0.1,0.2,0.7
2325,0.3,0.5,0.2,0.1,0.3,0.6
2326,0.3,0.5,0.2,0.1,0.4,0.5
2327,0.3,0.5,0.2,0.1,0.5,0.4
2328,0.3,0.5,0.2,0.1,0.6,0.3
2329,0.3,0.5,0.2,0.1,0.7,0.2
2330,0.3,0.5,0.2,0.1,0.8,0.1
2331,0.3,0.5,0.2,0.1,0.9,0.0
2332,0.3,0.5,0.2,0.2,0.0,0.8
2333,0.3,0.5,0.2,0.2,0.1,0.7
2334,0.3,0.5,0.2,0.2,0.2,0.6
2335,0.3,0.5,0.2,0.2,0.3,0.5
2336,0.3,0.5,0.2,0.2,0.4,0.4
2337,0.3,0.5,0.2,0.2,0.5,0.3
2338,0.3,0.5,0.2,0.2,0.6,0.2
2339,0.3,0.5,0.2,0.2,0.7,0.1
2340,0.3,0.5,0.2,0.2,0.8,0.0
2341,0.3,0.5,0.2,0.3,0.0,0.7
2342,0.3,0.5,0.2,0.3,0.1,0.6
2343,0.3,0.5,0.2,0.3,0.2,0.5
2344,0.3,0.5,0.2,0.3,0.3,0.4
2345,0.3,0.5,0.2,0.3,0.4,0.3
2346,0.3,0.5,0.2,0.3,0.5,0.2
2347,0.3,0.5,0.2,0.3,0.6,0.1
2348,0.3,0.5,0.2,0.3,0.7,0.0
2349,0.3,0.5,0.2,0.4,0.0,0.6
2350,0.3,0.5,0.2,0.4,0.1,0.5
2351,0.3,0.5,0.2,0.4,0.2,0.4
2352,0.3,0.5,0.2,0.4,0.3,0.3
2353,0.3,0.5,0.2,0.4,0.4,0.2
2354,0.3,0.5,0.2,0.4,0.5,0.1
2355,0.3,0.5,0.2,0.4,0.6,0.0
2356,0.3,0.5,0.2,0.5,0.0,0.5
2357,0.3,0.5,0.2,0.5,0.1,0.4
2358,0.3,0.5,0.2,0.5,0.2,0.3
2359,0.3,0.5,0.2,0.5,0.3,0.2
2360,0.3,0.5,0.2,0.5,0.4,0.1
2361,0.3,0.5,0.2,0.5,0.5,0.0
2362,0.3,0.5,0.2,0.6,0.0,0.4
2363,0.3,0.5,0.2,0.6,0.1,0.3
2364,0.3,0.5,0.2,0.6,0.2,0.2
2365,0.3,0.5,0.2,0.6,0.3,0.1
2366,0.3,0.5,0.2,0.6,0.4,0.0
2367,0.3,0.5,0.2,0.7,0.0,0.3
2368,0.3,0.5,0.2,0.7,0.1,0.2
2369,0.3,0.5,0.2,0.7,0.2,0.1
2370,0.3,0.5,0.2,0.7,0.3,0.0
2371,0.3,0.5,0.2,0.8,0.0,0.2
2372,0.3,0.5,0.2,0.8,0.1,0.1
2373,0.3,0.5,0.2,0.8,0.2,0.0
2374,0.3,0.5,0.2,0.9,0.0,0.1
2375,0.3,0.5,0.2,0.9,0.1,0.0
2376,0.3,0.5,0.2,1.0,0.0,0.0
2377,0.3,0.6,0.1,0.0,0.0,1.0
2378,0.3,0.6,0.1,0.0,0.1,0.9
2379,0.3,0.6,0.1,0.0,0.2,0.8
2380,0.3,0.6,0.1,0.0,0.3,0.7
2381,0.3,0.6,0.1,0.0,0.4,0.6
2382,0.3,0.6,0.1,0.0,0.5,0.5
2383,0.3,0.6,0.1,0.0,0.6,0.4
2384,0.3,0.6,0.1,0.0,0.7,0.3
2385,0.3,0.6,0.1,0.0,0.8,0.2
2386,0.3,0.6,0.1,0.0,0.9,0.1
2387,0.3,0.6,0.1,0.0,1.0,0.0
2388,0.3,0.6,0.1,0.1,0.0,0.9
2389,0.3,0.6,0.1,0.1,0.1,0.8
2390,0.3,0.6,0.1,0.1,0.2,0.7
2391,0.3,0.6,0.1,0.1,0.3,0.6
2392,0.3,0.6,0.1,0.1,0.4,0.5
2393,0.3,0.6,0.1,0.1,0.5,0.4
2394,0.3,0.6,0.1,0.1,0.6,0.3
2395,0.3,0.6,0.1,0.1,0.7,0.2
2396,0.3,0.6,0.1,0.1,0.8,0.1
2397,0.3,0.6,0.1,0.1,0.9,0.0
2398,0.3,0.6,0.1,0.2,0.0,0.8
2399,0.3,0.6,0.1,0.2,0.1,0.7
2400,0.3,0.6,0.1,0.2,0.2,0.6
2401,0.3,0.6,0.1,0.2,0.3,0.5
2402,0.3,0.6,0.1,0.2,0.4,0.4
2403,0.3,0.6,0.1,0.2,0.5,0.3
2404,0.3,0.6,0.1,0.2,0.6,0.2
2405,0.3,0.6,0.1,0.2,0.7,0.1
2406,0.3,0.6,0.1,0.2,0.8,0.0
2407,0.3,0.6,0.1,0.3,0.0,0.7
2408,0.3,0.6,0.1,0.3,0.1,0.6
2409,0.3,0.6,0.1,0.3,0.2,0.5
2410,0.3,0.6,0.1,0.3,0.3,0.4
2411,0.3,0.6,0.1,0.3,0.4,0.3
2412,0.3,0.6,0.1,0.3,0.5,0.2
2413,0.3,0.6,0.1,0.3,0.6,0.1
2414,0.3,0.6,0.1,0.3,0.7,0.0
2415,0.3,0.6,0.1,0.4,0.0,0.6
2416,0.3,0.6,0.1,0.4,0.1,0.5
2417,0.3,0.6,0.1,0.4,0.2,0.4
2418,0.3,0.6,0.1,0.4,0.3,0.3
2419,0.3,0.6,0.1,0.4,0.4,0.2
2420,0.3,0.6,0.1,0.4,0.5,0.1
2421,0.3,0.6,0.1,0.4,0.6,0.0
2422,0.3,0.6,0.1,0.5,0.0,0.5
2423,0.3,0.6,0.1,0.5,0.1,0.4
2424,0.3,0.6,0.1,0.5,0.2,0.3
2425,0.3,0.6,0.1,0.5,0.3,0.2
2426,0.3,0.6,0.1,0.5,0.4,0.1
2427,0.3,0.6,0.1,0.5,0.5,0.0
2428,0.3,0.6,0.1,0.6,0.0,0.4
2429,0.3,0.6,0.1,0.6,0.1,0.3
2430,0.3,0.6,0.1,0.6,0.2,0.2
2431,0.3,0.6,0.1,0.6,0.3,0.1
2432,0.3,0.6,0.1,0.6,0.4,0.0
2433,0.3,0.6,0.1,0.7,0.0,0.3
2434,0.3,0.6,0.1,0.7,0.1,0.2
2435,0.3,0.6,0.1,0.7,0.2,0.1
2436,0.3,0.6,0.1,0.7,0.3,0.0
2437,0.3,0.6,0.1,0.8,0.0,0.2
2438,0.3,0.6,0.1,0.8,0.1,0.1
2439,0.3,0.6,0.1,0.8,0.2,0.0
2440,0.3,0.6,0.1,0.9,0.0,0.1
2441,0.3,0.6,0.1,0.9,0.1,0.0
2442,0.3,0.6,0.1,1.0,0.0,0.0
2443,0.3,0.7,0.0,0.0,0.0,1.0
2444,0.3,0.7,0.0,0.0,0.1,0.9
2445,0.3,0.7,0.0,0.0,0.2,0.8
2446,0.3,0.7,0.0,0.0,0.3,0.7
2447,0.3,0.7,0.0,0.0,0.4,0.6
2448,0.3,0.7,0.0,0.0,0.5,0.5
2449,0.3,0.7,0.0,0.0,0.6,0.4
2450,0.3,0.7,0.0,0.0,0.7,0.3
2451,0.3,0.7,0.0,0.0,0.8,0.2
2452,0.3,0.7,0.0,0.0,0.9,0.1
2453,0.3,0.7,0.0,0.0,1.0,0.0
2454,0.3,0.7,0.0,0.1,0.0,0.9
2455,0.3,0.7,0.0,0.1,0.1,0.8
2456,0.3,0.7,0.0,0.1,0.2,0.7
2457,0.3,0.7,0.0,0.1,0.3,0.6
2458,0.3,0.7,0.0,0.1,0.4,0.5
2459,0.3,0.7,0.0,0.1,0.5,0.4
2460,0.3,0.7,0.0,0.1,0.6,0.3
2461,0.3,0.7,0.0,0.1,0.7,0.2
2462,0.3,0.7,0.0,0.1,0.8,0.1
2463,0.3,0.7,0.0,0.1,0.9,0.0
2464,0.3,0.7,0.0,0.2,0.0,0.8
2465,0.3,0.7,0.0,0.2,0.1,0.7
2466,0.3,0.7,0.0,0.2,0.2,0.6
2467,0.3,0.7,0.0,0.2,0.3,0.5
2468,0.3,0.7,0.0,0.2,0.4,0.4
2469,0.3,0.7,0.0,0.2,0.5,0.3
2470,0.3,0.7,0.0,0.2,0.6,0.2
2471,0.3,0.7,0.0,0.2,0.7,0.1
2472,0.3,0.7,0.0,0.2,0.8,0.0
2473,0.3,0.7,0.0,0.3,0.0,0.7
2474,0.3,0.7,0.0,0.3,0.1,0.6
2475,0.3,0.7,0.0,0.3,0.2,0.5
2476,0.3,0.7,0.0,0.3,0.3,0.4
2477,0.3,0.7,0.0,0.3,0.4,0.3
2478,0.3,0.7,0.0,0.3,0.5,0.2
2479,0.3,0.7,0.0,0.3,0.6,0.1
2480,0.3,0.7,0.0,0.3,0.7,0.0
2481,0.3,0.7,0.0,0.4,0.0,0.6
2482,0.3,0.7,0.0,0.4,0.1,0.5
2483,0.3,0.7,0.0,0.4,0.2,0.4
2484,0.3,0.7,0.0,0.4,0.3,0.3
2485,0.3,0.7,0.0,0.4,0.4,0.2
2486,0.3,0.7,0.0,0.4,0.5,0.1
2487,0.3,0.7,0.0,0.4,0.6,0.0
2488,0.3,0.7,0.0,0.5,0.0,0.5
2489,0.3,0.7,0.0,0.5,0.1,0.4
2490,0.3,0.7,0.0,0.5,0.2,0.3
2491,0.3,0.7,0.0,0.5,0.3,0.2
2492,0.3,0.7,0.0,0.5,0.4,0.1
2493,0.3,0.7,0.0,0.5,0.5,0.0
2494,0.3,0.7,0.0,0.6,0.0,0.4
2495,0.3,0.7,0.0,0.6,0.1,0.3
2496,0.3,0.7,0.0,0.6,0.2,0.2
2497,0.3,0.7,0.0,0.6,0.3,0.1
2498,0.3,0.7,0.0,0.6,0.4,0.0
2499,0.3,0.7,0.0,0.7,0.0,0.3
2500,0.3,0.7,0.0,0.7,0.1,0.2
2501,0.3,0.7,0.0,0.7,0.2,0.1
2502,0.3,0.7,0.0,0.7,0.3,0.0
2503,0.3,0.7,0.0,0.8,0.0,0.2
2504,0.3,0.7,0.0,0.8,0.1,0.1
2505,0.3,0.7,0.0,0.8,0.2,0.0
2506,0.3,0.7,0.0,0.9,0.0,0.1
2507,0.3,0.7,0.0,0.9,0.1,0.0
2508,0.3,0.7,0.0,1.0,0.0,0.0
2509,0.4,0.0,0.6,0.0,0.0,1.0
2510,0.4,0.0,0.6,0.0,0.1,0.9
2511,0.4,0.0,0.6,0.0,0.2,0.8
2512,0.4,0.0,0.6,0.0,0.3,0.7
2513,0.4,0.0,0.6,0.0,0.4,0.6
2514,0.4,0.0,0.6,0.0,0.5,0.5
2515,0.4,0.0,0.6,0.0,0.6,0.4
2516,0.4,0.0,0.6,0.0,0.7,0.3
2517,0.4,0.0,0.6,0.0,0.8,0.2
2518,0.4,0.0,0.6,0.0,0.9,0.1
2519,0.4,0.0,0.6,0.0,1.0,0.0
2520,0.4,0.0,0.6,0.1,0.0,0.9
2521,0.4,0.0,0.6,0.1,0.1,0.8
2522,0.4,0.0,0.6,0.1,0.2,0.7
2523,0.4,0.0,0.6,0.1,0.3,0.6
2524,0.4,0.0,0.6,0.1,0.4,0.5
2525,0.4,0.0,0.6,0.1,0.5,0.4
2526,0.4,0.0,0.6,0.1,0.6,0.3
2527,0.4,0.0,0.6,0.1,0.7,0.2
2528,0.4,0.0,0.6,0.1,0.8,0.1
2529,0.4,0.0,0.6,0.1,0.9,0.0
2530,0.4,0.0,0.6,0.2,0.0,0.8
2531,0.4,0.0,0.6,0.2,0.1,0.7
2532,0.4,0.0,0.6,0.2,0.2,0.6
2533,0.4,0.0,0.6,0.2,0.3,0.5
2534,0.4,0.0,0.6,0.2,0.4,0.4
2535,0.4,0.0,0.6,0.2,0.5,0.3
2536,0.4,0.0,0.6,0.2,0.6,0.2
2537,0.4,0.0,0.6,0.2,0.7,0.1
2538,0.4,0.0,0.6,0.2,0.8,0.0
2539,0.4,0.0,0.6,0.3,0.0,0.7
2540,0.4,0.0,0.6,0.3,0.1,0.6
2541,0.4,0.0,0.6,0.3,0.2,0.5
2542,0.4,0.0,0.6,0.3,0.3,0.4
2543,0.4,0.0,0.6,0.3,0.4,0.3
2544,0.4,0.0,0.6,0.3,0.5,0.2
2545,0.4,0.0,0.6,0.3,0.6,0.1
2546,0.4,0.0,0.6,0.3,0.7,0.0
2547,0.4,0.0,0.6,0.4,0.0,0.6
2548,0.4,0.0,0.6,0.4,0.1,0.5
2549,0.4,0.0,0.6,0.4,0.2,0.4
2550,0.4,0.0,0.6,0.4,0.3,0.3
2551,0.4,0.0,0.6,0.4,0.4,0.2
2552,0.4,0.0,0.6,0.4,0.5,0.1
2553,0.4,0.0,0.6,0.4,0.6,0.0
2554,0.4,0.0,0.6,0.5,0.0,0.5
2555,0.4,0.0,0.6,0.5,0.1,0.4
2556,0.4,0.0,0.6,0.5,0.2,0.3
2557,0.4,0.0,0.6,0.5,0.3,0.2
2558,0.4,0.0,0.6,0.5,0.4,0.1
2559,0.4,0.0,0.6,0.5,0.5,0.0
2560,0.4,0.0,0.6,0.6,0.0,0.4
2561,0.4,0.0,0.6,0.6,0.1,0.3
2562,0.4,0.0,0.6,0.6,0.2,0.2
2563,0.4,0.0,0.6,0.6,0.3,0.1
2564,0.4,0.0,0.6,0.6,0.4,0.0
2565,0.4,0.0,0.6,0.7,0.0,0.3
2566,0.4,0.0,0.6,0.7,0.1,0.2
2567,0.4,0.0,0.6,0.7,0.2,0.1
2568,0.4,0.0,0.6,0.7,0.3,0.0
2569,0.4,0.0,0.6,0.8,0.0,0.2
2570,0.4,0.0,0.6,0.8,0.1,0.1
2571,0.4,0.0,0.6,0.8,0.2,0.0
2572,0.4,0.0,0.6,0.9,0.0,0.1
2573,0.4,0.0,0.6,0.9,0.1,0.0
2574,0.4,0.0,0.6,1.0,0.0,0.0
2575,0.4,0.1,0.5,0.0,0.0,1.0
2576,0.4,0.1,0.5,0.0,0.1,0.9
2577,0.4,0.1,0.5,0.0,0.2,0.8
2578,0.4,0.1,0.5,0.0,0.3,0.7
2579,0.4,0.1,0.5,0.0,0.4,0.6
2580,0.4,0.1,0.5,0.0,0.5,0.5
2581,0.4,0.1,0.5,0.0,0.6,0.4
2582,0.4,0.1,0.5,0.0,0.7,0.3
2583,0.4,0.1,0.5,0.0,0.8,0.2
2584,0.4,0.1,0.5,0.0,0.9,0.1
2585,0.4,0.1,0.5,0.0,1.0,0.0
2586,0.4,0.1,0.5,0.1,0.0,0.9
2587,0.4,0.1,0.5,0.1,0.1,0.8
2588,0.4,0.1,0.5,0.1,0.2,0.7
2589,0.4,0.1,0.5,0.1,0.3,0.6
2590,0.4,0.1,0.5,0.1,0.4,0.5
2591,0.4,0.1,0.5,0.1,0.5,0.4
2592,0.4,0.1,0.5,0.1,0.6,0.3
2593,0.4,0.1,0.5,0.1,0.7,0.2
2594,0.4,0.1,0.5,0.1,0.8,0.1
2595,0.4,0.1,0.5,0.1,0.9,0.0
2596,0.4,0.1,0.5,0.2,0.0,0.8
2597,0.4,0.1,0.5,0.2,0.1,0.7
2598,0.4,0.1,0.5,0.2,0.2,0.6
2599,0.4,0.1,0.5,0.2,0.3,0.5
2600,0.4,0.1,0.5,0.2,0.4,0.4
2601,0.4,0.1,0.5,0.2,0.5,0.3
2602,0.4,0.1,0.5,0.2,0.6,0.2
2603,0.4,0.1,0.5,0.2,0.7,0.1
2604,0.4,0.1,0.5,0.2,0.8,0.0
2605,0.4,0.1,0.5,0.3,0.0,0.7
2606,0.4,0.1,0.5,0.3,0.1,0.6
2607,0.4,0.1,0.5,0.3,0.2,0.5
2608,0.4,0.1,0.5,0.3,0.3,0.4
2609,0.4,0.1,0.5,0.3,0.4,0.3
2610,0.4,0.1,0.5,0.3,0.5,0.2
2611,0.4,0.1,0.5,0.3,0.6,0.1
2612,0.4,0.1,0.5,0.3,0.7,0.0
2613,0.4,0.1,0.5,0.4,0.0,0.6
2614,0.4,0.1,0.5,0.4,0.1,0.5
2615,0.4,0.1,0.5,0.4,0.2,0.4
2616,0.4,0.1,0.5,0.4,0.3,0.3
2617,0.4,0.1,0.5,0.4,0.4,0.2
2618,0.4,0.1,0.5,0.4,0.5,0.1
2619,0.4,0.1,0.5,0.4,0.6,0.0
2620,0.4,0.1,0.5,0.5,0.0,0.5
2621,0.4,0.1,0.5,0.5,0.1,0.4
2622,0.4,0.1,0.5,0.5,0.2,0.3
2623,0.4,0.1,0.5,0.5,0.3,0.2
2624,0.4,0.1,0.5,0.5,0.4,0.1
2625,0.4,0.1,0.5,0.5,0.5,0.0
2626,0.4,0.1,0.5,0.6,0.0,0.4
2627,0.4,0.1,0.5,0.6,0.1,0.3
2628,0.4,0.1,0.5,0.6,0.2,0.2
2629,0.4,0.1,0.5,0.6,0.3,0.1
2630,0.4,0.1,0.5,0.6,0.4,0.0
2631,0.4,0.1,0.5,0.7,0.0,0.3
2632,0.4,0.1,0.5,0.7,0.1,0.2
2633,0.4,0.1,0.5,0.7,0.2,0.1
2634,0.4,0.1,0.5,0.7,0.3,0.0
2635,0.4,0.1,0.5,0.8,0.0,0.2
2636,0.4,0.1,0.5,0.8,0.1,0.1
2637,0.4,0.1,0.5,0.8,0.2,0.0
2638,0.4,0.1,0.5,0.9,0.0,0.1
2639,0.4,0.1,0.5,0.9,0.1,0.0
2640,0.4,0.1,0.5,1.0,0.0,0.0
2641,0.4,0.2,0.4,0.0,0.0,1.0
2642,0.4,0.2,0.4,0.0,0.1,0.9
2643,0.4,0.2,0.4,0.0,0.2,0.8
2644,0.4,0.2,0.4,0.0,0.3,0.7
2645,0.4,0.2,0.4,0.0,0.4,0.6
2646,0.4,0.2,0.4,0.0,0.5,0.5
2647,0.4,0.2,0.4,0.0,0.6,0.4
2648,0.4,0.2,0.4,0.0,0.7,0.3
2649,0.4,0.2,0.4,0.0,0.8,0.2
2650,0.4,0.2,0.4,0.0,0.9,0.1
2651,0.4,0.2,0.4,0.0,1.0,0.0
2652,0.4,0.2,0.4,0.1,0.0,0.9
2653,0.4,0.2,0.4,0.1,0.1,0.8
2654,0.4,0.2,0.4,0.1,0.2,0.7
2655,0.4,0.2,0.4,0.1,0.3,0.6
2656,0.4,0.2,0.4,0.1,0.4,0.5
2657,0.4,0.2,0.4,0.1,0.5,0.4
2658,0.4,0.2,0.4,0.1,0.6,0.3
2659,0.4,0.2,0.4,0.1,0.7,0.2
2660,0.4,0.2,0.4,0.1,0.8,0.1
2661,0.4,0.2,0.4,0.1,0.9,0.0
2662,0.4,0.2,0.4,0.2,0.0,0.8
2663,0.4,0.2,0.4,0.2,0.1,0.7
2664,0.4,0.2,0.4,0.2,0.2,0.6
2665,0.4,0.2,0.4,0.2,0.3,0.5
2666,0.4,0.2,0.4,0.2,0.4,0.4
2667,0.4,0.2,0.4,0.2,0.5,0.3
2668,0.4,0.2,0.4,0.2,0.6,0.2
2669,0.4,0.2,0.4,0.2,0.7,0.1
2670,0.4,0.2,0.4,0.2,0.8,0.0
2671,0.4,0.2,0.4,0.3,0.0,0.7
2672,0.4,0.2,0.4,0.3,0.1,0.6
2673,0.4,0.2,0.4,0.3,0.2,0.5
2674,0.4,0.2,0.4,0.3,0.3,0.4
2675,0.4,0.2,0.4,0.3,0.4,0.3
2676,0.4,0.2,0.4,0.3,0.5,0.2
2677,0.4,0.2,0.4,0.3,0.6,0.1
2678,0.4,0.2,0.4,0.3,0.7,0.0
2679,0.4,0.2,0.4,0.4,0.0,0.6
2680,0.4,0.2,0.4,0.4,0.1,0.5
2681,0.4,0.2,0.4,0.4,0.2,0.4
2682,0.4,0.2,0.4,0.4,0.3,0.3
2683,0.4,0.2,0.4,0.4,0.4,0.2
2684,0.4,0.2,0.4,0.4,0.5,0.1
2685,0.4,0.2,0.4,0.4,0.6,0.0
2686,0.4,0.2,0.4,0.5,0.0,0.5
2687,0.4,0.2,0.4,0.5,0.1,0.4
2688,0.4,0.2,0.4,0.5,0.2,0.3
2689,0.4,0.2,0.4,0.5,0.3,0.2
2690,0.4,0.2,0.4,0.5,0.4,0.1
2691,0.4,0.2,0.4,0.5,0.5,0.0
2692,0.4,0.2,0.4,0.6,0.0,0.4
2693,0.4,0.2,0.4,0.6,0.1,0.3
2694,0.4,0.2,0.4,0.6,0.2,0.2
2695,0.4,0.2,0.4,0.6,0.3,0.1
2696,0.4,0.2,0.4,0.6,0.4,0.0
2697,0.4,0.2,0.4,0.7,0.0,0.3
2698,0.4,0.2,0.4,0.7,0.1,0.2
2699,0.4,0.2,0.4,0.7,0.2,0.1
2700,0.4,0.2,0.4,0.7,0.3,0.0
2701,0.4,0.2,0.4,0.8,0.0,0.2
2702,0.4,0.2,0.4,0.8,0.1,0.1
2703,0.4,0.2,0.4,0.8,0.2,0.0
2704,0.4,0.2,0.4,0.9,0.0,0.1
2705,0.4,0.2,0.4,0.9,0.1,0.0
2706,0.4,0.2,0.4,1.0,0.0,0.0
2707,0.4,0.3,0.3,0.0,0.0,1.0
2708,0.4,0.3,0.3,0.0,0.1,0.9
2709,0.4,0.3,0.3,0.0,0.2,0.8
2710,0.4,0.3,0.3,0.0,0.3,0.7
2711,0.4,0.3,0.3,0.0,0.4,0.6
2712,0.4,0.3,0.3,0.0,0.5,0.5
2713,0.4,0.3,0.3,0.0,0.6,0.4
2714,0.4,0.3,0.3,0.0,0.7,0.3
2715,0.4,0.3,0.3,0.0,0.8,0.2
2716,0.4,0.3,0.3,0.0,0.9,0.1
2717,0.4,0.3,0.3,0.0,1.0,0.0
2718,0.4,0.3,0.3,0.1,0.0,0.9
2719,0.4,0.3,0.3,0.1,0.1,0.8
2720,0.4,0.3,0.3,0.1,0.2,0.7
2721,0.4,0.3,0.3,0.1,0.3,0.6
2722,0.4,0.3,0.3,0.1,0.4,0.5
2723,0.4,0.3,0.3,0.1,0.5,0.4
2724,0.4,0.3,0.3,0.1,0.6,0.3
2725,0.4,0.3,0.3,0.1,0.7,0.2
2726,0.4,0.3,0.3,0.1,0.8,0.1
2727,0.4,0.3,0.3,0.1,0.9,0.0
2728,0.4,0.3,0.3,0.2,0.0,0.8
2729,0.4,0.3,0.3,0.2,0.1,0.7
2730,0.4,0.3,0.3,0.2,0.2,0.6
2731,0.4,0.3,0.3,0.2,0.3,0.5
2732,0.4,0.3,0.3,0.2,0.4,0.4
2733,0.4,0.3,0.3,0.2,0.5,0.3
2734,0.4,0.3,0.3,0.2,0.6,0.2
2735,0.4,0.3,0.3,0.2,0.7,0.1
2736,0.4,0.3,0.3,0.2,0.8,0.0
2737,0.4,0.3,0.3,0.3,0.0,0.7
2738,0.4,0.3,0.3,0.3,0.1,0.6
2739,0.4,0.3,0.3,0.3,0.2,0.5
2740,0.4,0.3,0.3,0.3,0.3,0.4
2741,0.4,0.3,0.3,0.3,0.4,0.3
2742,0.4,0.3,0.3,0.3,0.5,0.2
2743,0.4,0.3,0.3,0.3,0.6,0.1
2744,0.4,0.3,0.3,0.3,0.7,0.0
2745,0.4,0.3,0.3,0.4,0.0,0.6
2746,0.4,0.3,0.3,0.4,0.1,0.5
2747,0.4,0.3,0.3,0.4,0.2,0.4
2748,0.4,0.3,0.3,0.4,0.3,0.3
2749,0.4,0.3,0.3,0.4,0.4,0.2
2750,0.4,0.3,0.3,0.4,0.5,0.1
2751,0.4,0.3,0.3,0.4,0.6,0.0
2752,0.4,0.3,0.3,0.5,0.0,0.5
2753,0.4,0.3,0.3,0.5,0.1,0.4
2754,0.4,0.3,0.3,0.5,0.2,0.3
2755,0.4,0.3,0.3,0.5,0.3,0.2
2756,0.4,0.3,0.3,0.5,0.4,0.1
2757,0.4,0.3,0.3,0.5,0.5,0.0
2758,0.4,0.3,0.3,0.6,0.0,0.4
2759,0.4,0.3,0.3,0.6,0.1,0.3
2760,0.4,0.3,0.3,0.6,0.2,0.2
2761,0.4,0.3,0.3,0.6,0.3,0.1
2762,0.4,0.3,0.3,0.6,0.4,0.0
2763,0.4,0.3,0.3,0.7,0.0,0.3
2764,0.4,0.3,0.3,0.7,0.1,0.2
2765,0.4,0.3,0.3,0.7,0.2,0.1
2766,0.4,0.3,0.3,0.7,0.3,0.0
2767,0.4,0.3,0.3,0.8,0.0,0.2
2768,0.4,0.3,0.3,0.8,0.1,0.1
2769,0.4,0.3,0.3,0.8,0.2,0.0
2770,0.4,0.3,0.3,0.9,0.0,0.1
2771,0.4,0.3,0.3,0.9,0.1,0.0
2772,0.4,0.3,0.3,1.0,0.0,0.0
2773,0.4,0.4,0.2,0.0,0.0,1.0
2774,0.4,0.4,0.2,0.0,0.1,0.9
2775,0.4,0.4,0.2,0.0,0.2,0.8
2776,0.4,0.4,0.2,0.0,0.3,0.7
2777,0.4,0.4,0.2,0.0,0.4,0.6
2778,0.4,0.4,0.2,0.0,0.5,0.5
2779,0.4,0.4,0.2,0.0,0.6,0.4
2780,0.4,0.4,0.2,0.0,0.7,0.3
2781,0.4,0.4,0.2,0.0,0.8,0.2
2782,0.4,0.4,0.2,0.0,0.9,0.1
2783,0.4,0.4,0.2,0.0,1.0,0.0
2784,0.4,0.4,0.2,0.1,0.0,0.9
2785,0.4,0.4,0.2,0.1,0.1,0.8
2786,0.4,0.4,0.2,0.1,0.2,0.7
2787,0.4,0.4,0.2,0.1,0.3,0.6
2788,0.4,0.4,0.2,0.1,0.4,0.5
2789,0.4,0.4,0.2,0.1,0.5,0.4
2790,0.4,0.4,0.2,0.1,0.6,0.3
2791,0.4,0.4,0.2,0.1,0.7,0.2
2792,0.4,0.4,0.2,0.1,0.8,0.1
2793,0.4,0.4,0.2,0.1,0.9,0.0
2794,0.4,0.4,0.2,0.2,0.0,0.8
2795,0.4,0.4,0.2,0.2,0.1,0.7
2796,0.4,0.4,0.2,0.2,0.2,0.6
2797,0.4,0.4,0.2,0.2,0.3,0.5
2798,0.4,0.4,0.2,0.2,0.4,0.4
2799,0.4,0.4,0.2,0.2,0.5,0.3
2800,0.4,0.4,0.2,0.2,0.6,0.2
2801,0.4,0.4,0.2,0.2,0.7,0.1
2802,0.4,0.4,0.2,0.2,0.8,0.0
2803,0.4,0.4,0.2,0.3,0.0,0.7
2804,0.4,0.4,0.2,0.3,0.1,0.6
2805,0.4,0.4,0.2,0.3,0.2,0.5
2806,0.4,0.4,0.2,0.3,0.3,0.4
2807,0.4,0.4,0.2,0.3,0.4,0.3
2808,0.4,0.4,0.2,0.3,0.5,0.2
2809,0.4,0.4,0.2,0.3,0.6,0.1
2810,0.4,0.4,0.2,0.3,0.7,0.0
2811,0.4,0.4,0.2,0.4,0.0,0.6
2812,0.4,0.4,0.2,0.4,0.1,0.5
2813,0.4,0.4,0.2,0.4,0.2,0.4
2814,0.4,0.4,0.2,0.4,0.3,0.3
2815,0.4,0.4,0.2,0.4,0.4,0.2
2816,0.4,0.4,0.2,0.4,0.5,0.1
2817,0.4,0.4,0.2,0.4,0.6,0.0
2818,0.4,0.4,0.2,0.5,0.0,0.5
2819,0.4,0.4,0.2,0.5,0.1,0.4
2820,0.4,0.4,0.2,0.5,0.2,0.3
2821,0.4,0.4,0.2,0.5,0.3,0.2
2822,0.4,0.4,0.2,0.5,0.4,0.1
2823,0.4,0.4,0.2,0.5,0.5,0.0
2824,0.4,0.4,0.2,0.6,0.0,0.4
2825,0.4,0.4,0.2,0.6,0.1,0.3
2826,0.4,0.4,0.2,0.6,0.2,0.2
2827,0.4,0.4,0.2,0.6,0.3,0.1
2828,0.4,0.4,0.2,0.6,0.4,0.0
2829,0.4,0.4,0.2,0.7,0.0,0.3
2830,0.4,0.4,0.2,0.7,0.1,0.2
2831,0.4,0.4,0.2,0.7,0.2,0.1
2832,0.4,0.4,0.2,0.7,0.3,0.0
2833,0.4,0.4,0.2,0.8,0.0,0.2
2834,0.4,0.4,0.2,0.8,0.1,0.1
2835,0.4,0.4,0.2,0.8,0.2,0.0
2836,0.4,0.4,0.2,0.9,0.0,0.1
2837,0.4,0.4,0.2,0.9,0.1,0.0
2838,0.4,0.4,0.2,1.0,0.0,0.0
2839,0.4,0.5,0.1,0.0,0.0,1.0
2840,0.4,0.5,0.1,0.0,0.1,0.9
2841,0.4,0.5,0.1,0.0,0.2,0.8
2842,0.4,0.5,0.1,0.0,0.3,0.7
2843,0.4,0.5,0.1,0.0,0.4,0.6
2844,0.4,0.5,0.1,0.0,0.5,0.5
2845,0.4,0.5,0.1,0.0,0.6,0.4
2846,0.4,0.5,0.1,0.0,0.7,0.3
2847,0.4,0.5,0.1,0.0,0.8,0.2
2848,0.4,0.5,0.1,0.0,0.9,0.1
2849,0.4,0.5,0.1,0.0,1.0,0.0
2850,0.4,0.5,0.1,0.1,0.0,0.9
2851,0.4,0.5,0.1,0.1,0.1,0.8
2852,0.4,0.5,0.1,0.1,0.2,0.7
2853,0.4,0.5,0.1,0.1,0.3,0.6
2854,0.4,0.5,0.1,0.1,0.4,0.5
2855,0.4,0.5,0.1,0.1,0.5,0.4
2856,0.4,0.5,0.1,0.1,0.6,0.3
2857,0.4,0.5,0.1,0.1,0.7,0.2
2858,0.4,0.5,0.1,0.1,0.8,0.1
2859,0.4,0.5,0.1,0.1,0.9,0.0
2860,0.4,0.5,0.1,0.2,0.0,0.8
2861,0.4,0.5,0.1,0.2,0.1,0.7
2862,0.4,0.5,0.1,0.2,0.2,0.6
2863,0.4,0.5,0.1,0.2,0.3,0.5
2864,0.4,0.5,0.1,0.2,0.4,0.4
2865,0.4,0.5,0.1,0.2,0.5,0.3
2866,0.4,0.5,0.1,0.2,0.6,0.2
2867,0.4,0.5,0.1,0.2,0.7,0.1
2868,0.4,0.5,0.1,0.2,0.8,0.0
2869,0.4,0.5,0.1,0.3,0.0,0.7
2870,0.4,0.5,0.1,0.3,0.1,0.6
2871,0.4,0.5,0.1,0.3,0.2,0.5
2872,0.4,0.5,0.1,0.3,0.3,0.4
2873,0.4,0.5,0.1,0.3,0.4,0.3
2874,0.4,0.5,0.1,0.3,0.5,0.2
2875,0.4,0.5,0.1,0.3,0.6,0.1
2876,0.4,0.5,0.1,0.3,0.7,0.0
2877,0.4,0.5,0.1,0.4,0.0,0.6
2878,0.4,0.5,0.1,0.4,0.1,0.5
2879,0.4,0.5,0.1,0.4,0.2,0.4
2880,0.4,0.5,0.1,0.4,0.3,0.3
2881,0.4,0.5,0.1,0.4,0.4,0.2
2882,0.4,0.5,0.1,0.4,0.5,0.1
2883,0.4,0.5,0.1,0.4,0.6,0.0
2884,0.4,0.5,0.1,0.5,0.0,0.5
2885,0.4,0.5,0.1,0.5,0.1,0.4
2886,0.4,0.5,0.1,0.5,0.2,0.3
2887,0.4,0.5,0.1,0.5,0.3,0.2
2888,0.4,0.5,0.1,0.5,0.4,0.1
2889,0.4,0.5,0.1,0.5,0.5,0.0
2890,0.4,0.5,0.1,0.6,0.0,0.4
2891,0.4,0.5,0.1,0.6,0.1,0.3
2892,0.4,0.5,0.1,0.6,0.2,0.2
2893,0.4,0.5,0.1,0.6,0.3,0.1
2894,0.4,0.5,0.1,0.6,0.4,0.0
2895,0.4,0.5,0.1,0.7,0.0,0.3
2896,0.4,0.5,0.1,0.7,0.1,0.2
2897,0.4,0.5,0.1,0.7,0.2,0.1
2898,0.4,0.5,0.1,0.7,0.3,0.0
2899,0.4,0.5,0.1,0.8,0.0,0.2
2900,0.4,0.5,0.1,0.8,0.1,0.1
2901,0.4,0.5,0.1,0.8,0.2,0.0
2902,0.4,0.5,0.1,0.9,0.0,0.1
2903,0.4,0.5,0.1,0.9,0.1,0.0
2904,0.4,0.5,0.1,1.0,0.0,0.0
2905,0.4,0.6,0.0,0.0,0.0,1.0
2906,0.4,0.6,0.0,0.0,0.1,0.9
2907,0.4,0.6,0.0,0.0,0.2,0.8
2908,0.4,0.6,0.0,0.0,0.3,0.7
2909,0.4,0.6,0.0,0.0,0.4,0.6
2910,0.4,0.6,0.0,0.0,0.5,0.5
2911,0.4,0.6,0.0,0.0,0.6,0.4
2912,0.4,0.6,0.0,0.0,0.7,0.3
2913,0.4,0.6,0.0,0.0,0.8,0.2
2914,0.4,0.6,0.0,0.0,0.9,0.1
2915,0.4,0.6,0.0,0.0,1.0,0.0
2916,0.4,0.6,0.0,0.1,0.0,0.9
2917,0.4,0.6,0.0,0.1,0.1,0.8
2918,0.4,0.6,0.0,0.1,0.2,0.7
2919,0.4,0.6,0.0,0.1,0.3,0.6
2920,0.4,0.6,0.0,0.1,0.4,0.5
2921,0.4,0.6,0.0,0.1,0.5,0.4
2922,0.4,0.6,0.0,0.1,0.6,0.3
2923,0.4,0.6,0.0,0.1,0.7,0.2
2924,0.4,0.6,0.0,0.1,0.8,0.1
2925,0.4,0.6,0.0,0.1,0.9,0.0
2926,0.4,0.6,0.0,0.2,0.0,0.8
2927,0.4,0.6,0.0,0.2,0.1,0.7
2928,0.4,0.6,0.0,0.2,0.2,0.6
2929,0.4,0.6,0.0,0.2,0.3,0.5
2930,0.4,0.6,0.0,0.2,0.4,0.4
2931,0.4,0.6,0.0,0.2,0.5,0.3
2932,0.4,0.6,0.0,0.2,0.6,0.2
2933,0.4,0.6,0.0,0.2,0.7,0.1
2934,0.4,0.6,0.0,0.2,0.8,0.0
2935,0.4,0.6,0.0,0.3,0.0,0.7
2936,0.4,0.6,0.0,0.3,0.1,0.6
2937,0.4,0.6,0.0,0.3,0.2,0.5
2938,0.4,0.6,0.0,0.3,0.3,0.4
2939,0.4,0.6,0.0,0.3,0.4,0.3
2940,0.4,0.6,0.0,0.3,0.5,0.2
2941,0.4,0.6,0.0,0.3,0.6,0.1
2942,0.4,0.6,0.0,0.3,0.7,0.0
2943,0.4,0.6,0.0,0.4,0.0,0.6
2944,0.4,0.6,0.0,0.4,0.1,0.5
2945,0.4,0.6,0.0,0.4,0.2,0.4
2946,0.4,0.6,0.0,0.4,0.3,0.3
2947,0.4,0.6,0.0,0.4,0.4,0.2
2948,0.4,0.6,0.0,0.4,0.5,0.1
2949,0.4,0.6,0.0,0.4,0.6,0.0
2950,0.4,0.6,0.0,0.5,0.0,0.5
2951,0.4,0.6,0.0,0.5,0.1,0.4
2952,0.4,0.6,0.0,0.5,0.2,0.3
2953,0.4,0.6,0.0,0.5,0.3,0.2
2954,0.4,0.6,0.0,0.5,0.4,0.1
2955,0.4,0.6,0.0,0.5,0.5,0.0
2956,0.4,0.6,0.0,0.6,0.0,0.4
2957,0.4,0.6,0.0,0.6,0.1,0.3
2958,0.4,0.6,0.0,0.6,0.2,0.2
2959,0.4,0.6,0.0,0.6,0.3,0.1
2960,0.4,0.6,0.0,0.6,0.4,0.0
2961,0.4,0.6,0.0,0.7,0.0,0.3
2962,0.4,0.6,0.0,0.7,0.1,0.2
2963,0.4,0.6,0.0,0.7,0.2,0.1
2964,0.4,0.6,0.0,0.7,0.3,0.0
2965,0.4,0.6,0.0,0.8,0.0,0.2
2966,0.4,0.6,0.0,0.8,0.1,0.1
2967,0.4,0.6,0.0,0.8,0.2,0.0
2968,0.4,0.6,0.0,0.9,0.0,0.1
2969,0.4,0.6,0.0,0.9,0.1,0.0
2970,0.4,0.6,0.0,1.0,0.0,0.0
2971,0.5,0.0,0.5,0.0,0.0,1.0
2972,0.5,0.0,0.5,0.0,0.1,0.9
2973,0.5,0.0,0.5,0.0,0.2,0.8
2974,0.5,0.0,0.5,0.0,0.3,0.7
2975,0.5,0.0,0.5,0.0,0.4,0.6
2976,0.5,0.0,0.5,0.0,0.5,0.5
2977,0.5,0.0,0.5,0.0,0.6,0.4
2978,0.5,0.0,0.5,0.0,0.7,0.3
2979,0.5,0.0,0.5,0.0,0.8,0.2
2980,0.5,0.0,0.5,0.0,0.9,0.1
2981,0.5,0.0,0.5,0.0,1.0,0.0
2982,0.5,0.0,0.5,0.1,0.0,0.9
2983,0.5,0.0,0.5,0.1,0.1,0.8
2984,0.5,0.0,0.5,0.1,0.2,0.7
2985,0.5,0.0,0.5,0.1,0.3,0.6
2986,0.5,0.0,0.5,0.1,0.4,0.5
2987,0.5,0.0,0.5,0.1,0.5,0.4
2988,0.5,0.0,0.5,0.1,0.6,0.3
2989,0.5,0.0,0.5,0.1,0.7,0.2
2990,0.5,0.0,0.5,0.1,0.8,0.1
2991,0.5,0.0,0.5,0.1,0.9,0.0
2992,0.5,0.0,0.5,0.2,0.0,0.8
2993,0.5,0.0,0.5,0.2,0.1,0.7
2994,0.5,0.0,0.5,0.2,0.2,0.6
2995,0.5,0.0,0.5,0.2,0.3,0.5
2996,0.5,0.0,0.5,0.2,0.4,0.4
2997,0.5,0.0,0.5,0.2,0.5,0.3
2998,0.5,0.0,0.5,0.2,0.6,0.2
2999,0.5,0.0,0.5,0.2,0.7,0.1
3000,0.5,0.0,0.5,0.2,0.8,0.0
3001,0.5,0.0,0.5,0.3,0.0,0.7
3002,0.5,0.0,0.5,0.3,0.1,0.6
3003,0.5,0.0,0.5,0.3,0.2,0.5
3004,0.5,0.0,0.5,0.3,0.3,0.4
3005,0.5,0.0,0.5,0.3,0.4,0.3
3006,0.5,0.0,0.5,0.3,0.5,0.2
3007,0.5,0.0,0.5,0.3,0.6,0.1
3008,0.5,0.0,0.5,0.3,0.7,0.0
3009,0.5,0.0,0.5,0.4,0.0,0.6
3010,0.5,0.0,0.5,0.4,0.1,0.5
3011,0.5,0.0,0.5,0.4,0.2,0.4
3012,0.5,0.0,0.5,0.4,0.3,0.3
3013,0.5,0.0,0.5,0.4,0.4,0.2
3014,0.5,0.0,0.5,0.4,0.5,0.1
3015,0.5,0.0,0.5,0.4,0.6,0.0
3016,0.5,0.0,0.5,0.5,0.0,0.5
3017,0.5,0.0,0.5,0.5,0.1,0.4
3018,0.5,0.0,0.5,0.5,0.2,0.3
3019,0.5,0.0,0.5,0.5,0.3,0.2
3020,0.5,0.0,0.5,0.5,0.4,0.1
3021,0.5,0.0,0.5,0.5,0.5,0.0
3022,0.5,0.0,0.5,0.6,0.0,0.4
3023,0.5,0.0,0.5,0.6,0.1,0.3
3024,0.5,0.0,0.5,0.6,0.2,0.2
3025,0.5,0.0,0.5,0.6,0.3,0.1
3026,0.5,0.0,0.5,0.6,0.4,0.0
3027,0.5,0.0,0.5,0.7,0.0,0.3
3028,0.5,0.0,0.5,0.7,0.1,0.2
3029,0.5,0.0,0.5,0.7,0.2,0.1
3030,0.5,0.0,0.5,0.7,0.3,0.0
3031,0.5,0.0,0.5,0.8,0.0,0.2
3032,0.5,0.0,0.5,0.8,0.1,0.1
3033,0.5,0.0,0.5,0.8,0.2,0.0
3034,0.5,0.0,0.5,0.9,0.0,0.1
3035,0.5,0.0,0.5,0.9,0.1,0.0
3036,0.5,0.0,0.5,1.0,0.0,0.0
3037,0.5,0.1,0.4,0.0,0.0,1.0
3038,0.5,0.1,0.4,0.0,0.1,0.9
3039,0.5,0.1,0.4,0.0,0.2,0.8
3040,0.5,0.1,0.4,0.0,0.3,0.7
3041,0.5,0.1,0.4,0.0,0.4,0.6
3042,0.5,0.1,0.4,0.0,0.5,0.5
3043,0.5,0.1,0.4,0.0,0.6,0.4
3044,0.5,0.1,0.4,0.0,0.7,0.3
3045,0.5,0.1,0.4,0.0,0.8,0.2
3046,0.5,0.1,0.4,0.0,0.9,0.1
3047,0.5,0.1,0.4,0.0,1.0,0.0
3048,0.5,0.1,0.4,0.1,0.0,0.9
3049,0.5,0.1,0.4,0.1,0.1,0.8
3050,0.5,0.1,0.4,0.1,0.2,0.7
3051,0.5,0.1,0.4,0.1,0.3,0.6
3052,0.5,0.1,0.4,0.1,0.4,0.5
3053,0.5,0.1,0.4,0.1,0.5,0.4
3054,0.5,0.1,0.4,0.1,0.6,0.3
3055,0.5,0.1,0.4,0.1,0.7,0.2
3056,0.5,0.1,0.4,0.1,0.8,0.1
3057,0.5,0.1,0.4,0.1,0.9,0.0
3058,0.5,0.1,0.4,0.2,0.0,0.8
3059,0.5,0.1,0.4,0.2,0.1,0.7
3060,0.5,0.1,0.4,0.2,0.2,0.6
3061,0.5,0.1,0.4,0.2,0.3,0.5
3062,0.5,0.1,0.4,0.2,0.4,0.4
3063,0.5,0.1,0.4,0.2,0.5,0.3
3064,0.5,0.1,0.4,0.2,0.6,0.2
3065,0.5,0.1,0.4,0.2,0.7,0.1
3066,0.5,0.1,0.4,0.2,0.8,0.0
3067,0.5,0.1,0.4,0.3,0.0,0.7
3068,0.5,0.1,0.4,0.3,0.1,0.6
3069,0.5,0.1,0.4,0.3,0.2,0.5
3070,0.5,0.1,0.4,0.3,0.3,0.4
3071,0.5,0.1,0.4,0.3,0.4,0.3
3072,0.5,0.1,0.4,0.3,0.5,0.2
3073,0.5,0.1,0.4,0.3,0.6,0.1
3074,0.5,0.1,0.4,0.3,0.7,0.0
3075,0.5,0.1,0.4,0.4,0.0,0.6
3076,0.5,0.1,0.4,0.4,0.1,0.5
3077,0.5,0.1,0.4,0.4,0.2,0.4
3078,0.5,0.1,0.4,0.4,0.3,0.3
3079,0.5,0.1,0.4,0.4,0.4,0.2
3080,0.5,0.1,0.4,0.4,0.5,0.1
3081,0.5,0.1,0.4,0.4,0.6,0.0
3082,0.5,0.1,0.4,0.5,0.0,0.5
3083,0.5,0.1,0.4,0.5,0.1,0.4
3084,0.5,0.1,0.4,0.5,0.2,0.3
3085,0.5,0.1,0.4,0.5,0.3,0.2
3086,0.5,0.1,0.4,0.5,0.4,0.1
3087,0.5,0.1,0.4,0.5,0.5,0.0
3088,0.5,0.1,0.4,0.6,0.0,0.4
3089,0.5,0.1,0.4,0.6,0.1,0.3
3090,0.5,0.1,0.4,0.6,0.2,0.2
3091,0.5,0.1,0.4,0.6,0.3,0.1
3092,0.5,0.1,0.4,0.6,0.4,0.0
3093,0.5,0.1,0.4,0.7,0.0,0.3
3094,0.5,0.1,0.4,0.7,0.1,0.2
3095,0.5,0.1,0.4,0.7,0.2,0.1
3096,0.5,0.1,0.4,0.7,0.3,0.0
3097,0.5,0.1,0.4,0.8,0.0,0.2
3098,0.5,0.1,0.4,0.8,0.1,0.1
3099,0.5,0.1,0.4,0.8,0.2,0.0
3100,0.5,0.1,0.4,0.9,0.0,0.1
3101,0.5,0.1,0.4,0.9,0.1,0.0
3102,0.5,0.1,0.4,1.0,0.0,0.0
3103,0.5,0.2,0.3,0.0,0.0,1.0
3104,0.5,0.2,0.3,0.0,0.1,0.9
3105,0.5,0.2,0.3,0.0,0.2,0.8
3106,0.5,0.2,0.3,0.0,0.3,0.7
3107,0.5,0.2,0.3,0.0,0.4,0.6
3108,0.5,0.2,0.3,0.0,0.5,0.5
3109,0.5,0.2,0.3,0.0,0.6,0.4
3110,0.5,0.2,0.3,0.0,0.7,0.3
3111,0.5,0.2,0.3,0.0,0.8,0.2
3112,0.5,0.2,0.3,0.0,0.9,0.1
3113,0.5,0.2,0.3,0.0,1.0,0.0
3114,0.5,0.2,0.3,0.1,0.0,0.9
3115,0.5,0.2,0.3,0.1,0.1,0.8
3116,0.5,0.2,0.3,0.1,0.2,0.7
3117,0.5,0.2,0.3,0.1,0.3,0.6
3118,0.5,0.2,0.3,0.1,0.4,0.5
3119,0.5,0.2,0.3,0.1,0.5,0.4
3120,0.5,0.2,0.3,0.1,0.6,0.3
3121,0.5,0.2,0.3,0.1,0.7,0.2
3122,0.5,0.2,0.3,0.1,0.8,0.1
3123,0.5,0.2,0.3,0.1,0.9,0.0
3124,0.5,0.2,0.3,0.2,0.0,0.8
3125,0.5,0.2,0.3,0.2,0.1,0.7
3126,0.5,0.2,0.3,0.2,0.2,0.6
3127,0.5,0.2,0.3,0.2,0.3,0.5
3128,0.5,0.2,0.3,0.2,0.4,0.4
3129,0.5,0.2,0.3,0.2,0.5,0.3
3130,0.5,0.2,0.3,0.2,0.6,0.2
3131,0.5,0.2,0.3,0.2,0.7,0.1
3132,0.5,0.2,0.3,0.2,0.8,0.0
3133,0.5,0.2,0.3,0.3,0.0,0.7
3134,0.5,0.2,0.3,0.3,0.1,0.6
3135,0.5,0.2,0.3,0.3,0.2,0.5
3136,0.5,0.2,0.3,0.3,0.3,0.4
3137,0.5,0.2,0.3,0.3,0.4,0.3
3138,0.5,0.2,0.3,0.3,0.5,0.2
3139,0.5,0.2,0.3,0.3,0.6,0.1
3140,0.5,0.2,0.3,0.3,0.7,0.0
3141,0.5,0.2,0.3,0.4,0.0,0.6
3142,0.5,0.2,0.3,0.4,0.1,0.5
3143,0.5,0.2,0.3,0.4,0.2,0.4
3144,0.5,0.2,0.3,0.4,0.3,0.3
3145,0.5,0.2,0.3,0.4,0.4,0.2
3146,0.5,0.2,0.3,0.4,0.5,0.1
3147,0.5,0.2,0.3,0.4,0.6,0.0
3148,0.5,0.2,0.3,0.5,0.0,0.5
3149,0.5,0.2,0.3,0.5,0.1,0.4
3150,0.5,0.2,0.3,0.5,0.2,0.3
3151,0.5,0.2,0.3,0.5,0.3,0.2
3152,0.5,0.2,0.3,0.5,0.4,0.1
3153,0.5,0.2,0.3,0.5,0.5,0.0
3154,0.5,0.2,0.3,0.6,0.0,0.4
3155,0.5,0.2,0.3,0.6,0.1,0.3
3156,0.5,0.2,0.3,0.6,0.2,0.2
3157,0.5,0.2,0.3,0.6,0.3,0.1
3158,0.5,0.2,0.3,0.6,0.4,0.0
3159,0.5,0.2,0.3,0.7,0.0,0.3
3160,0.5,0.2,0.3,0.7,0.1,0.2
3161,0.5,0.2,0.3,0.7,0.2,0.1
3162,0.5,0.2,0.3,0.7,0.3,0.0
3163,0.5,0.2,0.3,0.8,0.0,0.2
3164,0.5,0.2,0.3,0.8,0.1,0.1
3165,0.5,0.2,0.3,0.8,0.2,0.0
3166,0.5,0.2,0.3,0.9,0.0,0.1
3167,0.5,0.2,0.3,0.9,0.1,0.0
3168,0.5,0.2,0.3,1.0,0.0,0.0
3169,0.5,0.3,0.2,0.0,0.0,1.0
3170,0.5,0.3,0.2,0.0,0.1,0.9
3171,0.5,0.3,0.2,0.0,0.2,0.8
3172,0.5,0.3,0.2,0.0,0.3,0.7
3173,0.5,0.3,0.2,0.0,0.4,0.6
3174,0.5,0.3,0.2,0.0,0.5,0.5
3175,0.5,0.3,0.2,0.0,0.6,0.4
3176,0.5,0.3,0.2,0.0,0.7,0.3
3177,0.5,0.3,0.2,0.0,0.8,0.2
3178,0.5,0.3,0.2,0.0,0.9,0.1
3179,0.5,0.3,0.2,0.0,1.0,0.0
3180,0.5,0.3,0.2,0.1,0.0,0.9
3181,0.5,0.3,0.2,0.1,0.1,0.8
3182,0.5,0.3,0.2,0.1,0.2,0.7
3183,0.5,0.3,0.2,0.1,0.3,0.6
3184,0.5,0.3,0.2,0.1,0.4,0.5
3185,0.5,0.3,0.2,0.1,0.5,0.4
3186,0.5,0.3,0.2,0.1,0.6,0.3
3187,0.5,0.3,0.2,0.1,0.7,0.2
3188,0.5,0.3,0.2,0.1,0.8,0.1
3189,0.5,0.3,0.2,0.1,0.9,0.0
3190,0.5,0.3,0.2,0.2,0.0,0.8
3191,0.5,0.3,0.2,0.2,0.1,0.7
3192,0.5,0.3,0.2,0.2,0.2,0.6
3193,0.5,0.3,0.2,0.2,0.3,0.5
3194,0.5,0.3,0.2,0.2,0.4,0.4
3195,0.5,0.3,0.2,0.2,0.5,0.3
3196,0.5,0.3,0.2,0.2,0.6,0.2
3197,0.5,0.3,0.2,0.2,0.7,0.1
3198,0.5,0.3,0.2,0.2,0.8,0.0
3199,0.5,0.3,0.2,0.3,0.0,0.7
3200,0.5,0.3,0.2,0.3,0.1,0.6
3201,0.5,0.3,0.2,0.3,0.2,0.5
3202,0.5,0.3,0.2,0.3,0.3,0.4
3203,0.5,0.3,0.2,0.3,0.4,0.3
3204,0.5,0.3,0.2,0.3,0.5,0.2
3205,0.5,0.3,0.2,0.3,0.6,0.1
3206,0.5,0.3,0.2,0.3,0.7,0.0
3207,0.5,0.3,0.2,0.4,0.0,0.6
3208,0.5,0.3,0.2,0.4,0.1,0.5
3209,0.5,0.3,0.2,0.4,0.2,0.4
3210,0.5,0.3,0.2,0.4,0.3,0.3
3211,0.5,0.3,0.2,0.4,0.4,0.2
3212,0.5,0.3,0.2,0.4,0.5,0.1
3213,0.5,0.3,0.2,0.4,0.6,0.0
3214,0.5,0.3,0.2,0.5,0.0,0.5
3215,0.5,0.3,0.2,0.5,0.1,0.4
3216,0.5,0.3,0.2,0.5,0.2,0.3
3217,0.5,0.3,0.2,0.5,0.3,0.2
3218,0.5,0.3,0.2,0.5,0.4,0.1
3219,0.5,0.3,0.2,0.5,0.5,0.0
3220,0.5,0.3,0.2,0.6,0.0,0.4
3221,0.5,0.3,0.2,0.6,0.1,0.3
3222,0.5,0.3,0.2,0.6,0.2,0.2
3223,0.5,0.3,0.2,0.6,0.3,0.1
3224,0.5,0.3,0.2,0.6,0.4,0.0
3225,0.5,0.3,0.2,0.7,0.0,0.3
3226,0.5,0.3,0.2,0.7,0.1,0.2
3227,0.5,0.3,0.2,0.7,0.2,0.1
3228,0.5,0.3,0.2,0.7,0.3,0.0
3229,0.5,0.3,0.2,0.8,0.0,0.2
3230,0.5,0.3,0.2,0.8,0.1,0.1
3231,0.5,0.3,0.2,0.8,0.2,0.0
3232,0.5,0.3,0.2,0.9,0.0,0.1
3233,0.5,0.3,0.2,0.9,0.1,0.0
3234,0.5,0.3,0.2,1.0,0.0,0.0
3235,0.5,0.4,0.1,0.0,0.0,1.0
3236,0.5,0.4,0.1,0.0,0.1,0.9
3237,0.5,0.4,0.1,0.0,0.2,0.8
3238,0.5,0.4,0.1,0.0,0.3,0.7
3239,0.5,0.4,0.1,0.0,0.4,0.6
3240,0.5,0.4,0.1,0.0,0.5,0.5
3241,0.5,0.4,0.1,0.0,0.6,0.4
3242,0.5,0.4,0.1,0.0,0.7,0.3
3243,0.5,0.4,0.1,0.0,0.8,0.2
3244,0.5,0.4,0.1,0.0,0.9,0.1
3245,0.5,0.4,0.1,0.0,1.0,0.0
3246,0.5,0.4,0.1,0.1,0.0,0.9
3247,0.5,0.4,0.1,0.1,0.1,0.8
3248,0.5,0.4,0.1,0.1,0.2,0.7
3249,0.5,0.4,0.1,0.1,0.3,0.6
3250,0.5,0.4,0.1,0.1,0.4,0.5
3251,0.5,0.4,0.1,0.1,0.5,0.4
3252,0.5,0.4,0.1,0.1,0.6,0.3
3253,0.5,0.4,0.1,0.1,0.7,0.2
3254,0.5,0.4,0.1,0.1,0.8,0.1
3255,0.5,0.4,0.1,0.1,0.9,0.0
3256,0.5,0.4,0.1,0.2,0.0,0.8
3257,0.5,0.4,0.1,0.2,0.1,0.7
3258,0.5,0.4,0.1,0.2,0.2,0.6
3259,0.5,0.4,0.1,0.2,0.3,0.5
3260,0.5,0.4,0.1,0.2,0.4,0.4
3261,0.5,0.4,0.1,0.2,0.5,0.3
3262,0.5,0.4,0.1,0.2,0.6,0.2
3263,0.5,0.4,0.1,0.2,0.7,0.1
3264,0.5,0.4,0.1,0.2,0.8,0.0
3265,0.5,0.4,0.1,0.3,0.0,0.7
3266,0.5,0.4,0.1,0.3,0.1,0.6
3267,0.5,0.4,0.1,0.3,0.2,0.5
3268,0.5,0.4,0.1,0.3,0.3,0.4
3269,0.5,0.4,0.1,0.3,0.4,0.3
3270,0.5,0.4,0.1,0.3,0.5,0.2
3271,0.5,0.4,0.1,0.3,0.6,0.1
3272,0.5,0.4,0.1,0.3,0.7,0.0
3273,0.5,0.4,0.1,0.4,0.0,0.6
3274,0.5,0.4,0.1,0.4,0.1,0.5
3275,0.5,0.4,0.1,0.4,0.2,0.4
3276,0.5,0.4,0.1,0.4,0.3,0.3
3277,0.5,0.4,0.1,0.4,0.4,0.2
3278,0.5,0.4,0.1,0.4,0.5,0.1
3279,0.5,0.4,0.1,0.4,0.6,0.0
3280,0.5,0.4,0.1,0.5,0.0,0.5
3281,0.5,0.4,0.1,0.5,0.1,0.4
3282,0.5,0.4,0.1,0.5,0.2,0.3
3283,0.5,0.4,0.1,0.5,0.3,0.2
3284,0.5,0.4,0.1,0.5,0.4,0.1
3285,0.5,0.4,0.1,0.5,0.5,0.0
3286,0.5,0.4,0.1,0.6,0.0,0.4
3287,0.5,0.4,0.1,0.6,0.1,0.3
3288,0.5,0.4,0.1,0.6,0.2,0.2
3289,0.5,0.4,0.1,0.6,0.3,0.1
3290,0.5,0.4,0.1,0.6,0.4,0.0
3291,0.5,0.4,0.1,0.7,0.0,0.3
3292,0.5,0.4,0.1,0.7,0.1,0.2
3293,0.5,0.4,0.1,0.7,0.2,0.1
3294,0.5,0.4,0.1,0.7,0.3,0.0
3295,0.5,0.4,0.1,0.8,0.0,0.2
3296,0.5,0.4,0.1,0.8,0.1,0.1
3297,0.5,0.4,0.1,0.8,0.2,0.0
3298,0.5,0.4,0.1,0.9,0.0,0.1
3299,0.5,0.4,0.1,0.9,0.1,0.0
3300,0.5,0.4,0.1,1.0,0.0,0.0
3301,0.5,0.5,0.0,0.0,0.0,1.0
3302,0.5,0.5,0.0,0.0,0.1,0.9
3303,0.5,0.5,0.0,0.0,0.2,0.8
3304,0.5,0.5,0.0,0.0,0.3,0.7
3305,0.5,0.5,0.0,0.0,0.4,0.6
3306,0.5,0.5,0.0,0.0,0.5,0.5
3307,0.5,0.5,0.0,0.0,0.6,0.4
3308,0.5,0.5,0.0,0.0,0.7,0.3
3309,0.5,0.5,0.0,0.0,0.8,0.2
3310,0.5,0.5,0.0,0.0,0.9,0.1
3311,0.5,0.5,0.0,0.0,1.0,0.0
3312,0.5,0.5,0.0,0.1,0.0,0.9
3313,0.5,0.5,0.0,0.1,0.1,0.8
3314,0.5,0.5,0.0,0.1,0.2,0.7
3315,0.5,0.5,0.0,0.1,0.3,0.6
3316,0.5,0.5,0.0,0.1,0.4,0.5
3317,0.5,0.5,0.0,0.1,0.5,0.4
3318,0.5,0.5,0.0,0.1,0.6,0.3
3319,0.5,0.5,0.0,0.1,0.7,0.2
3320,0.5,0.5,0.0,0.1,0.8,0.1
3321,0.5,0.5,0.0,0.1,0.9,0.0
3322,0.5,0.5,0.0,0.2,0.0,0.8
3323,0.5,0.5,0.0,0.2,0.1,0.7
3324,0.5,0.5,0.0,0.2,0.2,0.6
3325,0.5,0.5,0.0,0.2,0.3,0.5
3326,0.5,0.5,0.0,0.2,0.4,0.4
3327,0.5,0.5,0.0,0.2,0.5,0.3
3328,0.5,0.5,0.0,0.2,0.6,0.2
3329,0.5,0.5,0.0,0.2,0.7,0.1
3330,0.5,0.5,0.0,0.2,0.8,0.0
3331,0.5,0.5,0.0,0.3,0.0,0.7
3332,0.5,0.5,0.0,0.3,0.1,0.6
3333,0.5,0.5,0.0,0.3,0.2,0.5
3334,0.5,0.5,0.0,0.3,0.3,0.4
3335,0.5,0.5,0.0,0.3,0.4,0.3
3336,0.5,0.5,0.0,0.3,0.5,0.2
3337,0.5,0.5,0.0,0.3,0.6,0.1
3338,0.5,0.5,0.0,0.3,0.7,0.0
3339,0.5,0.5,0.0,0.4,0.0,0.6
3340,0.5,0.5,0.0,0.4,0.1,0.5
3341,0.5,0.5,0.0,0.4,0.2,0.4
3342,0.5,0.5,0.0,0.4,0.3,0.3
3343,0.5,0.5,0.0,0.4,0.4,0.2
3344,0.5,0.5,0.0,0.4,0.5,0.1
3345,0.5,0.5,0.0,0.4,0.6,0.0
3346,0.5,0.5,0.0,0.5,0.0,0.5
3347,0.5,0.5,0.0,0.5,0.1,0.4
3348,0.5,0.5,0.0,0.5,0.2,0.3
3349,0.5,0.5,0.0,0.5,0.3,0.2
3350,0.5,0.5,0.0,0.5,0.4,0.1
3351,0.5,0.5,0.0,0.5,0.5,0.0
3352,0.5,0.5,0.0,0.6,0.0,0.4
3353,0.5,0.5,0.0,0.6,0.1,0.3
3354,0.5,0.5,0.0,0.6,0.2,0.2
3355,0.5,0.5,0.0,0.6,0.3,0.1
3356,0.5,0.5,0.0,0.6,0.4,0.0
3357,0.5,0.5,0.0,0.7,0.0,0.3
3358,0.5,0.5,0.0,0.7,0.1,0.2
3359,0.5,0.5,0.0,0.7,0.2,0.1
3360,0.5,0.5,0.0,0.7,0.3,0.0
3361,0.5,0.5,0.0,0.8,0.0,0.2
3362,0.5,0.5,0.0,0.8,0.1,0.1
3363,0.5,0.5,0.0,0.8,0.2,0.0
3364,0.5,0.5,0.0,0.9,0.0,0.1
3365,0.5,0.5,0.0,0.9,0.1,0.0
3366,0.5,0.5,0.0,1.0,0.0,0.0
3367,0.6,0.0,0.4,0.0,0.0,1.0
3368,0.6,0.0,0.4,0.0,0.1,0.9
3369,0.6,0.0,0.4,0.0,0.2,0.8
3370,0.6,0.0,0.4,0.0,0.3,0.7
3371,0.6,0.0,0.4,0.0,0.4,0.6
3372,0.6,0.0,0.4,0.0,0.5,0.5
3373,0.6,0.0,0.4,0.0,0.6,0.4
3374,0.6,0.0,0.4,0.0,0.7,0.3
3375,0.6,0.0,0.4,0.0,0.8,0.2
3376,0.6,0.0,0.4,0.0,0.9,0.1
3377,0.6,0.0,0.4,0.0,1.0,0.0
3378,0.6,0.0,0.4,0.1,0.0,0.9
3379,0.6,0.0,0.4,0.1,0.1,0.8
3380,0.6,0.0,0.4,0.1,0.2,0.7
3381,0.6,0.0,0.4,0.1,0.3,0.6
3382,0.6,0.0,0.4,0.1,0.4,0.5
3383,0.6,0.0,0.4,0.1,0.5,0.4
3384,0.6,0.0,0.4,0.1,0.6,0.3
3385,0.6,0.0,0.4,0.1,0.7,0.2
3386,0.6,0.0,0.4,0.1,0.8,0.1
3387,0.6,0.0,0.4,0.1,0.9,0.0
3388,0.6,0.0,0.4,0.2,0.0,0.8
3389,0.6,0.0,0.4,0.2,0.1,0.7
3390,0.6,0.0,0.4,0.2,0.2,0.6
3391,0.6,0.0,0.4,0.2,0.3,0.5
3392,0.6,0.0,0.4,0.2,0.4,0.4
3393,0.6,0.0,0.4,0.2,0.5,0.3
3394,0.6,0.0,0.4,0.2,0.6,0.2
3395,0.6,0.0,0.4,0.2,0.7,0.1
3396,0.6,0.0,0.4,0.2,0.8,0.0
3397,0.6,0.0,0.4,0.3,0.0,0.7
3398,0.6,0.0,0.4,0.3,0.1,0.6
3399,0.6,0.0,0.4,0.3,0.2,0.5
3400,0.6,0.0,0.4,0.3,0.3,0.4
3401,0.6,0.0,0.4,0.3,0.4,0.3
3402,0.6,0.0,0.4,0.3,0.5,0.2
3403,0.6,0.0,0.4,0.3,0.6,0.1
3404,0.6,0.0,0.4,0.3,0.7,0.0
3405,0.6,0.0,0.4,0.4,0.0,0.6
3406,0.6,0.0,0.4,0.4,0.1,0.5
3407,0.6,0.0,0.4,0.4,0.2,0.4
3408,0.6,0.0,0.4,0.4,0.3,0.3
3409,0.6,0.0,0.4,0.4,0.4,0.2
3410,0.6,0.0,0.4,0.4,0.5,0.1
3411,0.6,0.0,0.4,0.4,0.6,0.0
3412,0.6,0.0,0.4,0.5,0.0,0.5
3413,0.6,0.0,0.4,0.5,0.1,0.4
3414,0.6,0.0,0.4,0.5,0.2,0.3
3415,0.6,0.0,0.4,0.5,0.3,0.2
3416,0.6,0.0,0.4,0.5,0.4,0.1
3417,0.6,0.0,0.4,0.5,0.5,0.0
3418,0.6,0.0,0.4,0.6,0.0,0.4
3419,0.6,0.0,0.4,0.6,0.1,0.3
3420,0.6,0.0,0.4,0.6,0.2,0.2
3421,0.6,0.0,0.4,0.6,0.3,0.1
3422,0.6,0.0,0.4,0.6,0.4,0.0
3423,0.6,0.0,0.4,0.7,0.0,0.3
3424,0.6,0.0,0.4,0.7,0.1,0.2
3425,0.6,0.0,0.4,0.7,0.2,0.1
3426,0.6,0.0,0.4,0.7,0.3,0.0
3427,0.6,0.0,0.4,0.8,0.0,0.2
3428,0.6,0.0,0.4,0.8,0.1,0.1
3429,0.6,0.0,0.4,0.8,0.2,0.0
3430,0.6,0.0,0.4,0.9,0.0,0.1
3431,0.6,0.0,0.4,0.9,0.1,0.0
3432,0.6,0.0,0.4,1.0,0.0,0.0
3433,0.6,0.1,0.3,0.0,0.0,1.0
3434,0.6,0.1,0.3,0.0,0.1,0.9
3435,0.6,0.1,0.3,0.0,0.2,0.8
3436,0.6,0.1,0.3,0.0,0.3,0.7
3437,0.6,0.1,0.3,0.0,0.4,0.6
3438,0.6,0.1,0.3,0.0,0.5,0.5
3439,0.6,0.1,0.3,0.0,0.6,0.4
3440,0.6,0.1,0.3,0.0,0.7,0.3
3441,0.6,0.1,0.3,0.0,0.8,0.2
3442,0.6,0.1,0.3,0.0,0.9,0.1
3443,0.6,0.1,0.3,0.0,1.0,0.0
3444,0.6,0.1,0.3,0.1,0.0,0.9
3445,0.6,0.1,0.3,0.1,0.1,0.8
3446,0.6,0.1,0.3,0.1,0.2,0.7
3447,0.6,0.1,0.3,0.1,0.3,0.6
3448,0.6,0.1,0.3,0.1,0.4,0.5
3449,0.6,0.1,0.3,0.1,0.5,0.4
3450,0.6,0.1,0.3,0.1,0.6,0.3
3451,0.6,0.1,0.3,0.1,0.7,0.2
3452,0.6,0.1,0.3,0.1,0.8,0.1
3453,0.6,0.1,0.3,0.1,0.9,0.0
3454,0.6,0.1,0.3,0.2,0.0,0.8
3455,0.6,0.1,0.3,0.2,0.1,0.7
3456,0.6,0.1,0.3,0.2,0.2,0.6
3457,0.6,0.1,0.3,0.2,0.3,0.5
3458,0.6,0.1,0.3,0.2,0.4,0.4
3459,0.6,0.1,0.3,0.2,0.5,0.3
3460,0.6,0.1,0.3,0.2,0.6,0.2
3461,0.6,0.1,0.3,0.2,0.7,0.1
3462,0.6,0.1,0.3,0.2,0.8,0.0
3463,0.6,0.1,0.3,0.3,0.0,0.7
3464,0.6,0.1,0.3,0.3,0.1,0.6
3465,0.6,0.1,0.3,0.3,0.2,0.5
3466,0.6,0.1,0.3,0.3,0.3,0.4
3467,0.6,0.1,0.3,0.3,0.4,0.3
3468,0.6,0.1,0.3,0.3,0.5,0.2
3469,0.6,0.1,0.3,0.3,0.6,0.1
3470,0.6,0.1,0.3,0.3,0.7,0.0
3471,0.6,0.1,0.3,0.4,0.0,0.6
3472,0.6,0.1,0.3,0.4,0.1,0.5
3473,0.6,0.1,0.3,0.4,0.2,0.4
3474,0.6,0.1,0.3,0.4,0.3,0.3
3475,0.6,0.1,0.3,0.4,0.4,0.2
3476,0.6,0.1,0.3,0.4,0.5,0.1
3477,0.6,0.1,0.3,0.4,0.6,0.0
3478,0.6,0.1,0.3,0.5,0.0,0.5
3479,0.6,0.1,0.3,0.5,0.1,0.4
3480,0.6,0.1,0.3,0.5,0.2,0.3
3481,0.6,0.1,0.3,0.5,0.3,0.2
3482,0.6,0.1,0.3,0.5,0.4,0.1
3483,0.6,0.1,0.3,0.5,0.5,0.0
3484,0.6,0.1,0.3,0.6,0.0,0.4
3485,0.6,0.1,0.3,0.6,0.1,0.3
3486,0.6,0.1,0.3,0.6,0.2,0.2
3487,0.6,0.1,0.3,0.6,0.3,0.1
3488,0.6,0.1,0.3,0.6,0.4,0.0
3489,0.6,0.1,0.3,0.7,0.0,0.3
3490,0.6,0.1,0.3,0.7,0.1,0.2
3491,0.6,0.1,0.3,0.7,0.2,0.1
3492,0.6,0.1,0.3,0.7,0.3,0.0
3493,0.6,0.1,0.3,0.8,0.0,0.2
3494,0.6,0.1,0.3,0.8,0.1,0.1
3495,0.6,0.1,0.3,0.8,0.2,0.0
3496,0.6,0.1,0.3,0.9,0.0,0.1
3497,0.6,0.1,0.3,0.9,0.1,0.0
3498,0.6,0.1,0.3,1.0,0.0,0.0
3499,0.6,0.2,0.2,0.0,0.0,1.0
3500,0.6,0.2,0.2,0.0,0.1,0.9
3501,0.6,0.2,0.2,0.0,0.2,0.8
3502,0.6,0.2,0.2,0.0,0.3,0.7
3503,0.6,0.2,0.2,0.0,0.4,0.6
3504,0.6,0.2,0.2,0.0,0.5,0.5
3505,0.6,0.2,0.2,0.0,0.6,0.4
3506,0.6,0.2,0.2,0.0,0.7,0.3
3507,0.6,0.2,0.2,0.0,0.8,0.2
3508,0.6,0.2,0.2,0.0,0.9,0.1
3509,0.6,0.2,0.2,0.0,1.0,0.0
3510,0.6,0.2,0.2,0.1,0.0,0.9
3511,0.6,0.2,0.2,0.1,0.1,0.8
3512,0.6,0.2,0.2,0.1,0.2,0.7
3513,0.6,0.2,0.2,0.1,0.3,0.6
3514,0.6,0.2,0.2,0.1,0.4,0.5
3515,0.6,0.2,0.2,0.1,0.5,0.4
3516,0.6,0.2,0.2,0.1,0.6,0.3
3517,0.6,0.2,0.2,0.1,0.7,0.2
3518,0.6,0.2,0.2,0.1,0.8,0.1
3519,0.6,0.2,0.2,0.1,0.9,0.0
3520,0.6,0.2,0.2,0.2,0.0,0.8
3521,0.6,0.2,0.2,0.2,0.1,0.7
3522,0.6,0.2,0.2,0.2,0.2,0.6
3523,0.6,0.2,0.2,0.2,0.3,0.5
3524,0.6,0.2,0.2,0.2,0.4,0.4
3525,0.6,0.2,0.2,0.2,0.5,0.3
3526,0.6,0.2,0.2,0.2,0.6,0.2
3527,0.6,0.2,0.2,0.2,0.7,0.1
3528,0.6,0.2,0.2,0.2,0.8,0.0
3529,0.6,0.2,0.2,0.3,0.0,0.7
3530,0.6,0.2,0.2,0.3,0.1,0.6
3531,0.6,0.2,0.2,0.3,0.2,0.5
3532,0.6,0.2,0.2,0.3,0.3,0.4
3533,0.6,0.2,0.2,0.3,0.4,0.3
3534,0.6,0.2,0.2,0.3,0.5,0.2
3535,0.6,0.2,0.2,0.3,0.6,0.1
3536,0.6,0.2,0.2,0.3,0.7,0.0
3537,0.6,0.2,0.2,0.4,0.0,0.6
3538,0.6,0.2,0.2,0.4,0.1,0.5
3539,0.6,0.2,0.2,0.4,0.2,0.4
3540,0.6,0.2,0.2,0.4,0.3,0.3
3541,0.6,0.2,0.2,0.4,0.4,0.2
3542,0.6,0.2,0.2,0.4,0.5,0.1
3543,0.6,0.2,0.2,0.4,0.6,0.0
3544,0.6,0.2,0.2,0.5,0.0,0.5
3545,0.6,0.2,0.2,0.5,0.1,0.4
3546,0.6,0.2,0.2,0.5,0.2,0.3
3547,0.6,0.2,0.2,0.5,0.3,0.2
3548,0.6,0.2,0.2,0.5,0.4,0.1
3549,0.6,0.2,0.2,0.5,0.5,0.0
3550,0.6,0.2,0.2,0.6,0.0,0.4
3551,0.6,0.2,0.2,0.6,0.1,0.3
3552,0.6,0.2,0.2,0.6,0.2,0.2
3553,0.6,0.2,0.2,0.6,0.3,0.1
3554,0.6,0.2,0.2,0.6,0.4,0.0
3555,0.6,0.2,0.2,0.7,0.0,0.3
3556,0.6,0.2,0.2,0.7,0.1,0.2
3557,0.6,0.2,0.2,0.7,0.2,0.1
3558,0.6,0.2,0.2,0.7,0.3,0.0
3559,0.6,0.2,0.2,0.8,0.0,0.2
3560,0.6,0.2,0.2,0.8,0.1,0.1
3561,0.6,0.2,0.2,0.8,0.2,0.0
3562,0.6,0.2,0.2,0.9,0.0,0.1
3563,0.6,0.2,0.2,0.9,0.1,0.0
3564,0.6,0.2,0.2,1.0,0.0,0.0
3565,0.6,0.3,0.1,0.0,0.0,1.0
3566,0.6,0.3,0.1,0.0,0.1,0.9
3567,0.6,0.3,0.1,0.0,0.2,0.8
3568,0.6,0.3,0.1,0.0,0.3,0.7
3569,0.6,0.3,0.1,0.0,0.4,0.6
3570,0.6,0.3,0.1,0.0,0.5,0.5
3571,0.6,0.3,0.1,0.0,0.6,0.4
3572,0.6,0.3,0.1,0.0,0.7,0.3
3573,0.6,0.3,0.1,0.0,0.8,0.2
3574,0.6,0.3,0.1,0.0,0.9,0.1
3575,0.6,0.3,0.1,0.0,1.0,0.0
3576,0.6,0.3,0.1,0.1,0.0,0.9
3577,0.6,0.3,0.1,0.1,0.1,0.8
3578,0.6,0.3,0.1,0.1,0.2,0.7
3579,0.6,0.3,0.1,0.1,0.3,0.6
3580,0.6,0.3,0.1,0.1,0.4,0.5
3581,0.6,0.3,0.1,0.1,0.5,0.4
3582,0.6,0.3,0.1,0.1,0.6,0.3
3583,0.6,0.3,0.1,0.1,0.7,0.2
3584,0.6,0.3,0.1,0.1,0.8,0.1
3585,0.6,0.3,0.1,0.1,0.9,0.0
3586,0.6,0.3,0.1,0.2,0.0,0.8
3587,0.6,0.3,0.1,0.2,0.1,0.7
3588,0.6,0.3,0.1,0.2,0.2,0.6
3589,0.6,0.3,0.1,0.2,0.3,0.5
3590,0.6,0.3,0.1,0.2,0.4,0.4
3591,0.6,0.3,0.1,0.2,0.5,0.3
3592,0.6,0.3,0.1,0.2,0.6,0.2
3593,0.6,0.3,0.1,0.2,0.7,0.1
3594,0.6,0.3,0.1,0.2,0.8,0.0
3595,0.6,0.3,0.1,0.3,0.0,0.7
3596,0.6,0.3,0.1,0.3,0.1,0.6
3597,0.6,0.3,0.1,0.3,0.2,0.5
3598,0.6,0.3,0.1,0.3,0.3,0.4
3599,0.6,0.3,0.1,0.3,0.4,0.3
3600,0.6,0.3,0.1,0.3,0.5,0.2
3601,0.6,0.3,0.1,0.3,0.6,0.1
3602,0.6,0.3,0.1,0.3,0.7,0.0
3603,0.6,0.3,0.1,0.4,0.0,0.6
3604,0.6,0.3,0.1,0.4,0.1,0.5
3605,0.6,0.3,0.1,0.4,0.2,0.4
3606,0.6,0.3,0.1,0.4,0.3,0.3
3607,0.6,0.3,0.1,0.4,0.4,0.2
3608,0.6,0.3,0.1,0.4,0.5,0.1
3609,0.6,0.3,0.1,0.4,0.6,0.0
3610,0.6,0.3,0.1,0.5,0.0,0.5
3611,0.6,0.3,0.1,0.5,0.1,0.4
3612,0.6,0.3,0.1,0.5,0.2,0.3
3613,0.6,0.3,0.1,0.5,0.3,0.2
3614,0.6,0.3,0.1,0.5,0.4,0.1
3615,0.6,0.3,0.1,0.5,0.5,0.0
3616,0.6,0.3,0.1,0.6,0.0,0.4
3617,0.6,0.3,0.1,0.6,0.1,0.3
3618,0.6,0.3,0.1,0.6,0.2,0.2
3619,0.6,0.3,0.1,0.6,0.3,0.1
3620,0.6,0.3,0.1,0.6,0.4,0.0
3621,0.6,0.3,0.1,0.7,0.0,0.3
3622,0.6,0.3,0.1,0.7,0.1,0.2
3623,0.6,0.3,0.1,0.7,0.2,0.1
3624,0.6,0.3,0.1,0.7,0.3,0.0
3625,0.6,0.3,0.1,0.8,0.0,0.2
3626,0.6,0.3,0.1,0.8,0.1,0.1
3627,0.6,0.3,0.1,0.8,0.2,0.0
3628,0.6,0.3,0.1,0.9,0.0,0.1
3629,0.6,0.3,0.1,0.9,0.1,0.0
3630,0.6,0.3,0.1,1.0,0.0,0.0
3631,0.6,0.4,0.0,0.0,0.0,1.0
3632,0.6,0.4,0.0,0.0,0.1,0.9
3633,0.6,0.4,0.0,0.0,0.2,0.8
3634,0.6,0.4,0.0,0.0,0.3,0.7
3635,0.6,0.4,0.0,0.0,0.4,0.6
3636,0.6,0.4,0.0,0.0,0.5,0.5
3637,0.6,0.4,0.0,0.0,0.6,0.4
3638,0.6,0.4,0.0,0.0,0.7,0.3
3639,0.6,0.4,0.0,0.0,0.8,0.2
3640,0.6,0.4,0.0,0.0,0.9,0.1
3641,0.6,0.4,0.0,0.0,1.0,0.0
3642,0.6,0.4,0.0,0.1,0.0,0.9
3643,0.6,0.4,0.0,0.1,0.1,0.8
3644,0.6,0.4,0.0,0.1,0.2,0.7
3645,0.6,0.4,0.0,0.1,0.3,0.6
3646,0.6,0.4,0.0,0.1,0.4,0.5
3647,0.6,0.4,0.0,0.1,0.5,0.4
3648,0.6,0.4,0.0,0.1,0.6,0.3
3649,0.6,0.4,0.0,0.1,0.7,0.2
3650,0.6,0.4,0.0,0.1,0.8,0.1
3651,0.6,0.4,0.0,0.1,0.9,0.0
3652,0.6,0.4,0.0,0.2,0.0,0.8
3653,0.6,0.4,0.0,0.2,0.1,0.7
3654,0.6,0.4,0.0,0.2,0.2,0.6
3655,0.6,0.4,0.0,0.2,0.3,0.5
3656,0.6,0.4,0.0,0.2,0.4,0.4
3657,0.6,0.4,0.0,0.2,0.5,0.3
3658,0.6,0.4,0.0,0.2,0.6,0.2
3659,0.6,0.4,0.0,0.2,0.7,0.1
3660,0.6,0.4,0.0,0.2,0.8,0.0
3661,0.6,0.4,0.0,0.3,0.0,0.7
3662,0.6,0.4,0.0,0.3,0.1,0.6
3663,0.6,0.4,0.0,0.3,0.2,0.5
3664,0.6,0.4,0.0,0.3,0.3,0.4
3665,0.6,0.4,0.0,0.3,0.4,0.3
3666,0.6,0.4,0.0,0.3,0.5,0.2
3667,0.6,0.4,0.0,0.3,0.6,0.1
3668,0.6,0.4,0.0,0.3,0.7,0.0
3669,0.6,0.4,0.0,0.4,0.0,0.6
3670,0.6,0.4,0.0,0.4,0.1,0.5
3671,0.6,0.4,0.0,0.4,0.2,0.4
3672,0.6,0.4,0.0,0.4,0.3,0.3
3673,0.6,0.4,0.0,0.4,0.4,0.2
3674,0.6,0.4,0.0,0.4,0.5,0.1
3675,0.6,0.4,0.0,0.4,0.6,0.0
3676,0.6,0.4,0.0,0.5,0.0,0.5
3677,0.6,0.4,0.0,0.5,0.1,0.4
3678,0.6,0.4,0.0,0.5,0.2,0.3
3679,0.6,0.4,0.0,0.5,0.3,0.2
3680,0.6,0.4,0.0,0.5,0.4,0.1
3681,0.6,0.4,0.0,0.5,0.5,0.0
3682,0.6,0.4,0.0,0.6,0.0,0.4
3683,0.6,0.4,0.0,0.6,0.1,0.3
3684,0.6,0.4,0.0,0.6,0.2,0.2
3685,0.6,0.4,0.0,0.6,0.3,0.1
3686,0.6,0.4,0.0,0.6,0.4,0.0
3687,0.6,0.4,0.0,0.7,0.0,0.3
3688,0.6,0.4,0.0,0.7,0.1,0.2
3689,0.6,0.4,0.0,0.7,0.2,0.1
3690,0.6,0.4,0.0,0.7,0.3,0.0
3691,0.6,0.4,0.0,0.8,0.0,0.2
3692,0.6,0.4,0.0,0.8,0.1,0.1
3693,0.6,0.4,0.0,0.8,0.2,0.0
3694,0.6,0.4,0.0,0.9,0.0,0.1
3695,0.6,0.4,0.0,0.9,0.1,0.0
3696,0.6,0.4,0.0,1.0,0.0,0.0
3697,0.7,0.0,0.3,0.0,0.0,1.0
3698,0.7,0.0,0.3,0.0,0.1,0.9
3699,0.7,0.0,0.3,0.0,0.2,0.8
3700,0.7,0.0,0.3,0.0,0.3,0.7
3701,0.7,0.0,0.3,0.0,0.4,0.6
3702,0.7,0.0,0.3,0.0,0.5,0.5
3703,0.7,0.0,0.3,0.0,0.6,0.4
3704,0.7,0.0,0.3,0.0,0.7,0.3
3705,0.7,0.0,0.3,0.0,0.8,0.2
3706,0.7,0.0,0.3,0.0,0.9,0.1
3707,0.7,0.0,0.3,0.0,1.0,0.0
3708,0.7,0.0,0.3,0.1,0.0,0.9
3709,0.7,0.0,0.3,0.1,0.1,0.8
3710,0.7,0.0,0.3,0.1,0.2,0.7
3711,0.7,0.0,0.3,0.1,0.3,0.6
3712,0.7,0.0,0.3,0.1,0.4,0.5
3713,0.7,0.0,0.3,0.1,0.5,0.4
3714,0.7,0.0,0.3,0.1,0.6,0.3
3715,0.7,0.0,0.3,0.1,0.7,0.2
3716,0.7,0.0,0.3,0.1,0.8,0.1
3717,0.7,0.0,0.3,0.1,0.9,0.0
3718,0.7,0.0,0.3,0.2,0.0,0.8
3719,0.7,0.0,0.3,0.2,0.1,0.7
3720,0.7,0.0,0.3,0.2,0.2,0.6
3721,0.7,0.0,0.3,0.2,0.3,0.5
3722,0.7,0.0,0.3,0.2,0.4,0.4
3723,0.7,0.0,0.3,0.2,0.5,0.3
3724,0.7,0.0,0.3,0.2,0.6,0.2
3725,0.7,0.0,0.3,0.2,0.7,0.1
3726,0.7,0.0,0.3,0.2,0.8,0.0
3727,0.7,0.0,0.3,0.3,0.0,0.7
3728,0.7,0.0,0.3,0.3,0.1,0.6
3729,0.7,0.0,0.3,0.3,0.2,0.5
3730,0.7,0.0,0.3,0.3,0.3,0.4
3731,0.7,0.0,0.3,0.3,0.4,0.3
3732,0.7,0.0,0.3,0.3,0.5,0.2
3733,0.7,0.0,0.3,0.3,0.6,0.1
3734,0.7,0.0,0.3,0.3,0.7,0.0
3735,0.7,0.0,0.3,0.4,0.0,0.6
3736,0.7,0.0,0.3,0.4,0.1,0.5
3737,0.7,0.0,0.3,0.4,0.2,0.4
3738,0.7,0.0,0.3,0.4,0.3,0.3
3739,0.7,0.0,0.3,0.4,0.4,0.2
3740,0.7,0.0,0.3,0.4,0.5,0.1
3741,0.7,0.0,0.3,0.4,0.6,0.0
3742,0.7,0.0,0.3,0.5,0.0,0.5
3743,0.7,0.0,0.3,0.5,0.1,0.4
3744,0.7,0.0,0.3,0.5,0.2,0.3
3745,0.7,0.0,0.3,0.5,0.3,0.2
3746,0.7,0.0,0.3,0.5,0.4,0.1
3747,0.7,0.0,0.3,0.5,0.5,0.0
3748,0.7,0.0,0.3,0.6,0.0,0.4
3749,0.7,0.0,0.3,0.6,0.1,0.3
3750,0.7,0.0,0.3,0.6,0.2,0.2
3751,0.7,0.0,0.3,0.6,0.3,0.1
3752,0.7,0.0,0.3,0.6,0.4,0.0
3753,0.7,0.0,0.3,0.7,0.0,0.3
3754,0.7,0.0,0.3,0.7,0.1,0.2
3755,0.7,0.0,0.3,0.7,0.2,0.1
3756,0.7,0.0,0.3,0.7,0.3,0.0
3757,0.7,0.0,0.3,0.8,0.0,0.2
3758,0.7,0.0,0.3,0.8,0.1,0.1
3759,0.7,0.0,0.3,0.8,0.2,0.0
3760,0.7,0.0,0.3,0.9,0.0,0.1
3761,0.7,0.0,0.3,0.9,0.1,0.0
3762,0.7,0.0,0.3,1.0,0.0,0.0
3763,0.7,0.1,0.2,0.0,0.0,1.0
3764,0.7,0.1,0.2,0.0,0.1,0.9
3765,0.7,0.1,0.2,0.0,0.2,0.8
3766,0.7,0.1,0.2,0.0,0.3,0.7
3767,0.7,0.1,0.2,0.0,0.4,0.6
3768,0.7,0.1,0.2,0.0,0.5,0.5
3769,0.7,0.1,0.2,0.0,0.6,0.4
3770,0.7,0.1,0.2,0.0,0.7,0.3
3771,0.7,0.1,0.2,0.0,0.8,0.2
3772,0.7,0.1,0.2,0.0,0.9,0.1
3773,0.7,0.1,0.2,0.0,1.0,0.0
3774,0.7,0.1,0.2,0.1,0.0,0.9
3775,0.7,0.1,0.2,0.1,0.1,0.8
3776,0.7,0.1,0.2,0.1,0.2,0.7
3777,0.7,0.1,0.2,0.1,0.3,0.6
3778,0.7,0.1,0.2,0.1,0.4,0.5
3779,0.7,0.1,0.2,0.1,0.5,0.4
3780,0.7,0.1,0.2,0.1,0.6,0.3
3781,0.7,0.1,0.2,0.1,0.7,0.2
3782,0.7,0.1,0.2,0.1,0.8,0.1
3783,0.7,0.1,0.2,0.1,0.9,0.0
3784,0.7,0.1,0.2,0.2,0.0,0.8
3785,0.7,0.1,0.2,0.2,0.1,0.7
3786,0.7,0.1,0.2,0.2,0.2,0.6
3787,0.7,0.1,0.2,0.2,0.3,0.5
3788,0.7,0.1,0.2,0.2,0.4,0.4
3789,0.7,0.1,0.2,0.2,0.5,0.3
3790,0.7,0.1,0.2,0.2,0.6,0.2
3791,0.7,0.1,0.2,0.2,0.7,0.1
3792,0.7,0.1,0.2,0.2,0.8,0.0
3793,0.7,0.1,0.2,0.3,0.0,0.7
3794,0.7,0.1,0.2,0.3,0.1,0.6
3795,0.7,0.1,0.2,0.3,0.2,0.5
3796,0.7,0.1,0.2,0.3,0.3,0.4
3797,0.7,0.1,0.2,0.3,0.4,0.3
3798,0.7,0.1,0.2,0.3,0.5,0.2
3799,0.7,0.1,0.2,0.3,0.6,0.1
3800,0.7,0.1,0.2,0.3,0.7,0.0
3801,0.7,0.1,0.2,0.4,0.0,0.6
3802,0.7,0.1,0.2,0.4,0.1,0.5
3803,0.7,0.1,0.2,0.4,0.2,0.4
3804,0.7,0.1,0.2,0.4,0.3,0.3
3805,0.7,0.1,0.2,0.4,0.4,0.2
3806,0.7,0.1,0.2,0.4,0.5,0.1
3807,0.7,0.1,0.2,0.4,0.6,0.0
3808,0.7,0.1,0.2,0.5,0.0,0.5
3809,0.7,0.1,0.2,0.5,0.1,0.4
3810,0.7,0.1,0.2,0.5,0.2,0.3
3811,0.7,0.1,0.2,0.5,0.3,0.2
3812,0.7,0.1,0.2,0.5,0.4,0.1
3813,0.7,0.1,0.2,0.5,0.5,0.0
3814,0.7,0.1,0.2,0.6,0.0,0.4
3815,0.7,0.1,0.2,0.6,0.1,0.3
3816,0.7,0.1,0.2,0.6,0.2,0.2
3817,0.7,0.1,0.2,0.6,0.3,0.1
3818,0.7,0.1,0.2,0.6,0.4,0.0
3819,0.7,0.1,0.2,0.7,0.0,0.3
3820,0.7,0.1,0.2,0.7,0.1,0.2
3821,0.7,0.1,0.2,0.7,0.2,0.1
3822,0.7,0.1,0.2,0.7,0.3,0.0
3823,0.7,0.1,0.2,0.8,0.0,0.2
3824,0.7,0.1,0.2,0.8,0.1,0.1
3825,0.7,0.1,0.2,0.8,0.2,0.0
3826,0.7,0.1,0.2,0.9,0.0,0.1
3827,0.7,0.1,0.2,0.9,0.1,0.0
3828,0.7,0.1,0.2,1.0,0.0,0.0
3829,0.7,0.2,0.1,0.0,0.0,1.0
3830,0.7,0.2,0.1,0.0,0.1,0.9
3831,0.7,0.2,0.1,0.0,0.2,0.8
3832,0.7,0.2,0.1,0.0,0.3,0.7
3833,0.7,0.2,0.1,0.0,0.4,0.6
3834,0.7,0.2,0.1,0.0,0.5,0.5
3835,0.7,0.2,0.1,0.0,0.6,0.4
3836,0.7,0.2,0.1,0.0,0.7,0.3
3837,0.7,0.2,0.1,0.0,0.8,0.2
3838,0.7,0.2,0.1,0.0,0.9,0.1
3839,0.7,0.2,0.1,0.0,1.0,0.0
3840,0.7,0.2,0.1,0.1,0.0,0.9
3841,0.7,0.2,0.1,0.1,0.1,0.8
3842,0.7,0.2,0.1,0.1,0.2,0.7
3843,0.7,0.2,0.1,0.1,0.3,0.6
3844,0.7,0.2,0.1,0.1,0.4,0.5
3845,0.7,0.2,0.1,0.1,0.5,0.4
3846,0.7,0.2,0.1,0.1,0.6,0.3
3847,0.7,0.2,0.1,0.1,0.7,0.2
3848,0.7,0.2,0.1,0.1,0.8,0.1
3849,0.7,0.2,0.1,0.1,0.9,0.0
3850,0.7,0.2,0.1,0.2,0.0,0.8
3851,0.7,0.2,0.1,0.2,0.1,0.7
3852,0.7,0.2,0.1,0.2,0.2,0.6
3853,0.7,0.2,0.1,0.2,0.3,0.5
3854,0.7,0.2,0.1,0.2,0.4,0.4
3855,0.7,0.2,0.1,0.2,0.5,0.3
3856,0.7,0.2,0.1,0.2,0.6,0.2
3857,0.7,0.2,0.1,0.2,0.7,0.1
3858,0.7,0.2,0.1,0.2,0.8,0.0
3859,0.7,0.2,0.1,0.3,0.0,0.7
3860,0.7,0.2,0.1,0.3,0.1,0.6
3861,0.7,0.2,0.1,0.3,0.2,0.5
3862,0.7,0.2,0.1,0.3,0.3,0.4
3863,0.7,0.2,0.1,0.3,0.4,0.3
3864,0.7,0.2,0.1,0.3,0.5,0.2
3865,0.7,0.2,0.1,0.3,0.6,0.1
3866,0.7,0.2,0.1,0.3,0.7,0.0
3867,0.7,0.2,0.1,0.4,0.0,0.6
3868,0.7,0.2,0.1,0.4,0.1,0.5
3869,0.7,0.2,0.1,0.4,0.2,0.4
3870,0.7,0.2,0.1,0.4,0.3,0.3
3871,0.7,0.2,0.1,0.4,0.4,0.2
3872,0.7,0.2,0.1,0.4,0.5,0.1
3873,0.7,0.2,0.1,0.4,0.6,0.0
3874,0.7,0.2,0.1,0.5,0.0,0.5
3875,0.7,0.2,0.1,0.5,0.1,0.4
3876,0.7,0.2,0.1,0.5,0.2,0.3
3877,0.7,0.2,0.1,0.5,0.3,0.2
3878,0.7,0.2,0.1,0.5,0.4,0.1
3879,0.7,0.2,0.1,0.5,0.5,0.0
3880,0.7,0.2,0.1,0.6,0.0,0.4
3881,0.7,0.2,0.1,0.6,0.1,0.3
3882,0.7,0.2,0.1,0.6,0.2,0.2
3883,0.7,0.2,0.1,0.6,0.3,0.1
3884,0.7,0.2,0.1,0.6,0.4,0.0
3885,0.7,0.2,0.1,0.7,0.0,0.3
3886,0.7,0.2,0.1,0.7,0.1,0.2
3887,0.7,0.2,0.1,0.7,0.2,0.1
3888,0.7,0.2,0.1,0.7,0.3,0.0
3889,0.7,0.2,0.1,0.8,0.0,0.2
3890,0.7,0.2,0.1,0.8,0.1,0.1
3891,0.7,0.2,0.1,0.8,0.2,0.0
3892,0.7,0.2,0.1,0.9,0.0,0.1
3893,0.7,0.2,0.1,0.9,0.1,0.0
3894,0.7,0.2,0.1,1.0,0.0,0.0
3895,0.7,0.3,0.0,0.0,0.0,1.0
3896,0.7,0.3,0.0,0.0,0.1,0.9
3897,0.7,0.3,0.0,0.0,0.2,0.8
3898,0.7,0.3,0.0,0.0,0.3,0.7
3899,0.7,0.3,0.0,0.0,0.4,0.6
3900,0.7,0.3,0.0,0.0,0.5,0.5
3901,0.7,0.3,0.0,0.0,0.6,0.4
3902,0.7,0.3,0.0,0.0,0.7,0.3
3903,0.7,0.3,0.0,0.0,0.8,0.2
3904,0.7,0.3,0.0,0.0,0.9,0.1
3905,0.7,0.3,0.0,0.0,1.0,0.0
3906,0.7,0.3,0.0,0.1,0.0,0.9
3907,0.7,0.3,0.0,0.1,0.1,0.8
3908,0.7,0.3,0.0,0.1,0.2,0.7
3909,0.7,0.3,0.0,0.1,0.3,0.6
3910,0.7,0.3,0.0,0.1,0.4,0.5
3911,0.7,0.3,0.0,0.1,0.5,0.4
3912,0.7,0.3,0.0,0.1,0.6,0.3
3913,0.7,0.3,0.0,0.1,0.7,0.2
3914,0.7,0.3,0.0,0.1,0.8,0.1
3915,0.7,0.3,0.0,0.1,0.9,0.0
3916,0.7,0.3,0.0,0.2,0.0,0.8
3917,0.7,0.3,0.0,0.2,0.1,0.7
3918,0.7,0.3,0.0,0.2,0.2,0.6
3919,0.7,0.3,0.0,0.2,0.3,0.5
3920,0.7,0.3,0.0,0.2,0.4,0.4
3921,0.7,0.3,0.0,0.2,0.5,0.3
3922,0.7,0.3,0.0,0.2,0.6,0.2
3923,0.7,0.3,0.0,0.2,0.7,0.1
3924,0.7,0.3,0.0,0.2,0.8,0.0
3925,0.7,0.3,0.0,0.3,0.0,0.7
3926,0.7,0.3,0.0,0.3,0.1,0.6
3927,0.7,0.3,0.0,0.3,0.2,0.5
3928,0.7,0.3,0.0,0.3,0.3,0.4
3929,0.7,0.3,0.0,0.3,0.4,0.3
3930,0.7,0.3,0.0,0.3,0.5,0.2
3931,0.7,0.3,0.0,0.3,0.6,0.1
3932,0.7,0.3,0.0,0.3,0.7,0.0
3933,0.7,0.3,0.0,0.4,0.0,0.6
3934,0.7,0.3,0.0,0.4,0.1,0.5
3935,0.7,0.3,0.0,0.4,0.2,0.4
3936,0.7,0.3,0.0,0.4,0.3,0.3
3937,0.7,0.3,0.0,0.4,0.4,0.2
3938,0.7,0.3,0.0,0.4,0.5,0.1
3939,0.7,0.3,0.0,0.4,0.6,0.0
3940,0.7,0.3,0.0,0.5,0.0,0.5
3941,0.7,0.3,0.0,0.5,0.1,0.4
3942,0.7,0.3,0.0,0.5,0.2,0.3
3943,0.7,0.3,0.0,0.5,0.3,0.2
3944,0.7,0.3,0.0,0.5,0.4,0.1
3945,0.7,0.3,0.0,0.5,0.5,0.0
3946,0.7,0.3,0.0,0.6,0.0,0.4
3947,0.7,0.3,0.0,0.6,0.1,0.3
3948,0.7,0.3,0.0,0.6,0.2,0.2
3949,0.7,0.3,0.0,0.6,0.3,0.1
3950,0.7,0.3,0.0,0.6,0.4,0.0
3951,0.7,0.3,0.0,0.7,0.0,0.3
3952,0.7,0.3,0.0,0.7,0.1,0.2
3953,0.7,0.3,0.0,0.7,0.2,0.1
3954,0.7,0.3,0.0,0.7,0.3,0.0
3955,0.7,0.3,0.0,0.8,0.0,0.2
3956,0.7,0.3,0.0,0.8,0.1,0.1
3957,0.7,0.3,0.0,0.8,0.2,0.0
3958,0.7,0.3,0.0,0.9,0.0,0.1
3959,0.7,0.3,0.0,0.9,0.1,0.0
3960,0.7,0.3,0.0,1.0,0.0,0.0
3961,0.8,0.0,0.2,0.0,0.0,1.0
3962,0.8,0.0,0.2,0.0,0.1,0.9
3963,0.8,0.0,0.2,0.0,0.2,0.8
3964,0.8,0.0,0.2,0.0,0.3,0.7
3965,0.8,0.0,0.2,0.0,0.4,0.6
3966,0.8,0.0,0.2,0.0,0.5,0.5
3967,0.8,0.0,0.2,0.0,0.6,0.4
3968,0.8,0.0,0.2,0.0,0.7,0.3
3969,0.8,0.0,0.2,0.0,0.8,0.2
3970,0.8,0.0,0.2,0.0,0.9,0.1
3971,0.8,0.0,0.2,0.0,1.0,0.0
3972,0.8,0.0,0.2,0.1,0.0,0.9
3973,0.8,0.0,0.2,0.1,0.1,0.8
3974,0.8,0.0,0.2,0.1,0.2,0.7
3975,0.8,0.0,0.2,0.1,0.3,0.6
3976,0.8,0.0,0.2,0.1,0.4,0.5
3977,0.8,0.0,0.2,0.1,0.5,0.4
3978,0.8,0.0,0.2,0.1,0.6,0.3
3979,0.8,0.0,0.2,0.1,0.7,0.2
3980,0.8,0.0,0.2,0.1,0.8,0.1
3981,0.8,0.0,0.2,0.1,0.9,0.0
3982,0.8,0.0,0.2,0.2,0.0,0.8
3983,0.8,0.0,0.2,0.2,0.1,0.7
3984,0.8,0.0,0.2,0.2,0.2,0.6
3985,0.8,0.0,0.2,0.2,0.3,0.5
3986,0.8,0.0,0.2,0.2,0.4,0.4
3987,0.8,0.0,0.2,0.2,0.5,0.3
3988,0.8,0.0,0.2,0.2,0.6,0.2
3989,0.8,0.0,0.2,0.2,0.7,0.1
3990,0.8,0.0,0.2,0.2,0.8,0.0
3991,0.8,0.0,0.2,0.3,0.0,0.7
3992,0.8,0.0,0.2,0.3,0.1,0.6
3993,0.8,0.0,0.2,0.3,0.2,0.5
3994,0.8,0.0,0.2,0.3,0.3,0.4
3995,0.8,0.0,0.2,0.3,0.4,0.3
3996,0.8,0.0,0.2,0.3,0.5,0.2
3997,0.8,0.0,0.2,0.3,0.6,0.1
3998,0.8,0.0,0.2,0.3,0.7,0.0
3999,0.8,0.0,0.2,0.4,0.0,0.6
4000,0.8,0.0,0.2,0.4,0.1,0.5
4001,0.8,0.0,0.2,0.4,0.2,0.4
4002,0.8,0.0,0.2,0.4,0.3,0.3
4003,0.8,0.0,0.2,0.4,0.4,0.2
4004,0.8,0.0,0.2,0.4,0.5,0.1
4005,0.8,0.0,0.2,0.4,0.6,0.0
4006,0.8,0.0,0.2,0.5,0.0,0.5
4007,0.8,0.0,0.2,0.5,0.1,0.4
4008,0.8,0.0,0.2,0.5,0.2,0.3
4009,0.8,0.0,0.2,0.5,0.3,0.2
4010,0.8,0.0,0.2,0.5,0.4,0.1
4011,0.8,0.0,0.2,0.5,0.5,0.0
4012,0.8,0.0,0.2,0.6,0.0,0.4
4013,0.8,0.0,0.2,0.6,0.1,0.3
4014,0.8,0.0,0.2,0.6,0.2,0.2
4015,0.8,0.0,0.2,0.6,0.3,0.1
4016,0.8,0.0,0.2,0.6,0.4,0.0
4017,0.8,0.0,0.2,0.7,0.0,0.3
4018,0.8,0.0,0.2,0.7,0.1,0.2
4019,0.8,0.0,0.2,0.7,0.2,0.1
4020,0.8,0.0,0.2,0.7,0.3,0.0
4021,0.8,0.0,0.2,0.8,0.0,0.2
4022,0.8,0.0,0.2,0.8,0.1,0.1
4023,0.8,0.0,0.2,0.8,0.2,0.0
4024,0.8,0.0,0.2,0.9,0.0,0.1
4025,0.8,0.0,0.2,0.9,0.1,0.0
4026,0.8,0.0,0.2,1.0,0.0,0.0
4027,0.8,0.1,0.1,0.0,0.0,1.0
4028,0.8,0.1,0.1,0.0,0.1,0.9
4029,0.8,0.1,0.1,0.0,0.2,0.8
4030,0.8,0.1,0.1,0.0,0.3,0.7
4031,0.8,0.1,0.1,0.0,0.4,0.6
4032,0.8,0.1,0.1,0.0,0.5,0.5
4033,0.8,0.1,0.1,0.0,0.6,0.4
4034,0.8,0.1,0.1,0.0,0.7,0.3
4035,0.8,0.1,0.1,0.0,0.8,0.2
4036,0.8,0.1,0.1,0.0,0.9,0.1
4037,0.8,0.1,0.1,0.0,1.0,0.0
4038,0.8,0.1,0.1,0.1,0.0,0.9
4039,0.8,0.1,0.1,0.1,0.1,0.8
4040,0.8,0.1,0.1,0.1,0.2,0.7
4041,0.8,0.1,0.1,0.1,0.3,0.6
4042,0.8,0.1,0.1,0.1,0.4,0.5
4043,0.8,0.1,0.1,0.1,0.5,0.4
4044,0.8,0.1,0.1,0.1,0.6,0.3
4045,0.8,0.1,0.1,0.1,0.7,0.2
4046,0.8,0.1,0.1,0.1,0.8,0.1
4047,0.8,0.1,0.1,0.1,0.9,0.0
4048,0.8,0.1,0.1,0.2,0.0,0.8
4049,0.8,0.1,0.1,0.2,0.1,0.7
4050,0.8,0.1,0.1,0.2,0.2,0.6
4051,0.8,0.1,0.1,0.2,0.3,0.5
4052,0.8,0.1,0.1,0.2,0.4,0.4
4053,0.8,0.1,0.1,0.2,0.5,0.3
4054,0.8,0.1,0.1,0.2,0.6,0.2
4055,0.8,0.1,0.1,0.2,0.7,0.1
4056,0.8,0.1,0.1,0.2,0.8,0.0
4057,0.8,0.1,0.1,0.3,0.0,0.7
4058,0.8,0.1,0.1,0.3,0.1,0.6
4059,0.8,0.1,0.1,0.3,0.2,0.5
4060,0.8,0.1,0.1,0.3,0.3,0.4
4061,0.8,0.1,0.1,0.3,0.4,0.3
4062,0.8,0.1,0.1,0.3,0.5,0.2
4063,0.8,0.1,0.1,0.3,0.6,0.1
4064,0.8,0.1,0.1,0.3,0.7,0.0
4065,0.8,0.1,0.1,0.4,0.0,0.6
4066,0.8,0.1,0.1,0.4,0.1,0.5
4067,0.8,0.1,0.1,0.4,0.2,0.4
4068,0.8,0.1,0.1,0.4,0.3,0.3
4069,0.8,0.1,0.1,0.4,0.4,0.2
4070,0.8,0.1,0.1,0.4,0.5,0.1
4071,0.8,0.1,0.1,0.4,0.6,0.0
4072,0.8,0.1,0.1,0.5,0.0,0.5
4073,0.8,0.1,0.1,0.5,0.1,0.4
4074,0.8,0.1,0.1,0.5,0.2,0.3
4075,0.8,0.1,0.1,0.5,0.3,0.2
4076,0.8,0.1,0.1,0.5,0.4,0.1
4077,0.8,0.1,0.1,0.5,0.5,0.0
4078,0.8,0.1,0.1,0.6,0.0,0.4
4079,0.8,0.1,0.1,0.6,0.1,0.3
4080,0.8,0.1,0.1,0.6,0.2,0.2
4081,0.8,0.1,0.1,0.6,0.3,0.1
4082,0.8,0.1,0.1,0.6,0.4,0.0
4083,0.8,0.1,0.1,0.7,0.0,0.3
4084,0.8,0.1,0.1,0.7,0.1,0.2
4085,0.8,0.1,0.1,0.7,0.2,0.1
4086,0.8,0.1,0.1,0.7,0.3,0.0
4087,0.8,0.1,0.1,0.8,0.0,0.2
4088,0.8,0.1,0.1,0.8,0.1,0.1
4089,0.8,0.1,0.1,0.8,0.2,0.0
4090,0.8,0.1,0.1,0.9,0.0,0.1
4091,0.8,0.1,0.1,0.9,0.1,0.0
4092,0.8,0.1,0.1,1.0,0.0,0.0
4093,0.8,0.2,0.0,0.0,0.0,1.0
4094,0.8,0.2,0.0,0.0,0.1,0.9
4095,0.8,0.2,0.0,0.0,0.2,0.8
4096,0.8,0.2,0.0,0.0,0.3,0.7
4097,0.8,0.2,0.0,0.0,0.4,0.6
4098,0.8,0.2,0.0,0.0,0.5,0.5
4099,0.8,0.2,0.0,0.0,0.6,0.4
4100,0.8,0.2,0.0,0.0,0.7,0.3
4101,0.8,0.2,0.0,0.0,0.8,0.2
4102,0.8,0.2,0.0,0.0,0.9,0.1
4103,0.8,0.2,0.0,0.0,1.0,0.0
4104,0.8,0.2,0.0,0.1,0.0,0.9
4105,0.8,0.2,0.0,0.1,0.1,0.8
4106,0.8,0.2,0.0,0.1,0.2,0.7
4107,0.8,0.2,0.0,0.1,0.3,0.6
4108,0.8,0.2,0.0,0.1,0.4,0.5
4109,0.8,0.2,0.0,0.1,0.5,0.4
4110,0.8,0.2,0.0,0.1,0.6,0.3
4111,0.8,0.2,0.0,0.1,0.7,0.2
4112,0.8,0.2,0.0,0.1,0.8,0.1
4113,0.8,0.2,0.0,0.1,0.9,0.0
4114,0.8,0.2,0.0,0.2,0.0,0.8
4115,0.8,0.2,0.0,0.2,0.1,0.7
4116,0.8,0.2,0.0,0.2,0.2,0.6
4117,0.8,0.2,0.0,0.2,0.3,0.5
4118,0.8,0.2,0.0,0.2,0.4,0.4
4119,0.8,0.2,0.0,0.2,0.5,0.3
4120,0.8,0.2,0.0,0.2,0.6,0.2
4121,0.8,0.2,0.0,0.2,0.7,0.1
4122,0.8,0.2,0.0,0.2,0.8,0.0
4123,0.8,0.2,0.0,0.3,0.0,0.7
4124,0.8,0.2,0.0,0.3,0.1,0.6
4125,0.8,0.2,0.0,0.3,0.2,0.5
4126,0.8,0.2,0.0,0.3,0.3,0.4
4127,0.8,0.2,0.0,0.3,0.4,0.3
4128,0.8,0.2,0.0,0.3,0.5,0.2
4129,0.8,0.2,0.0,0.3,0.6,0.1
4130,0.8,0.2,0.0,0.3,0.7,0.0
4131,0.8,0.2,0.0,0.4,0.0,0.6
4132,0.8,0.2,0.0,0.4,0.1,0.5
4133,0.8,0.2,0.0,0.4,0.2,0.4
4134,0.8,0.2,0.0,0.4,0.3,0.3
4135,0.8,0.2,0.0,0.4,0.4,0.2
4136,0.8,0.2,0.0,0.4,0.5,0.1
4137,0.8,0.2,0.0,0.4,0.6,0.0
4138,0.8,0.2,0.0,0.5,0.0,0.5
4139,0.8,0.2,0.0,0.5,0.1,0.4
4140,0.8,0.2,0.0,0.5,0.2,0.3
4141,0.8,0.2,0.0,0.5,0.3,0.2
4142,0.8,0.2,0.0,0.5,0.4,0.1
4143,0.8,0.2,0.0,0.5,0.5,0.0
4144,0.8,0.2,0.0,0.6,0.0,0.4
4145,0.8,0.2,0.0,0.6,0.1,0.3
4146,0.8,0.2,0.0,0.6,0.2,0.2
4147,0.8,0.2,0.0,0.6,0.3,0.1
4148,0.8,0.2,0.0,0.6,0.4,0.0
4149,0.8,0.2,0.0,0.7,0.0,0.3
4150,0.8,0.2,0.0,0.7,0.1,0.2
4151,0.8,0.2,0.0,0.7,0.2,0.1
4152,0.8,0.2,0.0,0.7,0.3,0.0
4153,0.8,0.2,0.0,0.8,0.0,0.2
4154,0.8,0.2,0.0,0.8,0.1,0.1
4155,0.8,0.2,0.0,0.8,0.2,0.0
4156,0.8,0.2,0.0,0.9,0.0,0.1
4157,0.8,0.2,0.0,0.9,0.1,0.0
4158,0.8,0.2,0.0,1.0,0.0,0.0
4159,0.9,0.0,0.1,0.0,0.0,1.0
4160,0.9,0.0,0.1,0.0,0.1,0.9
4161,0.9,0.0,0.1,0.0,0.2,0.8
4162,0.9,0.0,0.1,0.0,0.3,0.7
4163,0.9,0.0,0.1,0.0,0.4,0.6
4164,0.9,0.0,0.1,0.0,0.5,0.5
4165,0.9,0.0,0.1,0.0,0.6,0.4
4166,0.9,0.0,0.1,0.0,0.7,0.3
4167,0.9,0.0,0.1,0.0,0.8,0.2
4168,0.9,0.0,0.1,0.0,0.9,0.1
4169,0.9,0.0,0.1,0.0,1.0,0.0
4170,0.9,0.0,0.1,0.1,0.0,0.9
4171,0.9,0.0,0.1,0.1,0.1,0.8
4172,0.9,0.0,0.1,0.1,0.2,0.7
4173,0.9,0.0,0.1,0.1,0.3,0.6
4174,0.9,0.0,0.1,0.1,0.4,0.5
4175,0.9,0.0,0.1,0.1,0.5,0.4
4176,0.9,0.0,0.1,0.1,0.6,0.3
4177,0.9,0.0,0.1,0.1,0.7,0.2
4178,0.9,0.0,0.1,0.1,0.8,0.1
4179,0.9,0.0,0.1,0.1,0.9,0.0
4180,0.9,0.0,0.1,0.2,0.0,0.8
4181,0.9,0.0,0.1,0.2,0.1,0.7
4182,0.9,0.0,0.1,0.2,0.2,0.6
4183,0.9,0.0,0.1,0.2,0.3,0.5
4184,0.9,0.0,0.1,0.2,0.4,0.4
4185,0.9,0.0,0.1,0.2,0.5,0.3
4186,0.9,0.0,0.1,0.2,0.6,0.2
4187,0.9,0.0,0.1,0.2,0.7,0.1
4188,0.9,0.0,0.1,0.2,0.8,0.0
4189,0.9,0.0,0.1,0.3,0.0,0.7
4190,0.9,0.0,0.1,0.3,0.1,0.6
4191,0.9,0.0,0.1,0.3,0.2,0.5
4192,0.9,0.0,0.1,0.3,0.3,0.4
4193,0.9,0.0,0.1,0.3,0.4,0.3
4194,0.9,0.0,0.1,0.3,0.5,0.2
4195,0.9,0.0,0.1,0.3,0.6,0.1
4196,0.9,0.0,0.1,0.3,0.7,0.0
4197,0.9,0.0,0.1,0.4,0.0,0.6
4198,0.9,0.0,0.1,0.4,0.1,0.5
4199,0.9,0.0,0.1,0.4,0.2,0.4
4200,0.9,0.0,0.1,0.4,0.3,0.3
4201,0.9,0.0,0.1,0.4,0.4,0.2
4202,0.9,0.0,0.1,0.4,0.5,0.1
4203,0.9,0.0,0.1,0.4,0.6,0.0
4204,0.9,0.0,0.1,0.5,0.0,0.5
4205,0.9,0.0,0.1,0.5,0.1,0.4
4206,0.9,0.0,0.1,0.5,0.2,0.3
4207,0.9,0.0,0.1,0.5,0.3,0.2
4208,0.9,0.0,0.1,0.5,0.4,0.1
4209,0.9,0.0,0.1,0.5,0.5,0.0
4210,0.9,0.0,0.1,0.6,0.0,0.4
4211,0.9,0.0,0.1,0.6,0.1,0.3
4212,0.9,0.0,0.1,0.6,0.2,0.2
4213,0.9,0.0,0.1,0.6,0.3,0.1
4214,0.9,0.0,0.1,0.6,0.4,0.0
4215,0.9,0.0,0.1,0.7,0.0,0.3
4216,0.9,0.0,0.1,0.7,0.1,0.2
4217,0.9,0.0,0.1,0.7,0.2,0.1
4218,0.9,0.0,0.1,0.7,0.3,0.0
4219,0.9,0.0,0.1,0.8,0.0,0.2
4220,0.9,0.0,0.1,0.8,0.1,0.1
4221,0.9,0.0,0.1,0.8,0.2,0.0
4222,0.9,0.0,0.1,0.9,0.0,0.1
4223,0.9,0.0,0.1,0.9,0.1,0.0
4224,0.9,0.0,0.1,1.0,0.0,0.0
4225,0.9,0.1,0.0,0.0,0.0,1.0
4226,0.9,0.1,0.0,0.0,0.1,0.9
4227,0.9,0.1,0.0,0.0,0.2,0.8
4228,0.9,0.1,0.0,0.0,0.3,0.7
4229,0.9,0.1,0.0,0.0,0.4,0.6
4230,0.9,0.1,0.0,0.0,0.5,0.5
4231,0.9,0.1,0.0,0.0,0.6,0.4
4232,0.9,0.1,0.0,0.0,0.7,0.3
4233,0.9,0.1,0.0,0.0,0.8,0.2
4234,0.9,0.1,0.0,0.0,0.9,0.1
4235,0.9,0.1,0.0,0.0,1.0,0.0
4236,0.9,0.1,0.0,0.1,0.0,0.9
4237,0.9,0.1,0.0,0.1,0.1,0.8
4238,0.9,0.1,0.0,0.1,0.2,0.7
4239,0.9,0.1,0.0,0.1,0.3,0.6
4240,0.9,0.1,0.0,0.1,0.4,0.5
4241,0.9,0.1,0.0,0.1,0.5,0.4
4242,0.9,0.1,0.0,0.1,0.6,0.3
4243,0.9,0.1,0.0,0.1,0.7,0.2
4244,0.9,0.1,0.0,0.1,0.8,0.1
4245,0.9,0.1,0.0,0.1,0.9,0.0
4246,0.9,0.1,0.0,0.2,0.0,0.8
4247,0.9,0.1,0.0,0.2,0.1,0.7
4248,0.9,0.1,0.0,0.2,0.2,0.6
4249,0.9,0.1,0.0,0.2,0.3,0.5
4250,0.9,0.1,0.0,0.2,0.4,0.4
4251,0.9,0.1,0.0,0.2,0.5,0.3
4252,0.9,0.1,0.0,0.2,0.6,0.2
4253,0.9,0.1,0.0,0.2,0.7,0.1
4254,0.9,0.1,0.0,0.2,0.8,0.0
4255,0.9,0.1,0.0,0.3,0.0,0.7
4256,0.9,0.1,0.0,0.3,0.1,0.6
4257,0.9,0.1,0.0,0.3,0.2,0.5
4258,0.9,0.1,0.0,0.3,0.3,0.4
4259,0.9,0.1,0.0,0.3,0.4,0.3
4260,0.9,0.1,0.0,0.3,0.5,0.2
4261,0.9,0.1,0.0,0.3,0.6,0.1
4262,0.9,0.1,0.0,0.3,0.7,0.0
4263,0.9,0.1,0.0,0.4,0.0,0.6
4264,0.9,0.1,0.0,0.4,0.1,0.5
4265,0.9,0.1,0.0,0.4,0.2,0.4
4266,0.9,0.1,0.0,0.4,0.3,0.3
4267,0.9,0.1,0.0,0.4,0.4,0.2
4268,0.9,0.1,0.0,0.4,0.5,0.1
4269,0.9,0.1,0.0,0.4,0.6,0.0
4270,0.9,0.1,0.0,0.5,0.0,0.5
4271,0.9,0.1,0.0,0.5,0.1,0.4
4272,0.9,0.1,0.0,0.5,0.2,0.3
4273,0.9,0.1,0.0,0.5,0.3,0.2
4274,0.9,0.1,0.0,0.5,0.4,0.1
4275,0.9,0.1,0.0,0.5,0.5,0.0
4276,0.9,0.1,0.0,0.6,0.0,0.4
4277,0.9,0.1,0.0,0.6,0.1,0.3
4278,0.9,0.1,0.0,0.6,0.2,0.2
4279,0.9,0.1,0.0,0.6,0.3,0.1
4280,0.9,0.1,0.0,0.6,0.4,0.0
4281,0.9,0.1,0.0,0.7,0.0,0.3
4282,0.9,0.1,0.0,0.7,0.1,0.2
4283,0.9,0.1,0.0,0.7,0.2,0.1
4284,0.9,0.1,0.0,0.7,0.3,0.0
4285,0.9,0.1,0.0,0.8,0.0,0.2
4286,0.9,0.1,0.0,0.8,0.1,0.1
4287,0.9,0.1,0.0,0.8,0.2,0.0
4288,0.9,0.1,0.0,0.9,0.0,0.1
4289,0.9,0.1,0.0,0.9,0.1,0.0
4290,0.9,0.1,0.0,1.0,0.0,0.0
4291,1.0,0.0,0.0,0.0,0.0,1.0
4292,1.0,0.0,0.0,0.0,0.1,0.9
4293,1.0,0.0,0.0,0.0,0.2,0.8
4294,1.0,0.0,0.0,0.0,0.3,0.7
4295,1.0,0.0,0.0,0.0,0.4,0.6
4296,1.0,0.0,0.0,0.0,0.5,0.5
4297,1.0,0.0,0.0,0.0,0.6,0.4
4298,1.0,0.0,0.0,0.0,0.7,0.3
4299,1.0,0.0,0.0,0.0,0.8,0.2
4300,1.0,0.0,0.0,0.0,0.9,0.1
4301,1.0,0.0,0.0,0.0,1.0,0.0
4302,1.0,0.0,0.0,0.1,0.0,0.9
4303,1.0,0.0,0.0,0.1,0.1,0.8
4304,1.0,0.0,0.0,0.1,0.2,0.7
4305,1.0,0.0,0.0,0.1,0.3,0.6
4306,1.0,0.0,0.0,0.1,0.4,0.5
4307,1.0,0.0,0.0,0.1,0.5,0.4
4308,1.0,0.0,0.0,0.1,0.6,0.3
4309,1.0,0.0,0.0,0.1,0.7,0.2
4310,1.0,0.0,0.0,0.1,0.8,0.1
4311,1.0,0.0,0.0,0.1,0.9,0.0
4312,1.0,0.0,0.0,0.2,0.0,0.8
4313,1.0,0.0,0.0,0.2,0.1,0.7
4314,1.0,0.0,0.0,0.2,0.2,0.6
4315,1.0,0.0,0.0,0.2,0.3,0.5
4316,1.0,0.0,0.0,0.2,0.4,0.4
4317,1.0,0.0,0.0,0.2,0.5,0.3
4318,1.0,0.0,0.0,0.2,0.6,0.2
4319,1.0,0.0,0.0,0.2,0.7,0.1
4320,1.0,0.0,0.0,0.2,0.8,0.0
4321,1.0,0.0,0.0,0.3,0.0,0.7
4322,1.0,0.0,0.0,0.3,0.1,0.6
4323,1.0,0.0,0.0,0.3,0.2,0.5
4324,1.0,0.0,0.0,0.3,0.3,0.4
4325,1.0,0.0,0.0,0.3,0.4,0.3
4326,1.0,0.0,0.0,0.3,0.5,0.2
4327,1.0,0.0,0.0,0.3,0.6,0.1
4328,1.0,0.0,0.0,0.3,0.7,0.0
4329,1.0,0.0,0.0,0.4,0.0,0.6
4330,1.0,0.0,0.0,0.4,0.1,0.5
4331,1.0,0.0,0.0,0.4,0.2,0.4
4332,1.0,0.0,0.0,0.4,0.3,0.3
4333,1.0,0.0,0.0,0.4,0.4,0.2
4334,1.0,0.0,0.0,0.4,0.5,0.1
4335,1.0,0.0,0.0,0.4,0.6,0.0
4336,1.0,0.0,0.0,0.5,0.0,0.5
4337,1.0,0.0,0.0,0.5,0.1,0.4
4338,1.0,0.0,0.0,0.5,0.2,0.3
4339,1.0,0.0,0.0,0.5,0.3,0.2
4340,1.0,0.0,0.0,0.5,0.4,0.1
4341,1.0,0.0,0.0,0.5,0.5,0.0
4342,1.0,0.0,0.0,0.6,0.0,0.4
4343,1.0,0.0,0.0,0.6,0.1,0.3
4344,1.0,0.0,0.0,0.6,0.2,0.2
4345,1.0,0.0,0.0,0.6,0.3,0.1
4346,1.0,0.0,0.0,0.6,0.4,0.0
4347,1.0,0.0,0.0,0.7,0.0,0.3
4348,1.0,0.0,0.0,0.7,0.1,0.2
4349,1.0,0.0,0.0,0.7,0.2,0.1
4350,1.0,0.0,0.0,0.7,0.3,0.0
4351,1.0,0.0,0.0,0.8,0.0,0.2
4352,1.0,0.0,0.0,0.8,0.1,0.1
4353,1.0,0.0,0.0,0.8,0.2,0.0
4354,1.0,0.0,0.0,0.9,0.0,0.1
4355,1.0,0.0,0.0,0.9,0.1,0.0
4356,1.0,0.0,0.0,1.0,0.0,0.0
