period,body,age,age_bucket,blended_births_thousands,survival,fleet_thousands,relative_claim_weight,cell_calibration_correction,claim_mass_relative_to_CY2025,claim_share,status
FY2026Q1,Car,0,current_year_or_newer,2844.929166666667,1.0,2844.929166666667,0.5,6.3145515514551716e-06,0.008982225941577535,0.008985331564037339,Annual sales cohort interpolation; fitted survival/claim propensity; fixed LT subtype split
FY2026Q1,Car,1,1-3,3082.5291666666667,0.9976377952755906,3075.247601706037,1.0,5.256249933599001e-06,0.016164270002267844,0.01616985883072661,Annual sales cohort interpolation; fitted survival/claim propensity; fixed LT subtype split
FY2026Q1,Car,2,1-3,3110.545833333333,0.9952755905511811,3095.8503412073487,1.0,5.256249933599001e-06,0.016272563150403572,0.0162781894214334,Annual sales cohort interpolation; fitted survival/claim propensity; fixed LT subtype split
FY2026Q1,Car,3,1-3,3053.025,0.9929133858267717,3031.38938976378,1.0,5.256249933599001e-06,0.015933740278658584,0.015939249401007535,Annual sales cohort interpolation; fitted survival/claim propensity; fixed LT subtype split
FY2026Q1,Car,4,4-6,3365.179166666667,0.9899527559055118,3331.3683901574805,1.0,5.007902386364013e-06,0.016683167710927288,0.01668893594929946,Annual sales cohort interpolation; fitted survival/claim propensity; fixed LT subtype split
FY2026Q1,Car,5,4-6,3786.1875,0.9844409448818897,3727.278,1.0,5.007902386364013e-06,0.018665844390842085,0.018672298143614333,Annual sales cohort interpolation; fitted survival/claim propensity; fixed LT subtype split
FY2026Q1,Car,6,4-6,4891.958333333334,0.976755905511811,4778.24919160105,1.0,5.007902386364013e-06,0.023929005529260815,0.023937279030450363,Annual sales cohort interpolation; fitted survival/claim propensity; fixed LT subtype split
FY2026Q1,Car,7,7-9,5537.479166666667,0.9673464566929133,5356.660850885826,0.9136844571609987,5.256380658266906e-06,0.02572629209059437,0.025735187007182272,Annual sales cohort interpolation; fitted survival/claim propensity; fixed LT subtype split
FY2026Q1,Car,8,7-9,6320.8125,0.9553149606299213,6038.366744586614,0.8348192872575889,5.256380658266906e-06,0.026497125912584657,0.026506287346497542,Annual sales cohort interpolation; fitted survival/claim propensity; fixed LT subtype split
FY2026Q1,Car,9,7-9,7071.483333333334,0.9400944881889763,6647.862504986877,0.7627614073054819,5.256380658266906e-06,0.02665370265353468,0.02666291822416674,Annual sales cohort interpolation; fitted survival/claim propensity; fixed LT subtype split
FY2026Q1,Car,10,10-12,7580.854166666667,0.9227716535433071,6995.39733464567,0.6969232423772687,5.362458135896662e-06,0.026143350797378753,0.026152389912842886,Annual sales cohort interpolation; fitted survival/claim propensity; fixed LT subtype split
FY2026Q1,Car,11,10-12,7672.5041666666675,0.9021417322834646,6921.686199868767,0.6367679343943579,5.362458135896662e-06,0.02363507618992476,0.02364324806446143,Annual sales cohort interpolation; fitted survival/claim propensity; fixed LT subtype split
FY2026Q1,Car,12,10-12,7486.812500000001,0.8790866141732284,6581.556651574804,0.5818049644746394,5.362458135896662e-06,0.020533829960024876,0.020540929572517862,Annual sales cohort interpolation; fitted survival/claim propensity; fixed LT subtype split
FY2026Q1,Car,13,13+,6909.112499999999,0.853496062992126,5896.900317519685,0.5315861531395849,4.7243464997987995e-06,0.01480945883952046,0.01481457923932878,Annual sales cohort interpolation; fitted survival/claim propensity; fixed LT subtype split
FY2026Q1,Car,14,13+,5959.55,0.8251023622047243,4917.238782677165,0.4857020057656452,4.7243464997987995e-06,0.011283216931635648,0.011287118126300493,Annual sales cohort interpolation; fitted survival/claim propensity; fixed LT subtype split
FY2026Q1,Car,15,13+,5567.420833333334,0.7951811023622047,4427.107835564305,0.44377837347999183,4.7243464997987995e-06,0.009281709623701069,0.009284918793238802,Annual sales cohort interpolation; fitted survival/claim propensity; fixed LT subtype split
FY2026Q1,Car,16,13+,5800.454166666667,0.7461102362204726,4327.778228477691,0.4054734022728573,4.7243464997987995e-06,0.008290278336730735,0.008293144716931817,Annual sales cohort interpolation; fitted survival/claim propensity; fixed LT subtype split
FY2026Q1,Car,17,13+,7000.450000000001,0.677488188976378,4742.722192519685,0.37047474544889886,4.7243464997987995e-06,0.008300954577588145,0.008303824649120708,Annual sales cohort interpolation; fitted survival/claim propensity; fixed LT subtype split
FY2026Q1,Car,18,13+,7620.429166666668,0.5951574803149606,4535.3554217519695,0.33849701668733634,4.7243464997987995e-06,0.007252836966126165,0.007255344648912793,Annual sales cohort interpolation; fitted survival/claim propensity; fixed LT subtype split
FY2026Q1,Car,19,13+,7731.966666666667,0.5140551181102362,3974.6570380577427,0.3092794629425864,4.7243464997987995e-06,0.005807543692583912,0.005809551662350571,Annual sales cohort interpolation; fitted survival/claim propensity; fixed LT subtype split
FY2026Q1,Car,20,13+,7608.258333333334,0.4389370078740157,3339.5461479658793,0.28258383820974226,4.7243464997987995e-06,0.004458374146256328,0.004459915637972623,Annual sales cohort interpolation; fitted survival/claim propensity; fixed LT subtype split
FY2026Q1,Car,21,13+,7503.891666666666,0.3705590551181103,2780.635005708662,0.25819246081713987,4.7243464997987995e-06,0.0033917925769549767,0.0033929652959752395,Annual sales cohort interpolation; fitted survival/claim propensity; fixed LT subtype split
FY2026Q1,Car,22,13+,7697.554166666668,0.30907874015748027,2379.1503441272966,0.23590643840477085,4.7243464997987995e-06,0.0026515719959451316,0.0026524887822292837,Annual sales cohort interpolation; fitted survival/claim propensity; fixed LT subtype split
FY2026Q1,Car,23,13+,8132.6291666666675,0.2546062992125985,2070.6186149934388,0.2155440461146476,4.7243464997987995e-06,0.002108520791407719,0.0021092498166592937,Annual sales cohort interpolation; fitted survival/claim propensity; fixed LT subtype split
FY2026Q1,Car,24,13+,8476.1625,0.20893700787401587,1770.984031003938,0.19693924476854713,4.7243464997987995e-06,0.0016477398916310278,0.0016483096009713013,Annual sales cohort interpolation; fitted survival/claim propensity; fixed LT subtype split
FY2026Q1,Car,25,13+,8736.866666666669,0.17148818897637794,1498.2694419947509,0.17994032695004702,4.7243464997987995e-06,0.0012736795325530715,0.001274119909781235,Annual sales cohort interpolation; fitted survival/claim propensity; fixed LT subtype split
FY2026Q1,Car,26,13+,8476.495833333334,0.13951968503937012,1182.6380289042,0.16440867995072633,4.7243464997987995e-06,0.0009185828337934881,0.000918900435632762,Annual sales cohort interpolation; fitted survival/claim propensity; fixed LT subtype split
FY2026Q1,Car,27,13+,8123.645833333334,0.11272440944881885,915.733179133858,0.15021765549333577,4.7243464997987995e-06,0.0006498777560228308,0.0006501024525477633,Annual sales cohort interpolation; fitted survival/claim propensity; fixed LT subtype split
FY2026Q1,Car,28,13+,8293.625,0.09096062992125985,754.3933543307087,0.1372515370154264,4.7243464997987995e-06,0.0004891666194592276,0.0004893357497894887,Annual sales cohort interpolation; fitted survival/claim propensity; fixed LT subtype split
FY2026Q1,Car,29,13+,8519.829166666666,0.07363779527559058,627.3814359580056,0.12540459609245258,4.7243464997987995e-06,0.0003716951209599672,0.0003718236352863002,Annual sales cohort interpolation; fitted survival/claim propensity; fixed LT subtype split
FY2026Q1,Car,30,13+,8728.204166666668,0.05942519685039369,518.6752507545932,0.11458023030622685,4.7243464997987995e-06,0.00028076758029345903,0.00028086465624200624,Annual sales cohort interpolation; fitted survival/claim propensity; fixed LT subtype split
FY2026Q1,Car,31,13+,8852.658333333335,0.04767716535433072,422.0696551837272,0.10469017552872707,4.7243464997987995e-06,0.00020875255528698318,0.00020882473189759812,Annual sales cohort interpolation; fitted survival/claim propensity; fixed LT subtype split
FY2026Q1,Car,32,13+,8429.0,0.03803149606299215,320.56748031496085,0.09565378619805467,4.7243464997987995e-06,0.00014486496688486387,0.0001449150542348952,Annual sales cohort interpolation; fitted survival/claim propensity; fixed LT subtype split
FY2026Q1,Car,33,13+,8204.904166666667,0.030157480314960627,247.43923589238844,0.08739737771776383,4.7243464997987995e-06,0.00010216654591302487,0.00010220187019919756,Annual sales cohort interpolation; fitted survival/claim propensity; fixed LT subtype split
FY2026Q1,Car,34,13+,8510.558333333334,0.024598425196850404,209.34633254593186,0.07985362561734978,4.7243464997987995e-06,7.897720120551347e-05,7.900450772969485e-05,Annual sales cohort interpolation; fitted survival/claim propensity; fixed LT subtype split
FY2026Q1,Car,35,13+,9439.654166666667,0.01740944881889763,164.3391760826771,0.07296101657452587,4.7243464997987995e-06,5.6646583880480626e-05,5.666616954936878e-05,Annual sales cohort interpolation; fitted survival/claim propensity; fixed LT subtype split
FY2026Q1,Car,36,13+,9999.8125,0.011960629921259843,119.6040565944882,0.0666633468228103,4.7243464997987995e-06,3.7668191194482615e-05,3.7681215046404695e-05,Annual sales cohort interpolation; fitted survival/claim propensity; fixed LT subtype split
FY2026Q1,Car,37,13+,10439.737500000001,0.0095984251968504,100.20503946850401,0.06090926385433481,4.7243464997987995e-06,2.8834648182708698e-05,2.8844617819589268e-05,Annual sales cohort interpolation; fitted survival/claim propensity; fixed LT subtype split
FY2026Q1,Car,38,13+,10542.341666666667,0.007236220472440945,76.28670859580053,0.05565184768082395,4.7243464997987995e-06,2.0057195522664477e-05,2.0064130337854055e-05,Annual sales cohort interpolation; fitted survival/claim propensity; fixed LT subtype split
FY2026Q1,Car,39,13+,11280.170833333334,0.003456692913385833,38.9920865813649,0.05084822823826022,4.7243464997987995e-06,9.366860316622626e-06,9.370098927181563e-06,Annual sales cohort interpolation; fitted survival/claim propensity; fixed LT subtype split
FY2026Q1,Car,40,13+,10788.0125,0,0.0,0.04645923581547334,4.7243464997987995e-06,0.0,0.0,Annual sales cohort interpolation; fitted survival/claim propensity; fixed LT subtype split
FY2026Q1,Car,41,13+,9980.787500000002,0,0.0,0.04244908165617559,4.7243464997987995e-06,0.0,0.0,Annual sales cohort interpolation; fitted survival/claim propensity; fixed LT subtype split
FY2026Q1,Car,42,13+,8800.479166666668,0,0.0,0.038785066130005715,4.7243464997987995e-06,0.0,0.0,Annual sales cohort interpolation; fitted survival/claim propensity; fixed LT subtype split
FY2026Q1,Car,43,13+,8111.637500000001,0,0.0,0.0354373120929477,4.7243464997987995e-06,0.0,0.0,Annual sales cohort interpolation; fitted survival/claim propensity; fixed LT subtype split
FY2026Q1,Car,44,13+,8622.683333333334,0,0.0,0.032378521262889814,4.7243464997987995e-06,0.0,0.0,Annual sales cohort interpolation; fitted survival/claim propensity; fixed LT subtype split
FY2026Q1,Car,45,13+,9404.733333333334,0,0.0,0.02958375162375934,4.7243464997987995e-06,0.0,0.0,Annual sales cohort interpolation; fitted survival/claim propensity; fixed LT subtype split
FY2026Q1,SUV,0,current_year_or_newer,9342.102920353984,1.0,9342.102920353984,0.5,6.314551551455172e-06,0.02949559524478757,0.029505793405427628,Annual sales cohort interpolation; fitted survival/claim propensity; fixed LT subtype split
FY2026Q1,SUV,1,1-3,8916.884682890855,0.991810737033667,8843.861969382195,1.0,5.256249933599e-06,0.04648554888932388,0.046501621360181995,Annual sales cohort interpolation; fitted survival/claim propensity; fixed LT subtype split
FY2026Q1,SUV,2,1-3,8370.314697640119,0.9836214740673339,8233.221281300244,1.0,5.256249933599e-06,0.043275868813140286,0.04329083153073699,Annual sales cohort interpolation; fitted survival/claim propensity; fixed LT subtype split
FY2026Q1,SUV,3,1-3,7774.3057817109175,0.9754322111010009,7583.308278429575,1.0,5.256249933599e-06,0.0398597636349562,0.039873545227402475,Annual sales cohort interpolation; fitted survival/claim propensity; fixed LT subtype split
FY2026Q1,SUV,4,4-6,8016.825287610621,0.9646842584167424,7733.70515743524,1.0,5.0079023863640115e-06,0.038729640513355604,0.03874303136348794,Annual sales cohort interpolation; fitted survival/claim propensity; fixed LT subtype split
FY2026Q1,SUV,5,4-6,8012.11394542773,0.9495577797998179,7607.965129523514,1.0,5.0079023863640115e-06,0.038099946727514995,0.03811311985977017,Annual sales cohort interpolation; fitted survival/claim propensity; fixed LT subtype split
FY2026Q1,SUV,6,4-6,8558.321983775813,0.9308908098271156,7966.863282238273,1.0,5.0079023863640115e-06,0.03989727364295687,0.039911068204562916,Annual sales cohort interpolation; fitted survival/claim propensity; fixed LT subtype split
FY2026Q1,SUV,7,7-9,8219.886548672568,0.908656050955414,7469.049650618344,0.9136844571609987,5.256380658266905e-06,0.03587140539599096,0.03588380800565443,Annual sales cohort interpolation; fitted survival/claim propensity; fixed LT subtype split
FY2026Q1,SUV,8,7-9,7679.849705014751,0.8820609645131938,6774.095638121678,0.8348192872575889,5.256380658266905e-06,0.029725598437378244,0.02973587612207897,Annual sales cohort interpolation; fitted survival/claim propensity; fixed LT subtype split
FY2026Q1,SUV,9,7-9,7301.699646017701,0.8521865332120109,6222.410107895192,0.7627614073054819,5.256380658266905e-06,0.02494790899778311,0.024956534786870647,Annual sales cohort interpolation; fitted survival/claim propensity; fixed LT subtype split
FY2026Q1,SUV,10,10-12,6702.635294985251,0.8191319381255686,5490.342639730111,0.6969232423772687,5.3624581358966625e-06,0.02051862771502473,0.020525722071311314,Annual sales cohort interpolation; fitted survival/claim propensity; fixed LT subtype split
FY2026Q1,SUV,11,10-12,5974.319705014749,0.7836087352138308,4681.529107809674,0.6367679343943579,5.3624581358966625e-06,0.015985743062222325,0.015991270164636983,Annual sales cohort interpolation; fitted survival/claim propensity; fixed LT subtype split
FY2026Q1,SUV,12,10-12,5417.0722861356935,0.7444822565969063,4032.914199730863,0.5818049644746394,5.3624581358966625e-06,0.012582308229593173,0.012586658587654544,Annual sales cohort interpolation; fitted survival/claim propensity; fixed LT subtype split
FY2026Q1,SUV,13,13+,4937.999365781712,0.7045268425841674,3478.953101856811,0.5315861531395849,4.7243464997987995e-06,0.008737033016057674,0.008740053862576477,Annual sales cohort interpolation; fitted survival/claim propensity; fixed LT subtype split
FY2026Q1,SUV,14,13+,4522.496386430679,0.6630127388535032,2998.472715622476,0.4857020057656452,4.7243464997987995e-06,0.006880369168393153,0.006882748069698919,Annual sales cohort interpolation; fitted survival/claim propensity; fixed LT subtype split
FY2026Q1,SUV,15,13+,3973.091150442478,0.6211565059144677,2467.9114166885424,0.44377837347999183,4.7243464997987995e-06,0.0051741312833415536,0.005175920249509632,Annual sales cohort interpolation; fitted survival/claim propensity; fixed LT subtype split
FY2026Q1,SUV,16,13+,3797.4262536873166,0.5759481346678799,2187.1205673500453,0.4054734022728573,4.7243464997987995e-06,0.004189641266737978,0.004191089843527421,Annual sales cohort interpolation; fitted survival/claim propensity; fixed LT subtype split
FY2026Q1,SUV,17,13+,4956.169100294986,0.5291010009099181,2622.314031644885,0.37047474544889886,4.7243464997987995e-06,0.004589707931699793,0.004591294832333259,Annual sales cohort interpolation; fitted survival/claim propensity; fixed LT subtype split
FY2026Q1,SUV,18,13+,6068.733554572273,0.483452229299363,2933.9427659818125,0.33849701668733634,4.7243464997987995e-06,0.004691894365666116,0.0046935165974620885,Annual sales cohort interpolation; fitted survival/claim propensity; fixed LT subtype split
FY2026Q1,SUV,19,13+,6320.678761061948,0.4397315741583258,2779.4020213508666,0.3092794629425864,4.7243464997987995e-06,0.004061104775505087,0.004062508910547387,Annual sales cohort interpolation; fitted survival/claim propensity; fixed LT subtype split
FY2026Q1,SUV,20,13+,6627.127138643069,0.3984704276615104,2640.7141851023057,0.28258383820974226,4.7243464997987995e-06,0.003525416726965606,0.0035266356468011397,Annual sales cohort interpolation; fitted survival/claim propensity; fixed LT subtype split
FY2026Q1,SUV,21,13+,6632.194395280237,0.35966878980891714,2385.393331927926,0.25819246081713987,4.7243464997987995e-06,0.0029096804793655607,0.002910686507170511,Annual sales cohort interpolation; fitted survival/claim propensity; fixed LT subtype split
FY2026Q1,SUV,22,13+,6405.76644542773,0.32334485896269327,2071.2716478447824,0.23590643840477085,4.7243464997987995e-06,0.0023084400323742193,0.002309238180100438,Annual sales cohort interpolation; fitted survival/claim propensity; fixed LT subtype split
FY2026Q1,SUV,23,13+,6241.985471976403,0.2905878070973612,1813.84487023521,0.2155440461146476,4.7243464997987995e-06,0.0018470468649250961,0.0018476854850472497,Annual sales cohort interpolation; fitted survival/claim propensity; fixed LT subtype split
FY2026Q1,SUV,24,13+,6179.278171091447,0.2603448589626933,1608.7433039440523,0.19693924476854713,4.7243464997987995e-06,0.0014967896214175519,0.0014973071394020815,Annual sales cohort interpolation; fitted survival/claim propensity; fixed LT subtype split
FY2026Q1,SUV,25,13+,6004.487979351034,0.23256141947224745,1396.4122476819232,0.17994032695004702,4.7243464997987995e-06,0.0011870906854450328,0.0011875011244073257,Annual sales cohort interpolation; fitted survival/claim propensity; fixed LT subtype split
FY2026Q1,SUV,26,13+,5680.575663716814,0.20723748862602367,1177.2282344987802,0.16440867995072633,4.7243464997987995e-06,0.0009143809189609547,0.0009146970679798295,Annual sales cohort interpolation; fitted survival/claim propensity; fixed LT subtype split
FY2026Q1,SUV,27,13+,5177.710766961653,0.18437306642402182,954.6304111613937,0.15021765549333577,4.7243464997987995e-06,0.0006774823535645118,0.0006777165944338726,Annual sales cohort interpolation; fitted survival/claim propensity; fixed LT subtype split
FY2026Q1,SUV,28,13+,4861.610471976402,0.163968152866242,797.1492890451495,0.1372515370154264,4.7243464997987995e-06,0.0005168905859099102,0.000517069301856637,Annual sales cohort interpolation; fitted survival/claim propensity; fixed LT subtype split
FY2026Q1,SUV,29,13+,4620.674483775812,0.14524749772520476,671.141406571139,0.12540459609245258,4.7243464997987995e-06,0.0003976209240488268,0.0003977584022730717,Annual sales cohort interpolation; fitted survival/claim propensity; fixed LT subtype split
FY2026Q1,SUV,30,13+,4377.506489675517,0.1282393084622384,561.3684050249491,0.11458023030622685,4.7243464997987995e-06,0.0003038780981023272,0.00030398316455830895,Annual sales cohort interpolation; fitted survival/claim propensity; fixed LT subtype split
FY2026Q1,SUV,31,13+,4223.256784660768,0.11388808007279344,480.97860685941373,0.10469017552872707,4.7243464997987995e-06,0.00023788849064870424,0.00023797074106684033,Annual sales cohort interpolation; fitted survival/claim propensity; fixed LT subtype split
FY2026Q1,SUV,32,13+,3721.115781710915,0.10047406733393992,373.87563760900895,0.09565378619805467,4.7243464997987995e-06,0.0001689550100592619,0.00016901342658956844,Annual sales cohort interpolation; fitted survival/claim propensity; fixed LT subtype split
FY2026Q1,SUV,33,13+,3243.858628318584,0.08730755232029119,283.2133569115528,0.08739737771776383,4.7243464997987995e-06,0.00011693751933775727,0.00011697795071732968,Annual sales cohort interpolation; fitted survival/claim propensity; fixed LT subtype split
FY2026Q1,SUV,34,13+,3073.8340707964603,0.03089262966333025,94.9588175956419,0.07985362561734978,4.7243464997987995e-06,3.582380236751083e-05,3.583618851833266e-05,Annual sales cohort interpolation; fitted survival/claim propensity; fixed LT subtype split
FY2026Q1,SUV,35,13+,3305.3594395280243,0,0.0,0.07296101657452587,4.7243464997987995e-06,0.0,0.0,Annual sales cohort interpolation; fitted survival/claim propensity; fixed LT subtype split
FY2026Q1,SUV,36,13+,3377.266224188791,0,0.0,0.0666633468228103,4.7243464997987995e-06,0.0,0.0,Annual sales cohort interpolation; fitted survival/claim propensity; fixed LT subtype split
FY2026Q1,SUV,37,13+,3434.574483775812,0,0.0,0.06090926385433481,4.7243464997987995e-06,0.0,0.0,Annual sales cohort interpolation; fitted survival/claim propensity; fixed LT subtype split
FY2026Q1,SUV,38,13+,3333.7722713864314,0,0.0,0.05565184768082395,4.7243464997987995e-06,0.0,0.0,Annual sales cohort interpolation; fitted survival/claim propensity; fixed LT subtype split
FY2026Q1,SUV,39,13+,3134.2792035398234,0,0.0,0.05084822823826022,4.7243464997987995e-06,0.0,0.0,Annual sales cohort interpolation; fitted survival/claim propensity; fixed LT subtype split
FY2026Q1,SUV,40,13+,2578.2985988200594,0,0.0,0.04645923581547334,4.7243464997987995e-06,0.0,0.0,Annual sales cohort interpolation; fitted survival/claim propensity; fixed LT subtype split
FY2026Q1,SUV,41,13+,2201.3007374631275,0,0.0,0.04244908165617559,4.7243464997987995e-06,0.0,0.0,Annual sales cohort interpolation; fitted survival/claim propensity; fixed LT subtype split
FY2026Q1,SUV,42,13+,1728.2361356932156,0,0.0,0.038785066130005715,4.7243464997987995e-06,0.0,0.0,Annual sales cohort interpolation; fitted survival/claim propensity; fixed LT subtype split
FY2026Q1,SUV,43,13+,1426.46290560472,0,0.0,0.0354373120929477,4.7243464997987995e-06,0.0,0.0,Annual sales cohort interpolation; fitted survival/claim propensity; fixed LT subtype split
FY2026Q1,SUV,44,13+,1309.1016224188793,0,0.0,0.032378521262889814,4.7243464997987995e-06,0.0,0.0,Annual sales cohort interpolation; fitted survival/claim propensity; fixed LT subtype split
FY2026Q1,SUV,45,13+,1605.686946902655,0,0.0,0.02958375162375934,4.7243464997987995e-06,0.0,0.0,Annual sales cohort interpolation; fitted survival/claim propensity; fixed LT subtype split
FY2026Q1,Pickup,0,current_year_or_newer,2489.704690265487,1.0,2489.704690265487,0.5,6.3145515514551716e-06,0.007860684307290575,0.007863402154502716,Annual sales cohort interpolation; fitted survival/claim propensity; fixed LT subtype split
FY2026Q1,Pickup,1,1-3,2376.382470501475,0.991810737033667,2356.921649541954,1.0,5.256249933599002e-06,0.012388569263902947,0.012392852636332125,Annual sales cohort interpolation; fitted survival/claim propensity; fixed LT subtype split
FY2026Q1,Pickup,2,1-3,2230.7195648967554,0.9836214740673339,2194.1836666545883,1.0,5.256249933599002e-06,0.011533177752157193,0.011537165371272206,Annual sales cohort interpolation; fitted survival/claim propensity; fixed LT subtype split
FY2026Q1,Pickup,3,1-3,2071.881002949853,0.9754322111010009,2020.9794678455346,1.0,5.256249933599002e-06,0.010622773193668037,0.010626446038598707,Annual sales cohort interpolation; fitted survival/claim propensity; fixed LT subtype split
FY2026Q1,Pickup,4,4-6,2136.513340707965,0.9646842584167424,2061.06078767834,1.0,5.007902386364012e-06,0.010321591237055651,0.010325159947726615,Annual sales cohort interpolation; fitted survival/claim propensity; fixed LT subtype split
FY2026Q1,Pickup,5,4-6,2135.2577507374635,0.9495577797998179,2027.550609090619,1.0,5.007902386364012e-06,0.010153775533738717,0.010157286221796943,Annual sales cohort interpolation; fitted survival/claim propensity; fixed LT subtype split
FY2026Q1,Pickup,6,4-6,2280.824196165192,0.9308908098271156,2123.1982830414954,1.0,5.007902386364012e-06,0.01063276974836748,0.010636446049626791,Annual sales cohort interpolation; fitted survival/claim propensity; fixed LT subtype split
FY2026Q1,Pickup,7,7-9,2190.6299115044253,0.908656050955414,1990.5291244924192,0.9136844571609987,5.2563806582669044e-06,0.009559861095753089,0.009563166436714747,Annual sales cohort interpolation; fitted survival/claim propensity; fixed LT subtype split
FY2026Q1,Pickup,8,7-9,2046.7081120943956,0.8820609645131938,1805.3213314309605,0.8348192872575889,5.2563806582669044e-06,0.007921981001648478,0.007924720042314442,Annual sales cohort interpolation; fitted survival/claim propensity; fixed LT subtype split
FY2026Q1,Pickup,9,7-9,1945.9297345132745,0.8521865332120109,1658.295114329036,0.7627614073054819,5.2563806582669044e-06,0.006648709243907965,0.006651008048334717,Annual sales cohort interpolation; fitted survival/claim propensity; fixed LT subtype split
FY2026Q1,Pickup,10,10-12,1786.2768879056048,0.8191319381255686,1463.196449219027,0.6969232423772687,5.362458135896663e-06,0.005468289537744978,0.005470180209713774,Annual sales cohort interpolation; fitted survival/claim propensity; fixed LT subtype split
FY2026Q1,Pickup,11,10-12,1592.1781120943954,0.7836087352138308,1247.644676653434,0.6367679343943579,5.362458135896663e-06,0.004260259153501794,0.004261732146565847,Annual sales cohort interpolation; fitted survival/claim propensity; fixed LT subtype split
FY2026Q1,Pickup,12,10-12,1443.6696312684367,0.7444822565969063,1074.7864248671492,0.5818049644746394,5.362458135896663e-06,0.003353231288571286,0.0033543906749495,Annual sales cohort interpolation; fitted survival/claim propensity; fixed LT subtype split
FY2026Q1,Pickup,13,13+,1315.99494100295,0.7045268425841674,927.1537606415461,0.5315861531395849,4.7243464997988e-06,0.002328451341687742,0.002329256408363902,Annual sales cohort interpolation; fitted survival/claim propensity; fixed LT subtype split
FY2026Q1,Pickup,14,13+,1205.2618731563423,0.6630127388535032,799.10397555709,0.4857020057656452,4.7243464997988e-06,0.0018336436170045321,0.0018342776029270957,Annual sales cohort interpolation; fitted survival/claim propensity; fixed LT subtype split
FY2026Q1,Pickup,15,13+,1058.8433628318585,0.6211565059144677,657.7074435673621,0.44377837347999183,4.7243464997988e-06,0.0013789249630421258,0.0013794017290869192,Annual sales cohort interpolation; fitted survival/claim propensity; fixed LT subtype split
FY2026Q1,Pickup,16,13+,1012.0280235988203,0.5759481346678799,582.8756524233617,0.4054734022728573,4.7243464997988e-06,0.0011165547630181897,0.001116940814045205,Annual sales cohort interpolation; fitted survival/claim propensity; fixed LT subtype split
FY2026Q1,Pickup,17,13+,1320.8372418879057,0.5291010009099181,698.8563067219865,0.37047474544889886,4.7243464997988e-06,0.0012231739964676713,0.001223596911306419,Annual sales cohort interpolation; fitted survival/claim propensity; fixed LT subtype split
FY2026Q1,Pickup,18,13+,1617.339749262537,0.483452229299363,781.9065073154463,0.33849701668733634,4.7243464997988e-06,0.0012504070558865688,0.001250839386609701,Annual sales cohort interpolation; fitted survival/claim propensity; fixed LT subtype split
FY2026Q1,Pickup,19,13+,1684.4840707964602,0.4397315741583258,740.7208320959521,0.3092794629425864,4.7243464997988e-06,0.0010822993166993995,0.0010826735238378118,Annual sales cohort interpolation; fitted survival/claim propensity; fixed LT subtype split
FY2026Q1,Pickup,20,13+,1766.1536873156344,0.3984704276615104,703.7600151006144,0.28258383820974226,4.7243464997988e-06,0.0009395364871375333,0.0009398613337440691,Annual sales cohort interpolation; fitted survival/claim propensity; fixed LT subtype split
FY2026Q1,Pickup,21,13+,1767.5041297935106,0.35966878980891714,635.7160713450952,0.25819246081713987,4.7243464997988e-06,0.0007754405189507242,0.0007757086290503319,Annual sales cohort interpolation; fitted survival/claim propensity; fixed LT subtype split
FY2026Q1,Pickup,22,13+,1707.1602507374635,0.32334485896269327,552.0014905014212,0.23590643840477085,4.7243464997988e-06,0.0006152077347892175,0.0006154204440854469,Annual sales cohort interpolation; fitted survival/claim propensity; fixed LT subtype split
FY2026Q1,Pickup,23,13+,1663.5120206489678,0.2905878070973612,483.3963101604838,0.2155440461146476,4.7243464997988e-06,0.0004922447635130452,0.0004924149581177267,Annual sales cohort interpolation; fitted survival/claim propensity; fixed LT subtype split
FY2026Q1,Pickup,24,13+,1646.800294985251,0.2603448589626933,428.7359905376569,0.19693924476854713,4.7243464997988e-06,0.00039889992355626687,0.00039903784399713177,Annual sales cohort interpolation; fitted survival/claim propensity; fixed LT subtype split
FY2026Q1,Pickup,25,13+,1600.218067846608,0.23256141947224745,372.1489853235443,0.17994032695004702,4.7243464997988e-06,0.000316364021304422,0.00031647340479315045,Annual sales cohort interpolation; fitted survival/claim propensity; fixed LT subtype split
FY2026Q1,Pickup,26,13+,1513.8942477876108,0.20723748862602367,313.73564195688766,0.16440867995072633,4.7243464997988e-06,0.0002436858683783474,0.00024377012325134823,Annual sales cohort interpolation; fitted survival/claim propensity; fixed LT subtype split
FY2026Q1,Pickup,27,13+,1379.8789085545725,0.18437306642402182,254.41250566403892,0.15021765549333577,4.7243464997988e-06,0.00018055153187905088,0.00018061395792980963,Annual sales cohort interpolation; fitted survival/claim propensity; fixed LT subtype split
FY2026Q1,Pickup,28,13+,1295.6370206489678,0.163968152866242,212.4432090609323,0.1372515370154264,4.7243464997988e-06,0.00013775323683173652,0.00013780086528697666,Annual sales cohort interpolation; fitted survival/claim propensity; fixed LT subtype split
FY2026Q1,Pickup,29,13+,1231.426696165192,0.14524749772520476,178.86164625001012,0.12540459609245258,4.7243464997988e-06,0.00010596743452645996,0.00010600407297742008,Annual sales cohort interpolation; fitted survival/claim propensity; fixed LT subtype split
FY2026Q1,Pickup,30,13+,1166.621533923304,0.1282393084622384,149.6067387474803,0.11458023030622685,4.7243464997988e-06,8.098462761162265e-05,8.101262820747109e-05,Annual sales cohort interpolation; fitted survival/claim propensity; fixed LT subtype split
FY2026Q1,Pickup,31,13+,1125.5134218289088,0.11388808007279344,128.1825627082545,0.10469017552872707,4.7243464997988e-06,6.339815520955688e-05,6.342007524764205e-05,Annual sales cohort interpolation; fitted survival/claim propensity; fixed LT subtype split
FY2026Q1,Pickup,32,13+,991.6910029498526,0.10047406733393992,99.63922860484591,0.09565378619805467,4.7243464997988e-06,4.50271298201945e-05,4.5042698039762745e-05,Annual sales cohort interpolation; fitted survival/claim propensity; fixed LT subtype split
FY2026Q1,Pickup,33,13+,864.5002212389381,0.08730755232029119,75.4773982967219,0.08739737771776383,4.7243464997988e-06,3.1164277769720164e-05,3.1175052880657554e-05,Annual sales cohort interpolation; fitted survival/claim propensity; fixed LT subtype split
FY2026Q1,Pickup,34,13+,819.1880530973452,0.03089262966333025,25.306873148960804,0.07985362561734978,4.7243464997988e-06,9.547174714079906e-06,9.550475668699904e-06,Annual sales cohort interpolation; fitted survival/claim propensity; fixed LT subtype split
FY2026Q1,Pickup,35,13+,880.8904129793513,0,0.0,0.07296101657452587,4.7243464997988e-06,0.0,0.0,Annual sales cohort interpolation; fitted survival/claim propensity; fixed LT subtype split
FY2026Q1,Pickup,36,13+,900.0538348082597,0,0.0,0.0666633468228103,4.7243464997988e-06,0.0,0.0,Annual sales cohort interpolation; fitted survival/claim propensity; fixed LT subtype split
FY2026Q1,Pickup,37,13+,915.326696165192,0,0.0,0.06090926385433481,4.7243464997988e-06,0.0,0.0,Annual sales cohort interpolation; fitted survival/claim propensity; fixed LT subtype split
FY2026Q1,Pickup,38,13+,888.4625368731565,0,0.0,0.05565184768082395,4.7243464997988e-06,0.0,0.0,Annual sales cohort interpolation; fitted survival/claim propensity; fixed LT subtype split
FY2026Q1,Pickup,39,13+,835.2969026548673,0,0.0,0.05084822823826022,4.7243464997988e-06,0.0,0.0,Annual sales cohort interpolation; fitted survival/claim propensity; fixed LT subtype split
FY2026Q1,Pickup,40,13+,687.1260324483776,0,0.0,0.04645923581547334,4.7243464997988e-06,0.0,0.0,Annual sales cohort interpolation; fitted survival/claim propensity; fixed LT subtype split
FY2026Q1,Pickup,41,13+,586.6547197640119,0,0.0,0.04244908165617559,4.7243464997988e-06,0.0,0.0,Annual sales cohort interpolation; fitted survival/claim propensity; fixed LT subtype split
FY2026Q1,Pickup,42,13+,460.5812684365783,0,0.0,0.038785066130005715,4.7243464997988e-06,0.0,0.0,Annual sales cohort interpolation; fitted survival/claim propensity; fixed LT subtype split
FY2026Q1,Pickup,43,13+,380.15759587020653,0,0.0,0.0354373120929477,4.7243464997988e-06,0.0,0.0,Annual sales cohort interpolation; fitted survival/claim propensity; fixed LT subtype split
FY2026Q1,Pickup,44,13+,348.88038348082597,0,0.0,0.032378521262889814,4.7243464997988e-06,0.0,0.0,Annual sales cohort interpolation; fitted survival/claim propensity; fixed LT subtype split
FY2026Q1,Pickup,45,13+,427.92146017699116,0,0.0,0.02958375162375934,4.7243464997988e-06,0.0,0.0,Annual sales cohort interpolation; fitted survival/claim propensity; fixed LT subtype split
FY2026Q1,Minivan,0,current_year_or_newer,1073.5423893805312,1.0,1073.5423893805312,0.5,6.314551551455172e-06,0.003389469380207863,0.0033906412959782365,Annual sales cohort interpolation; fitted survival/claim propensity; fixed LT subtype split
FY2026Q1,Minivan,1,1-3,1024.678679941003,0.991810737033667,1016.2873167749713,1.0,5.256249933599002e-06,0.005341860141315951,0.005343707100069817,Annual sales cohort interpolation; fitted survival/claim propensity; fixed LT subtype split
FY2026Q1,Minivan,2,1-3,961.8699041297937,0.9836214740673339,946.1158929611528,1.0,5.256249933599002e-06,0.0049730215995540195,0.004974741031649485,Annual sales cohort interpolation; fitted survival/claim propensity; fixed LT subtype split
FY2026Q1,Minivan,3,1-3,893.3798820059001,0.9754322111010009,871.4315136581664,1.0,5.256249933599002e-06,0.004580461835801815,0.00458204553957926,Annual sales cohort interpolation; fitted survival/claim propensity; fixed LT subtype split
FY2026Q1,Minivan,4,4-6,921.2488716814162,0.9646842584167424,888.7142845952477,1.0,5.0079023863640115e-06,0.0044505943866203265,0.004452133188469274,Annual sales cohort interpolation; fitted survival/claim propensity; fixed LT subtype split
FY2026Q1,Minivan,5,4-6,920.7074705014752,0.9495577797998179,874.2649415344871,1.0,5.0079023863640115e-06,0.004378233487024951,0.00437974726994914,Annual sales cohort interpolation; fitted survival/claim propensity; fixed LT subtype split
FY2026Q1,Minivan,6,4-6,983.4746533923307,0.9308908098271156,915.5075165408285,1.0,5.0079023863640115e-06,0.004584772276819005,0.004586357470939993,Annual sales cohort interpolation; fitted survival/claim propensity; fixed LT subtype split
FY2026Q1,Minivan,7,7-9,944.5835398230092,0.908656050955414,858.3015490930617,0.9136844571609987,5.2563806582669044e-06,0.004122141940370599,0.004123567179133884,Annual sales cohort interpolation; fitted survival/claim propensity; fixed LT subtype split
FY2026Q1,Minivan,8,7-9,882.525516224189,0.8820609645131938,778.4413080482125,0.8348192872575889,5.2563806582669044e-06,0.003415900064930996,0.003417081119163109,Annual sales cohort interpolation; fitted survival/claim propensity; fixed LT subtype split
FY2026Q1,Minivan,9,7-9,839.0706194690267,0.8521865332120109,715.0446823253643,0.7627614073054819,5.2563806582669044e-06,0.0028668746281071047,0.002867865855703961,Annual sales cohort interpolation; fitted survival/claim propensity; fixed LT subtype split
FY2026Q1,Minivan,10,10-12,770.2294837758113,0.8191319381255686,630.9195698467365,0.6969232423772687,5.362458135896663e-06,0.0023578863144404954,0.0023587015583169486,Annual sales cohort interpolation; fitted survival/claim propensity; fixed LT subtype split
FY2026Q1,Minivan,11,10-12,686.5355162241889,0.7836087352138308,537.9752275478111,0.6367679343943579,5.362458135896663e-06,0.0018369924790328839,0.0018376276228311453,Annual sales cohort interpolation; fitted survival/claim propensity; fixed LT subtype split
FY2026Q1,Minivan,12,10-12,622.499749262537,0.7444822565969063,463.44001806198185,0.5818049644746394,5.362458135896663e-06,0.001445888720760096,0.001446388639657124,Annual sales cohort interpolation; fitted survival/claim propensity; fixed LT subtype split
FY2026Q1,Minivan,13,13+,567.447359882006,0.7045268425841674,399.78189679039144,0.5315861531395849,4.7243464997987995e-06,0.0010040111289846226,0.0010043582678266366,Annual sales cohort interpolation; fitted survival/claim propensity; fixed LT subtype split
FY2026Q1,Minivan,14,13+,519.7000737463128,0.6630127388535032,344.56776927691044,0.4857020057656452,4.7243464997987995e-06,0.0007906536697175506,0.0007909270397942523,Annual sales cohort interpolation; fitted survival/claim propensity; fixed LT subtype split
FY2026Q1,Minivan,15,13+,456.5654867256638,0.6211565059144677,283.5986224556516,0.44377837347999183,4.7243464997987995e-06,0.0005945823235135771,0.0005947879015328918,Annual sales cohort interpolation; fitted survival/claim propensity; fixed LT subtype split
FY2026Q1,Minivan,16,13+,436.37905604719776,0.5759481346678799,251.33170333851376,0.4054734022728573,4.7243464997987995e-06,0.0004814502189161001,0.0004816166812855471,Annual sales cohort interpolation; fitted survival/claim propensity; fixed LT subtype split
FY2026Q1,Minivan,17,13+,569.535324483776,0.5291010009099181,301.34171023792084,0.37047474544889886,4.7243464997987995e-06,0.0005274236498530326,0.0005276060076275385,Annual sales cohort interpolation; fitted survival/claim propensity; fixed LT subtype split
FY2026Q1,Minivan,18,13+,697.3850294985252,0.483452229299363,337.15234719106405,0.33849701668733634,4.7243464997987995e-06,0.0005391663451987958,0.0005393527630335409,Annual sales cohort interpolation; fitted survival/claim propensity; fixed LT subtype split
FY2026Q1,Minivan,19,13+,726.337168141593,0.4397315741583258,319.39338631660326,0.3092794629425864,4.7243464997987995e-06,0.0004666795218795576,0.0004668408772511666,Annual sales cohort interpolation; fitted survival/claim propensity; fixed LT subtype split
FY2026Q1,Minivan,20,13+,761.5525073746314,0.3984704276615104,303.45615330026493,0.28258383820974226,4.7243464997987995e-06,0.0004051212375730647,0.0004052613090456077,Annual sales cohort interpolation; fitted survival/claim propensity; fixed LT subtype split
FY2026Q1,Minivan,21,13+,762.1348082595872,0.35966878980891714,274.11610415797685,0.25819246081713987,4.7243464997987995e-06,0.0003343642604649911,0.00033447986757216135,Annual sales cohort interpolation; fitted survival/claim propensity; fixed LT subtype split
FY2026Q1,Minivan,22,13+,736.1149705014751,0.32334485896269327,238.0189913171266,0.23590643840477085,4.7243464997987995e-06,0.0002652730599549837,0.00026536477864234865,Annual sales cohort interpolation; fitted survival/claim propensity; fixed LT subtype split
FY2026Q1,Minivan,23,13+,717.2941740412981,0.2905878070973612,208.43694107837376,0.2155440461146476,4.7243464997987995e-06,0.00021225232922122132,0.00021232571588562527,Annual sales cohort interpolation; fitted survival/claim propensity; fixed LT subtype split
FY2026Q1,Minivan,24,13+,710.0882005899707,0.2603448589626933,184.8678124336686,0.19693924476854713,4.7243464997987995e-06,0.0001720027193316013,0.00017206218961344211,Annual sales cohort interpolation; fitted survival/claim propensity; fixed LT subtype split
FY2026Q1,Minivan,25,13+,690.0022861356933,0.23256141947224745,160.4679111028127,0.17994032695004702,4.7243464997987995e-06,0.00013641384404869573,0.00013646100940622083,Annual sales cohort interpolation; fitted survival/claim propensity; fixed LT subtype split
FY2026Q1,Minivan,26,13+,652.7800884955753,0.20723748862602367,135.28050616489654,0.16440867995072633,4.7243464997987995e-06,0.0001050755579246085,0.00010511188800746208,Annual sales cohort interpolation; fitted survival/claim propensity; fixed LT subtype split
FY2026Q1,Minivan,27,13+,594.9936578171092,0.18437306642402182,109.70080519458558,0.15021765549333577,4.7243464997987995e-06,7.78524953973889e-05,7.787941305230322e-05,Annual sales cohort interpolation; fitted survival/claim propensity; fixed LT subtype split
FY2026Q1,Minivan,28,13+,558.669174041298,0.163968152866242,91.60395253086071,0.1372515370154264,4.7243464997987995e-06,5.939818468891389e-05,5.94187217292468e-05,Annual sales cohort interpolation; fitted survival/claim propensity; fixed LT subtype split
FY2026Q1,Minivan,29,13+,530.9821533923305,0.14524749772520476,77.12382911697685,0.12540459609245258,4.7243464997987995e-06,4.5692380025170806e-05,4.5708178256318747e-05,Annual sales cohort interpolation; fitted survival/claim propensity; fixed LT subtype split
FY2026Q1,Minivan,30,13+,503.0386430678467,0.1282393084622384,64.50932771680344,0.11458023030622685,4.7243464997987995e-06,3.4919977043543716e-05,3.49320506949646e-05,Annual sales cohort interpolation; fitted survival/claim propensity; fixed LT subtype split
FY2026Q1,Minivan,31,13+,485.3131268436579,0.11388808007279344,55.27138025034827,0.10469017552872707,4.7243464997987995e-06,2.733681921879975e-05,2.734627097834106e-05,Annual sales cohort interpolation; fitted survival/claim propensity; fixed LT subtype split
FY2026Q1,Minivan,32,13+,427.6098820058998,0.10047406733393992,42.96370407731888,0.09565378619805467,4.7243464997987995e-06,1.9415367904120563e-05,1.9422080806136228e-05,Annual sales cohort interpolation; fitted survival/claim propensity; fixed LT subtype split
FY2026Q1,Minivan,33,13+,372.7661504424779,0.08730755232029119,32.545300182990175,0.08739737771776383,4.7243464997987995e-06,1.3437807845659149e-05,1.3442453994411969e-05,Annual sales cohort interpolation; fitted survival/claim propensity; fixed LT subtype split
FY2026Q1,Minivan,34,13+,353.22787610619474,0.03089262966333025,10.912137963313373,0.07985362561734978,4.7243464997987995e-06,4.116671665704179e-06,4.118095013109133e-06,Annual sales cohort interpolation; fitted survival/claim propensity; fixed LT subtype split
FY2026Q1,Minivan,35,13+,379.8334808259588,0,0.0,0.07296101657452587,4.7243464997987995e-06,0.0,0.0,Annual sales cohort interpolation; fitted survival/claim propensity; fixed LT subtype split
FY2026Q1,Minivan,36,13+,388.0966076696166,0,0.0,0.0666633468228103,4.7243464997987995e-06,0.0,0.0,Annual sales cohort interpolation; fitted survival/claim propensity; fixed LT subtype split
FY2026Q1,Minivan,37,13+,394.6821533923305,0,0.0,0.06090926385433481,4.7243464997987995e-06,0.0,0.0,Annual sales cohort interpolation; fitted survival/claim propensity; fixed LT subtype split
FY2026Q1,Minivan,38,13+,383.09852507374643,0,0.0,0.05565184768082395,4.7243464997987995e-06,0.0,0.0,Annual sales cohort interpolation; fitted survival/claim propensity; fixed LT subtype split
FY2026Q1,Minivan,39,13+,360.1738938053098,0,0.0,0.05084822823826022,4.7243464997987995e-06,0.0,0.0,Annual sales cohort interpolation; fitted survival/claim propensity; fixed LT subtype split
FY2026Q1,Minivan,40,13+,296.28370206489683,0,0.0,0.04645923581547334,4.7243464997987995e-06,0.0,0.0,Annual sales cohort interpolation; fitted survival/claim propensity; fixed LT subtype split
FY2026Q1,Minivan,41,13+,252.9612094395281,0,0.0,0.04244908165617559,4.7243464997987995e-06,0.0,0.0,Annual sales cohort interpolation; fitted survival/claim propensity; fixed LT subtype split
FY2026Q1,Minivan,42,13+,198.5992625368732,0,0.0,0.038785066130005715,4.7243464997987995e-06,0.0,0.0,Annual sales cohort interpolation; fitted survival/claim propensity; fixed LT subtype split
FY2026Q1,Minivan,43,13+,163.92116519174044,0,0.0,0.0354373120929477,4.7243464997987995e-06,0.0,0.0,Annual sales cohort interpolation; fitted survival/claim propensity; fixed LT subtype split
FY2026Q1,Minivan,44,13+,150.43466076696168,0,0.0,0.032378521262889814,4.7243464997987995e-06,0.0,0.0,Annual sales cohort interpolation; fitted survival/claim propensity; fixed LT subtype split
FY2026Q1,Minivan,45,13+,184.51659292035401,0,0.0,0.02958375162375934,4.7243464997987995e-06,0.0,0.0,Annual sales cohort interpolation; fitted survival/claim propensity; fixed LT subtype split
FY2026Q2,Car,0,current_year_or_newer,2779.738888888889,1.0,2779.738888888889,0.5,6.3145515514551716e-06,0.008776402256736805,0.008776824465312156,Annual sales cohort interpolation; fitted survival/claim propensity; fixed LT subtype split
FY2026Q2,Car,1,1-3,3044.670833333333,0.9976377952755906,3037.4786975065617,1.0,5.256249933599001e-06,0.015965747202077246,0.015966515270265488,Annual sales cohort interpolation; fitted survival/claim propensity; fixed LT subtype split
FY2026Q2,Car,2,1-3,3168.493055555555,0.9952755905511811,3153.5237970253716,1.0,5.256249933599001e-06,0.016575709248717478,0.01657650666050224,Annual sales cohort interpolation; fitted survival/claim propensity; fixed LT subtype split
FY2026Q2,Car,3,1-3,2957.526388888889,0.9929133858267717,2936.5675404636922,1.0,5.256249933599001e-06,0.015435332939571264,0.015436075490988105,Annual sales cohort interpolation; fitted survival/claim propensity; fixed LT subtype split
FY2026Q2,Car,4,4-6,3347.1472222222224,0.9899527559055118,3313.5176170603677,1.0,5.007902386364013e-06,0.016593772781735815,0.016594571062507474,Annual sales cohort interpolation; fitted survival/claim propensity; fixed LT subtype split
FY2026Q2,Car,5,4-6,3474.2986111111113,0.9844409448818897,3420.2418075240594,1.0,5.007902386364013e-06,0.017128237109841703,0.01712906110222228,Annual sales cohort interpolation; fitted survival/claim propensity; fixed LT subtype split
FY2026Q2,Car,6,4-6,4734.206944444444,0.976755905511811,4624.164590901137,1.0,5.007902386364013e-06,0.023157364889713775,0.02315847892685029,Annual sales cohort interpolation; fitted survival/claim propensity; fixed LT subtype split
FY2026Q2,Car,7,7-9,5345.3694444444445,0.9673464566929133,5170.8241917979,0.9136844571609987,5.256380658266906e-06,0.024833779328274245,0.024834974013098855,Annual sales cohort interpolation; fitted survival/claim propensity; fixed LT subtype split
FY2026Q2,Car,8,7-9,6122.49861111111,0.9553149606299213,5848.914519630358,0.8348192872575889,5.256380658266906e-06,0.025665785308176092,0.02566702001852018,Annual sales cohort interpolation; fitted survival/claim propensity; fixed LT subtype split
FY2026Q2,Car,9,7-9,6908.115277777778,0.9400944881889763,6494.2810964129485,0.7627614073054819,5.256380658266906e-06,0.026037938835590226,0.026039191449217004,Annual sales cohort interpolation; fitted survival/claim propensity; fixed LT subtype split
FY2026Q2,Car,10,10-12,7529.511111111111,0.9227716535433071,6948.0194183727035,0.6969232423772687,5.362458135896662e-06,0.025966289020052883,0.02596753818680409,Annual sales cohort interpolation; fitted survival/claim propensity; fixed LT subtype split
FY2026Q2,Car,11,10-12,7698.745833333333,0.9021417322834646,6945.359902493438,0.6367679343943579,5.362458135896662e-06,0.023715913394772668,0.02371705430214162,Annual sales cohort interpolation; fitted survival/claim propensity; fixed LT subtype split
FY2026Q2,Car,12,10-12,7569.040277777778,0.8790866141732284,6653.841990332459,0.5818049644746394,5.362458135896662e-06,0.020759353332872744,0.020760352008268368,Annual sales cohort interpolation; fitted survival/claim propensity; fixed LT subtype split
FY2026Q2,Car,13,13+,7185.920833333334,0.853496062992126,6133.155140223097,0.5315861531395849,4.7243464997987995e-06,0.015402788535474355,0.015403529521269419,Annual sales cohort interpolation; fitted survival/claim propensity; fixed LT subtype split
FY2026Q2,Car,14,13+,6083.504166666666,0.8251023622047243,5019.513658398949,0.4857020057656452,4.7243464997987995e-06,0.011517899374450979,0.011518453468912887,Annual sales cohort interpolation; fitted survival/claim propensity; fixed LT subtype split
FY2026Q2,Car,15,13+,5629.044444444444,0.7951811023622047,4476.109766579177,0.44377837347999183,4.7243464997987995e-06,0.00938444524966142,0.009384896709512897,Annual sales cohort interpolation; fitted survival/claim propensity; fixed LT subtype split
FY2026Q2,Car,16,13+,5480.823611111111,0.7461102362204726,4089.2985991688543,0.4054734022728573,4.7243464997987995e-06,0.00783344751032629,0.007833824355942145,Annual sales cohort interpolation; fitted survival/claim propensity; fixed LT subtype split
FY2026Q2,Car,17,13+,6794.173611111111,0.677488188976378,4602.972375382765,0.37047474544889886,4.7243464997987995e-06,0.008056357311041627,0.008056744880234938,Annual sales cohort interpolation; fitted survival/claim propensity; fixed LT subtype split
FY2026Q2,Car,18,13+,7562.355555555556,0.5951574803149606,4500.792477690289,0.33849701668733634,4.7243464997987995e-06,0.007197564694156822,0.007197910949199222,Annual sales cohort interpolation; fitted survival/claim propensity; fixed LT subtype split
FY2026Q2,Car,19,13+,7753.1875,0.5140551181102362,3985.565716043307,0.3092794629425864,4.7243464997987995e-06,0.00582348283486031,0.005823762986603515,Annual sales cohort interpolation; fitted survival/claim propensity; fixed LT subtype split
FY2026Q2,Car,20,13+,7651.555555555556,0.4389370078740157,3358.5509011373574,0.28258383820974226,4.7243464997987995e-06,0.004483745947226143,0.004483961647912283,Annual sales cohort interpolation; fitted survival/claim propensity; fixed LT subtype split
FY2026Q2,Car,21,13+,7489.1194444444445,0.3705590551181103,2775.161025000001,0.25819246081713987,4.7243464997987995e-06,0.0033851154664762857,0.003385278315071495,Annual sales cohort interpolation; fitted survival/claim propensity; fixed LT subtype split
FY2026Q2,Car,22,13+,7581.625,0.30907874015748027,2343.3191033464564,0.23590643840477085,4.7243464997987995e-06,0.002611637943492766,0.0026117635822115945,Annual sales cohort interpolation; fitted survival/claim propensity; fixed LT subtype split
FY2026Q2,Car,23,13+,8052.745833333333,0.2546062992125985,2050.2798151246725,0.2155440461146476,4.7243464997987995e-06,0.0020878096946924454,0.0020879101334748775,Annual sales cohort interpolation; fitted survival/claim propensity; fixed LT subtype split
FY2026Q2,Car,24,13+,8371.34861111111,0.20893700787401587,1749.084530675854,0.19693924476854713,4.7243464997987995e-06,0.0016273643943562639,0.0016274426823816323,Annual sales cohort interpolation; fitted survival/claim propensity; fixed LT subtype split
FY2026Q2,Car,25,13+,8764.009722222223,0.17148818897637794,1502.9241554352582,0.17994032695004702,4.7243464997987995e-06,0.0012776365065611515,0.001277697970139674,Annual sales cohort interpolation; fitted survival/claim propensity; fixed LT subtype split
FY2026Q2,Car,26,13+,8608.93888888889,0.13951968503937012,1201.116442300963,0.16440867995072633,4.7243464997987995e-06,0.0009329354530456642,0.0009329803340045131,Annual sales cohort interpolation; fitted survival/claim propensity; fixed LT subtype split
FY2026Q2,Car,27,13+,8100.0375,0.11272440944881885,913.0719437007871,0.15021765549333577,4.7243464997987995e-06,0.0006479891297822392,0.0006480203027571468,Annual sales cohort interpolation; fitted survival/claim propensity; fixed LT subtype split
FY2026Q2,Car,28,13+,8230.159722222223,0.09096062992125985,748.6205126859144,0.1372515370154264,4.7243464997987995e-06,0.0004854233714363672,0.00048544672381973587,Annual sales cohort interpolation; fitted survival/claim propensity; fixed LT subtype split
FY2026Q2,Car,29,13+,8482.747222222222,0.07363779527559058,624.6508033245847,0.12540459609245258,4.7243464997987995e-06,0.00037007734464590276,0.00037009514804915185,Annual sales cohort interpolation; fitted survival/claim propensity; fixed LT subtype split
FY2026Q2,Car,30,13+,8638.804166666667,0.05942519685039369,513.3626381561679,0.11458023030622685,4.7243464997987995e-06,0.0002778917743202102,0.00027790514292920347,Annual sales cohort interpolation; fitted survival/claim propensity; fixed LT subtype split
FY2026Q2,Car,31,13+,8959.101388888888,0.04767716535433072,427.1445583442695,0.10469017552872707,4.7243464997987995e-06,0.0002112625651623343,0.00021127272842332131,Annual sales cohort interpolation; fitted survival/claim propensity; fixed LT subtype split
FY2026Q2,Car,32,13+,8507.530555555555,0.03803149606299215,323.5541148293965,0.09565378619805467,4.7243464997987995e-06,0.00014621463189020323,0.00014622166587401801,Annual sales cohort interpolation; fitted survival/claim propensity; fixed LT subtype split
FY2026Q2,Car,33,13+,8215.772222222224,0.030157480314960627,247.76698906386704,0.08739737771776383,4.7243464997987995e-06,0.00010230187372116833,0.00010230679518295826,Annual sales cohort interpolation; fitted survival/claim propensity; fixed LT subtype split
FY2026Q2,Car,34,13+,8247.40138888889,0.024598425196850404,202.87308613298347,0.07985362561734978,4.7243464997987995e-06,7.653512888358193e-05,7.653881077814249e-05,Annual sales cohort interpolation; fitted survival/claim propensity; fixed LT subtype split
FY2026Q2,Car,35,13+,9312.069444444445,0.01740944881889763,162.11799639107608,0.07296101657452587,4.7243464997987995e-06,5.588095851522628e-05,5.5883646794454353e-05,Annual sales cohort interpolation; fitted survival/claim propensity; fixed LT subtype split
FY2026Q2,Car,36,13+,9811.956944444444,0.011960629921259843,117.35718581583552,0.0666633468228103,4.7243464997987995e-06,3.6960560028037e-05,3.6962338098929505e-05,Annual sales cohort interpolation; fitted survival/claim propensity; fixed LT subtype split
FY2026Q2,Car,37,13+,10513.154166666667,0.0095984251968504,100.9097238517061,0.06090926385433481,4.7243464997987995e-06,2.903742567151821e-05,2.9038822582207355e-05,Annual sales cohort interpolation; fitted survival/claim propensity; fixed LT subtype split
FY2026Q2,Car,38,13+,10260.034722222223,0.007236220472440945,74.2438733048994,0.05565184768082395,4.7243464997987995e-06,1.9520096103848305e-05,1.9521035161986897e-05,Annual sales cohort interpolation; fitted survival/claim propensity; fixed LT subtype split
FY2026Q2,Car,39,13+,11363.597222222223,0.003456692913385833,39.280465988626496,0.05084822823826022,4.7243464997987995e-06,9.436136158539244e-06,9.436590105098186e-06,Annual sales cohort interpolation; fitted survival/claim propensity; fixed LT subtype split
FY2026Q2,Car,40,13+,10948.684722222224,0,0.0,0.04645923581547334,4.7243464997987995e-06,0.0,0.0,Annual sales cohort interpolation; fitted survival/claim propensity; fixed LT subtype split
FY2026Q2,Car,41,13+,10267.487500000001,0,0.0,0.04244908165617559,4.7243464997987995e-06,0.0,0.0,Annual sales cohort interpolation; fitted survival/claim propensity; fixed LT subtype split
FY2026Q2,Car,42,13+,9098.134722222223,0,0.0,0.038785066130005715,4.7243464997987995e-06,0.0,0.0,Annual sales cohort interpolation; fitted survival/claim propensity; fixed LT subtype split
FY2026Q2,Car,43,13+,8002.5986111111115,0,0.0,0.0354373120929477,4.7243464997987995e-06,0.0,0.0,Annual sales cohort interpolation; fitted survival/claim propensity; fixed LT subtype split
FY2026Q2,Car,44,13+,8506.590277777777,0,0.0,0.032378521262889814,4.7243464997987995e-06,0.0,0.0,Annual sales cohort interpolation; fitted survival/claim propensity; fixed LT subtype split
FY2026Q2,Car,45,13+,9029.25,0,0.0,0.02958375162375934,4.7243464997987995e-06,0.0,0.0,Annual sales cohort interpolation; fitted survival/claim propensity; fixed LT subtype split
FY2026Q2,SUV,0,current_year_or_newer,9450.602536873157,1.0,9450.602536873157,0.5,6.314551551455172e-06,0.02983815845569929,0.029839593887440473,Annual sales cohort interpolation; fitted survival/claim propensity; fixed LT subtype split
FY2026Q2,SUV,1,1-3,9003.992232055065,0.991810737033667,8930.256171919946,1.0,5.256249933599e-06,0.04693965841067627,0.04694191654854705,Annual sales cohort interpolation; fitted survival/claim propensity; fixed LT subtype split
FY2026Q2,SUV,2,1-3,8621.477696656835,0.9836214740673339,8480.270600624239,1.0,5.256249933599e-06,0.044574421781432706,0.044576566134274215,Annual sales cohort interpolation; fitted survival/claim propensity; fixed LT subtype split
FY2026Q2,SUV,3,1-3,7672.849048672567,0.9754322111010009,7484.344112990893,1.0,5.256249933599e-06,0.03933958324694045,0.03934147576609714,Annual sales cohort interpolation; fitted survival/claim propensity; fixed LT subtype split
FY2026Q2,SUV,4,4-6,8095.276273353,0.9646842584167424,7809.385588438189,1.0,5.0079023863640115e-06,0.03910864072437633,0.0391105221335234,Annual sales cohort interpolation; fitted survival/claim propensity; fixed LT subtype split
FY2026Q2,SUV,5,4-6,7813.855518682401,0.9495577797998179,7419.707297996616,1.0,5.0079023863640115e-06,0.03715716988375972,0.037158957413011666,Annual sales cohort interpolation; fitted survival/claim propensity; fixed LT subtype split
FY2026Q2,SUV,6,4-6,8597.86267207473,0.9308908098271156,8003.6713455899735,1.0,5.0079023863640115e-06,0.04008160483125329,0.04008353304702766,Annual sales cohort interpolation; fitted survival/claim propensity; fixed LT subtype split
FY2026Q2,SUV,7,7-9,8371.820798918388,0.908656050955414,7607.105626451582,0.9136844571609987,5.256380658266905e-06,0.036534443146187624,0.03653620071776887,Annual sales cohort interpolation; fitted survival/claim propensity; fixed LT subtype split
FY2026Q2,SUV,8,7-9,7764.155181907573,0.8820609645131938,6848.458208383506,0.8348192872575889,5.256380658266905e-06,0.03005191091072669,0.030053356625510615,Annual sales cohort interpolation; fitted survival/claim propensity; fixed LT subtype split
FY2026Q2,SUV,9,7-9,7428.795290068831,0.8521865332120109,6330.719304185472,0.7627614073054819,5.256380658266905e-06,0.02538216002364276,0.025383381089554444,Annual sales cohort interpolation; fitted survival/claim propensity; fixed LT subtype split
FY2026Q2,SUV,10,10-12,6896.938446411013,0.8191319381255686,5649.502556741401,0.6969232423772687,5.3624581358966625e-06,0.02111344361242917,0.02111445932213431,Annual sales cohort interpolation; fitted survival/claim propensity; fixed LT subtype split
FY2026Q2,SUV,11,10-12,6120.556307767945,0.7836087352138308,4796.121387135074,0.6367679343943579,5.3624581358966625e-06,0.016377034602235264,0.01637782245632919,Annual sales cohort interpolation; fitted survival/claim propensity; fixed LT subtype split
FY2026Q2,SUV,12,10-12,5547.712999016717,0.7444822565969063,4130.173892459956,0.5818049644746394,5.3624581358966625e-06,0.012885749208405623,0.012886369106361126,Annual sales cohort interpolation; fitted survival/claim propensity; fixed LT subtype split
FY2026Q2,SUV,13,13+,5035.085589970502,0.7045268425841674,3547.3529528429576,0.5315861531395849,4.7243464997987995e-06,0.008908812209068476,0.008909240787522477,Annual sales cohort interpolation; fitted survival/claim propensity; fixed LT subtype split
FY2026Q2,SUV,14,13+,4645.888107177975,0.6630127388535032,3080.282998346987,0.4857020057656452,4.7243464997987995e-06,0.007068093053283798,0.007068433079801633,Annual sales cohort interpolation; fitted survival/claim propensity; fixed LT subtype split
FY2026Q2,SUV,15,13+,4137.9680186824,0.6211565059144677,2570.3257560705724,0.44377837347999183,4.7243464997987995e-06,0.005388849378033279,0.005389108620756223,Annual sales cohort interpolation; fitted survival/claim propensity; fixed LT subtype split
FY2026Q2,SUV,16,13+,3565.3780727630287,0.5759481346678799,2053.4728503936267,0.4054734022728573,4.7243464997987995e-06,0.0039336261212883795,0.003933815357222655,Annual sales cohort interpolation; fitted survival/claim propensity; fixed LT subtype split
FY2026Q2,SUV,17,13+,4590.049754178958,0.5291010009099181,2428.59991916241,0.37047474544889886,4.7243464997987995e-06,0.004250659599648843,0.004250864087191845,Annual sales cohort interpolation; fitted survival/claim propensity; fixed LT subtype split
FY2026Q2,SUV,18,13+,6002.054891838742,0.483452229299363,2901.706817836587,0.33849701668733634,4.7243464997987995e-06,0.004640343372501505,0.004640566606659095,Annual sales cohort interpolation; fitted survival/claim propensity; fixed LT subtype split
FY2026Q2,SUV,19,13+,6225.677753195674,0.4397315741583258,2737.6270786152027,0.3092794629425864,4.7243464997987995e-06,0.004000065595804915,0.004000258027959586,Annual sales cohort interpolation; fitted survival/claim propensity; fixed LT subtype split
FY2026Q2,SUV,20,13+,6597.769223205507,0.3984704276615104,2629.01592398265,0.28258383820974226,4.7243464997987995e-06,0.003509799267999274,0.003509968114789264,Annual sales cohort interpolation; fitted survival/claim propensity; fixed LT subtype split
FY2026Q2,SUV,21,13+,6684.797345132744,0.35966878980891714,2404.3129712417563,0.25819246081713987,4.7243464997987995e-06,0.002932758478474243,0.0029328995654188503,Annual sales cohort interpolation; fitted survival/claim propensity; fixed LT subtype split
FY2026Q2,SUV,22,13+,6461.0739429695195,0.32334485896269327,2089.155042837012,0.23590643840477085,4.7243464997987995e-06,0.0023283711432730623,0.002328483154805184,Annual sales cohort interpolation; fitted survival/claim propensity; fixed LT subtype split
FY2026Q2,SUV,23,13+,6251.034144542773,0.2905878070973612,1816.4743041534136,0.2155440461146476,4.7243464997987995e-06,0.0018497244299996198,0.0018498134151547594,Annual sales cohort interpolation; fitted survival/claim propensity; fixed LT subtype split
FY2026Q2,SUV,24,13+,6215.864970501476,0.2603448589626933,1618.2684890763526,0.19693924476854713,4.7243464997987995e-06,0.0015056519415982508,0.0015057243743722556,Annual sales cohort interpolation; fitted survival/claim propensity; fixed LT subtype split
FY2026Q2,SUV,25,13+,6060.117207472959,0.23256141947224745,1409.3494599381038,0.17994032695004702,4.7243464997987995e-06,0.0011980886154549075,0.0011981462522031648,Annual sales cohort interpolation; fitted survival/claim propensity; fixed LT subtype split
FY2026Q2,SUV,26,13+,5816.01418387414,0.20723748862602367,1205.2961732794095,0.16440867995072633,4.7243464997987995e-06,0.0009361819486198285,0.0009362269857586509,Annual sales cohort interpolation; fitted survival/claim propensity; fixed LT subtype split
FY2026Q2,SUV,27,13+,5271.294149459194,0.18437306642402182,971.8846663587976,0.15021765549333577,4.7243464997987995e-06,0.0006897273577917694,0.0006897605386780365,Annual sales cohort interpolation; fitted survival/claim propensity; fixed LT subtype split
FY2026Q2,SUV,28,13+,4914.173205506392,0.163968152866242,805.7679033716626,0.1372515370154264,4.7243464997987995e-06,0.0005224791007216077,0.0005225042357542,Annual sales cohort interpolation; fitted survival/claim propensity; fixed LT subtype split
FY2026Q2,SUV,29,13+,4703.117944936087,0.14524749772520476,683.116113008474,0.12540459609245258,4.7243464997987995e-06,0.0004047153959324088,0.00040473486567704233,Annual sales cohort interpolation; fitted survival/claim propensity; fixed LT subtype split
FY2026Q2,SUV,30,13+,4385.610078662734,0.1282393084622384,562.407603672732,0.11458023030622685,4.7243464997987995e-06,0.0003044406336953746,0.00030445527949697664,Annual sales cohort interpolation; fitted survival/claim propensity; fixed LT subtype split
FY2026Q2,SUV,31,13+,4340.024877089479,0.11388808007279344,494.27710071988207,0.10469017552872707,4.7243464997987995e-06,0.0002444658281586292,0.000244477588737282,Annual sales cohort interpolation; fitted survival/claim propensity; fixed LT subtype split
FY2026Q2,SUV,32,13+,3851.37645034415,0.10047406733393992,386.96345680022864,0.09565378619805467,4.7243464997987995e-06,0.00017486941688514554,0.00017487782937185888,Annual sales cohort interpolation; fitted survival/claim propensity; fixed LT subtype split
FY2026Q2,SUV,33,13+,3337.773795476893,0.08730755232029119,291.41286028189575,0.08739737771776383,4.7243464997987995e-06,0.00012032305734481154,0.00012032884575618301,Annual sales cohort interpolation; fitted survival/claim propensity; fixed LT subtype split
FY2026Q2,SUV,34,13+,3006.119837758112,0.03089262966333025,92.86694687145177,0.07985362561734978,4.7243464997987995e-06,3.503463117415334e-05,3.503631659390546e-05,Annual sales cohort interpolation; fitted survival/claim propensity; fixed LT subtype split
FY2026Q2,SUV,35,13+,3290.4794001966575,0,0.0,0.07296101657452587,4.7243464997987995e-06,0.0,0.0,Annual sales cohort interpolation; fitted survival/claim propensity; fixed LT subtype split
FY2026Q2,SUV,36,13+,3344.168190757129,0,0.0,0.0666633468228103,4.7243464997987995e-06,0.0,0.0,Annual sales cohort interpolation; fitted survival/claim propensity; fixed LT subtype split
FY2026Q2,SUV,37,13+,3465.138888888889,0,0.0,0.06090926385433481,4.7243464997987995e-06,0.0,0.0,Annual sales cohort interpolation; fitted survival/claim propensity; fixed LT subtype split
FY2026Q2,SUV,38,13+,3338.4172566371685,0,0.0,0.05565184768082395,4.7243464997987995e-06,0.0,0.0,Annual sales cohort interpolation; fitted survival/claim propensity; fixed LT subtype split
FY2026Q2,SUV,39,13+,3289.2930186824,0,0.0,0.05084822823826022,4.7243464997987995e-06,0.0,0.0,Annual sales cohort interpolation; fitted survival/claim propensity; fixed LT subtype split
FY2026Q2,SUV,40,13+,2661.4156833824977,0,0.0,0.04645923581547334,4.7243464997987995e-06,0.0,0.0,Annual sales cohort interpolation; fitted survival/claim propensity; fixed LT subtype split
FY2026Q2,SUV,41,13+,2331.1089724680437,0,0.0,0.04244908165617559,4.7243464997987995e-06,0.0,0.0,Annual sales cohort interpolation; fitted survival/claim propensity; fixed LT subtype split
FY2026Q2,SUV,42,13+,1813.8969026548675,0,0.0,0.038785066130005715,4.7243464997987995e-06,0.0,0.0,Annual sales cohort interpolation; fitted survival/claim propensity; fixed LT subtype split
FY2026Q2,SUV,43,13+,1485.249115044248,0,0.0,0.0354373120929477,4.7243464997987995e-06,0.0,0.0,Annual sales cohort interpolation; fitted survival/claim propensity; fixed LT subtype split
FY2026Q2,SUV,44,13+,1275.7120206489676,0,0.0,0.032378521262889814,4.7243464997987995e-06,0.0,0.0,Annual sales cohort interpolation; fitted survival/claim propensity; fixed LT subtype split
FY2026Q2,SUV,45,13+,1452.2717305801377,0,0.0,0.02958375162375934,4.7243464997987995e-06,0.0,0.0,Annual sales cohort interpolation; fitted survival/claim propensity; fixed LT subtype split
FY2026Q2,Pickup,0,current_year_or_newer,2518.620235988201,1.0,2518.620235988201,0.5,6.3145515514551716e-06,0.007951978659342843,0.007952361207166287,Annual sales cohort interpolation; fitted survival/claim propensity; fixed LT subtype split
FY2026Q2,Pickup,1,1-3,2399.596951819076,0.991810737033667,2379.9460213674183,1.0,5.256249933599002e-06,0.012509591116781701,0.012510192918805941,Annual sales cohort interpolation; fitted survival/claim propensity; fixed LT subtype split
FY2026Q2,Pickup,2,1-3,2297.6554252704036,0.9836214740673339,2260.0232163032815,1.0,5.256249933599002e-06,0.011879246880626327,0.011879818358522965,Annual sales cohort interpolation; fitted survival/claim propensity; fixed LT subtype split
FY2026Q2,Pickup,3,1-3,2044.842411504425,0.9754322111010009,1994.605154806864,1.0,5.256249933599002e-06,0.010484143212509806,0.010484647575805842,Annual sales cohort interpolation; fitted survival/claim propensity; fixed LT subtype split
FY2026Q2,Pickup,4,4-6,2157.4208161258607,0.9646842584167424,2081.2299000972193,1.0,5.007902386364012e-06,0.010422596183269,0.010423097585706727,Annual sales cohort interpolation; fitted survival/claim propensity; fixed LT subtype split
FY2026Q2,Pickup,5,4-6,2082.421152900689,0.9495577797998179,1977.3792065565553,1.0,5.007902386364012e-06,0.00990252204726115,0.009902998430362525,Annual sales cohort interpolation; fitted survival/claim propensity; fixed LT subtype split
FY2026Q2,Pickup,6,4-6,2291.361934611603,0.9308908098271156,2133.007766917621,1.0,5.007902386364012e-06,0.010681894686079729,0.010682408562655293,Annual sales cohort interpolation; fitted survival/claim propensity; fixed LT subtype split
FY2026Q2,Pickup,7,7-9,2231.120946411013,0.908656050955414,2027.321548369737,0.9136844571609987,5.2563806582669044e-06,0.009736563087859293,0.009737031487131557,Annual sales cohort interpolation; fitted survival/claim propensity; fixed LT subtype split
FY2026Q2,Pickup,8,7-9,2069.175830875123,0.8820609645131938,1825.1392291291004,0.8348192872575889,5.2563806582669044e-06,0.008008944472540852,0.008009329760832901,Annual sales cohort interpolation; fitted survival/claim propensity; fixed LT subtype split
FY2026Q2,Pickup,9,7-9,1979.8011897738447,0.8521865332120109,1687.159912362387,0.7627614073054819,5.2563806582669044e-06,0.006764438734907236,0.006764764153450937,Annual sales cohort interpolation; fitted survival/claim propensity; fixed LT subtype split
FY2026Q2,Pickup,10,10-12,1838.059390363815,0.8191319381255686,1505.613150818613,0.6969232423772687,5.362458135896663e-06,0.005626810155879656,0.005627080846241172,Annual sales cohort interpolation; fitted survival/claim propensity; fixed LT subtype split
FY2026Q2,Pickup,11,10-12,1631.150703048181,0.7836087352138308,1278.1839393587359,0.6367679343943579,5.362458135896663e-06,0.004364539783969789,0.00436474974997526,Annual sales cohort interpolation; fitted survival/claim propensity; fixed LT subtype split
FY2026Q2,Pickup,12,10-12,1478.4858603736482,0.7444822565969063,1100.7064896775921,0.5818049644746394,5.362458135896663e-06,0.0034340994222890305,0.0034342646273676364,Annual sales cohort interpolation; fitted survival/claim propensity; fixed LT subtype split
FY2026Q2,Pickup,13,13+,1341.8687758112096,0.7045268425841674,945.3825717845535,0.5315861531395849,4.7243464997988e-06,0.0023742311266221616,0.002374345344351956,Annual sales cohort interpolation; fitted survival/claim propensity; fixed LT subtype split
FY2026Q2,Pickup,14,13+,1238.1462192723698,0.6630127388535032,820.906715940884,0.4857020057656452,4.7243464997988e-06,0.0018836727208017949,0.001883763339115839,Annual sales cohort interpolation; fitted survival/claim propensity; fixed LT subtype split
FY2026Q2,Pickup,15,13+,1102.7836529006884,0.6211565059144677,685.0012406153847,0.44377837347999183,4.7243464997988e-06,0.0014361481227521454,0.001436217211888578,Annual sales cohort interpolation; fitted survival/claim propensity; fixed LT subtype split
FY2026Q2,Pickup,16,13+,950.1863323500492,0.5759481346678799,547.258045703925,0.4054734022728573,4.7243464997988e-06,0.0010483257878250206,0.0010483762198955245,Annual sales cohort interpolation; fitted survival/claim propensity; fixed LT subtype split
FY2026Q2,Pickup,17,13+,1223.265093411996,0.5291010009099181,647.2307853024515,0.37047474544889886,4.7243464997988e-06,0.0011328163725225523,0.0011328708692027165,Annual sales cohort interpolation; fitted survival/claim propensity; fixed LT subtype split
FY2026Q2,Pickup,18,13+,1599.5696411012784,0.483452229299363,773.3155089099951,0.33849701668733634,4.7243464997988e-06,0.0012366685271458782,0.001236728019867583,Annual sales cohort interpolation; fitted survival/claim propensity; fixed LT subtype split
FY2026Q2,Pickup,19,13+,1659.1659537856442,0.4397315741583258,729.5876566480614,0.3092794629425864,4.7243464997988e-06,0.0010660321514492316,0.0010660834353241927,Annual sales cohort interpolation; fitted survival/claim propensity; fixed LT subtype split
FY2026Q2,Pickup,20,13+,1758.3296951819075,0.3984704276615104,700.6423856090679,0.28258383820974226,4.7243464997988e-06,0.0009353743770462613,0.0009354193753350362,Annual sales cohort interpolation; fitted survival/claim propensity; fixed LT subtype split
FY2026Q2,Pickup,21,13+,1781.5230088495575,0.35966878980891714,640.7582246096612,0.25819246081713987,4.7243464997988e-06,0.0007815908903513264,0.000781628490539498,Annual sales cohort interpolation; fitted survival/claim propensity; fixed LT subtype split
FY2026Q2,Pickup,22,13+,1721.8999016715834,0.32334485896269327,556.7674808538735,0.23590643840477085,4.7243464997988e-06,0.0006205194489407428,0.0006205493004248535,Annual sales cohort interpolation; fitted survival/claim propensity; fixed LT subtype split
FY2026Q2,Pickup,23,13+,1665.9235250737463,0.2905878070973612,484.0970639430858,0.2155440461146476,4.7243464997988e-06,0.0004929583444253266,0.0004929820592955228,Annual sales cohort interpolation; fitted survival/claim propensity; fixed LT subtype split
FY2026Q2,Pickup,24,13+,1656.5508112094396,0.2603448589626933,431.2744873088568,0.19693924476854713,4.7243464997988e-06,0.00040126176438682,0.00040128106798673817,Annual sales cohort interpolation; fitted survival/claim propensity; fixed LT subtype split
FY2026Q2,Pickup,25,13+,1615.0434611602752,0.23256141947224745,375.59679983680513,0.17994032695004702,4.7243464997988e-06,0.00031929500998676016,0.00031931037039155245,Annual sales cohort interpolation; fitted survival/claim propensity; fixed LT subtype split
FY2026Q2,Pickup,26,13+,1549.989110127827,0.20723748862602367,321.2158505805761,0.16440867995072633,4.7243464997988e-06,0.00024949592273731377,0.0002495079252999828,Annual sales cohort interpolation; fitted survival/claim propensity; fixed LT subtype split
FY2026Q2,Pickup,27,13+,1404.8192232055064,0.18437306642402182,259.0108279538116,0.15021765549333577,4.7243464997988e-06,0.0001838148704139435,0.00018382371324182395,Annual sales cohort interpolation; fitted survival/claim propensity; fixed LT subtype split
FY2026Q2,Pickup,28,13+,1309.6451819075714,0.163968152866242,214.74010138755798,0.1372515370154264,4.7243464997988e-06,0.00013924259652482943,0.00013924929510319758,Annual sales cohort interpolation; fitted survival/claim propensity; fixed LT subtype split
FY2026Q2,Pickup,29,13+,1253.3981809242873,0.14524749772520476,182.0529494325762,0.12540459609245258,4.7243464997988e-06,0.00010785813730228011,0.00010786332606062988,Annual sales cohort interpolation; fitted survival/claim propensity; fixed LT subtype split
FY2026Q2,Pickup,30,13+,1168.7811701081614,0.1282393084622384,149.88368899835646,0.11458023030622685,4.7243464997988e-06,8.113454541025877e-05,8.113844857009892e-05,Annual sales cohort interpolation; fitted survival/claim propensity; fixed LT subtype split
FY2026Q2,Pickup,31,13+,1156.632546705998,0.11388808007279344,131.7266600940517,0.10469017552872707,4.7243464997988e-06,6.515103977821661e-05,6.515417401555929e-05,Annual sales cohort interpolation; fitted survival/claim propensity; fixed LT subtype split
FY2026Q2,Pickup,32,13+,1026.4059488692233,0.10047406733393992,103.12718041864284,0.09565378619805467,4.7243464997988e-06,4.660334093027106e-05,4.660558288883281e-05,Annual sales cohort interpolation; fitted survival/claim propensity; fixed LT subtype split
FY2026Q2,Pickup,33,13+,889.5289577187808,0.08730755232029119,77.66259601644654,0.08739737771776383,4.7243464997988e-06,3.206653606499868e-05,3.206807869785807e-05,Annual sales cohort interpolation; fitted survival/claim propensity; fixed LT subtype split
FY2026Q2,Pickup,34,13+,801.1419616519174,0.03089262966333025,24.749381929066608,0.07985362561734978,4.7243464997988e-06,9.336857696779253e-06,9.337306867324437e-06,Annual sales cohort interpolation; fitted survival/claim propensity; fixed LT subtype split
FY2026Q2,Pickup,35,13+,876.9248279252705,0,0.0,0.07296101657452587,4.7243464997988e-06,0.0,0.0,Annual sales cohort interpolation; fitted survival/claim propensity; fixed LT subtype split
FY2026Q2,Pickup,36,13+,891.233087512291,0,0.0,0.0666633468228103,4.7243464997988e-06,0.0,0.0,Annual sales cohort interpolation; fitted survival/claim propensity; fixed LT subtype split
FY2026Q2,Pickup,37,13+,923.4722222222223,0,0.0,0.06090926385433481,4.7243464997988e-06,0.0,0.0,Annual sales cohort interpolation; fitted survival/claim propensity; fixed LT subtype split
FY2026Q2,Pickup,38,13+,889.7004424778762,0,0.0,0.05565184768082395,4.7243464997988e-06,0.0,0.0,Annual sales cohort interpolation; fitted survival/claim propensity; fixed LT subtype split
FY2026Q2,Pickup,39,13+,876.6086529006885,0,0.0,0.05084822823826022,4.7243464997988e-06,0.0,0.0,Annual sales cohort interpolation; fitted survival/claim propensity; fixed LT subtype split
FY2026Q2,Pickup,40,13+,709.277040314651,0,0.0,0.04645923581547334,4.7243464997988e-06,0.0,0.0,Annual sales cohort interpolation; fitted survival/claim propensity; fixed LT subtype split
FY2026Q2,Pickup,41,13+,621.2490904621436,0,0.0,0.04244908165617559,4.7243464997988e-06,0.0,0.0,Annual sales cohort interpolation; fitted survival/claim propensity; fixed LT subtype split
FY2026Q2,Pickup,42,13+,483.4101769911505,0,0.0,0.038785066130005715,4.7243464997988e-06,0.0,0.0,Annual sales cohort interpolation; fitted survival/claim propensity; fixed LT subtype split
FY2026Q2,Pickup,43,13+,395.82433628318586,0,0.0,0.0354373120929477,4.7243464997988e-06,0.0,0.0,Annual sales cohort interpolation; fitted survival/claim propensity; fixed LT subtype split
FY2026Q2,Pickup,44,13+,339.9819321533924,0,0.0,0.032378521262889814,4.7243464997988e-06,0.0,0.0,Annual sales cohort interpolation; fitted survival/claim propensity; fixed LT subtype split
FY2026Q2,Pickup,45,13+,387.0357423795477,0,0.0,0.02958375162375934,4.7243464997988e-06,0.0,0.0,Annual sales cohort interpolation; fitted survival/claim propensity; fixed LT subtype split
FY2026Q2,Minivan,0,current_year_or_newer,1086.0105604719765,1.0,1086.0105604719765,0.5,6.314551551455172e-06,0.0034288348347625104,0.003428999786576289,Annual sales cohort interpolation; fitted survival/claim propensity; fixed LT subtype split
FY2026Q2,Minivan,1,1-3,1034.6885939036383,0.991810737033667,1026.215256919896,1.0,5.256249933599002e-06,0.005394043876043486,0.005394303368659443,Annual sales cohort interpolation; fitted survival/claim propensity; fixed LT subtype split
FY2026Q2,Minivan,2,1-3,990.7321558505411,0.9836214740673339,974.5054235436168,1.0,5.256249933599002e-06,0.005122244067793003,0.005122490484867699,Annual sales cohort interpolation; fitted survival/claim propensity; fixed LT subtype split
FY2026Q2,Minivan,3,1-3,881.721039823009,0.9754322111010009,860.0591034488314,1.0,5.256249933599002e-06,0.004520685605394137,0.0045209030831456385,Annual sales cohort interpolation; fitted survival/claim propensity; fixed LT subtype split
FY2026Q2,Minivan,4,4-6,930.2640216322519,0.9646842584167424,897.4110578400854,1.0,5.0079023863640115e-06,0.004494146978106815,0.004494363179157946,Annual sales cohort interpolation; fitted survival/claim propensity; fixed LT subtype split
FY2026Q2,Minivan,5,4-6,897.9247173058017,0.9495577797998179,852.6314009922762,1.0,5.0079023863640115e-06,0.004269894827718111,0.004270100240615034,Annual sales cohort interpolation; fitted survival/claim propensity; fixed LT subtype split
FY2026Q2,Minivan,6,4-6,988.0184488692234,0.9308908098271156,919.737293992002,1.0,5.0079023863640115e-06,0.004605954589410525,0.004606176169218338,Annual sales cohort interpolation; fitted survival/claim propensity; fixed LT subtype split
FY2026Q2,Minivan,7,7-9,962.0429768928223,0.908656050955414,874.1661722328225,0.9136844571609987,5.2563806582669044e-06,0.004198334542471438,0.004198536512799845,Annual sales cohort interpolation; fitted survival/claim propensity; fixed LT subtype split
FY2026Q2,Minivan,8,7-9,892.2134316617505,0.8820609645131938,786.9866400831902,0.8348192872575889,5.2563806582669044e-06,0.003453398075315781,0.003453564208799508,Annual sales cohort interpolation; fitted survival/claim propensity; fixed LT subtype split
FY2026Q2,Minivan,9,7-9,853.6757423795478,0.8521865332120109,727.4909713856166,0.7627614073054819,5.2563806582669044e-06,0.0029167763352352313,0.002916916653322882,Annual sales cohort interpolation; fitted survival/claim propensity; fixed LT subtype split
FY2026Q2,Minivan,10,10-12,792.5577187807277,0.8191319381255686,649.2093402612368,0.6969232423772687,5.362458135896663e-06,0.0024262392415260905,0.0024263559612232584,Annual sales cohort interpolation; fitted survival/claim propensity; fixed LT subtype split
FY2026Q2,Minivan,11,10-12,703.3402114060964,0.7836087352138308,551.1435334849596,0.6367679343943579,5.362458135896663e-06,0.001881957521528258,0.0018820480573287822,Annual sales cohort interpolation; fitted survival/claim propensity; fixed LT subtype split
FY2026Q2,Minivan,12,10-12,637.5122517207475,0.7444822565969063,474.616559769237,0.5818049644746394,5.362458135896663e-06,0.0014807584664916003,0.001480829701708981,Annual sales cohort interpolation; fitted survival/claim propensity; fixed LT subtype split
FY2026Q2,Minivan,13,13+,578.6039675516225,0.7045268425841674,407.64202636581666,0.5315861531395849,4.7243464997987995e-06,0.0010237510362499226,0.0010238002860967147,Annual sales cohort interpolation; fitted survival/claim propensity; fixed LT subtype split
FY2026Q2,Minivan,14,13+,533.8795624385449,0.6630127388535032,353.96895091028955,0.4857020057656452,4.7243464997987995e-06,0.0008122258520888474,0.0008122649260407747,Annual sales cohort interpolation; fitted survival/claim propensity; fixed LT subtype split
FY2026Q2,Minivan,15,13+,475.5122173058014,0.6211565059144677,295.36750742131267,0.44377837347999183,4.7243464997987995e-06,0.0006192565299940441,0.0006192863207225975,Annual sales cohort interpolation; fitted survival/claim propensity; fixed LT subtype split
FY2026Q2,Minivan,16,13+,409.7133726647001,0.5759481346678799,235.97365273471993,0.4054734022728573,4.7243464997987995e-06,0.0004520303855759263,0.00045205213151458393,Annual sales cohort interpolation; fitted survival/claim propensity; fixed LT subtype split
FY2026Q2,Minivan,17,13+,527.462930186824,0.5291010009099181,279.0811643047268,0.37047474544889886,4.7243464997987995e-06,0.0004884621055831189,0.0004884856041516301,Annual sales cohort interpolation; fitted survival/claim propensity; fixed LT subtype split
FY2026Q2,Minivan,18,13+,689.7226892822027,0.483452229299363,333.44797173183275,0.33849701668733634,4.7243464997987995e-06,0.0005332423924390482,0.0005332680452640035,Annual sales cohort interpolation; fitted survival/claim propensity; fixed LT subtype split
FY2026Q2,Minivan,19,13+,715.4201819075714,0.4397315741583258,314.59284277485216,0.3092794629425864,4.7243464997987995e-06,0.0004596652396157237,0.0004596873528462115,Annual sales cohort interpolation; fitted survival/claim propensity; fixed LT subtype split
FY2026Q2,Minivan,20,13+,758.1788593903639,0.3984704276615104,302.11185434519444,0.28258383820974226,4.7243464997987995e-06,0.0004033265662493052,0.0004033459691811623,Annual sales cohort interpolation; fitted survival/claim propensity; fixed LT subtype split
FY2026Q2,Minivan,21,13+,768.1796460176993,0.35966878980891714,276.29024363902823,0.25819246081713987,4.7243464997987995e-06,0.0003370162554725903,0.0003370324683977652,Annual sales cohort interpolation; fitted survival/claim propensity; fixed LT subtype split
FY2026Q2,Minivan,22,13+,742.4705998033434,0.32334485896269327,240.07405137735833,0.23590643840477085,4.7243464997987995e-06,0.00026756343211206343,0.00026757630385291847,Annual sales cohort interpolation; fitted survival/claim propensity; fixed LT subtype split
FY2026Q2,Minivan,23,13+,718.3339970501476,0.2905878070973612,208.73910096628472,0.2155440461146476,4.7243464997987995e-06,0.00021256002007330598,0.00021257024575128047,Annual sales cohort interpolation; fitted survival/claim propensity; fixed LT subtype split
FY2026Q2,Minivan,24,13+,714.2925516224191,0.2603448589626933,185.96239361024104,0.19693924476854713,4.7243464997987995e-06,0.0001730211277631242,0.00017302945133373113,Annual sales cohort interpolation; fitted survival/claim propensity; fixed LT subtype split
FY2026Q2,Minivan,25,13+,696.3948869223206,0.23256141947224745,161.95458341587013,0.17994032695004702,4.7243464997987995e-06,0.0001376776648566764,0.00013768428815048593,Annual sales cohort interpolation; fitted survival/claim propensity; fixed LT subtype split
FY2026Q2,Minivan,26,13+,668.3439282202557,0.20723748862602367,138.50591722281723,0.16440867995072633,4.7243464997987995e-06,0.00010758081072159398,0.00010758598613852466,Annual sales cohort interpolation; fitted survival/claim propensity; fixed LT subtype split
FY2026Q2,Minivan,27,13+,605.7477384464112,0.18437306642402182,111.68356801678117,0.15021765549333577,4.7243464997987995e-06,7.925962302252609e-05,7.926343598500666e-05,Annual sales cohort interpolation; fitted survival/claim propensity; fixed LT subtype split
FY2026Q2,Minivan,28,13+,564.7093903638153,0.163968152866242,92.59435564417639,0.1372515370154264,4.7243464997987995e-06,6.004038565749526e-05,6.0043274035323724e-05,Annual sales cohort interpolation; fitted survival/claim propensity; fixed LT subtype split
FY2026Q2,Minivan,29,13+,540.4560963618487,0.14524749772520476,78.49989562689066,0.12540459609245258,4.7243464997987995e-06,4.6507637185386824e-05,4.650987453990461e-05,Annual sales cohort interpolation; fitted survival/claim propensity; fixed LT subtype split
FY2026Q2,Minivan,30,13+,503.9698623402164,0.1282393084622384,64.62874663231884,0.11458023030622685,4.7243464997987995e-06,3.4984620498001487e-05,3.4986303511877516e-05,Annual sales cohort interpolation; fitted survival/claim propensity; fixed LT subtype split
FY2026Q2,Minivan,31,13+,498.73146509341206,0.11388808007279344,56.7995690313801,0.10469017552872707,4.7243464997987995e-06,2.809265017959798e-05,2.809400163973657e-05,Annual sales cohort interpolation; fitted survival/claim propensity; fixed LT subtype split
FY2026Q2,Minivan,32,13+,442.5787118977385,0.10047406733393992,44.467683299781775,0.09565378619805467,4.7243464997987995e-06,2.009501856626367e-05,2.009598528234075e-05,Annual sales cohort interpolation; fitted survival/claim propensity; fixed LT subtype split
FY2026Q2,Minivan,33,13+,383.5583579154376,0.08730755232029119,33.487541401587045,0.08739737771776383,4.7243464997987995e-06,1.3826855000504015e-05,1.3827520172470908e-05,Annual sales cohort interpolation; fitted survival/claim propensity; fixed LT subtype split
FY2026Q2,Minivan,34,13+,345.4465339233039,0.03089262966333025,10.671751840973677,0.07985362561734978,4.7243464997987995e-06,4.025984511455275e-06,4.026178190497694e-06,Annual sales cohort interpolation; fitted survival/claim propensity; fixed LT subtype split
FY2026Q2,Minivan,35,13+,378.12354965585064,0,0.0,0.07296101657452587,4.7243464997987995e-06,0.0,0.0,Annual sales cohort interpolation; fitted survival/claim propensity; fixed LT subtype split
FY2026Q2,Minivan,36,13+,384.2931661750246,0,0.0,0.0666633468228103,4.7243464997987995e-06,0.0,0.0,Annual sales cohort interpolation; fitted survival/claim propensity; fixed LT subtype split
FY2026Q2,Minivan,37,13+,398.1944444444445,0,0.0,0.06090926385433481,4.7243464997987995e-06,0.0,0.0,Annual sales cohort interpolation; fitted survival/claim propensity; fixed LT subtype split
FY2026Q2,Minivan,38,13+,383.63230088495584,0,0.0,0.05565184768082395,4.7243464997987995e-06,0.0,0.0,Annual sales cohort interpolation; fitted survival/claim propensity; fixed LT subtype split
FY2026Q2,Minivan,39,13+,377.9872173058015,0,0.0,0.05084822823826022,4.7243464997987995e-06,0.0,0.0,Annual sales cohort interpolation; fitted survival/claim propensity; fixed LT subtype split
FY2026Q2,Minivan,40,13+,305.83505408062933,0,0.0,0.04645923581547334,4.7243464997987995e-06,0.0,0.0,Annual sales cohort interpolation; fitted survival/claim propensity; fixed LT subtype split
FY2026Q2,Minivan,41,13+,267.87804818092434,0,0.0,0.04244908165617559,4.7243464997987995e-06,0.0,0.0,Annual sales cohort interpolation; fitted survival/claim propensity; fixed LT subtype split
FY2026Q2,Minivan,42,13+,208.44292035398234,0,0.0,0.038785066130005715,4.7243464997987995e-06,0.0,0.0,Annual sales cohort interpolation; fitted survival/claim propensity; fixed LT subtype split
FY2026Q2,Minivan,43,13+,170.6765486725664,0,0.0,0.0354373120929477,4.7243464997987995e-06,0.0,0.0,Annual sales cohort interpolation; fitted survival/claim propensity; fixed LT subtype split
FY2026Q2,Minivan,44,13+,146.59771386430683,0,0.0,0.032378521262889814,4.7243464997987995e-06,0.0,0.0,Annual sales cohort interpolation; fitted survival/claim propensity; fixed LT subtype split
FY2026Q2,Minivan,45,13+,166.8869714847591,0,0.0,0.02958375162375934,4.7243464997987995e-06,0.0,0.0,Annual sales cohort interpolation; fitted survival/claim propensity; fixed LT subtype split
FY2026Q3,Car,0,current_year_or_newer,2764.3999999999996,1.0,2764.3999999999996,0.5,6.3145515514551716e-06,0.008727973154421337,0.008725652590265932,Annual sales cohort interpolation; fitted survival/claim propensity; fixed LT subtype split
FY2026Q3,Car,1,1-3,2982.9791666666665,0.9976377952755906,2975.9327591863516,1.0,5.256249933599001e-06,0.015642246367868352,0.015638087459999474,Annual sales cohort interpolation; fitted survival/claim propensity; fixed LT subtype split
FY2026Q3,Car,2,1-3,3154.5791666666664,0.9952755905511811,3139.675643044619,1.0,5.256249933599001e-06,0.016502919890275677,0.016498532149424584,Annual sales cohort interpolation; fitted survival/claim propensity; fixed LT subtype split
FY2026Q3,Car,3,1-3,2983.595833333333,0.9929133858267717,2962.452240813648,1.0,5.256249933599001e-06,0.015571389394066949,0.015567249325412015,Annual sales cohort interpolation; fitted survival/claim propensity; fixed LT subtype split
FY2026Q3,Car,4,4-6,3262.725,0.9899527559055118,3229.943605511811,1.0,5.007902386364013e-06,0.01617524228986378,0.016170941670831305,Annual sales cohort interpolation; fitted survival/claim propensity; fixed LT subtype split
FY2026Q3,Car,5,4-6,3391.0291666666667,0.9844409448818897,3338.26795695538,1.0,5.007902386364013e-06,0.016717720067959366,0.016713275216759273,Annual sales cohort interpolation; fitted survival/claim propensity; fixed LT subtype split
FY2026Q3,Car,6,4-6,4445.1375,0.976755905511811,4341.814303937008,1.0,5.007902386364013e-06,0.02174338221383555,0.02173760115648237,Annual sales cohort interpolation; fitted survival/claim propensity; fixed LT subtype split
FY2026Q3,Car,7,7-9,5187.258333333333,0.9673464566929133,5017.875968700787,0.9136844571609987,5.256380658266906e-06,0.024099218979641564,0.02409281156033035,Annual sales cohort interpolation; fitted survival/claim propensity; fixed LT subtype split
FY2026Q3,Car,8,7-9,5926.929166666666,0.9553149606299213,5662.084103510498,0.8348192872575889,5.256380658266906e-06,0.024845949536414367,0.02483934357889352,Annual sales cohort interpolation; fitted survival/claim propensity; fixed LT subtype split
FY2026Q3,Car,9,7-9,6717.862499999999,0.9400944881889763,6315.425508661417,0.7627614073054819,5.256380658266906e-06,0.025320841625731203,0.025314109405498424,Annual sales cohort interpolation; fitted survival/claim propensity; fixed LT subtype split
FY2026Q3,Car,10,10-12,7394.083333333333,0.9227716535433071,6823.050503937008,0.6969232423772687,5.362458135896662e-06,0.025499252479801025,0.025492472824290253,Annual sales cohort interpolation; fitted survival/claim propensity; fixed LT subtype split
FY2026Q3,Car,11,10-12,7670.604166666666,0.9021417322834646,6919.972130577427,0.6367679343943579,5.362458135896662e-06,0.023629223257976416,0.023622940799547364,Annual sales cohort interpolation; fitted survival/claim propensity; fixed LT subtype split
FY2026Q3,Car,12,10-12,7611.654166666666,0.8790866141732284,6691.303289632546,0.5818049644746394,5.362458135896662e-06,0.02087622901907162,0.020870678517494155,Annual sales cohort interpolation; fitted survival/claim propensity; fixed LT subtype split
FY2026Q3,Car,13,13+,7316.262499999999,0.853496062992126,6244.401239566928,0.5315861531395849,4.7243464997987995e-06,0.015682171675866767,0.01567800215279124,Annual sales cohort interpolation; fitted survival/claim propensity; fixed LT subtype split
FY2026Q3,Car,14,13+,6332.9625,0.8251023622047243,5225.342318503936,0.4857020057656452,4.7243464997987995e-06,0.011990198875320053,0.011987010961558867,Annual sales cohort interpolation; fitted survival/claim propensity; fixed LT subtype split
FY2026Q3,Car,15,13+,5730.949999999999,0.7951811023622047,4557.143138582676,0.44377837347999183,4.7243464997987995e-06,0.009554336803403065,0.009551796528459229,Annual sales cohort interpolation; fitted survival/claim propensity; fixed LT subtype split
FY2026Q3,Car,16,13+,5450.3708333333325,0.7461102362204726,4066.5774699475064,0.4054734022728573,4.7243464997987995e-06,0.007789922986788942,0.007787851828258012,Annual sales cohort interpolation; fitted survival/claim propensity; fixed LT subtype split
FY2026Q3,Car,17,13+,6484.204166666666,0.677488188976378,4392.971737828084,0.37047474544889886,4.7243464997987995e-06,0.007688803471106541,0.007686759197892437,Annual sales cohort interpolation; fitted survival/claim propensity; fixed LT subtype split
FY2026Q3,Car,18,13+,7397.049999999999,0.5951574803149606,4402.4096397637795,0.33849701668733634,4.7243464997987995e-06,0.007040233103269036,0.007038361269763583,Annual sales cohort interpolation; fitted survival/claim propensity; fixed LT subtype split
FY2026Q3,Car,19,13+,7720.079166666666,0.5140551181102362,3968.546207841207,0.3092794629425864,4.7243464997987995e-06,0.005798614893660965,0.005797073177430272,Annual sales cohort interpolation; fitted survival/claim propensity; fixed LT subtype split
FY2026Q3,Car,20,13+,7681.166666666666,0.4389370078740157,3371.548313648293,0.28258383820974226,4.7243464997987995e-06,0.004501097804436524,0.004499901067686749,Annual sales cohort interpolation; fitted survival/claim propensity; fixed LT subtype split
FY2026Q3,Car,21,13+,7519.558333333333,0.3705590551181103,2786.4404309055126,0.25819246081713987,4.7243464997987995e-06,0.00339887398032087,0.0033979702991353386,Annual sales cohort interpolation; fitted survival/claim propensity; fixed LT subtype split
FY2026Q3,Car,22,13+,7540.391666666666,0.30907874015748027,2330.574756627296,0.23590643840477085,4.7243464997987995e-06,0.0025974343211993905,0.00259674372409567,Annual sales cohort interpolation; fitted survival/claim propensity; fixed LT subtype split
FY2026Q3,Car,23,13+,7940.904166666666,0.2546062992125985,2021.8042222769031,0.2155440461146476,4.7243464997987995e-06,0.00205881286295703,0.002058265472715569,Annual sales cohort interpolation; fitted survival/claim propensity; fixed LT subtype split
FY2026Q3,Car,24,13+,8287.479166666666,0.20893700787401587,1731.5610999015757,0.19693924476854713,4.7243464997987995e-06,0.001611060432592902,0.0016106320892621056,Annual sales cohort interpolation; fitted survival/claim propensity; fixed LT subtype split
FY2026Q3,Car,25,13+,8689.012499999999,0.17148818897637794,1490.0630176181098,0.17994032695004702,4.7243464997987995e-06,0.0012667032474664207,0.001266366460666141,Annual sales cohort interpolation; fitted survival/claim propensity; fixed LT subtype split
FY2026Q3,Car,26,13+,8666.866666666667,0.13951968503937012,1209.1985076115488,0.16440867995072633,4.7243464997987995e-06,0.0009392129836801062,0.0009389632688900102,Annual sales cohort interpolation; fitted survival/claim propensity; fixed LT subtype split
FY2026Q3,Car,27,13+,8200.145833333334,0.11272440944881885,924.3565964566926,0.15021765549333577,4.7243464997987995e-06,0.0006559976250269361,0.000655823210584117,Annual sales cohort interpolation; fitted survival/claim propensity; fixed LT subtype split
FY2026Q3,Car,28,13+,8189.895833333333,0.09096062992125985,744.9580839895013,0.1372515370154264,4.7243464997987995e-06,0.00048304856543608866,0.0004829201341077106,Annual sales cohort interpolation; fitted survival/claim propensity; fixed LT subtype split
FY2026Q3,Car,29,13+,8424.125,0.07363779527559058,620.3339921259845,0.12540459609245258,4.7243464997987995e-06,0.0003675198292833787,0.0003674221143469156,Annual sales cohort interpolation; fitted survival/claim propensity; fixed LT subtype split
FY2026Q3,Car,30,13+,8590.679166666667,0.05942519685039369,510.5028005577427,0.11458023030622685,4.7243464997987995e-06,0.0002763436964403153,0.0002762702231074824,Annual sales cohort interpolation; fitted survival/claim propensity; fixed LT subtype split
FY2026Q3,Car,31,13+,8913.354166666666,0.04767716535433072,424.96346046587934,0.10469017552872707,4.7243464997987995e-06,0.00021018381015151322,0.0002101279271867911,Annual sales cohort interpolation; fitted survival/claim propensity; fixed LT subtype split
FY2026Q3,Car,32,13+,8616.358333333334,0.03803149606299215,327.6929980314963,0.09565378619805467,4.7243464997987995e-06,0.00014808499995568327,0.0001480456276138153,Annual sales cohort interpolation; fitted survival/claim propensity; fixed LT subtype split
FY2026Q3,Car,33,13+,8276.6,0.030157480314960627,249.60140157480313,0.08739737771776383,4.7243464997987995e-06,0.00010305929438384562,0.00010303189332518089,Annual sales cohort interpolation; fitted survival/claim propensity; fixed LT subtype split
FY2026Q3,Car,34,13+,8190.854166666666,0.024598425196850404,201.48211351706044,0.07985362561734978,4.7243464997987995e-06,7.601037584481061e-05,7.599016646165789e-05,Annual sales cohort interpolation; fitted survival/claim propensity; fixed LT subtype split
FY2026Q3,Car,35,13+,9068.658333333333,0.01740944881889763,157.88034311023614,0.07296101657452587,4.7243464997987995e-06,5.442026857049436e-05,5.440579949246927e-05,Annual sales cohort interpolation; fitted survival/claim propensity; fixed LT subtype split
FY2026Q3,Car,36,13+,9677.004166666666,0.011960629921259843,115.74306558398949,0.0666633468228103,4.7243464997987995e-06,3.64522077928766e-05,3.644251600243535e-05,Annual sales cohort interpolation; fitted survival/claim propensity; fixed LT subtype split
FY2026Q3,Car,37,13+,10383.662499999999,0.0095984251968504,99.6668077755906,0.06090926385433481,4.7243464997987995e-06,2.8679768532061786e-05,2.867214325163719e-05,Annual sales cohort interpolation; fitted survival/claim propensity; fixed LT subtype split
FY2026Q3,Car,38,13+,10261.6875,0.007236220472440945,74.25583316929134,0.05565184768082395,4.7243464997987995e-06,1.9523240574791526e-05,1.9518049801232347e-05,Annual sales cohort interpolation; fitted survival/claim propensity; fixed LT subtype split
FY2026Q3,Car,39,13+,11150.641666666666,0.003456692913385833,38.54434402887146,0.05084822823826022,4.7243464997987995e-06,9.259301519063468e-06,9.256839687109008e-06,Annual sales cohort interpolation; fitted survival/claim propensity; fixed LT subtype split
FY2026Q3,Car,40,13+,11067.720833333333,0,0.0,0.04645923581547334,4.7243464997987995e-06,0.0,0.0,Annual sales cohort interpolation; fitted survival/claim propensity; fixed LT subtype split
FY2026Q3,Car,41,13+,10460.2625,0,0.0,0.04244908165617559,4.7243464997987995e-06,0.0,0.0,Annual sales cohort interpolation; fitted survival/claim propensity; fixed LT subtype split
FY2026Q3,Car,42,13+,9392.9375,0,0.0,0.038785066130005715,4.7243464997987995e-06,0.0,0.0,Annual sales cohort interpolation; fitted survival/claim propensity; fixed LT subtype split
FY2026Q3,Car,43,13+,8204.729166666666,0,0.0,0.0354373120929477,4.7243464997987995e-06,0.0,0.0,Annual sales cohort interpolation; fitted survival/claim propensity; fixed LT subtype split
FY2026Q3,Car,44,13+,8377.5875,0,0.0,0.032378521262889814,4.7243464997987995e-06,0.0,0.0,Annual sales cohort interpolation; fitted survival/claim propensity; fixed LT subtype split
FY2026Q3,Car,45,13+,8852.883333333331,0,0.0,0.02958375162375934,4.7243464997987995e-06,0.0,0.0,Annual sales cohort interpolation; fitted survival/claim propensity; fixed LT subtype split
FY2026Q3,SUV,0,current_year_or_newer,9476.13185840708,1.0,9476.13185840708,0.5,6.314551551455172e-06,0.029918761564149104,0.02991080686442312,Annual sales cohort interpolation; fitted survival/claim propensity; fixed LT subtype split
FY2026Q3,SUV,1,1-3,9112.339026548674,0.991810737033667,9037.715686021887,1.0,5.256249933599e-06,0.04750449247453919,0.047491862139808924,Annual sales cohort interpolation; fitted survival/claim propensity; fixed LT subtype split
FY2026Q3,SUV,2,1-3,8745.937160766962,0.9836214740673339,8602.691602173873,1.0,5.256249933599e-06,0.04521789716269909,0.0452058747802419,Annual sales cohort interpolation; fitted survival/claim propensity; fixed LT subtype split
FY2026Q3,SUV,3,1-3,7848.495848082596,0.9754322111010009,7655.6756589122315,1.0,5.256249933599e-06,0.0402401446738129,0.04022944575945028,Annual sales cohort interpolation; fitted survival/claim propensity; fixed LT subtype split
FY2026Q3,SUV,4,4-6,8019.850560471977,0.9646842584167424,7736.623590542005,1.0,5.0079023863640115e-06,0.038744255741475414,0.03873395454903236,Annual sales cohort interpolation; fitted survival/claim propensity; fixed LT subtype split
FY2026Q3,SUV,5,4-6,7836.249977876108,0.9495577797998179,7440.972130948409,1.0,5.0079023863640115e-06,0.03726366209144464,0.03725375455426291,Annual sales cohort interpolation; fitted survival/claim propensity; fixed LT subtype split
FY2026Q3,SUV,6,4-6,8442.577396755163,0.9308908098271156,7859.117709893515,1.0,5.0079023863640115e-06,0.0393576943340914,0.039347230042657964,Annual sales cohort interpolation; fitted survival/claim propensity; fixed LT subtype split
FY2026Q3,SUV,7,7-9,8449.2673820059,0.908656050955414,7677.477932799871,0.9136844571609987,5.256380658266905e-06,0.03687241834353571,0.036862614828926166,Annual sales cohort interpolation; fitted survival/claim propensity; fixed LT subtype split
FY2026Q3,SUV,8,7-9,7904.558407079647,0.8820609645131938,6972.302412599548,0.8348192872575889,5.256380658266905e-06,0.030595355125273314,0.03058722053512627,Annual sales cohort interpolation; fitted survival/claim propensity; fixed LT subtype split
FY2026Q3,SUV,9,7-9,7519.869174041298,0.8521865332120109,6408.331241634121,0.7627614073054819,5.256380658266905e-06,0.025693334555542183,0.025686503298141695,Annual sales cohort interpolation; fitted survival/claim propensity; fixed LT subtype split
FY2026Q3,SUV,10,10-12,7041.966548672567,0.8191319381255686,5768.299707229581,0.6969232423772687,5.3624581358966625e-06,0.021557414902460086,0.021551683289470363,Annual sales cohort interpolation; fitted survival/claim propensity; fixed LT subtype split
FY2026Q3,SUV,11,10-12,6306.448215339233,0.7836087352138308,4941.787909713496,0.6367679343943579,5.3624581358966625e-06,0.016874433539437544,0.01686994702178659,Annual sales cohort interpolation; fitted survival/claim propensity; fixed LT subtype split
FY2026Q3,SUV,12,10-12,5687.947315634219,0.7444822565969063,4234.575852947679,0.5818049644746394,5.3624581358966625e-06,0.013211473382432932,0.013207960760312202,Annual sales cohort interpolation; fitted survival/claim propensity; fixed LT subtype split
FY2026Q3,SUV,13,13+,5157.266799410029,0.7045268425841674,3633.4328945525026,0.5315861531395849,4.7243464997987995e-06,0.009124993132098224,0.009122567009606094,Annual sales cohort interpolation; fitted survival/claim propensity; fixed LT subtype split
FY2026Q3,SUV,14,13+,4747.687684365782,0.6630127388535032,3147.7774148324033,0.4857020057656452,4.7243464997987995e-06,0.007222967399748724,0.0072210469814629474,Annual sales cohort interpolation; fitted survival/claim propensity; fixed LT subtype split
FY2026Q3,SUV,15,13+,4272.391076696164,0.6211565059144677,2653.82351310074,0.44377837347999183,4.7243464997987995e-06,0.005563907669760112,0.005562428356696931,Annual sales cohort interpolation; fitted survival/claim propensity; fixed LT subtype split
FY2026Q3,SUV,16,13+,3638.652212389381,0.5759481346678799,2095.674954430818,0.4054734022728573,4.7243464997987995e-06,0.004014468338794301,0.00401340098545061,Annual sales cohort interpolation; fitted survival/claim propensity; fixed LT subtype split
FY2026Q3,SUV,17,13+,4308.4952802359885,0.5291010009099181,2279.6291651885194,0.37047474544889886,4.7243464997987995e-06,0.003989923378565366,0.003988862551153171,Annual sales cohort interpolation; fitted survival/claim propensity; fixed LT subtype split
FY2026Q3,SUV,18,13+,5701.417772861357,0.483452229299363,2756.3631324568323,0.33849701668733634,4.7243464997987995e-06,0.004407913065262632,0.004406741104157985,Annual sales cohort interpolation; fitted survival/claim propensity; fixed LT subtype split
FY2026Q3,SUV,19,13+,6166.097271386431,0.4397315741583258,2711.4276595601127,0.3092794629425864,4.7243464997987995e-06,0.003961784488925538,0.003960731142986707,Annual sales cohort interpolation; fitted survival/claim propensity; fixed LT subtype split
FY2026Q3,SUV,20,13+,6516.130088495575,0.3984704276615104,2596.485143060868,0.28258383820974226,4.7243464997987995e-06,0.003466369895805228,0.003465448269032636,Annual sales cohort interpolation; fitted survival/claim propensity; fixed LT subtype split
FY2026Q3,SUV,21,13+,6677.799705014749,0.35966878980891714,2401.7961384889986,0.25819246081713987,4.7243464997987995e-06,0.0029296884694185,0.0029289095336990207,Annual sales cohort interpolation; fitted survival/claim propensity; fixed LT subtype split
FY2026Q3,SUV,22,13+,6517.819174041298,0.32334485896269327,2107.503321574721,0.23590643840477085,4.7243464997987995e-06,0.002348820368852605,0.002348195872390596,Annual sales cohort interpolation; fitted survival/claim propensity; fixed LT subtype split
FY2026Q3,SUV,23,13+,6295.372640117994,0.2905878070973612,1829.3585303526131,0.2155440461146476,4.7243464997987995e-06,0.0018628444988647874,0.0018623492120330481,Annual sales cohort interpolation; fitted survival/claim propensity; fixed LT subtype split
FY2026Q3,SUV,24,13+,6229.317330383481,0.2603448589626933,1621.7707418125487,0.19693924476854713,4.7243464997987995e-06,0.001508910469875738,0.0015085092858335603,Annual sales cohort interpolation; fitted survival/claim propensity; fixed LT subtype split
FY2026Q3,SUV,25,13+,6102.5454277286135,0.23256141947224745,1419.2166270664397,0.17994032695004702,4.7243464997987995e-06,0.0012064766987084175,0.001206155924740416,Annual sales cohort interpolation; fitted survival/claim propensity; fixed LT subtype split
FY2026Q3,SUV,26,13+,5891.1985988200595,0.20723748862602367,1220.8772026166187,0.16440867995072633,4.7243464997987995e-06,0.0009482841013767922,0.0009480319747884238,Annual sales cohort interpolation; fitted survival/claim propensity; fixed LT subtype split
FY2026Q3,SUV,27,13+,5400.428761061948,0.18437306642402182,995.6936106814724,0.15021765549333577,4.7243464997987995e-06,0.0007066240954684881,0.0007064362206299342,Annual sales cohort interpolation; fitted survival/claim propensity; fixed LT subtype split
FY2026Q3,SUV,28,13+,4996.013421828909,0.163968152866242,819.1870924722392,0.1372515370154264,4.7243464997987995e-06,0.0005311804225592541,0.0005310391940945424,Annual sales cohort interpolation; fitted survival/claim propensity; fixed LT subtype split
FY2026Q3,SUV,29,13+,4760.989233038348,0.14524749772520476,691.5217727954619,0.12540459609245258,4.7243464997987995e-06,0.0004096953691228841,0.0004095864406956993,Annual sales cohort interpolation; fitted survival/claim propensity; fixed LT subtype split
FY2026Q3,SUV,30,13+,4452.007227138643,0.1282393084622384,570.9223280771472,0.11458023030622685,4.7243464997987995e-06,0.0003090497962964728,0.000308967627175781,Annual sales cohort interpolation; fitted survival/claim propensity; fixed LT subtype split
FY2026Q3,SUV,31,13+,4370.267551622419,0.11388808007279344,497.721380858705,0.10469017552872707,4.7243464997987995e-06,0.0002461693438491626,0.0002461038931717385,Annual sales cohort interpolation; fitted survival/claim propensity; fixed LT subtype split
FY2026Q3,SUV,32,13+,3976.4089970501477,0.10047406733393992,399.52598531690103,0.09565378619805467,4.7243464997987995e-06,0.00018054644399896836,0.00018049844091750636,Annual sales cohort interpolation; fitted survival/claim propensity; fixed LT subtype split
FY2026Q3,SUV,33,13+,3459.7901179941,0.08730755232029119,302.06580674399635,0.08739737771776383,4.7243464997987995e-06,0.00012472161095294882,0.00012468845039039197,Annual sales cohort interpolation; fitted survival/claim propensity; fixed LT subtype split
FY2026Q3,SUV,34,13+,3060.3515486725664,0.03089262966333025,94.5423070327408,0.07985362561734978,4.7243464997987995e-06,3.566667117667306e-05,3.565718824206604e-05,Annual sales cohort interpolation; fitted survival/claim propensity; fixed LT subtype split
FY2026Q3,SUV,35,13+,3228.023451327434,0,0.0,0.07296101657452587,4.7243464997987995e-06,0.0,0.0,Annual sales cohort interpolation; fitted survival/claim propensity; fixed LT subtype split
FY2026Q3,SUV,36,13+,3327.8001474926255,0,0.0,0.0666633468228103,4.7243464997987995e-06,0.0,0.0,Annual sales cohort interpolation; fitted survival/claim propensity; fixed LT subtype split
FY2026Q3,SUV,37,13+,3446.036135693216,0,0.0,0.06090926385433481,4.7243464997987995e-06,0.0,0.0,Annual sales cohort interpolation; fitted survival/claim propensity; fixed LT subtype split
FY2026Q3,SUV,38,13+,3365.8045722713864,0,0.0,0.05565184768082395,4.7243464997987995e-06,0.0,0.0,Annual sales cohort interpolation; fitted survival/claim propensity; fixed LT subtype split
FY2026Q3,SUV,39,13+,3327.9811209439526,0,0.0,0.05084822823826022,4.7243464997987995e-06,0.0,0.0,Annual sales cohort interpolation; fitted survival/claim propensity; fixed LT subtype split
FY2026Q3,SUV,40,13+,2806.3553097345134,0,0.0,0.04645923581547334,4.7243464997987995e-06,0.0,0.0,Annual sales cohort interpolation; fitted survival/claim propensity; fixed LT subtype split
FY2026Q3,SUV,41,13+,2421.5755899705014,0,0.0,0.04244908165617559,4.7243464997987995e-06,0.0,0.0,Annual sales cohort interpolation; fitted survival/claim propensity; fixed LT subtype split
FY2026Q3,SUV,42,13+,1935.6317109144543,0,0.0,0.038785066130005715,4.7243464997987995e-06,0.0,0.0,Annual sales cohort interpolation; fitted survival/claim propensity; fixed LT subtype split
FY2026Q3,SUV,43,13+,1562.4644542772862,0,0.0,0.0354373120929477,4.7243464997987995e-06,0.0,0.0,Annual sales cohort interpolation; fitted survival/claim propensity; fixed LT subtype split
FY2026Q3,SUV,44,13+,1311.7257374631267,0,0.0,0.032378521262889814,4.7243464997987995e-06,0.0,0.0,Annual sales cohort interpolation; fitted survival/claim propensity; fixed LT subtype split
FY2026Q3,SUV,45,13+,1386.5582595870208,0,0.0,0.02958375162375934,4.7243464997987995e-06,0.0,0.0,Annual sales cohort interpolation; fitted survival/claim propensity; fixed LT subtype split
FY2026Q3,Pickup,0,current_year_or_newer,2525.42389380531,1.0,2525.42389380531,0.5,6.3145515514551716e-06,0.00797345968335514,0.007971339726704451,Annual sales cohort interpolation; fitted survival/claim propensity; fixed LT subtype split
FY2026Q3,Pickup,1,1-3,2428.471769911505,0.991810737033667,2408.5843759813833,1.0,5.256249933599002e-06,0.01266012146631974,0.012656755435792602,Annual sales cohort interpolation; fitted survival/claim propensity; fixed LT subtype split
FY2026Q3,Pickup,2,1-3,2330.8243289085544,0.9836214740673339,2292.6488621930366,1.0,5.256249933599002e-06,0.012050735429667976,0.012047531420651268,Annual sales cohort interpolation; fitted survival/claim propensity; fixed LT subtype split
FY2026Q3,Pickup,3,1-3,2091.6529277286136,0.9754322111010009,2040.2656401502036,1.0,5.256249933599002e-06,0.010724146135563833,0.010721294835648125,Annual sales cohort interpolation; fitted survival/claim propensity; fixed LT subtype split
FY2026Q3,Pickup,4,4-6,2137.319587020649,0.9646842584167424,2061.8385608045933,1.0,5.007902386364012e-06,0.010325486248950664,0.010322740943385155,Annual sales cohort interpolation; fitted survival/claim propensity; fixed LT subtype split
FY2026Q3,Pickup,5,4-6,2088.3893584070797,0.9495577797998179,1983.046362526593,1.0,5.007902386364012e-06,0.0099309026111674,0.009928262216172759,Annual sales cohort interpolation; fitted survival/claim propensity; fixed LT subtype split
FY2026Q3,Pickup,6,4-6,2249.977839233038,0.9308908098271156,2094.4836928567065,1.0,5.007902386364012e-06,0.01048896988365761,0.010486181111613002,Annual sales cohort interpolation; fitted survival/claim propensity; fixed LT subtype split
FY2026Q3,Pickup,7,7-9,2251.760744837758,0.908656050955414,2046.0760261006988,0.9136844571609987,5.2563806582669044e-06,0.009826634717470393,0.00982402204487274,Annual sales cohort interpolation; fitted survival/claim propensity; fixed LT subtype split
FY2026Q3,Pickup,8,7-9,2106.5938053097348,0.8820609645131938,1858.1441637490238,0.8348192872575889,5.2563806582669044e-06,0.008153774348789219,0.008151606450681572,Annual sales cohort interpolation; fitted survival/claim propensity; fixed LT subtype split
FY2026Q3,Pickup,9,7-9,2004.0727138643067,0.8521865332120109,1707.8437783328097,0.7627614073054819,5.2563806582669044e-06,0.006847367888885324,0.006845547333734582,Annual sales cohort interpolation; fitted survival/claim propensity; fixed LT subtype split
FY2026Q3,Pickup,10,10-12,1876.7099115044248,0.8191319381255686,1537.2730271100838,0.6969232423772687,5.362458135896663e-06,0.005745130132929461,0.005743602637047114,Annual sales cohort interpolation; fitted survival/claim propensity; fixed LT subtype split
FY2026Q3,Pickup,11,10-12,1680.6915781710914,0.7836087352138308,1317.0046018551861,0.6367679343943579,5.362458135896663e-06,0.004497098424935679,0.004495902751527479,Annual sales cohort interpolation; fitted survival/claim propensity; fixed LT subtype split
FY2026Q3,Pickup,12,10-12,1515.8588200589973,0.7444822565969063,1128.529995039846,0.5818049644746394,5.362458135896663e-06,0.003520906109254743,0.0035199699825770913,Annual sales cohort interpolation; fitted survival/claim propensity; fixed LT subtype split
FY2026Q3,Pickup,13,13+,1374.4305162241888,0.7045268425841674,968.323191946755,0.5315861531395849,4.7243464997988e-06,0.0024318441354491604,0.0024311975649072477,Annual sales cohort interpolation; fitted survival/claim propensity; fixed LT subtype split
FY2026Q3,Pickup,14,13+,1265.276179941003,0.6630127388535032,838.8942254687823,0.4857020057656452,4.7243464997988e-06,0.0019249473021335235,0.0019244355036172652,Annual sales cohort interpolation; fitted survival/claim propensity; fixed LT subtype split
FY2026Q3,Pickup,15,13+,1138.607890855457,0.6211565059144677,707.2536990904173,0.44377837347999183,4.7243464997988e-06,0.001482801799520421,0.0014824075571637297,Annual sales cohort interpolation; fitted survival/claim propensity; fixed LT subtype split
FY2026Q3,Pickup,16,13+,969.7141592920354,0.5759481346678799,558.5050612052792,0.4054734022728573,4.7243464997988e-06,0.001069870535277699,0.0010695860816971067,Annual sales cohort interpolation; fitted survival/claim propensity; fixed LT subtype split
FY2026Q3,Pickup,17,13+,1148.2297935103245,0.5291010009099181,607.5295330209012,0.37047474544889886,4.7243464997988e-06,0.0010633292133584962,0.0010630464989625813,Annual sales cohort interpolation; fitted survival/claim propensity; fixed LT subtype split
FY2026Q3,Pickup,18,13+,1519.4487463126843,0.483452229299363,734.5808837109895,0.33849701668733634,4.7243464997988e-06,0.001174724997832829,0.0011744126659002947,Annual sales cohort interpolation; fitted survival/claim propensity; fixed LT subtype split
FY2026Q3,Pickup,19,13+,1643.2875368731566,0.4397315741583258,722.605415383991,0.3092794629425864,4.7243464997988e-06,0.0010558300960706206,0.001055549375514795,Annual sales cohort interpolation; fitted survival/claim propensity; fixed LT subtype split
FY2026Q3,Pickup,20,13+,1736.5725663716814,0.3984704276615104,691.9728131873705,0.28258383820974226,4.7243464997988e-06,0.000923800290080122,0.000923554673165177,Annual sales cohort interpolation; fitted survival/claim propensity; fixed LT subtype split
FY2026Q3,Pickup,21,13+,1779.6581120943952,0.35966878980891714,640.0874794506133,0.25819246081713987,4.7243464997988e-06,0.000780772721678769,0.0007805651324527954,Annual sales cohort interpolation; fitted survival/claim propensity; fixed LT subtype split
FY2026Q3,Pickup,22,13+,1737.0227138643068,0.32334485896269327,561.657364429449,0.23590643840477085,4.7243464997988e-06,0.0006259692425548509,0.0006258028119573961,Annual sales cohort interpolation; fitted survival/claim propensity; fixed LT subtype split
FY2026Q3,Pickup,23,13+,1677.7398967551621,0.2905878070973612,487.5307574778358,0.2155440461146476,4.7243464997988e-06,0.0004964548908955058,0.0004963228951383919,Annual sales cohort interpolation; fitted survival/claim propensity; fixed LT subtype split
FY2026Q3,Pickup,24,13+,1660.1359144542773,0.2603448589626933,432.2078505075007,0.19693924476854713,4.7243464997988e-06,0.0004021301741233629,0.00040202325710478743,Annual sales cohort interpolation; fitted survival/claim propensity; fixed LT subtype split
FY2026Q3,Pickup,25,13+,1626.3507374631267,0.23256141947224745,378.2264360641612,0.17994032695004702,4.7243464997988e-06,0.00032153046493696213,0.0003214449774980571,Annual sales cohort interpolation; fitted survival/claim propensity; fixed LT subtype split
FY2026Q3,Pickup,26,13+,1570.0260324483777,0.20723748862602367,325.36825204208174,0.16440867995072633,4.7243464997988e-06,0.0002527211908314679,0.0002526539981709981,Annual sales cohort interpolation; fitted survival/claim propensity; fixed LT subtype split
FY2026Q3,Pickup,27,13+,1439.2340707964602,0.18437306642402182,265.35599893467105,0.15021765549333577,4.7243464997988e-06,0.00018831791297326453,0.0001882678436397624,Annual sales cohort interpolation; fitted survival/claim propensity; fixed LT subtype split
FY2026Q3,Pickup,28,13+,1331.4558997050149,0.163968152866242,218.31636449749166,0.1372515370154264,4.7243464997988e-06,0.00014156153070650054,0.00014152389280270206,Annual sales cohort interpolation; fitted survival/claim propensity; fixed LT subtype split
FY2026Q3,Pickup,29,13+,1268.8210914454278,0.14524749772520476,184.2930885934116,0.12540459609245258,4.7243464997988e-06,0.00010918531842150214,0.00010915628859616439,Annual sales cohort interpolation; fitted survival/claim propensity; fixed LT subtype split
FY2026Q3,Pickup,30,13+,1186.4762536873156,0.1282393084622384,152.1528942797287,0.11458023030622685,4.7243464997988e-06,8.236290414747077e-05,8.234100577545266e-05,Annual sales cohort interpolation; fitted survival/claim propensity; fixed LT subtype split
FY2026Q3,Pickup,31,13+,1164.6923303834808,0.11388808007279344,132.64457338288224,0.10469017552872707,4.7243464997988e-06,6.560503295735629e-05,6.558759011178362e-05,Annual sales cohort interpolation; fitted survival/claim propensity; fixed LT subtype split
FY2026Q3,Pickup,32,13+,1059.727581120944,0.10047406733393992,106.475140341179,0.09565378619805467,4.7243464997988e-06,4.811628947649769e-05,4.810349647923764e-05,Annual sales cohort interpolation; fitted survival/claim propensity; fixed LT subtype split
FY2026Q3,Pickup,33,13+,922.0467551622419,0.08730755232029119,80.50164531808215,0.08739737771776383,4.7243464997988e-06,3.323876673318196e-05,3.32299293216448e-05,Annual sales cohort interpolation; fitted survival/claim propensity; fixed LT subtype split
FY2026Q3,Pickup,34,13+,815.5949115044248,0.03089262966333025,25.195871556402803,0.07985362561734978,4.7243464997988e-06,9.505298675445878e-06,9.502771438594618e-06,Annual sales cohort interpolation; fitted survival/claim propensity; fixed LT subtype split
FY2026Q3,Pickup,35,13+,860.2800884955752,0,0.0,0.07296101657452587,4.7243464997988e-06,0.0,0.0,Annual sales cohort interpolation; fitted survival/claim propensity; fixed LT subtype split
FY2026Q3,Pickup,36,13+,886.8709439528023,0,0.0,0.0666633468228103,4.7243464997988e-06,0.0,0.0,Annual sales cohort interpolation; fitted survival/claim propensity; fixed LT subtype split
FY2026Q3,Pickup,37,13+,918.3812684365782,0,0.0,0.06090926385433481,4.7243464997988e-06,0.0,0.0,Annual sales cohort interpolation; fitted survival/claim propensity; fixed LT subtype split
FY2026Q3,Pickup,38,13+,896.9992625368732,0,0.0,0.05565184768082395,4.7243464997988e-06,0.0,0.0,Annual sales cohort interpolation; fitted survival/claim propensity; fixed LT subtype split
FY2026Q3,Pickup,39,13+,886.9191740412979,0,0.0,0.05084822823826022,4.7243464997988e-06,0.0,0.0,Annual sales cohort interpolation; fitted survival/claim propensity; fixed LT subtype split
FY2026Q3,Pickup,40,13+,747.903982300885,0,0.0,0.04645923581547334,4.7243464997988e-06,0.0,0.0,Annual sales cohort interpolation; fitted survival/claim propensity; fixed LT subtype split
FY2026Q3,Pickup,41,13+,645.3587758112094,0,0.0,0.04244908165617559,4.7243464997988e-06,0.0,0.0,Annual sales cohort interpolation; fitted survival/claim propensity; fixed LT subtype split
FY2026Q3,Pickup,42,13+,515.8529498525073,0,0.0,0.038785066130005715,4.7243464997988e-06,0.0,0.0,Annual sales cohort interpolation; fitted survival/claim propensity; fixed LT subtype split
FY2026Q3,Pickup,43,13+,416.4025073746313,0,0.0,0.0354373120929477,4.7243464997988e-06,0.0,0.0,Annual sales cohort interpolation; fitted survival/claim propensity; fixed LT subtype split
FY2026Q3,Pickup,44,13+,349.57971976401177,0,0.0,0.032378521262889814,4.7243464997988e-06,0.0,0.0,Annual sales cohort interpolation; fitted survival/claim propensity; fixed LT subtype split
FY2026Q3,Pickup,45,13+,369.52286135693214,0,0.0,0.02958375162375934,4.7243464997988e-06,0.0,0.0,Annual sales cohort interpolation; fitted survival/claim propensity; fixed LT subtype split
FY2026Q3,Minivan,0,current_year_or_newer,1088.9442477876107,1.0,1088.9442477876107,0.5,6.314551551455172e-06,0.0034380972946577216,0.003437183184909259,Annual sales cohort interpolation; fitted survival/claim propensity; fixed LT subtype split
FY2026Q3,Minivan,1,1-3,1047.1392035398233,0.991810737033667,1038.5639052396791,1.0,5.256249933599002e-06,0.005458951457954384,0.005457500050295894,Annual sales cohort interpolation; fitted survival/claim propensity; fixed LT subtype split
FY2026Q3,Minivan,2,1-3,1005.0343436578171,0.9836214740673339,988.5733625969975,1.0,5.256249933599002e-06,0.00519618867150821,0.005194807126335868,Annual sales cohort interpolation; fitted survival/claim propensity; fixed LT subtype split
FY2026Q3,Minivan,3,1-3,901.9053908554574,0.9754322111010009,879.7475696060512,1.0,5.256249933599002e-06,0.00462417310432569,0.004622943644729008,Annual sales cohort interpolation; fitted survival/claim propensity; fixed LT subtype split
FY2026Q3,Minivan,4,4-6,921.5965191740414,0.9646842584167424,889.0496546588613,1.0,5.0079023863640115e-06,0.004452273887162211,0.004451090131551396,Annual sales cohort interpolation; fitted survival/claim propensity; fixed LT subtype split
FY2026Q3,Minivan,5,4-6,900.4981637168144,0.9495577797998179,855.0750370527512,1.0,5.0079023863640115e-06,0.004282132318576768,0.004280993799634125,Annual sales cohort interpolation; fitted survival/claim propensity; fixed LT subtype split
FY2026Q3,Minivan,6,4-6,970.1739306784661,0.9308908098271156,903.1259960024332,1.0,5.0079023863640115e-06,0.00452276683056796,0.004521564332530377,Annual sales cohort interpolation; fitted survival/claim propensity; fixed LT subtype split
FY2026Q3,Minivan,7,7-9,970.9427064896756,0.908656050955414,882.2529653828703,0.9136844571609987,5.2563806582669044e-06,0.004237172768083565,0.004236046202835035,Annual sales cohort interpolation; fitted survival/claim propensity; fixed LT subtype split
FY2026Q3,Minivan,8,7-9,908.3477876106197,0.8820609645131938,801.2181256532489,0.8348192872575889,5.2563806582669044e-06,0.003515847654982508,0.0035149128732296694,Annual sales cohort interpolation; fitted survival/claim propensity; fixed LT subtype split
FY2026Q3,Minivan,9,7-9,864.1414454277286,0.8521865332120109,736.4097025838721,0.7627614073054819,5.2563806582669044e-06,0.0029525347777762403,0.002951749767757113,Annual sales cohort interpolation; fitted survival/claim propensity; fixed LT subtype split
FY2026Q3,Minivan,10,10-12,809.223539823009,0.8191319381255686,662.8608465520546,0.6969232423772687,5.362458135896663e-06,0.002477257947226465,0.002476599302212976,Annual sales cohort interpolation; fitted survival/claim propensity; fixed LT subtype split
FY2026Q3,Minivan,11,10-12,724.7018731563422,0.7836087352138308,567.8827182311354,0.6367679343943579,5.362458135896663e-06,0.001939115834605293,0.0019386002690072613,Annual sales cohort interpolation; fitted survival/claim propensity; fixed LT subtype split
FY2026Q3,Minivan,12,10-12,653.6271976401181,0.7444822565969063,486.61385107222713,0.5818049644746394,5.362458135896663e-06,0.0015181888727979166,0.0015177852218451677,Annual sales cohort interpolation; fitted survival/claim propensity; fixed LT subtype split
FY2026Q3,Minivan,13,13+,592.6443510324484,0.7045268425841674,417.5338534082338,0.5315861531395849,4.7243464997987995e-06,0.0010485933428083535,0.0010483145463361526,Annual sales cohort interpolation; fitted survival/claim propensity; fixed LT subtype split
FY2026Q3,Minivan,14,13+,545.5778023598821,0.6630127388535032,361.7250330003007,0.4857020057656452,4.7243464997987995e-06,0.0008300231486263816,0.0008298024648624904,Annual sales cohort interpolation; fitted survival/claim propensity; fixed LT subtype split
FY2026Q3,Minivan,15,13+,490.9593657817109,0.6211565059144677,304.96260419495064,0.44377837347999183,4.7243464997987995e-06,0.0006393732530042183,0.0006392032585935349,Annual sales cohort interpolation; fitted survival/claim propensity; fixed LT subtype split
FY2026Q3,Minivan,16,13+,418.13362831858416,0.5759481346678799,240.82328327200113,0.4054734022728573,4.7243464997987995e-06,0.00046132032255093446,0.0004611976682547157,Annual sales cohort interpolation; fitted survival/claim propensity; fixed LT subtype split
FY2026Q3,Minivan,17,13+,495.1082595870207,0.5291010009099181,261.9622757062602,0.37047474544889886,4.7243464997987995e-06,0.0004584997525490763,0.0004583778481765258,Annual sales cohort interpolation; fitted survival/claim propensity; fixed LT subtype split
FY2026Q3,Minivan,18,13+,655.1751474926255,0.483452229299363,316.74588563684875,0.33849701668733634,4.7243464997987995e-06,0.0005065327972306694,0.000506398121993705,Annual sales cohort interpolation; fitted survival/claim propensity; fixed LT subtype split
FY2026Q3,Minivan,19,13+,708.5735250737465,0.4397315741583258,311.5821515875925,0.3092794629425864,4.7243464997987995e-06,0.00045526618821393734,0.00045514514357059975,Annual sales cohort interpolation; fitted survival/claim propensity; fixed LT subtype split
FY2026Q3,Minivan,20,13+,748.7973451327434,0.3984704276615104,298.37359834684787,0.28258383820974226,4.7243464997987995e-06,0.0003983359048969333,0.00039822999668590194,Annual sales cohort interpolation; fitted survival/claim propensity; fixed LT subtype split
FY2026Q3,Minivan,21,13+,767.3755162241888,0.35966878980891714,276.00102324934704,0.25819246081713987,4.7243464997987995e-06,0.0003366634671458912,0.00033657395619524197,Annual sales cohort interpolation; fitted survival/claim propensity; fixed LT subtype split
FY2026Q3,Minivan,22,13+,748.9914454277286,0.32334485896269327,242.1825332860927,0.23590643840477085,4.7243464997987995e-06,0.0002699133431199815,0.00026984157946786805,Annual sales cohort interpolation; fitted survival/claim propensity; fixed LT subtype split
FY2026Q3,Minivan,23,13+,723.4291297935104,0.2905878070973612,210.21968441704848,0.2155440461146476,4.7243464997987995e-06,0.00021406770524852085,0.00021401078964682952,Annual sales cohort interpolation; fitted survival/claim propensity; fixed LT subtype split
FY2026Q3,Minivan,24,13+,715.8384218289086,0.2603448589626933,186.36485297112418,0.19693924476854713,4.7243464997987995e-06,0.00017339557966787207,0.00017334947783417438,Annual sales cohort interpolation; fitted survival/claim propensity; fixed LT subtype split
FY2026Q3,Minivan,25,13+,701.2705014749263,0.23256141947224745,163.08846325702365,0.17994032695004702,4.7243464997987995e-06,0.00013864157662419466,0.00013860471506796956,Annual sales cohort interpolation; fitted survival/claim propensity; fixed LT subtype split
FY2026Q3,Minivan,26,13+,676.9837020648969,0.20723748862602367,140.29640225667745,0.16440867995072633,4.7243464997987995e-06,0.00010897152265210081,0.00010894254967006336,Annual sales cohort interpolation; fitted survival/claim propensity; fixed LT subtype split
FY2026Q3,Minivan,27,13+,620.587168141593,0.18437306642402182,114.41955917366552,0.15021765549333577,4.7243464997987995e-06,8.120130192425168e-05,8.117971239512692e-05,Annual sales cohort interpolation; fitted survival/claim propensity; fixed LT subtype split
FY2026Q3,Minivan,28,13+,574.11401179941,0.163968152866242,94.13641404937712,0.1372515370154264,4.7243464997987995e-06,6.104029305693141e-05,6.1024063869055e-05,Annual sales cohort interpolation; fitted survival/claim propensity; fixed LT subtype split
FY2026Q3,Minivan,29,13+,547.1063421828909,0.14524749772520476,79.46582719165454,0.12540459609245258,4.7243464997987995e-06,4.707990794321651e-05,4.706739049559381e-05,Annual sales cohort interpolation; fitted survival/claim propensity; fixed LT subtype split
FY2026Q3,Minivan,30,13+,511.5998525073747,0.1282393084622384,65.6072112949289,0.11458023030622685,4.7243464997987995e-06,3.5514279770010326e-05,3.550483735271811e-05,Annual sales cohort interpolation; fitted survival/claim propensity; fixed LT subtype split
FY2026Q3,Minivan,31,13+,502.20678466076697,0.11388808007279344,57.19536650454556,0.10469017552872707,4.7243464997987995e-06,2.8288408706382984e-05,2.8280887479392933e-05,Annual sales cohort interpolation; fitted survival/claim propensity; fixed LT subtype split
FY2026Q3,Minivan,32,13+,456.9467551622419,0.10047406733393992,45.911299046196454,0.09565378619805467,4.7243464997987995e-06,2.0747390875187076e-05,2.07418746286621e-05,Annual sales cohort interpolation; fitted survival/claim propensity; fixed LT subtype split
FY2026Q3,Minivan,33,13+,397.5797935103245,0.08730755232029119,34.711718623393224,0.08739737771776383,4.7243464997987995e-06,1.4332312261096808e-05,1.432850163410372e-05,Annual sales cohort interpolation; fitted survival/claim propensity; fixed LT subtype split
FY2026Q3,Minivan,34,13+,351.6785398230089,0.03089262966333025,10.864274891292954,0.07985362561734978,4.7243464997987995e-06,4.098615025192259e-06,4.097525299210524e-06,Annual sales cohort interpolation; fitted survival/claim propensity; fixed LT subtype split
FY2026Q3,Minivan,35,13+,370.9464601769912,0,0.0,0.07296101657452587,4.7243464997987995e-06,0.0,0.0,Annual sales cohort interpolation; fitted survival/claim propensity; fixed LT subtype split
FY2026Q3,Minivan,36,13+,382.4122418879056,0,0.0,0.0666633468228103,4.7243464997987995e-06,0.0,0.0,Annual sales cohort interpolation; fitted survival/claim propensity; fixed LT subtype split
FY2026Q3,Minivan,37,13+,395.99926253687323,0,0.0,0.06090926385433481,4.7243464997987995e-06,0.0,0.0,Annual sales cohort interpolation; fitted survival/claim propensity; fixed LT subtype split
FY2026Q3,Minivan,38,13+,386.7794985250738,0,0.0,0.05565184768082395,4.7243464997987995e-06,0.0,0.0,Annual sales cohort interpolation; fitted survival/claim propensity; fixed LT subtype split
FY2026Q3,Minivan,39,13+,382.4330383480826,0,0.0,0.05084822823826022,4.7243464997987995e-06,0.0,0.0,Annual sales cohort interpolation; fitted survival/claim propensity; fixed LT subtype split
FY2026Q3,Minivan,40,13+,322.4907079646018,0,0.0,0.04645923581547334,4.7243464997987995e-06,0.0,0.0,Annual sales cohort interpolation; fitted survival/claim propensity; fixed LT subtype split
FY2026Q3,Minivan,41,13+,278.27396755162243,0,0.0,0.04244908165617559,4.7243464997987995e-06,0.0,0.0,Annual sales cohort interpolation; fitted survival/claim propensity; fixed LT subtype split
FY2026Q3,Minivan,42,13+,222.43200589970505,0,0.0,0.038785066130005715,4.7243464997987995e-06,0.0,0.0,Annual sales cohort interpolation; fitted survival/claim propensity; fixed LT subtype split
FY2026Q3,Minivan,43,13+,179.54970501474926,0,0.0,0.0354373120929477,4.7243464997987995e-06,0.0,0.0,Annual sales cohort interpolation; fitted survival/claim propensity; fixed LT subtype split
FY2026Q3,Minivan,44,13+,150.73620943952804,0,0.0,0.032378521262889814,4.7243464997987995e-06,0.0,0.0,Annual sales cohort interpolation; fitted survival/claim propensity; fixed LT subtype split
FY2026Q3,Minivan,45,13+,159.33554572271387,0,0.0,0.02958375162375934,4.7243464997987995e-06,0.0,0.0,Annual sales cohort interpolation; fitted survival/claim propensity; fixed LT subtype split
FY2026Q4,Car,0,current_year_or_newer,2764.4000000000005,1.0,2764.4000000000005,0.5,6.3145515514551716e-06,0.00872797315442134,0.008722869541597148,Annual sales cohort interpolation; fitted survival/claim propensity; fixed LT subtype split
FY2026Q4,Car,1,1-3,2913.9541666666673,0.9976377952755906,2907.0708103674547,1.0,5.256249933599001e-06,0.015280290753961527,0.015271355725579847,Annual sales cohort interpolation; fitted survival/claim propensity; fixed LT subtype split
FY2026Q4,Car,2,1-3,3118.554166666667,0.9952755905511811,3103.8208398950133,1.0,5.256249933599001e-06,0.01631445808360136,0.016304918334106022,Annual sales cohort interpolation; fitted survival/claim propensity; fixed LT subtype split
FY2026Q4,Car,3,1-3,3047.070833333333,0.9929133858267717,3025.4774179790024,1.0,5.256249933599001e-06,0.015902665477357407,0.01589336652031055,Annual sales cohort interpolation; fitted survival/claim propensity; fixed LT subtype split
FY2026Q4,Car,4,4-6,3157.875,0.9899527559055118,3126.147059055118,1.0,5.007902386364013e-06,0.015655439317166966,0.01564628492364927,Annual sales cohort interpolation; fitted survival/claim propensity; fixed LT subtype split
FY2026Q4,Car,5,4-6,3378.104166666667,0.9844409448818897,3325.544057742782,1.0,5.007902386364013e-06,0.01665400002272874,0.016644261728787378,Annual sales cohort interpolation; fitted survival/claim propensity; fixed LT subtype split
FY2026Q4,Car,6,4-6,4115.6625,0.976755905511811,4019.997651968504,1.0,5.007902386364013e-06,0.020131755834470803,0.02011998395050273,Annual sales cohort interpolation; fitted survival/claim propensity; fixed LT subtype split
FY2026Q4,Car,7,7-9,5039.608333333334,0.9673464566929133,4875.047264370079,0.9136844571609987,5.256380658266906e-06,0.023413259373681945,0.023399568656641286,Annual sales cohort interpolation; fitted survival/claim propensity; fixed LT subtype split
FY2026Q4,Car,8,7-9,5732.204166666667,0.9553149606299213,5476.060397801838,0.8348192872575889,5.256380658266906e-06,0.024029653713159363,0.02401560256443542,Annual sales cohort interpolation; fitted survival/claim propensity; fixed LT subtype split
FY2026Q4,Car,9,7-9,6519.3375000000015,0.9400944881889763,6128.793250393702,0.7627614073054819,5.256380658266906e-06,0.024572564910667706,0.02455819629894279,Annual sales cohort interpolation; fitted survival/claim propensity; fixed LT subtype split
FY2026Q4,Car,10,10-12,7232.783333333335,0.9227716535433071,6674.207436220474,0.6969232423772687,5.362458135896662e-06,0.02494299293557194,0.024928407719008203,Annual sales cohort interpolation; fitted survival/claim propensity; fixed LT subtype split
FY2026Q4,Car,11,10-12,7625.729166666668,0.9021417322834646,6879.488520341209,0.6367679343943579,5.362458135896662e-06,0.023490986246828122,0.023477250079617124,Annual sales cohort interpolation; fitted survival/claim propensity; fixed LT subtype split
FY2026Q4,Car,12,10-12,7642.079166666668,0.8790866141732284,6718.049499868768,0.5818049644746394,5.362458135896662e-06,0.020959674647840043,0.020947418644936388,Annual sales cohort interpolation; fitted survival/claim propensity; fixed LT subtype split
FY2026Q4,Car,13,13+,7401.5375,0.853496062992126,6317.183116338583,0.5315861531395849,4.7243464997987995e-06,0.015864955876086426,0.01585567896942873,Annual sales cohort interpolation; fitted survival/claim propensity; fixed LT subtype split
FY2026Q4,Car,14,13+,6621.0375,0.8251023622047243,5463.033681496063,0.4857020057656452,4.7243464997987995e-06,0.012535611317128737,0.012528281218199093,Annual sales cohort interpolation; fitted survival/claim propensity; fixed LT subtype split
FY2026Q4,Car,15,13+,5845.25,0.7951811023622047,4648.032338582677,0.44377837347999183,4.7243464997987995e-06,0.009744891719538955,0.009739193471678854,Annual sales cohort interpolation; fitted survival/claim propensity; fixed LT subtype split
FY2026Q4,Car,16,13+,5508.895833333334,0.7461102362204726,4110.243571522311,0.4054734022728573,4.7243464997987995e-06,0.00787356963336455,0.007868965626197932,Annual sales cohort interpolation; fitted survival/claim propensity; fixed LT subtype split
FY2026Q4,Car,17,13+,6142.329166666668,0.677488188976378,4161.355463221786,0.37047474544889886,4.7243464997987995e-06,0.007283416839359591,0.007279157919341436,Annual sales cohort interpolation; fitted survival/claim propensity; fixed LT subtype split
FY2026Q4,Car,18,13+,7198.750000000002,0.5951574803149606,4284.389911417324,0.33849701668733634,4.7243464997987995e-06,0.006851498645021729,0.006847492285729485,Annual sales cohort interpolation; fitted survival/claim propensity; fixed LT subtype split
FY2026Q4,Car,19,13+,7670.2541666666675,0.5140551181102362,3942.933411581365,0.3092794629425864,4.7243464997987995e-06,0.005761190926776775,0.005757822116243528,Annual sales cohort interpolation; fitted survival/claim propensity; fixed LT subtype split
FY2026Q4,Car,20,13+,7706.5666666666675,0.4389370078740157,3382.697313648294,0.28258383820974226,4.7243464997987995e-06,0.004515981986644005,0.004513341302126181,Annual sales cohort interpolation; fitted survival/claim propensity; fixed LT subtype split
FY2026Q4,Car,21,13+,7563.908333333335,0.3705590551181103,2802.874725000001,0.25819246081713987,4.7243464997987995e-06,0.0034189203785726153,0.0034169211920971007,Annual sales cohort interpolation; fitted survival/claim propensity; fixed LT subtype split
FY2026Q4,Car,22,13+,7522.141666666668,0.30907874015748027,2324.9340696194226,0.23590643840477085,4.7243464997987995e-06,0.0025911477543395494,0.0025896326013166823,Annual sales cohort interpolation; fitted survival/claim propensity; fixed LT subtype split
FY2026Q4,Car,23,13+,7819.229166666668,0.2546062992125985,1990.8250008202106,0.2155440461146476,4.7243464997987995e-06,0.002027266574292342,0.0020260811463008077,Annual sales cohort interpolation; fitted survival/claim propensity; fixed LT subtype split
FY2026Q4,Car,24,13+,8210.054166666669,0.20893700787401587,1715.3841520669305,0.19693924476854713,4.7243464997987995e-06,0.0015960092509868943,0.0015950759972821965,Annual sales cohort interpolation; fitted survival/claim propensity; fixed LT subtype split
FY2026Q4,Car,25,13+,8582.587500000001,0.17148818897637794,1471.8123871062994,0.17994032695004702,4.7243464997987995e-06,0.001251188378186211,0.0012504567557419834,Annual sales cohort interpolation; fitted survival/claim propensity; fixed LT subtype split
FY2026Q4,Car,26,13+,8701.866666666669,0.13951968503937012,1214.0816965879271,0.16440867995072633,4.7243464997987995e-06,0.0009430058716629379,0.0009424544564861543,Annual sales cohort interpolation; fitted survival/claim propensity; fixed LT subtype split
FY2026Q4,Car,27,13+,8338.320833333335,0.11272440944881885,939.9322917322833,0.15021765549333577,4.7243464997987995e-06,0.0006670513884209527,0.0006666613354315464,Annual sales cohort interpolation; fitted survival/claim propensity; fixed LT subtype split
FY2026Q4,Car,28,13+,8156.770833333334,0.09096062992125985,741.9450131233597,0.1372515370154264,4.7243464997987995e-06,0.0004810948185196816,0.0004808135021542428,Annual sales cohort interpolation; fitted survival/claim propensity; fixed LT subtype split
FY2026Q4,Car,29,13+,8358.875,0.07363779527559058,615.5291259842522,0.12540459609245258,4.7243464997987995e-06,0.0003646731634444054,0.00036445992371501293,Annual sales cohort interpolation; fitted survival/claim propensity; fixed LT subtype split
FY2026Q4,Car,30,13+,8555.25416666667,0.05942519685039369,508.3976629593177,0.11458023030622685,4.7243464997987995e-06,0.00027520415028145257,0.0002750432268453011,Annual sales cohort interpolation; fitted survival/claim propensity; fixed LT subtype split
FY2026Q4,Car,31,13+,8820.779166666667,0.04767716535433072,420.5497468832022,0.10469017552872707,4.7243464997987995e-06,0.00020800081979110069,0.00020787919296749038,Annual sales cohort interpolation; fitted survival/claim propensity; fixed LT subtype split
FY2026Q4,Car,32,13+,8734.508333333335,0.03803149606299215,332.1864192913389,0.09565378619805467,4.7243464997987995e-06,0.00015011558434736044,0.00015002780545438822,Annual sales cohort interpolation; fitted survival/claim propensity; fixed LT subtype split
FY2026Q4,Car,33,13+,8352.800000000001,0.030157480314960627,251.89940157480316,0.08739737771776383,4.7243464997987995e-06,0.0001040081282325334,0.00010394731030749213,Annual sales cohort interpolation; fitted survival/claim propensity; fixed LT subtype split
FY2026Q4,Car,34,13+,8197.879166666668,0.024598425196850404,201.65491745406834,0.07985362561734978,4.7243464997987995e-06,7.607556720085781e-05,7.603108261852642e-05,Annual sales cohort interpolation; fitted survival/claim propensity; fixed LT subtype split
FY2026Q4,Car,35,13+,8789.608333333335,0.01740944881889763,153.0222364173228,0.07296101657452587,4.7243464997987995e-06,5.2745712601307854e-05,5.2714869965739384e-05,Annual sales cohort interpolation; fitted survival/claim propensity; fixed LT subtype split
FY2026Q4,Car,36,13+,9558.329166666668,0.011960629921259843,114.32363782808402,0.0666633468228103,4.7243464997987995e-06,3.600517215195782e-05,3.5984118414156295e-05,Annual sales cohort interpolation; fitted survival/claim propensity; fixed LT subtype split
FY2026Q4,Car,37,13+,10191.737500000001,0.0095984251968504,97.8246300196851,0.06090926385433481,4.7243464997987995e-06,2.814966996852354e-05,2.8133209673091108e-05,Annual sales cohort interpolation; fitted survival/claim propensity; fixed LT subtype split
FY2026Q4,Car,38,13+,10350.712500000001,0.007236220472440945,74.9000376968504,0.05565184768082395,4.7243464997987995e-06,1.9692613934891498e-05,1.9681098835653475e-05,Annual sales cohort interpolation; fitted survival/claim propensity; fixed LT subtype split
FY2026Q4,Car,39,13+,10846.491666666669,0.003456692913385833,37.492990879265164,0.05084822823826022,4.7243464997987995e-06,9.006740577620804e-06,9.001473957764986e-06,Annual sales cohort interpolation; fitted survival/claim propensity; fixed LT subtype split
FY2026Q4,Car,40,13+,11173.945833333335,0,0.0,0.04645923581547334,4.7243464997987995e-06,0.0,0.0,Annual sales cohort interpolation; fitted survival/claim propensity; fixed LT subtype split
FY2026Q4,Car,41,13+,10624.1375,0,0.0,0.04244908165617559,4.7243464997987995e-06,0.0,0.0,Annual sales cohort interpolation; fitted survival/claim propensity; fixed LT subtype split
FY2026Q4,Car,42,13+,9686.862500000001,0,0.0,0.038785066130005715,4.7243464997987995e-06,0.0,0.0,Annual sales cohort interpolation; fitted survival/claim propensity; fixed LT subtype split
FY2026Q4,Car,43,13+,8502.604166666668,0,0.0,0.0354373120929477,4.7243464997987995e-06,0.0,0.0,Annual sales cohort interpolation; fitted survival/claim propensity; fixed LT subtype split
FY2026Q4,Car,44,13+,8244.612500000001,0,0.0,0.032378521262889814,4.7243464997987995e-06,0.0,0.0,Annual sales cohort interpolation; fitted survival/claim propensity; fixed LT subtype split
FY2026Q4,Car,45,13+,8737.783333333335,0,0.0,0.02958375162375934,4.7243464997987995e-06,0.0,0.0,Annual sales cohort interpolation; fitted survival/claim propensity; fixed LT subtype split
FY2026Q4,SUV,0,current_year_or_newer,9476.131858407081,1.0,9476.131858407081,0.5,6.314551551455172e-06,0.02991876156414911,0.02990126680648875,Annual sales cohort interpolation; fitted survival/claim propensity; fixed LT subtype split
FY2026Q4,SUV,1,1-3,9227.220973451329,0.991810737033667,9151.656834451273,1.0,5.256249933599e-06,0.048103395628405335,0.048075267550732236,Annual sales cohort interpolation; fitted survival/claim propensity; fixed LT subtype split
FY2026Q4,SUV,2,1-3,8831.41092182891,0.9836214740673339,8686.765429023704,1.0,5.256249933599e-06,0.04565981020949594,0.04563311099894471,Annual sales cohort interpolation; fitted survival/claim propensity; fixed LT subtype split
FY2026Q4,SUV,3,1-3,8109.405272861359,0.9754322111010009,7910.175116021271,1.0,5.256249933599e-06,0.041577857428343266,0.041553545107186986,Annual sales cohort interpolation; fitted survival/claim propensity; fixed LT subtype split
FY2026Q4,SUV,4,4-6,7897.078171091447,0.9646842584167424,7618.186999138397,1.0,5.0079023863640115e-06,0.03815113685275247,0.03812882827917481,Annual sales cohort interpolation; fitted survival/claim propensity; fixed LT subtype split
FY2026Q4,SUV,5,4-6,7926.537632743364,0.9495577797998179,7526.705476047493,1.0,5.0079023863640115e-06,0.03769300631495731,0.03767096562956475,Annual sales cohort interpolation; fitted survival/claim propensity; fixed LT subtype split
FY2026Q4,SUV,6,4-6,8227.345671091447,0.9308908098271156,7658.760474489931,1.0,5.0079023863640115e-06,0.038354324856788496,0.03833189747064293,Annual sales cohort interpolation; fitted survival/claim propensity; fixed LT subtype split
FY2026Q4,SUV,7,7-9,8503.794682890857,0.908656050955414,7727.0244946912535,0.9136844571609987,5.256380658266905e-06,0.03711037429385345,0.03708867429789726,Annual sales cohort interpolation; fitted survival/claim propensity; fixed LT subtype split
FY2026Q4,SUV,8,7-9,8062.222477876109,0.8820609645131938,7111.371734955353,0.8348192872575889,5.256380658266905e-06,0.03120560910634247,0.031187361874825587,Annual sales cohort interpolation; fitted survival/claim propensity; fixed LT subtype split
FY2026Q4,SUV,9,7-9,7599.859439528026,0.8521865332120109,6476.497868669964,0.7627614073054819,5.256380658266905e-06,0.025966639396992324,0.025951455611308873,Annual sales cohort interpolation; fitted survival/claim propensity; fixed LT subtype split
FY2026Q4,SUV,10,10-12,7171.833097345133,0.8191319381255686,5874.677544941419,0.6969232423772687,5.3624581358966625e-06,0.021954972467145305,0.021942134471764747,Annual sales cohort interpolation; fitted survival/claim propensity; fixed LT subtype split
FY2026Q4,SUV,11,10-12,6504.541755162244,0.7836087352138308,5097.0157379082375,0.6367679343943579,5.3624581358966625e-06,0.01740448090654425,0.017394303774880177,Annual sales cohort interpolation; fitted survival/claim propensity; fixed LT subtype split
FY2026Q4,SUV,12,10-12,5831.133510324485,0.7444822565969063,4341.175434284211,0.5818049644746394,5.3624581358966625e-06,0.013544053924218659,0.01353613414650209,Annual sales cohort interpolation; fitted survival/claim propensity; fixed LT subtype split
FY2026Q4,SUV,13,13+,5287.169542772863,0.7045268425841674,3724.952864176941,0.5315861531395849,4.7243464997987995e-06,0.009354836125903038,0.00934936595994633,Annual sales cohort interpolation; fitted survival/claim propensity; fixed LT subtype split
FY2026Q4,SUV,14,13+,4842.8435250737475,0.6630127388535032,3210.8669493980997,0.4857020057656452,4.7243464997987995e-06,0.007367734195928818,0.007363425972007605,Annual sales cohort interpolation; fitted survival/claim propensity; fixed LT subtype split
FY2026Q4,SUV,15,13+,4397.443731563422,0.6211565059144677,2731.500783253414,0.44377837347999183,4.7243464997987995e-06,0.005726762945190058,0.005723414266144984,Annual sales cohort interpolation; fitted survival/claim propensity; fixed LT subtype split
FY2026Q4,SUV,16,13+,3805.8716814159297,0.5759481346678799,2191.984695696812,0.4054734022728573,4.7243464997987995e-06,0.004198958975671151,0.0041965036678353745,Annual sales cohort interpolation; fitted survival/claim propensity; fixed LT subtype split
FY2026Q4,SUV,17,13+,4052.9607669616526,0.5291010009099181,2144.4255984480396,0.37047474544889886,4.7243464997987995e-06,0.0037532831916257275,0.0037510884891569303,Annual sales cohort interpolation; fitted survival/claim propensity; fixed LT subtype split
FY2026Q4,SUV,18,13+,5328.793436578172,0.483452229299363,2576.217066389531,0.33849701668733634,4.7243464997987995e-06,0.00411982758446245,0.004117418548077769,Annual sales cohort interpolation; fitted survival/claim propensity; fixed LT subtype split
FY2026Q4,SUV,19,13+,6117.415412979352,0.4397315741583258,2690.0207093298154,0.3092794629425864,4.7243464997987995e-06,0.0039305058659910245,0.003928207533974149,Annual sales cohort interpolation; fitted survival/claim propensity; fixed LT subtype split
FY2026Q4,SUV,20,13+,6418.404424778763,0.3984704276615104,2557.5443560461244,0.28258383820974226,4.7243464997987995e-06,0.0034143830118488097,0.0034123864785623676,Annual sales cohort interpolation; fitted survival/claim propensity; fixed LT subtype split
FY2026Q4,SUV,21,13+,6652.463421828909,0.35966878980891714,2392.6834681772916,0.25819246081713987,4.7243464997987995e-06,0.002918572919389089,0.0029168663071073835,Annual sales cohort interpolation; fitted survival/claim propensity; fixed LT subtype split
FY2026Q4,SUV,22,13+,6575.006784660768,0.32334485896269327,2125.9946414648875,0.23590643840477085,4.7243464997987995e-06,0.002369429014333903,0.002368043509579292,Annual sales cohort interpolation; fitted survival/claim propensity; fixed LT subtype split
FY2026Q4,SUV,23,13+,6350.569542772862,0.2905878070973612,1845.398077253658,0.2155440461146476,4.7243464997987995e-06,0.0018791776458193844,0.0018780788116499324,Annual sales cohort interpolation; fitted survival/claim propensity; fixed LT subtype split
FY2026Q4,SUV,24,13+,6235.651401179943,0.2603448589626933,1623.4197845807132,0.19693924476854713,4.7243464997987995e-06,0.0015104447544906983,0.0015095615339442022,Annual sales cohort interpolation; fitted survival/claim propensity; fixed LT subtype split
FY2026Q4,SUV,25,13+,6140.911799410031,0.23256141947224745,1428.13916492467,0.17994032695004702,4.7243464997987995e-06,0.0012140617521907387,0.0012133518392455204,Annual sales cohort interpolation; fitted survival/claim propensity; fixed LT subtype split
FY2026Q4,SUV,26,13+,5947.8432890855465,0.20723748862602367,1232.6161059712372,0.16440867995072633,4.7243464997987995e-06,0.0009574019843177837,0.0009568421511287235,Annual sales cohort interpolation; fitted survival/claim propensity; fixed LT subtype split
FY2026Q4,SUV,27,13+,5540.502212389381,0.18437306642402182,1021.5193824273073,0.15021765549333577,4.7243464997987995e-06,0.0007249521357450408,0.0007245282257545479,Annual sales cohort interpolation; fitted survival/claim propensity; fixed LT subtype split
FY2026Q4,SUV,28,13+,5086.862094395281,0.163968152866242,834.0833815032973,0.1372515370154264,4.7243464997987995e-06,0.000540839531174116,0.0005405232795635422,Annual sales cohort interpolation; fitted survival/claim propensity; fixed LT subtype split
FY2026Q4,SUV,29,13+,4811.299852507376,0.14524749772520476,698.8292643823431,0.12540459609245258,4.7243464997987995e-06,0.0004140247273308652,0.00041378262966734665,Annual sales cohort interpolation; fitted survival/claim propensity; fixed LT subtype split
FY2026Q4,SUV,30,13+,4536.340855457228,0.1282393084622384,581.737214252834,0.11458023030622685,4.7243464997987995e-06,0.0003149040749000483,0.000314719937249002,Annual sales cohort interpolation; fitted survival/claim propensity; fixed LT subtype split
FY2026Q4,SUV,31,13+,4373.887020648969,0.11388808007279344,498.1335952370217,0.10469017552872707,4.7243464997987995e-06,0.0002463732220568063,0.00024622915727642945,Annual sales cohort interpolation; fitted survival/claim propensity; fixed LT subtype split
FY2026Q4,SUV,32,13+,4099.832890855458,0.10047406733393992,411.9268859337128,0.09565378619805467,4.7243464997987995e-06,0.00018615043120138796,0.0001860415812185684,Annual sales cohort interpolation; fitted survival/claim propensity; fixed LT subtype split
FY2026Q4,SUV,33,13+,3590.4529498525085,0.08730755232029119,313.47365877279174,0.08739737771776383,4.7243464997987995e-06,0.0001294318616691117,0.0001293561774183256,Annual sales cohort interpolation; fitted survival/claim propensity; fixed LT subtype split
FY2026Q4,SUV,34,13+,3152.1050884955753,0.03089262966333025,97.37681515879262,0.07985362561734978,4.7243464997987995e-06,3.673600693177038e-05,3.671452584414907e-05,Annual sales cohort interpolation; fitted survival/claim propensity; fixed LT subtype split
FY2026Q4,SUV,35,13+,3150.9287610619476,0,0.0,0.07296101657452587,4.7243464997987995e-06,0.0,0.0,Annual sales cohort interpolation; fitted survival/claim propensity; fixed LT subtype split
FY2026Q4,SUV,36,13+,3316.579793510325,0,0.0,0.0666633468228103,4.7243464997987995e-06,0.0,0.0,Annual sales cohort interpolation; fitted survival/claim propensity; fixed LT subtype split
FY2026Q4,SUV,37,13+,3411.651179941004,0,0.0,0.06090926385433481,4.7243464997987995e-06,0.0,0.0,Annual sales cohort interpolation; fitted survival/claim propensity; fixed LT subtype split
FY2026Q4,SUV,38,13+,3400.1895280235995,0,0.0,0.05565184768082395,4.7243464997987995e-06,0.0,0.0,Annual sales cohort interpolation; fitted survival/claim propensity; fixed LT subtype split
FY2026Q4,SUV,39,13+,3330.8766961651922,0,0.0,0.05084822823826022,4.7243464997987995e-06,0.0,0.0,Annual sales cohort interpolation; fitted survival/claim propensity; fixed LT subtype split
FY2026Q4,SUV,40,13+,2970.3172566371686,0,0.0,0.04645923581547334,4.7243464997987995e-06,0.0,0.0,Annual sales cohort interpolation; fitted survival/claim propensity; fixed LT subtype split
FY2026Q4,SUV,41,13+,2499.937094395281,0,0.0,0.04244908165617559,4.7243464997987995e-06,0.0,0.0,Annual sales cohort interpolation; fitted survival/claim propensity; fixed LT subtype split
FY2026Q4,SUV,42,13+,2068.466224188791,0,0.0,0.038785066130005715,4.7243464997987995e-06,0.0,0.0,Annual sales cohort interpolation; fitted survival/claim propensity; fixed LT subtype split
FY2026Q4,SUV,43,13+,1645.3502949852511,0,0.0,0.0354373120929477,4.7243464997987995e-06,0.0,0.0,Annual sales cohort interpolation; fitted survival/claim propensity; fixed LT subtype split
FY2026Q4,SUV,44,13+,1369.0943215339237,0,0.0,0.032378521262889814,4.7243464997987995e-06,0.0,0.0,Annual sales cohort interpolation; fitted survival/claim propensity; fixed LT subtype split
FY2026Q4,SUV,45,13+,1347.8299410029501,0,0.0,0.02958375162375934,4.7243464997987995e-06,0.0,0.0,Annual sales cohort interpolation; fitted survival/claim propensity; fixed LT subtype split
FY2026Q4,Pickup,0,current_year_or_newer,2525.4238938053104,1.0,2525.4238938053104,0.5,6.3145515514551716e-06,0.007973459683355142,0.007968797266276953,Annual sales cohort interpolation; fitted survival/claim propensity; fixed LT subtype split
FY2026Q4,Pickup,1,1-3,2459.088230088496,0.991810737033667,2438.950109914887,1.0,5.256249933599002e-06,0.012819731353291402,0.012812235117432312,Annual sales cohort interpolation; fitted survival/claim propensity; fixed LT subtype split
FY2026Q4,Pickup,2,1-3,2353.603399705015,0.9836214740673339,2315.0548453877354,1.0,5.256249933599002e-06,0.012168506877347331,0.012161391439816564,Annual sales cohort interpolation; fitted survival/claim propensity; fixed LT subtype split
FY2026Q4,Pickup,3,1-3,2161.186246312685,0.9754322111010009,2108.0906788418547,1.0,5.256249933599002e-06,0.011080651490683173,0.011074172167930031,Annual sales cohort interpolation; fitted survival/claim propensity; fixed LT subtype split
FY2026Q4,Pickup,4,4-6,2104.600294985251,0.9646842584167424,2030.2747748315041,1.0,5.007902386364012e-06,0.010167417889853347,0.010161472573178617,Annual sales cohort interpolation; fitted survival/claim propensity; fixed LT subtype split
FY2026Q4,Pickup,5,4-6,2112.4513495575225,0.9495577797998179,2005.89461342097,1.0,5.007902386364012e-06,0.010045324421345593,0.010039450497854666,Annual sales cohort interpolation; fitted survival/claim propensity; fixed LT subtype split
FY2026Q4,Pickup,6,4-6,2192.617794985251,0.9308908098271156,2041.0877548151645,1.0,5.007902386364012e-06,0.010221568238117226,0.010215591257457406,Annual sales cohort interpolation; fitted survival/claim propensity; fixed LT subtype split
FY2026Q4,Pickup,7,7-9,2266.2924705014752,0.908656050955414,2059.2803665558595,0.9136844571609987,5.2563806582669044e-06,0.009890050850929158,0.009884267722422495,Annual sales cohort interpolation; fitted survival/claim propensity; fixed LT subtype split
FY2026Q4,Pickup,8,7-9,2148.6118584070805,0.8820609645131938,1895.2066481910354,0.8348192872575889,5.2563806582669044e-06,0.008316409272839434,0.008311546318718797,Annual sales cohort interpolation; fitted survival/claim propensity; fixed LT subtype split
FY2026Q4,Pickup,9,7-9,2025.3904129793516,0.8521865332120109,1726.0104344377166,0.7627614073054819,5.2563806582669044e-06,0.00692020463147228,0.006916158096901385,Annual sales cohort interpolation; fitted survival/claim propensity; fixed LT subtype split
FY2026Q4,Pickup,10,10-12,1911.3198230088494,0.8191319381255686,1565.6231109990576,0.6969232423772687,5.362458135896663e-06,0.00585108068195315,0.005847659309101119,Annual sales cohort interpolation; fitted survival/claim propensity; fixed LT subtype split
FY2026Q4,Pickup,11,10-12,1733.4842330383485,0.7836087352138308,1358.3733873642977,0.6367679343943579,5.362458135896663e-06,0.004638357992208614,0.004635645749295695,Annual sales cohort interpolation; fitted survival/claim propensity; fixed LT subtype split
FY2026Q4,Pickup,12,10-12,1554.0184660766963,0.7444822565969063,1156.9391744180416,0.5818049644746394,5.362458135896663e-06,0.003609540043373677,0.0036074293935665722,Annual sales cohort interpolation; fitted survival/claim propensity; fixed LT subtype split
FY2026Q4,Pickup,13,13+,1409.050073746313,0.7045268425841674,992.7135994994782,0.5315861531395849,4.7243464997988e-06,0.002493098136243109,0.002491640316953913,Annual sales cohort interpolation; fitted survival/claim propensity; fixed LT subtype split
FY2026Q4,Pickup,14,13+,1290.6355604719768,0.6630127388535032,855.7078178102514,0.4857020057656452,4.7243464997988e-06,0.0019635281842450883,0.0019623800267697528,Annual sales cohort interpolation; fitted survival/claim propensity; fixed LT subtype split
FY2026Q4,Pickup,15,13+,1171.9348820059,0.6211565059144677,727.9549764660687,0.44377837347999183,4.7243464997988e-06,0.0015262033276912381,0.001525310892444507,Annual sales cohort interpolation; fitted survival/claim propensity; fixed LT subtype split
FY2026Q4,Pickup,16,13+,1014.278761061947,0.5759481346678799,584.1719604668766,0.4054734022728573,4.7243464997988e-06,0.001119037966621407,0.0011183836180783764,Annual sales cohort interpolation; fitted survival/claim propensity; fixed LT subtype split
FY2026Q4,Pickup,17,13+,1080.1289085545725,0.5291010009099181,571.4972866279617,0.37047474544889886,4.7243464997988e-06,0.0010002637356655365,0.000999678839408571,Annual sales cohort interpolation; fitted survival/claim propensity; fixed LT subtype split
FY2026Q4,Pickup,18,13+,1420.1429941002953,0.483452229299363,686.5712964216599,0.33849701668733634,4.7243464997988e-06,0.0010979491606513624,0.001097307143619748,Annual sales cohort interpolation; fitted survival/claim propensity; fixed LT subtype split
FY2026Q4,Pickup,19,13+,1630.313643067847,0.4397315741583258,716.9003846380192,0.3092794629425864,4.7243464997988e-06,0.0010474942283447964,0.0010468817144332087,Annual sales cohort interpolation; fitted survival/claim propensity; fixed LT subtype split
FY2026Q4,Pickup,20,13+,1710.5283185840713,0.3984704276615104,681.5949506333192,0.28258383820974226,4.7243464997988e-06,0.000909945594844793,0.000909413511401707,Annual sales cohort interpolation; fitted survival/claim propensity; fixed LT subtype split
FY2026Q4,Pickup,21,13+,1772.905899705015,0.35966878980891714,637.6589193919922,0.25819246081713987,4.7243464997988e-06,0.0007778103868298552,0.0007773555683978114,Annual sales cohort interpolation; fitted survival/claim propensity; fixed LT subtype split
FY2026Q4,Pickup,22,13+,1752.2634218289088,0.32334485896269327,566.5853689967548,0.23590643840477085,4.7243464997988e-06,0.0006314615221574461,0.000631092280059029,Annual sales cohort interpolation; fitted survival/claim propensity; fixed LT subtype split
FY2026Q4,Pickup,23,13+,1692.450073746313,0.2905878070973612,491.8053555517083,0.2155440461146476,4.7243464997988e-06,0.0005008077344604229,0.0005005148911243097,Annual sales cohort interpolation; fitted survival/claim propensity; fixed LT subtype split
FY2026Q4,Pickup,24,13+,1661.8239675516227,0.2603448589626933,432.64732645305065,0.19693924476854713,4.7243464997988e-06,0.00040253906660021063,0.00040230368508537424,Annual sales cohort interpolation; fitted survival/claim propensity; fixed LT subtype split
FY2026Q4,Pickup,25,13+,1636.5755162241892,0.23256141947224745,380.60432512662356,0.17994032695004702,4.7243464997988e-06,0.0003235519095080453,0.0003233627151045519,Annual sales cohort interpolation; fitted survival/claim propensity; fixed LT subtype split
FY2026Q4,Pickup,26,13+,1585.122050147493,0.20723748862602367,328.49671283830037,0.16440867995072633,4.7243464997988e-06,0.0002551511400749106,0.0002550019424768481,Annual sales cohort interpolation; fitted survival/claim propensity; fixed LT subtype split
FY2026Q4,Pickup,27,13+,1476.5641592920356,0.18437306642402182,272.2386618204804,0.15021765549333577,4.7243464997988e-06,0.0001932024029247175,0.000193089429357569,Annual sales cohort interpolation; fitted survival/claim propensity; fixed LT subtype split
FY2026Q4,Pickup,28,13+,1355.6674041297938,0.163968152866242,222.2862801561355,0.1372515370154264,4.7243464997988e-06,0.00014413571857696493,0.00014405143636290004,Annual sales cohort interpolation; fitted survival/claim propensity; fixed LT subtype split
FY2026Q4,Pickup,29,13+,1282.229056047198,0.14524749772520476,186.24056190140683,0.12540459609245258,4.7243464997988e-06,0.00011033910826177094,0.0001102745883465545,Annual sales cohort interpolation; fitted survival/claim propensity; fixed LT subtype split
FY2026Q4,Pickup,30,13+,1208.951474926254,0.1282393084622384,155.03510110894595,0.11458023030622685,4.7243464997988e-06,8.392309086578305e-05,8.387401750645777e-05,Annual sales cohort interpolation; fitted survival/claim propensity; fixed LT subtype split
FY2026Q4,Pickup,31,13+,1165.6569321533927,0.11388808007279344,132.75443002649234,0.10469017552872707,4.7243464997988e-06,6.565936724741293e-05,6.562097345508756e-05,Annual sales cohort interpolation; fitted survival/claim propensity; fixed LT subtype split
FY2026Q4,Pickup,32,13+,1092.6205014749264,0.10047406733393992,109.78002583563496,0.09565378619805467,4.7243464997988e-06,4.960977261846281e-05,4.958076369883609e-05,Annual sales cohort interpolation; fitted survival/claim propensity; fixed LT subtype split
FY2026Q4,Pickup,33,13+,956.8688790560475,0.08730755232029119,83.54187972184425,0.08739737771776383,4.7243464997988e-06,3.4494065823797495e-05,3.44738956933924e-05,Annual sales cohort interpolation; fitted survival/claim propensity; fixed LT subtype split
FY2026Q4,Pickup,34,13+,840.0475663716815,0.03089262966333025,25.951278367502194,0.07985362561734978,4.7243464997988e-06,9.790280575948586e-06,9.784555787316011e-06,Annual sales cohort interpolation; fitted survival/claim propensity; fixed LT subtype split
FY2026Q4,Pickup,35,13+,839.7340707964604,0,0.0,0.07296101657452587,4.7243464997988e-06,0.0,0.0,Annual sales cohort interpolation; fitted survival/claim propensity; fixed LT subtype split
FY2026Q4,Pickup,36,13+,883.8806784660769,0,0.0,0.0666633468228103,4.7243464997988e-06,0.0,0.0,Annual sales cohort interpolation; fitted survival/claim propensity; fixed LT subtype split
FY2026Q4,Pickup,37,13+,909.2175516224191,0,0.0,0.06090926385433481,4.7243464997988e-06,0.0,0.0,Annual sales cohort interpolation; fitted survival/claim propensity; fixed LT subtype split
FY2026Q4,Pickup,38,13+,906.1629793510326,0,0.0,0.05565184768082395,4.7243464997988e-06,0.0,0.0,Annual sales cohort interpolation; fitted survival/claim propensity; fixed LT subtype split
FY2026Q4,Pickup,39,13+,887.6908554572273,0,0.0,0.05084822823826022,4.7243464997988e-06,0.0,0.0,Annual sales cohort interpolation; fitted survival/claim propensity; fixed LT subtype split
FY2026Q4,Pickup,40,13+,791.6004424778762,0,0.0,0.04645923581547334,4.7243464997988e-06,0.0,0.0,Annual sales cohort interpolation; fitted survival/claim propensity; fixed LT subtype split
FY2026Q4,Pickup,41,13+,666.2424041297936,0,0.0,0.04244908165617559,4.7243464997988e-06,0.0,0.0,Annual sales cohort interpolation; fitted survival/claim propensity; fixed LT subtype split
FY2026Q4,Pickup,42,13+,551.2538348082596,0,0.0,0.038785066130005715,4.7243464997988e-06,0.0,0.0,Annual sales cohort interpolation; fitted survival/claim propensity; fixed LT subtype split
FY2026Q4,Pickup,43,13+,438.4918879056048,0,0.0,0.0354373120929477,4.7243464997988e-06,0.0,0.0,Annual sales cohort interpolation; fitted survival/claim propensity; fixed LT subtype split
FY2026Q4,Pickup,44,13+,364.86865781710924,0,0.0,0.032378521262889814,4.7243464997988e-06,0.0,0.0,Annual sales cohort interpolation; fitted survival/claim propensity; fixed LT subtype split
FY2026Q4,Pickup,45,13+,359.20162241887914,0,0.0,0.02958375162375934,4.7243464997988e-06,0.0,0.0,Annual sales cohort interpolation; fitted survival/claim propensity; fixed LT subtype split
FY2026Q4,Minivan,0,current_year_or_newer,1088.944247787611,1.0,1088.944247787611,0.5,6.314551551455172e-06,0.003438097294657722,0.003436086894633182,Annual sales cohort interpolation; fitted survival/claim propensity; fixed LT subtype split
FY2026Q4,Minivan,1,1-3,1060.3407964601772,0.991810737033667,1051.657386844034,1.0,5.256249933599002e-06,0.005527774069767853,0.005524541747883658,Annual sales cohort interpolation; fitted survival/claim propensity; fixed LT subtype split
FY2026Q4,Minivan,2,1-3,1014.8565117994102,0.9836214740673339,998.2346581029685,1.0,5.256249933599002e-06,0.00524697085536995,0.0052439027309300786,Annual sales cohort interpolation; fitted survival/claim propensity; fixed LT subtype split
FY2026Q4,Minivan,3,1-3,931.8876474926257,0.9754322111010009,908.9932284914419,1.0,5.256249933599002e-06,0.004777895596900084,0.004775101760483591,Annual sales cohort interpolation; fitted survival/claim propensity; fixed LT subtype split
FY2026Q4,Minivan,4,4-6,907.4882005899707,0.9646842584167424,875.4395818080799,1.0,5.0079023863640115e-06,0.004384115970854196,0.004381552393939404,Annual sales cohort interpolation; fitted survival/claim propensity; fixed LT subtype split
FY2026Q4,Minivan,5,4-6,910.8735176991153,0.9495577797998179,864.9270351448221,1.0,5.0079023863640115e-06,0.004331470163332503,0.00432893737063458,Annual sales cohort interpolation; fitted survival/claim propensity; fixed LT subtype split
FY2026Q4,Minivan,6,4-6,945.4407005899707,0.9308908098271156,880.1020594157134,1.0,5.0079023863640115e-06,0.004407465203591832,0.004404887973399065,Annual sales cohort interpolation; fitted survival/claim propensity; fixed LT subtype split
FY2026Q4,Minivan,7,7-9,977.2086799410031,0.908656050955414,887.946580074545,0.9136844571609987,5.2563806582669044e-06,0.004264517339391472,0.00426202369682438,Annual sales cohort interpolation; fitted survival/claim propensity; fixed LT subtype split
FY2026Q4,Minivan,8,7-9,926.4656637168146,0.8820609645131938,817.1991969264097,0.8348192872575889,5.2563806582669044e-06,0.0035859746405821416,0.0035838777704567297,Annual sales cohort interpolation; fitted survival/claim propensity; fixed LT subtype split
FY2026Q4,Minivan,9,7-9,873.333480825959,0.8521865332120109,744.2430313630522,0.7627614073054819,5.2563806582669044e-06,0.0029839414465981395,0.0029821966105905056,Annual sales cohort interpolation; fitted survival/claim propensity; fixed LT subtype split
FY2026Q4,Minivan,10,10-12,824.1470796460178,0.8191319381255686,675.0851946509699,0.6969232423772687,5.362458135896663e-06,0.002522943046346771,0.0025214677754839686,Annual sales cohort interpolation; fitted survival/claim propensity; fixed LT subtype split
FY2026Q4,Minivan,11,10-12,747.465678466077,0.7836087352138308,585.7206349185504,0.6367679343943579,5.362458135896663e-06,0.0020000259232459162,0.0019988564240082355,Annual sales cohort interpolation; fitted survival/claim propensity; fixed LT subtype split
FY2026Q4,Minivan,12,10-12,670.0813569321535,0.7444822565969063,498.86368071236666,0.5818049644746394,5.362458135896663e-06,0.0015564071746657145,0.0015554970779598986,Annual sales cohort interpolation; fitted survival/claim propensity; fixed LT subtype split
FY2026Q4,Minivan,13,13+,607.5720501474929,0.7045268425841674,428.0508181328026,0.5315861531395849,4.7243464997987995e-06,0.001075005618380056,0.0010743770174021458,Annual sales cohort interpolation; fitted survival/claim propensity; fixed LT subtype split
FY2026Q4,Minivan,14,13+,556.5125811209441,0.6630127388535032,368.9749306154295,0.4857020057656452,4.7243464997987995e-06,0.0008466589418304509,0.0008461638647539302,Annual sales cohort interpolation; fitted survival/claim propensity; fixed LT subtype split
FY2026Q4,Minivan,15,13+,505.32971976401194,0.6211565059144677,313.8888430633508,0.44377837347999183,4.7243464997987995e-06,0.0006580876734081487,0.0006577028618797416,Annual sales cohort interpolation; fitted survival/claim propensity; fixed LT subtype split
FY2026Q4,Minivan,16,13+,437.349557522124,0.5759481346678799,251.89066185268993,0.4054734022728573,4.7243464997987995e-06,0.0004825209580844599,0.0004822388077952632,Annual sales cohort interpolation; fitted survival/claim propensity; fixed LT subtype split
FY2026Q4,Minivan,17,13+,465.74365781710924,0.5291010009099181,246.42543551847888,0.37047474544889886,4.7243464997987995e-06,0.00043130638143376327,0.0004310541784605763,Annual sales cohort interpolation; fitted survival/claim propensity; fixed LT subtype split
FY2026Q4,Minivan,18,13+,612.3552359882008,0.483452229299363,296.04450396163315,0.33849701668733634,4.7243464997987995e-06,0.0004734276197304039,0.0004731507866984234,Annual sales cohort interpolation; fitted survival/claim propensity; fixed LT subtype split
FY2026Q4,Minivan,19,13+,702.9792772861358,0.4397315741583258,309.12218420171473,0.3092794629425864,4.7243464997987995e-06,0.00045167182323124246,0.0004514077117280808,Annual sales cohort interpolation; fitted survival/claim propensity; fixed LT subtype split
FY2026Q4,Minivan,20,13+,737.5672566371684,0.3984704276615104,293.8987401813395,0.28258383820974226,4.7243464997987995e-06,0.00039236186199729606,0.00039213243152183693,Annual sales cohort interpolation; fitted survival/claim propensity; fixed LT subtype split
FY2026Q4,Minivan,21,13+,764.4640117994102,0.35966878980891714,274.9538459763636,0.25819246081713987,4.7243464997987995e-06,0.00033538613010094674,0.0003351900157311664,Annual sales cohort interpolation; fitted survival/claim propensity; fixed LT subtype split
FY2026Q4,Minivan,22,13+,755.563126843658,0.32334485896269327,244.3074526866741,0.23590643840477085,4.7243464997987995e-06,0.00027228157377431157,0.00027212235929150786,Annual sales cohort interpolation; fitted survival/claim propensity; fixed LT subtype split
FY2026Q4,Minivan,23,13+,729.7720501474928,0.2905878070973612,212.06285973330543,0.2155440461146476,4.7243464997987995e-06,0.00021594461944623736,0.00021581834754901425,Annual sales cohort interpolation; fitted survival/claim propensity; fixed LT subtype split
FY2026Q4,Minivan,24,13+,716.5662979351034,0.2603448589626933,186.5543517733338,0.19693924476854713,4.7243464997987995e-06,0.0001735718911028431,0.00017347039632121638,Annual sales cohort interpolation; fitted survival/claim propensity; fixed LT subtype split
FY2026Q4,Minivan,25,13+,705.6793510324486,0.23256141947224745,164.11379156836065,0.17994032695004702,4.7243464997987995e-06,0.00013951320868695532,0.00013943162944875175,Annual sales cohort interpolation; fitted survival/claim propensity; fixed LT subtype split
FY2026Q4,Minivan,26,13+,683.4929941002952,0.20723748862602367,141.64537159082678,0.16440867995072633,4.7243464997987995e-06,0.00011001929893138346,0.00010995496602212716,Annual sales cohort interpolation; fitted survival/claim propensity; fixed LT subtype split
FY2026Q4,Minivan,27,13+,636.6836283185843,0.18437306642402182,117.38731289506956,0.15021765549333577,4.7243464997987995e-06,8.330745814185066e-05,8.325874476886002e-05,Annual sales cohort interpolation; fitted survival/claim propensity; fixed LT subtype split
FY2026Q4,Minivan,28,13+,584.5538348082597,0.163968152866242,95.8482125443887,0.1372515370154264,4.7243464997987995e-06,6.215026397355367e-05,6.211392210143395e-05,Annual sales cohort interpolation; fitted survival/claim propensity; fixed LT subtype split
FY2026Q4,Minivan,29,13+,552.8877581120946,0.14524749772520476,80.30556338868003,0.12540459609245258,4.7243464997987995e-06,4.7577413654158116e-05,4.7549593140257445e-05,Annual sales cohort interpolation; fitted survival/claim propensity; fixed LT subtype split
FY2026Q4,Minivan,30,13+,521.2910029498527,0.1282393084622384,66.8499977258758,0.11458023030622685,4.7243464997987995e-06,3.61870208320349e-05,3.6165860759665276e-05,Annual sales cohort interpolation; fitted survival/claim propensity; fixed LT subtype split
FY2026Q4,Minivan,31,13+,502.62271386430695,0.11388808007279344,57.242735882982934,0.10469017552872707,4.7243464997987995e-06,2.8311837253471625e-05,2.8295282132010228e-05,Annual sales cohort interpolation; fitted survival/claim propensity; fixed LT subtype split
FY2026Q4,Minivan,32,13+,471.12994100295,0.10047406733393992,47.33634141536554,0.09565378619805467,4.7243464997987995e-06,2.1391369844658275e-05,2.1378861411424732e-05,Annual sales cohort interpolation; fitted survival/claim propensity; fixed LT subtype split
FY2026Q4,Minivan,33,13+,412.59483775811225,0.08730755232029119,36.02264538464844,0.08739737771776383,4.7243464997987995e-06,1.4873588015765892e-05,1.4864890803572869e-05,Annual sales cohort interpolation; fitted survival/claim propensity; fixed LT subtype split
FY2026Q4,Minivan,34,13+,362.22234513274344,0.03089262966333025,11.190000763968838,0.07985362561734978,4.7243464997987995e-06,4.221497129078749e-06,4.21902864223718e-06,Annual sales cohort interpolation; fitted survival/claim propensity; fixed LT subtype split
FY2026Q4,Minivan,35,13+,362.08716814159305,0,0.0,0.07296101657452587,4.7243464997987995e-06,0.0,0.0,Annual sales cohort interpolation; fitted survival/claim propensity; fixed LT subtype split
FY2026Q4,Minivan,36,13+,381.1228613569323,0,0.0,0.0666633468228103,4.7243464997987995e-06,0.0,0.0,Annual sales cohort interpolation; fitted survival/claim propensity; fixed LT subtype split
FY2026Q4,Minivan,37,13+,392.047935103245,0,0.0,0.06090926385433481,4.7243464997987995e-06,0.0,0.0,Annual sales cohort interpolation; fitted survival/claim propensity; fixed LT subtype split
FY2026Q4,Minivan,38,13+,390.73082595870216,0,0.0,0.05565184768082395,4.7243464997987995e-06,0.0,0.0,Annual sales cohort interpolation; fitted survival/claim propensity; fixed LT subtype split
FY2026Q4,Minivan,39,13+,382.76578171091455,0,0.0,0.05084822823826022,4.7243464997987995e-06,0.0,0.0,Annual sales cohort interpolation; fitted survival/claim propensity; fixed LT subtype split
FY2026Q4,Minivan,40,13+,341.3323008849558,0,0.0,0.04645923581547334,4.7243464997987995e-06,0.0,0.0,Annual sales cohort interpolation; fitted survival/claim propensity; fixed LT subtype split
FY2026Q4,Minivan,41,13+,287.27883480825966,0,0.0,0.04244908165617559,4.7243464997987995e-06,0.0,0.0,Annual sales cohort interpolation; fitted survival/claim propensity; fixed LT subtype split
FY2026Q4,Minivan,42,13+,237.69660766961658,0,0.0,0.038785066130005715,4.7243464997987995e-06,0.0,0.0,Annual sales cohort interpolation; fitted survival/claim propensity; fixed LT subtype split
FY2026Q4,Minivan,43,13+,189.07448377581127,0,0.0,0.0354373120929477,4.7243464997987995e-06,0.0,0.0,Annual sales cohort interpolation; fitted survival/claim propensity; fixed LT subtype split
FY2026Q4,Minivan,44,13+,157.32868731563426,0,0.0,0.032378521262889814,4.7243464997987995e-06,0.0,0.0,Annual sales cohort interpolation; fitted survival/claim propensity; fixed LT subtype split
FY2026Q4,Minivan,45,13+,154.8851032448378,0,0.0,0.02958375162375934,4.7243464997987995e-06,0.0,0.0,Annual sales cohort interpolation; fitted survival/claim propensity; fixed LT subtype split
FY2027Q1,Car,0,current_year_or_newer,2764.4,1.0,2764.4,0.5,6.3145515514551716e-06,0.008727973154421339,0.008720088267670184,Annual sales cohort interpolation; fitted survival/claim propensity; fixed LT subtype split
FY2027Q1,Car,1,1-3,2844.929166666667,0.9976377952755906,2838.208861548557,1.0,5.256249933599001e-06,0.014918335140054698,0.014904857854891932,Annual sales cohort interpolation; fitted survival/claim propensity; fixed LT subtype split
FY2027Q1,Car,2,1-3,3082.5291666666667,0.9952755905511811,3067.9660367454067,1.0,5.256249933599001e-06,0.016125996276927033,0.01611142798573921,Annual sales cohort interpolation; fitted survival/claim propensity; fixed LT subtype split
FY2027Q1,Car,3,1-3,3110.545833333333,0.9929133858267717,3088.5025951443567,1.0,5.256249933599001e-06,0.016233941560647867,0.016219275751247923,Annual sales cohort interpolation; fitted survival/claim propensity; fixed LT subtype split
FY2027Q1,Car,4,4-6,3053.025,0.9899527559055118,3022.350512598425,1.0,5.007902386364013e-06,0.015135636344470151,0.015121962748507915,Annual sales cohort interpolation; fitted survival/claim propensity; fixed LT subtype split
FY2027Q1,Car,5,4-6,3365.179166666667,0.9844409448818897,3312.8201585301836,1.0,5.007902386364013e-06,0.016590279977498113,0.01657529225051063,Annual sales cohort interpolation; fitted survival/claim propensity; fixed LT subtype split
FY2027Q1,Car,6,4-6,3786.1875,0.976755905511811,3698.181,1.0,5.007902386364013e-06,0.018520129455106053,0.01850339829418397,Annual sales cohort interpolation; fitted survival/claim propensity; fixed LT subtype split
FY2027Q1,Car,7,7-9,4891.958333333334,0.9673464566929133,4732.2185600393705,0.9136844571609987,5.256380658266906e-06,0.02272729976772233,0.02270676783188139,Annual sales cohort interpolation; fitted survival/claim propensity; fixed LT subtype split
FY2027Q1,Car,8,7-9,5537.479166666667,0.9553149606299213,5290.0366920931765,0.8348192872575889,5.256380658266906e-06,0.023213357889904352,0.023192386847161947,Annual sales cohort interpolation; fitted survival/claim propensity; fixed LT subtype split
FY2027Q1,Car,9,7-9,6320.8125,0.9400944881889763,5942.160992125984,0.7627614073054819,5.256380658266906e-06,0.0238242881956042,0.023802765235917497,Annual sales cohort interpolation; fitted survival/claim propensity; fixed LT subtype split
FY2027Q1,Car,10,10-12,7071.483333333334,0.9227716535433071,6525.364368503938,0.6969232423772687,5.362458135896662e-06,0.024386733391342848,0.024364702316359083,Annual sales cohort interpolation; fitted survival/claim propensity; fixed LT subtype split
FY2027Q1,Car,11,10-12,7580.854166666667,0.9021417322834646,6839.004910104987,0.6367679343943579,5.362458135896662e-06,0.02335274923567982,0.023331652266223836,Annual sales cohort interpolation; fitted survival/claim propensity; fixed LT subtype split
FY2027Q1,Car,12,10-12,7672.5041666666675,0.8790866141732284,6744.795710104988,0.5818049644746394,5.362458135896662e-06,0.02104312027660846,0.02102410983542855,Annual sales cohort interpolation; fitted survival/claim propensity; fixed LT subtype split
FY2027Q1,Car,13,13+,7486.812500000001,0.853496062992126,6389.964993110237,0.5315861531395849,4.7243464997987995e-06,0.016047740076306077,0.016033242482090912,Annual sales cohort interpolation; fitted survival/claim propensity; fixed LT subtype split
FY2027Q1,Car,14,13+,6909.112499999999,0.8251023622047243,5700.725044488187,0.4857020057656452,4.7243464997987995e-06,0.013081023758937419,0.01306920630841328,Annual sales cohort interpolation; fitted survival/claim propensity; fixed LT subtype split
FY2027Q1,Car,15,13+,5959.55,0.7951811023622047,4738.921538582677,0.44377837347999183,4.7243464997987995e-06,0.009935446635674845,0.00992647091242749,Annual sales cohort interpolation; fitted survival/claim propensity; fixed LT subtype split
FY2027Q1,Car,16,13+,5567.420833333334,0.7461102362204726,4153.909673097114,0.4054734022728573,4.7243464997987995e-06,0.007957216279940157,0.007950027698111168,Annual sales cohort interpolation; fitted survival/claim propensity; fixed LT subtype split
FY2027Q1,Car,17,13+,5800.454166666667,0.677488188976378,3929.739188615486,0.37047474544889886,4.7243464997987995e-06,0.006878030207612639,0.006871816566908374,Annual sales cohort interpolation; fitted survival/claim propensity; fixed LT subtype split
FY2027Q1,Car,18,13+,7000.450000000001,0.5951574803149606,4166.370183070867,0.33849701668733634,4.7243464997987995e-06,0.00666276418677442,0.006656745018276434,Annual sales cohort interpolation; fitted survival/claim propensity; fixed LT subtype split
FY2027Q1,Car,19,13+,7620.429166666668,0.5140551181102362,3917.3206153215224,0.3092794629425864,4.7243464997987995e-06,0.005723766959892586,0.005718596085341272,Annual sales cohort interpolation; fitted survival/claim propensity; fixed LT subtype split
FY2027Q1,Car,20,13+,7731.966666666667,0.4389370078740157,3393.8463136482937,0.28258383820974226,4.7243464997987995e-06,0.004530866168851485,0.004526772965768254,Annual sales cohort interpolation; fitted survival/claim propensity; fixed LT subtype split
FY2027Q1,Car,21,13+,7608.258333333334,0.3705590551181103,2819.309019094489,0.25819246081713987,4.7243464997987995e-06,0.003438966776824361,0.0034358600001310217,Annual sales cohort interpolation; fitted survival/claim propensity; fixed LT subtype split
FY2027Q1,Car,22,13+,7503.891666666666,0.30907874015748027,2319.293382611548,0.23590643840477085,4.7243464997987995e-06,0.002584861187479708,0.0025825260132794517,Annual sales cohort interpolation; fitted survival/claim propensity; fixed LT subtype split
FY2027Q1,Car,23,13+,7697.554166666668,0.2546062992125985,1959.8457793635177,0.2155440461146476,4.7243464997987995e-06,0.0019957202856276533,0.0019939173437348743,Annual sales cohort interpolation; fitted survival/claim propensity; fixed LT subtype split
FY2027Q1,Car,24,13+,8132.6291666666675,0.20893700787401587,1699.2072042322845,0.19693924476854713,4.7243464997987995e-06,0.0015809580693808866,0.0015795298253756815,Annual sales cohort interpolation; fitted survival/claim propensity; fixed LT subtype split
FY2027Q1,Car,25,13+,8476.1625,0.17148818897637794,1453.561756594488,0.17994032695004702,4.7243464997987995e-06,0.0012356735089060003,0.0012345571963891372,Annual sales cohort interpolation; fitted survival/claim propensity; fixed LT subtype split
FY2027Q1,Car,26,13+,8736.866666666669,0.13951968503937012,1218.9648855643052,0.16440867995072633,4.7243464997987995e-06,0.0009467987596457696,0.0009459434177623955,Annual sales cohort interpolation; fitted survival/claim propensity; fixed LT subtype split
FY2027Q1,Car,27,13+,8476.495833333334,0.11272440944881885,955.5079870078738,0.15021765549333577,4.7243464997987995e-06,0.0006781051518149692,0.0006774925488391307,Annual sales cohort interpolation; fitted survival/claim propensity; fixed LT subtype split
FY2027Q1,Car,28,13+,8123.645833333334,0.09096062992125985,738.931942257218,0.1372515370154264,4.7243464997987995e-06,0.0004791410716032745,0.0004787082135936798,Annual sales cohort interpolation; fitted survival/claim propensity; fixed LT subtype split
FY2027Q1,Car,29,13+,8293.625,0.07363779527559058,610.7242598425199,0.12540459609245258,4.7243464997987995e-06,0.00036182649760543216,0.00036149962206322904,Annual sales cohort interpolation; fitted survival/claim propensity; fixed LT subtype split
FY2027Q1,Car,30,13+,8519.829166666666,0.05942519685039369,506.2925253608923,0.11458023030622685,4.7243464997987995e-06,0.0002740646041225896,0.00027381701303497125,Annual sales cohort interpolation; fitted survival/claim propensity; fixed LT subtype split
FY2027Q1,Car,31,13+,8728.204166666668,0.04767716535433072,416.13603330052507,0.10469017552872707,4.7243464997987995e-06,0.00020581782943068818,0.000205631892759285,Annual sales cohort interpolation; fitted survival/claim propensity; fixed LT subtype split
FY2027Q1,Car,32,13+,8852.658333333335,0.03803149606299215,336.67984055118137,0.09565378619805467,4.7243464997987995e-06,0.00015214616873903758,0.0001520087192660724,Annual sales cohort interpolation; fitted survival/claim propensity; fixed LT subtype split
FY2027Q1,Car,33,13+,8429.0,0.030157480314960627,254.19740157480314,0.08739737771776383,4.7243464997987995e-06,0.00010495696208122113,0.0001048621435311278,Annual sales cohort interpolation; fitted survival/claim propensity; fixed LT subtype split
FY2027Q1,Car,34,13+,8204.904166666667,0.024598425196850404,201.8277213910762,0.07985362561734978,4.7243464997987995e-06,7.614075855690499e-05,7.60719726832839e-05,Annual sales cohort interpolation; fitted survival/claim propensity; fixed LT subtype split
FY2027Q1,Car,35,13+,8510.558333333334,0.01740944881889763,148.1641297244094,0.07296101657452587,4.7243464997987995e-06,5.107115663212133e-05,5.102501873971835e-05,Annual sales cohort interpolation; fitted survival/claim propensity; fixed LT subtype split
FY2027Q1,Car,36,13+,9439.654166666667,0.011960629921259843,112.90421007217849,0.0666633468228103,4.7243464997987995e-06,3.5558136511039025e-05,3.552601314465016e-05,Annual sales cohort interpolation; fitted survival/claim propensity; fixed LT subtype split
FY2027Q1,Car,37,13+,9999.8125,0.0095984251968504,95.98245226377959,0.06090926385433481,4.7243464997987995e-06,2.76195714049853e-05,2.7594619770878424e-05,Annual sales cohort interpolation; fitted survival/claim propensity; fixed LT subtype split
FY2027Q1,Car,38,13+,10439.737500000001,0.007236220472440945,75.54424222440946,0.05565184768082395,4.7243464997987995e-06,1.9861987294991464e-05,1.9844043894192326e-05,Annual sales cohort interpolation; fitted survival/claim propensity; fixed LT subtype split
FY2027Q1,Car,39,13+,10542.341666666667,0.003456692913385833,36.44163772965886,0.05084822823826022,4.7243464997987995e-06,8.754179636178136e-06,8.746271074383859e-06,Annual sales cohort interpolation; fitted survival/claim propensity; fixed LT subtype split
FY2027Q1,Car,40,13+,11280.170833333334,0,0.0,0.04645923581547334,4.7243464997987995e-06,0.0,0.0,Annual sales cohort interpolation; fitted survival/claim propensity; fixed LT subtype split
FY2027Q1,Car,41,13+,10788.0125,0,0.0,0.04244908165617559,4.7243464997987995e-06,0.0,0.0,Annual sales cohort interpolation; fitted survival/claim propensity; fixed LT subtype split
FY2027Q1,Car,42,13+,9980.787500000002,0,0.0,0.038785066130005715,4.7243464997987995e-06,0.0,0.0,Annual sales cohort interpolation; fitted survival/claim propensity; fixed LT subtype split
FY2027Q1,Car,43,13+,8800.479166666668,0,0.0,0.0354373120929477,4.7243464997987995e-06,0.0,0.0,Annual sales cohort interpolation; fitted survival/claim propensity; fixed LT subtype split
FY2027Q1,Car,44,13+,8111.637500000001,0,0.0,0.032378521262889814,4.7243464997987995e-06,0.0,0.0,Annual sales cohort interpolation; fitted survival/claim propensity; fixed LT subtype split
FY2027Q1,Car,45,13+,8622.683333333334,0,0.0,0.02958375162375934,4.7243464997987995e-06,0.0,0.0,Annual sales cohort interpolation; fitted survival/claim propensity; fixed LT subtype split
FY2027Q1,SUV,0,current_year_or_newer,9476.13185840708,1.0,9476.13185840708,0.5,6.314551551455172e-06,0.029918761564149104,0.02989173283222082,Annual sales cohort interpolation; fitted survival/claim propensity; fixed LT subtype split
FY2027Q1,SUV,1,1-3,9342.102920353984,0.991810737033667,9265.597982880658,1.0,5.256249933599e-06,0.04870229878227148,0.048658300925767464,Annual sales cohort interpolation; fitted survival/claim propensity; fixed LT subtype split
FY2027Q1,SUV,2,1-3,8916.884682890855,0.9836214740673339,8770.839255873534,1.0,5.256249933599e-06,0.04610172325629277,0.04606007477038687,Annual sales cohort interpolation; fitted survival/claim propensity; fixed LT subtype split
FY2027Q1,SUV,3,1-3,8370.314697640119,0.9754322111010009,8164.674573130306,1.0,5.256249933599e-06,0.04291557018287362,0.04287680008072433,Annual sales cohort interpolation; fitted survival/claim propensity; fixed LT subtype split
FY2027Q1,SUV,4,4-6,7774.3057817109175,0.9646842584167424,7499.750407734789,1.0,5.0079023863640115e-06,0.03755801796402952,0.037524087896532214,Annual sales cohort interpolation; fitted survival/claim propensity; fixed LT subtype split
FY2027Q1,SUV,5,4-6,8016.825287610621,0.9495577797998179,7612.4388211465775,1.0,5.0079023863640115e-06,0.03812235053846999,0.03808791065060996,Annual sales cohort interpolation; fitted survival/claim propensity; fixed LT subtype split
FY2027Q1,SUV,6,4-6,8012.11394542773,0.9308908098271156,7458.403239086346,1.0,5.0079023863640115e-06,0.03735095537948559,0.037317212373176555,Annual sales cohort interpolation; fitted survival/claim propensity; fixed LT subtype split
FY2027Q1,SUV,7,7-9,8558.321983775813,0.908656050955414,7776.571056582636,0.9136844571609987,5.256380658266905e-06,0.0373483302441712,0.03731458960942018,Annual sales cohort interpolation; fitted survival/claim propensity; fixed LT subtype split
FY2027Q1,SUV,8,7-9,8219.886548672568,0.8820609645131938,7250.441057311154,0.8348192872575889,5.256380658266905e-06,0.031815863087411606,0.03178712050618501,Annual sales cohort interpolation; fitted survival/claim propensity; fixed LT subtype split
FY2027Q1,SUV,9,7-9,7679.849705014751,0.8521865332120109,6544.664495705805,0.7627614073054819,5.256380658266905e-06,0.026239944238442454,0.02621623896517727,Annual sales cohort interpolation; fitted survival/claim propensity; fixed LT subtype split
FY2027Q1,SUV,10,10-12,7301.699646017701,0.8191319381255686,5981.055382653258,0.6969232423772687,5.3624581358966625e-06,0.022352530031830527,0.02233233666450635,Annual sales cohort interpolation; fitted survival/claim propensity; fixed LT subtype split
FY2027Q1,SUV,11,10-12,6702.635294985251,0.7836087352138308,5252.243566102974,0.6367679343943579,5.3624581358966625e-06,0.01793452827365094,0.017918326147238407,Annual sales cohort interpolation; fitted survival/claim propensity; fixed LT subtype split
FY2027Q1,SUV,12,10-12,5974.319705014749,0.7444822565969063,4447.775015620744,0.5818049644746394,5.3624581358966625e-06,0.013876634466004387,0.013864098257503768,Annual sales cohort interpolation; fitted survival/claim propensity; fixed LT subtype split
FY2027Q1,SUV,13,13+,5417.0722861356935,0.7045268425841674,3816.472833801378,0.5315861531395849,4.7243464997987995e-06,0.00958467911970785,0.00957602028127332,Annual sales cohort interpolation; fitted survival/claim propensity; fixed LT subtype split
FY2027Q1,SUV,14,13+,4937.999365781712,0.6630127388535032,3273.9564839637947,0.4857020057656452,4.7243464997987995e-06,0.007512500992108908,0.007505714167895234,Annual sales cohort interpolation; fitted survival/claim propensity; fixed LT subtype split
FY2027Q1,SUV,15,13+,4522.496386430679,0.6211565059144677,2809.1780534060867,0.44377837347999183,4.7243464997987995e-06,0.005889618220620003,0.005884297515359401,Annual sales cohort interpolation; fitted survival/claim propensity; fixed LT subtype split
FY2027Q1,SUV,16,13+,3973.091150442478,0.5759481346678799,2288.2944369628062,0.4054734022728573,4.7243464997987995e-06,0.004383449612548,0.004379489586186459,Annual sales cohort interpolation; fitted survival/claim propensity; fixed LT subtype split
FY2027Q1,SUV,17,13+,3797.4262536873166,0.5291010009099181,2009.2220317075596,0.37047474544889886,4.7243464997987995e-06,0.003516643004686089,0.00351346605496986,Annual sales cohort interpolation; fitted survival/claim propensity; fixed LT subtype split
FY2027Q1,SUV,18,13+,4956.169100294986,0.483452229299363,2396.071000322229,0.33849701668733634,4.7243464997987995e-06,0.003831742103662267,0.00382828049212744,Annual sales cohort interpolation; fitted survival/claim propensity; fixed LT subtype split
FY2027Q1,SUV,19,13+,6068.733554572273,0.4397315741583258,2668.6137590995177,0.3092794629425864,4.7243464997987995e-06,0.00389922724305651,0.00389570466516992,Annual sales cohort interpolation; fitted survival/claim propensity; fixed LT subtype split
FY2027Q1,SUV,20,13+,6320.678761061948,0.3984704276615104,2518.60356903138,0.28258383820974226,4.7243464997987995e-06,0.0033623961278923904,0.003359358525437401,Annual sales cohort interpolation; fitted survival/claim propensity; fixed LT subtype split
FY2027Q1,SUV,21,13+,6627.127138643069,0.35966878980891714,2383.5707978655846,0.25819246081713987,4.7243464997987995e-06,0.0029074573693596783,0.002904830760445374,Annual sales cohort interpolation; fitted survival/claim propensity; fixed LT subtype split
FY2027Q1,SUV,22,13+,6632.194395280237,0.32334485896269327,2144.485961355053,0.23590643840477085,4.7243464997987995e-06,0.0023900376598152005,0.0023878784899890315,Annual sales cohort interpolation; fitted survival/claim propensity; fixed LT subtype split
FY2027Q1,SUV,23,13+,6405.76644542773,0.2905878070973612,1861.4376241547025,0.2155440461146476,4.7243464997987995e-06,0.0018955107927739814,0.0018937983805481207,Annual sales cohort interpolation; fitted survival/claim propensity; fixed LT subtype split
FY2027Q1,SUV,24,13+,6241.985471976403,0.2603448589626933,1625.0688273488772,0.19693924476854713,4.7243464997987995e-06,0.0015119790391056587,0.0015106131110393666,Annual sales cohort interpolation; fitted survival/claim propensity; fixed LT subtype split
FY2027Q1,SUV,25,13+,6179.278171091447,0.23256141947224745,1437.0617027829,0.17994032695004702,4.7243464997987995e-06,0.0012216468056730598,0.001220543164937437,Annual sales cohort interpolation; fitted survival/claim propensity; fixed LT subtype split
FY2027Q1,SUV,26,13+,6004.487979351034,0.20723748862602367,1244.3550093258557,0.16440867995072633,4.7243464997987995e-06,0.0009665198672587751,0.0009656467092458845,Annual sales cohort interpolation; fitted survival/claim propensity; fixed LT subtype split
FY2027Q1,SUV,27,13+,5680.575663716814,0.18437306642402182,1047.345154173142,0.15021765549333577,4.7243464997987995e-06,0.0007432801760215934,0.0007426086936615291,Annual sales cohort interpolation; fitted survival/claim propensity; fixed LT subtype split
FY2027Q1,SUV,28,13+,5177.710766961653,0.163968152866242,848.9796705343554,0.1372515370154264,4.7243464997987995e-06,0.0005504986397889777,0.0005500013170595646,Annual sales cohort interpolation; fitted survival/claim propensity; fixed LT subtype split
FY2027Q1,SUV,29,13+,4861.610471976402,0.14524749772520476,706.136755969224,0.12540459609245258,4.7243464997987995e-06,0.0004183540855388461,0.0004179761427418193,Annual sales cohort interpolation; fitted survival/claim propensity; fixed LT subtype split
FY2027Q1,SUV,30,13+,4620.674483775812,0.1282393084622384,592.5521004285206,0.11458023030622685,4.7243464997987995e-06,0.0003207583535036237,0.0003204685790912698,Annual sales cohort interpolation; fitted survival/claim propensity; fixed LT subtype split
FY2027Q1,SUV,31,13+,4377.506489675517,0.11388808007279344,498.54580961533816,0.10469017552872707,4.7243464997987995e-06,0.00024657710026444984,0.0002463543415005748,Annual sales cohort interpolation; fitted survival/claim propensity; fixed LT subtype split
FY2027Q1,SUV,32,13+,4223.256784660768,0.10047406733393992,424.3277865505246,0.09565378619805467,4.7243464997987995e-06,0.0001917544184038075,0.00019158118667561623,Annual sales cohort interpolation; fitted survival/claim propensity; fixed LT subtype split
FY2027Q1,SUV,33,13+,3721.115781710915,0.08730755232029119,324.881510801587,0.08739737771776383,4.7243464997987995e-06,0.00013414211238527453,0.00013402092785067468,Annual sales cohort interpolation; fitted survival/claim propensity; fixed LT subtype split
FY2027Q1,SUV,34,13+,3243.858628318584,0.03089262966333025,100.21132328484447,0.07985362561734978,4.7243464997987995e-06,3.78053426868677e-05,3.777118918520122e-05,Annual sales cohort interpolation; fitted survival/claim propensity; fixed LT subtype split
FY2027Q1,SUV,35,13+,3073.8340707964603,0,0.0,0.07296101657452587,4.7243464997987995e-06,0.0,0.0,Annual sales cohort interpolation; fitted survival/claim propensity; fixed LT subtype split
FY2027Q1,SUV,36,13+,3305.3594395280243,0,0.0,0.0666633468228103,4.7243464997987995e-06,0.0,0.0,Annual sales cohort interpolation; fitted survival/claim propensity; fixed LT subtype split
FY2027Q1,SUV,37,13+,3377.266224188791,0,0.0,0.06090926385433481,4.7243464997987995e-06,0.0,0.0,Annual sales cohort interpolation; fitted survival/claim propensity; fixed LT subtype split
FY2027Q1,SUV,38,13+,3434.574483775812,0,0.0,0.05565184768082395,4.7243464997987995e-06,0.0,0.0,Annual sales cohort interpolation; fitted survival/claim propensity; fixed LT subtype split
FY2027Q1,SUV,39,13+,3333.7722713864314,0,0.0,0.05084822823826022,4.7243464997987995e-06,0.0,0.0,Annual sales cohort interpolation; fitted survival/claim propensity; fixed LT subtype split
FY2027Q1,SUV,40,13+,3134.2792035398234,0,0.0,0.04645923581547334,4.7243464997987995e-06,0.0,0.0,Annual sales cohort interpolation; fitted survival/claim propensity; fixed LT subtype split
FY2027Q1,SUV,41,13+,2578.2985988200594,0,0.0,0.04244908165617559,4.7243464997987995e-06,0.0,0.0,Annual sales cohort interpolation; fitted survival/claim propensity; fixed LT subtype split
FY2027Q1,SUV,42,13+,2201.3007374631275,0,0.0,0.038785066130005715,4.7243464997987995e-06,0.0,0.0,Annual sales cohort interpolation; fitted survival/claim propensity; fixed LT subtype split
FY2027Q1,SUV,43,13+,1728.2361356932156,0,0.0,0.0354373120929477,4.7243464997987995e-06,0.0,0.0,Annual sales cohort interpolation; fitted survival/claim propensity; fixed LT subtype split
FY2027Q1,SUV,44,13+,1426.46290560472,0,0.0,0.032378521262889814,4.7243464997987995e-06,0.0,0.0,Annual sales cohort interpolation; fitted survival/claim propensity; fixed LT subtype split
FY2027Q1,SUV,45,13+,1309.1016224188793,0,0.0,0.02958375162375934,4.7243464997987995e-06,0.0,0.0,Annual sales cohort interpolation; fitted survival/claim propensity; fixed LT subtype split
FY2027Q1,Pickup,0,current_year_or_newer,2525.42389380531,1.0,2525.42389380531,0.5,6.3145515514551716e-06,0.00797345968335514,0.007966256427168873,Annual sales cohort interpolation; fitted survival/claim propensity; fixed LT subtype split
FY2027Q1,Pickup,1,1-3,2489.704690265487,0.991810737033667,2469.31584384839,1.0,5.256249933599002e-06,0.012979341240263063,0.012967615650143411,Annual sales cohort interpolation; fitted survival/claim propensity; fixed LT subtype split
FY2027Q1,Pickup,2,1-3,2376.382470501475,0.9836214740673339,2337.4608285824334,1.0,5.256249933599002e-06,0.012286278325026682,0.012275178850787702,Annual sales cohort interpolation; fitted survival/claim propensity; fixed LT subtype split
FY2027Q1,Pickup,3,1-3,2230.7195648967554,0.9754322111010009,2175.915717533505,1.0,5.256249933599002e-06,0.01143715684580251,0.011426824471391085,Annual sales cohort interpolation; fitted survival/claim propensity; fixed LT subtype split
FY2027Q1,Pickup,4,4-6,2071.881002949853,0.9646842584167424,1998.7109888584157,1.0,5.007902386364012e-06,0.010009349530756035,0.010000307043330102,Annual sales cohort interpolation; fitted survival/claim propensity; fixed LT subtype split
FY2027Q1,Pickup,5,4-6,2136.513340707965,0.9495577797998179,2028.7428643153473,1.0,5.007902386364012e-06,0.010159746231523789,0.010150567875101432,Annual sales cohort interpolation; fitted survival/claim propensity; fixed LT subtype split
FY2027Q1,Pickup,6,4-6,2135.2577507374635,0.9308908098271156,1987.6918167736228,1.0,5.007902386364012e-06,0.009954166592576846,0.009945173957643633,Annual sales cohort interpolation; fitted survival/claim propensity; fixed LT subtype split
FY2027Q1,Pickup,7,7-9,2280.824196165192,0.908656050955414,2072.48470701102,0.9136844571609987,5.2563806582669044e-06,0.009953466984387921,0.009944474981483615,Annual sales cohort interpolation; fitted survival/claim propensity; fixed LT subtype split
FY2027Q1,Pickup,8,7-9,2190.6299115044253,0.8820609645131938,1932.2691326330457,0.8348192872575889,5.2563806582669044e-06,0.008479044196889645,0.008471384193579868,Annual sales cohort interpolation; fitted survival/claim propensity; fixed LT subtype split
FY2027Q1,Pickup,9,7-9,2046.7081120943956,0.8521865332120109,1744.1770905426226,0.7627614073054819,5.2563806582669044e-06,0.006993041374059233,0.006986723831795407,Annual sales cohort interpolation; fitted survival/claim propensity; fixed LT subtype split
FY2027Q1,Pickup,10,10-12,1945.9297345132745,0.8191319381255686,1593.9731948880317,0.6969232423772687,5.362458135896663e-06,0.005957031230976838,0.005951649624526141,Annual sales cohort interpolation; fitted survival/claim propensity; fixed LT subtype split
FY2027Q1,Pickup,11,10-12,1786.2768879056048,0.7836087352138308,1399.7421728734087,0.6367679343943579,5.362458135896663e-06,0.004779617559481547,0.004775299633371605,Annual sales cohort interpolation; fitted survival/claim propensity; fixed LT subtype split
FY2027Q1,Pickup,12,10-12,1592.1781120943954,0.7444822565969063,1185.3483537962375,0.5818049644746394,5.362458135896663e-06,0.0036981739774926124,0.003694833031950883,Annual sales cohort interpolation; fitted survival/claim propensity; fixed LT subtype split
FY2027Q1,Pickup,13,13+,1443.6696312684367,0.7045268425841674,1017.1040070522009,0.5315861531395849,4.7243464997988e-06,0.0025543521370370555,0.002552044524838122,Annual sales cohort interpolation; fitted survival/claim propensity; fixed LT subtype split
FY2027Q1,Pickup,14,13+,1315.99494100295,0.6630127388535032,872.5214101517203,0.4857020057656452,4.7243464997988e-06,0.002002109066356653,0.002000300352813156,Annual sales cohort interpolation; fitted survival/claim propensity; fixed LT subtype split
FY2027Q1,Pickup,15,13+,1205.2618731563423,0.6211565059144677,748.65625384172,0.44377837347999183,4.7243464997988e-06,0.0015696048558620549,0.0015681868683965153,Annual sales cohort interpolation; fitted survival/claim propensity; fixed LT subtype split
FY2027Q1,Pickup,16,13+,1058.8433628318585,0.5759481346678799,609.8388597284741,0.4054734022728573,4.7243464997988e-06,0.0011682053979651154,0.0011671500364164404,Annual sales cohort interpolation; fitted survival/claim propensity; fixed LT subtype split
FY2027Q1,Pickup,17,13+,1012.0280235988203,0.5291010009099181,535.465040235022,0.37047474544889886,4.7243464997988e-06,0.0009371982579725764,0.0009363515892217967,Annual sales cohort interpolation; fitted survival/claim propensity; fixed LT subtype split
FY2027Q1,Pickup,18,13+,1320.8372418879057,0.483452229299363,638.56170913233,0.33849701668733634,4.7243464997988e-06,0.0010211733234698954,0.001020250791300467,Annual sales cohort interpolation; fitted survival/claim propensity; fixed LT subtype split
FY2027Q1,Pickup,19,13+,1617.339749262537,0.4397315741583258,711.1953538920474,0.3092794629425864,4.7243464997988e-06,0.001039158360618972,0.001038219580693206,Annual sales cohort interpolation; fitted survival/claim propensity; fixed LT subtype split
FY2027Q1,Pickup,20,13+,1684.4840707964602,0.3984704276615104,671.2170880792675,0.28258383820974226,4.7243464997988e-06,0.0008960908996094634,0.0008952813674148574,Annual sales cohort interpolation; fitted survival/claim propensity; fixed LT subtype split
FY2027Q1,Pickup,21,13+,1766.1536873156344,0.35966878980891714,635.2303593333709,0.25819246081713987,4.7243464997988e-06,0.0007748480519809412,0.0007741480510722391,Annual sales cohort interpolation; fitted survival/claim propensity; fixed LT subtype split
FY2027Q1,Pickup,22,13+,1767.5041297935106,0.32334485896269327,571.5133735640605,0.23590643840477085,4.7243464997988e-06,0.0006369538017600413,0.0006363783750826515,Annual sales cohort interpolation; fitted survival/claim propensity; fixed LT subtype split
FY2027Q1,Pickup,23,13+,1707.1602507374635,0.2905878070973612,496.0799536255808,0.2155440461146476,4.7243464997988e-06,0.0005051605780253399,0.0005047042138869076,Annual sales cohort interpolation; fitted survival/claim propensity; fixed LT subtype split
FY2027Q1,Pickup,24,13+,1663.5120206489678,0.2603448589626933,433.0868023986005,0.19693924476854713,4.7243464997988e-06,0.0004029479590770582,0.0004025839342378752,Annual sales cohort interpolation; fitted survival/claim propensity; fixed LT subtype split
FY2027Q1,Pickup,25,13+,1646.800294985251,0.23256141947224745,382.98221418908577,0.17994032695004702,4.7243464997988e-06,0.00032557335407912833,0.00032527922977550265,Annual sales cohort interpolation; fitted survival/claim propensity; fixed LT subtype split
FY2027Q1,Pickup,26,13+,1600.218067846608,0.20723748862602367,331.625173634519,0.16440867995072633,4.7243464997988e-06,0.00025758108931835333,0.000257348389505627,Annual sales cohort interpolation; fitted survival/claim propensity; fixed LT subtype split
FY2027Q1,Pickup,27,13+,1513.8942477876108,0.18437306642402182,279.1213247062897,0.15021765549333577,4.7243464997988e-06,0.00019808689287617045,0.00019790794036456406,Annual sales cohort interpolation; fitted survival/claim propensity; fixed LT subtype split
FY2027Q1,Pickup,28,13+,1379.8789085545725,0.163968152866242,226.25619581477932,0.1372515370154264,4.7243464997988e-06,0.00014670990644742932,0.00014657736811611875,Annual sales cohort interpolation; fitted survival/claim propensity; fixed LT subtype split
FY2027Q1,Pickup,29,13+,1295.6370206489678,0.14524749772520476,188.18803520940202,0.12540459609245258,4.7243464997988e-06,0.00011149289810203971,0.00011139217496053379,Annual sales cohort interpolation; fitted survival/claim propensity; fixed LT subtype split
FY2027Q1,Pickup,30,13+,1231.426696165192,0.1282393084622384,157.9173079381632,0.11458023030622685,4.7243464997988e-06,8.548327758409533e-05,8.540605164046067e-05,Annual sales cohort interpolation; fitted survival/claim propensity; fixed LT subtype split
FY2027Q1,Pickup,31,13+,1166.621533923304,0.11388808007279344,132.86428667010236,0.10469017552872707,4.7243464997988e-06,6.571370153746954e-05,6.565433550993317e-05,Annual sales cohort interpolation; fitted survival/claim propensity; fixed LT subtype split
FY2027Q1,Pickup,32,13+,1125.5134218289088,0.10047406733393992,113.0849113300909,0.09565378619805467,4.7243464997988e-06,5.110325576042793e-05,5.1057088869540764e-05,Annual sales cohort interpolation; fitted survival/claim propensity; fixed LT subtype split
FY2027Q1,Pickup,33,13+,991.6910029498526,0.08730755232029119,86.58211412560631,0.08739737771776383,4.7243464997988e-06,3.574936491441302e-05,3.5717068791500095e-05,Annual sales cohort interpolation; fitted survival/claim propensity; fixed LT subtype split
FY2027Q1,Pickup,34,13+,864.5002212389381,0.03089262966333025,26.706685178601585,0.07985362561734978,4.7243464997988e-06,1.0075262476451297e-05,1.0066160442999838e-05,Annual sales cohort interpolation; fitted survival/claim propensity; fixed LT subtype split
FY2027Q1,Pickup,35,13+,819.1880530973452,0,0.0,0.07296101657452587,4.7243464997988e-06,0.0,0.0,Annual sales cohort interpolation; fitted survival/claim propensity; fixed LT subtype split
FY2027Q1,Pickup,36,13+,880.8904129793513,0,0.0,0.0666633468228103,4.7243464997988e-06,0.0,0.0,Annual sales cohort interpolation; fitted survival/claim propensity; fixed LT subtype split
FY2027Q1,Pickup,37,13+,900.0538348082597,0,0.0,0.06090926385433481,4.7243464997988e-06,0.0,0.0,Annual sales cohort interpolation; fitted survival/claim propensity; fixed LT subtype split
FY2027Q1,Pickup,38,13+,915.326696165192,0,0.0,0.05565184768082395,4.7243464997988e-06,0.0,0.0,Annual sales cohort interpolation; fitted survival/claim propensity; fixed LT subtype split
FY2027Q1,Pickup,39,13+,888.4625368731565,0,0.0,0.05084822823826022,4.7243464997988e-06,0.0,0.0,Annual sales cohort interpolation; fitted survival/claim propensity; fixed LT subtype split
FY2027Q1,Pickup,40,13+,835.2969026548673,0,0.0,0.04645923581547334,4.7243464997988e-06,0.0,0.0,Annual sales cohort interpolation; fitted survival/claim propensity; fixed LT subtype split
FY2027Q1,Pickup,41,13+,687.1260324483776,0,0.0,0.04244908165617559,4.7243464997988e-06,0.0,0.0,Annual sales cohort interpolation; fitted survival/claim propensity; fixed LT subtype split
FY2027Q1,Pickup,42,13+,586.6547197640119,0,0.0,0.038785066130005715,4.7243464997988e-06,0.0,0.0,Annual sales cohort interpolation; fitted survival/claim propensity; fixed LT subtype split
FY2027Q1,Pickup,43,13+,460.5812684365783,0,0.0,0.0354373120929477,4.7243464997988e-06,0.0,0.0,Annual sales cohort interpolation; fitted survival/claim propensity; fixed LT subtype split
FY2027Q1,Pickup,44,13+,380.15759587020653,0,0.0,0.032378521262889814,4.7243464997988e-06,0.0,0.0,Annual sales cohort interpolation; fitted survival/claim propensity; fixed LT subtype split
FY2027Q1,Pickup,45,13+,348.88038348082597,0,0.0,0.02958375162375934,4.7243464997988e-06,0.0,0.0,Annual sales cohort interpolation; fitted survival/claim propensity; fixed LT subtype split
FY2027Q1,Minivan,0,current_year_or_newer,1088.9442477876107,1.0,1088.9442477876107,0.5,6.314551551455172e-06,0.0034380972946577216,0.003434991303458139,Annual sales cohort interpolation; fitted survival/claim propensity; fixed LT subtype split
FY2027Q1,Minivan,1,1-3,1073.5423893805312,0.991810737033667,1064.7508684483885,1.0,5.256249933599002e-06,0.0055965966815813215,0.005591540693181104,Annual sales cohort interpolation; fitted survival/claim propensity; fixed LT subtype split
FY2027Q1,Minivan,2,1-3,1024.678679941003,0.9836214740673339,1007.8959536089393,1.0,5.256249933599002e-06,0.00529775303923169,0.0052929670274038726,Annual sales cohort interpolation; fitted survival/claim propensity; fixed LT subtype split
FY2027Q1,Minivan,3,1-3,961.8699041297937,0.9754322111010009,938.2388873768324,1.0,5.256249933599002e-06,0.004931618089474477,0.004927162845462211,Annual sales cohort interpolation; fitted survival/claim propensity; fixed LT subtype split
FY2027Q1,Minivan,4,4-6,893.3798820059001,0.9646842584167424,861.8295089572986,1.0,5.0079023863640115e-06,0.00431595805454618,0.004312059000334998,Annual sales cohort interpolation; fitted survival/claim propensity; fixed LT subtype split
FY2027Q1,Minivan,5,4-6,921.2488716814162,0.9495577797998179,874.7790332368929,1.0,5.0079023863640115e-06,0.004380808008088239,0.0043768503681630025,Annual sales cohort interpolation; fitted survival/claim propensity; fixed LT subtype split
FY2027Q1,Minivan,6,4-6,920.7074705014752,0.9308908098271156,857.0781228289934,1.0,5.0079023863640115e-06,0.004292163576615703,0.004288286018433491,Annual sales cohort interpolation; fitted survival/claim propensity; fixed LT subtype split
FY2027Q1,Minivan,7,7-9,983.4746533923307,0.908656050955414,893.6401947662198,0.9136844571609987,5.2563806582669044e-06,0.00429186191069938,0.0042879846250433945,Annual sales cohort interpolation; fitted survival/claim propensity; fixed LT subtype split
FY2027Q1,Minivan,8,7-9,944.5835398230092,0.8820609645131938,833.1802681995704,0.8348192872575889,5.2563806582669044e-06,0.003656101626181774,0.003652798688974806,Annual sales cohort interpolation; fitted survival/claim propensity; fixed LT subtype split
FY2027Q1,Minivan,9,7-9,882.525516224189,0.8521865332120109,752.0763601422319,0.7627614073054819,5.2563806582669044e-06,0.0030153481154200365,0.003012624037563157,Annual sales cohort interpolation; fitted survival/claim propensity; fixed LT subtype split
FY2027Q1,Minivan,10,10-12,839.0706194690267,0.8191319381255686,687.3095427498853,0.6969232423772687,5.362458135896663e-06,0.0025686281454670775,0.002566307636263566,Annual sales cohort interpolation; fitted survival/claim propensity; fixed LT subtype split
FY2027Q1,Minivan,11,10-12,770.2294837758113,0.7836087352138308,603.5585516059654,0.6367679343943579,5.362458135896663e-06,0.0020609360118865393,0.0020590741538391334,Annual sales cohort interpolation; fitted survival/claim propensity; fixed LT subtype split
FY2027Q1,Minivan,12,10-12,686.5355162241889,0.7444822565969063,511.11351035250607,0.5818049644746394,5.362458135896663e-06,0.0015946254765335118,0.0015931848853366192,Annual sales cohort interpolation; fitted survival/claim propensity; fixed LT subtype split
FY2027Q1,Minivan,13,13+,622.499749262537,0.7045268425841674,438.56778285737107,0.5315861531395849,4.7243464997987995e-06,0.0011014178939517578,0.001100422868508181,Annual sales cohort interpolation; fitted survival/claim propensity; fixed LT subtype split
FY2027Q1,Minivan,14,13+,567.447359882006,0.6630127388535032,376.22482823055833,0.4857020057656452,4.7243464997987995e-06,0.00086329473503452,0.0008625148310295258,Annual sales cohort interpolation; fitted survival/claim propensity; fixed LT subtype split
FY2027Q1,Minivan,15,13+,519.7000737463128,0.6211565059144677,322.81508193175085,0.44377837347999183,4.7243464997987995e-06,0.0006768020938120787,0.0006761906680241855,Annual sales cohort interpolation; fitted survival/claim propensity; fixed LT subtype split
FY2027Q1,Minivan,16,13+,456.5654867256638,0.5759481346678799,262.9580404333787,0.4054734022728573,4.7243464997987995e-06,0.0005037215936179853,0.0005032665294639696,Annual sales cohort interpolation; fitted survival/claim propensity; fixed LT subtype split
FY2027Q1,Minivan,17,13+,436.37905604719776,0.5291010009099181,230.88859533069757,0.37047474544889886,4.7243464997987995e-06,0.00040411301031845036,0.0004037479329671967,Annual sales cohort interpolation; fitted survival/claim propensity; fixed LT subtype split
FY2027Q1,Minivan,18,13+,569.535324483776,0.483452229299363,275.34312228641755,0.33849701668733634,4.7243464997987995e-06,0.00044032244223013835,0.00043992465312955913,Annual sales cohort interpolation; fitted survival/claim propensity; fixed LT subtype split
FY2027Q1,Minivan,19,13+,697.3850294985252,0.4397315741583258,306.662216815837,0.3092794629425864,4.7243464997987995e-06,0.0004480774582485476,0.0004476726632346851,Annual sales cohort interpolation; fitted survival/claim propensity; fixed LT subtype split
FY2027Q1,Minivan,20,13+,726.337168141593,0.3984704276615104,289.42388201583094,0.28258383820974226,4.7243464997987995e-06,0.0003863878190976585,0.0003860387547568651,Annual sales cohort interpolation; fitted survival/claim propensity; fixed LT subtype split
FY2027Q1,Minivan,21,13+,761.5525073746314,0.35966878980891714,273.90666870338015,0.25819246081713987,4.7243464997987995e-06,0.00033410879305600217,0.00033380695780179114,Annual sales cohort interpolation; fitted survival/claim propensity; fixed LT subtype split
FY2027Q1,Minivan,22,13+,762.1348082595872,0.32334485896269327,246.43237208725552,0.23590643840477085,4.7243464997987995e-06,0.00027464980442864167,0.0002744016846686663,Annual sales cohort interpolation; fitted survival/claim propensity; fixed LT subtype split
FY2027Q1,Minivan,23,13+,736.1149705014751,0.2905878070973612,213.90603504956238,0.2155440461146476,4.7243464997987995e-06,0.00021782153364395383,0.00021762475277692337,Annual sales cohort interpolation; fitted survival/claim propensity; fixed LT subtype split
FY2027Q1,Minivan,24,13+,717.2941740412981,0.2603448589626933,186.74385057554335,0.19693924476854713,4.7243464997987995e-06,0.00017374820253781407,0.00017359123769890032,Annual sales cohort interpolation; fitted survival/claim propensity; fixed LT subtype split
FY2027Q1,Minivan,25,13+,710.0882005899707,0.23256141947224745,165.13911987969757,0.17994032695004702,4.7243464997987995e-06,0.0001403848407497159,0.000140258016508703,Annual sales cohort interpolation; fitted survival/claim propensity; fixed LT subtype split
FY2027Q1,Minivan,26,13+,690.0022861356933,0.20723748862602367,142.9943409249761,0.16440867995072633,4.7243464997987995e-06,0.00011106707521066609,0.00011096673675930703,Annual sales cohort interpolation; fitted survival/claim propensity; fixed LT subtype split
FY2027Q1,Minivan,27,13+,652.7800884955753,0.18437306642402182,120.35506661647355,0.15021765549333577,4.7243464997987995e-06,8.541361435944963e-05,8.533645134985789e-05,Annual sales cohort interpolation; fitted survival/claim propensity; fixed LT subtype split
FY2027Q1,Minivan,28,13+,594.9936578171092,0.163968152866242,97.56001103940025,0.1372515370154264,4.7243464997987995e-06,6.326023489017593e-05,6.32030853344732e-05,Annual sales cohort interpolation; fitted survival/claim propensity; fixed LT subtype split
FY2027Q1,Minivan,29,13+,558.669174041298,0.14524749772520476,81.14529958570546,0.12540459609245258,4.7243464997987995e-06,4.8074919365099676e-05,4.8031488285734736e-05,Annual sales cohort interpolation; fitted survival/claim propensity; fixed LT subtype split
FY2027Q1,Minivan,30,13+,530.9821533923305,0.1282393084622384,68.09278415682266,0.11458023030622685,4.7243464997987995e-06,3.6859761894059446e-05,3.68264626339601e-05,Annual sales cohort interpolation; fitted survival/claim propensity; fixed LT subtype split
FY2027Q1,Minivan,31,13+,503.0386430678467,0.11388808007279344,57.29010526142028,0.10469017552872707,4.7243464997987995e-06,2.8335265800560248e-05,2.8309667605200525e-05,Annual sales cohort interpolation; fitted survival/claim propensity; fixed LT subtype split
FY2027Q1,Minivan,32,13+,485.3131268436579,0.10047406733393992,48.76138378453461,0.09565378619805467,4.7243464997987995e-06,2.2035348814129465e-05,2.2015441989618484e-05,Annual sales cohort interpolation; fitted survival/claim propensity; fixed LT subtype split
FY2027Q1,Minivan,33,13+,427.6098820058998,0.08730755232029119,37.33357214590364,0.08739737771776383,4.7243464997987995e-06,1.5414863770434968e-05,1.540093791927068e-05,Annual sales cohort interpolation; fitted survival/claim propensity; fixed LT subtype split
FY2027Q1,Minivan,34,13+,372.7661504424779,0.03089262966333025,11.51572663664472,0.07985362561734978,4.7243464997987995e-06,4.3443792329652376e-06,4.340454502944884e-06,Annual sales cohort interpolation; fitted survival/claim propensity; fixed LT subtype split
FY2027Q1,Minivan,35,13+,353.22787610619474,0,0.0,0.07296101657452587,4.7243464997987995e-06,0.0,0.0,Annual sales cohort interpolation; fitted survival/claim propensity; fixed LT subtype split
FY2027Q1,Minivan,36,13+,379.8334808259588,0,0.0,0.0666633468228103,4.7243464997987995e-06,0.0,0.0,Annual sales cohort interpolation; fitted survival/claim propensity; fixed LT subtype split
FY2027Q1,Minivan,37,13+,388.0966076696166,0,0.0,0.06090926385433481,4.7243464997987995e-06,0.0,0.0,Annual sales cohort interpolation; fitted survival/claim propensity; fixed LT subtype split
FY2027Q1,Minivan,38,13+,394.6821533923305,0,0.0,0.05565184768082395,4.7243464997987995e-06,0.0,0.0,Annual sales cohort interpolation; fitted survival/claim propensity; fixed LT subtype split
FY2027Q1,Minivan,39,13+,383.09852507374643,0,0.0,0.05084822823826022,4.7243464997987995e-06,0.0,0.0,Annual sales cohort interpolation; fitted survival/claim propensity; fixed LT subtype split
FY2027Q1,Minivan,40,13+,360.1738938053098,0,0.0,0.04645923581547334,4.7243464997987995e-06,0.0,0.0,Annual sales cohort interpolation; fitted survival/claim propensity; fixed LT subtype split
FY2027Q1,Minivan,41,13+,296.28370206489683,0,0.0,0.04244908165617559,4.7243464997987995e-06,0.0,0.0,Annual sales cohort interpolation; fitted survival/claim propensity; fixed LT subtype split
FY2027Q1,Minivan,42,13+,252.9612094395281,0,0.0,0.038785066130005715,4.7243464997987995e-06,0.0,0.0,Annual sales cohort interpolation; fitted survival/claim propensity; fixed LT subtype split
FY2027Q1,Minivan,43,13+,198.5992625368732,0,0.0,0.0354373120929477,4.7243464997987995e-06,0.0,0.0,Annual sales cohort interpolation; fitted survival/claim propensity; fixed LT subtype split
FY2027Q1,Minivan,44,13+,163.92116519174044,0,0.0,0.032378521262889814,4.7243464997987995e-06,0.0,0.0,Annual sales cohort interpolation; fitted survival/claim propensity; fixed LT subtype split
FY2027Q1,Minivan,45,13+,150.43466076696168,0,0.0,0.02958375162375934,4.7243464997987995e-06,0.0,0.0,Annual sales cohort interpolation; fitted survival/claim propensity; fixed LT subtype split
FY2027Q2,Car,0,current_year_or_newer,2764.4,1.0,2764.4,0.5,6.3145515514551716e-06,0.008727973154421339,0.00871739074039834,Annual sales cohort interpolation; fitted survival/claim propensity; fixed LT subtype split
FY2027Q2,Car,1,1-3,2779.738888888889,0.9976377952755906,2773.1725765529313,1.0,5.256249933599001e-06,0.014576488171364916,0.014558814602702233,Annual sales cohort interpolation; fitted survival/claim propensity; fixed LT subtype split
FY2027Q2,Car,2,1-3,3044.670833333333,0.9952755905511811,3030.28656167979,1.0,5.256249933599001e-06,0.01592794353861534,0.015908631369560926,Annual sales cohort interpolation; fitted survival/claim propensity; fixed LT subtype split
FY2027Q2,Car,3,1-3,3168.493055555555,0.9929133858267717,3146.0391677602797,1.0,5.256249933599001e-06,0.016536368166639826,0.016516318300390243,Annual sales cohort interpolation; fitted survival/claim propensity; fixed LT subtype split
FY2027Q2,Car,4,4-6,2957.526388888889,0.9899527559055118,2927.811399343832,1.0,5.007902386364013e-06,0.014662193693597737,0.014644416209477906,Annual sales cohort interpolation; fitted survival/claim propensity; fixed LT subtype split
FY2027Q2,Car,5,4-6,3347.1472222222224,0.9844409448818897,3295.068774103237,1.0,5.007902386364013e-06,0.016501382777065143,0.016481375329584578,Annual sales cohort interpolation; fitted survival/claim propensity; fixed LT subtype split
FY2027Q2,Car,6,4-6,3474.2986111111113,0.976755905511811,3393.541685914261,1.0,5.007902386364013e-06,0.016994525507115783,0.016973920138393998,Annual sales cohort interpolation; fitted survival/claim propensity; fixed LT subtype split
FY2027Q2,Car,7,7-9,4734.206944444444,0.9673464566929133,4579.618312959317,0.9136844571609987,5.256380658266906e-06,0.021994410634218742,0.021967743049957758,Annual sales cohort interpolation; fitted survival/claim propensity; fixed LT subtype split
FY2027Q2,Car,8,7-9,5345.3694444444445,0.9553149606299213,5106.511400371829,0.8348192872575889,5.256380658266906e-06,0.02240802542690946,0.02238085634672212,Annual sales cohort interpolation; fitted survival/claim propensity; fixed LT subtype split
FY2027Q2,Car,9,7-9,6122.49861111111,0.9400944881889763,5755.727198250218,0.7627614073054819,5.256380658266906e-06,0.02307680719659024,0.02304882723792601,Annual sales cohort interpolation; fitted survival/claim propensity; fixed LT subtype split
FY2027Q2,Car,10,10-12,6908.115277777778,0.9227716535433071,6374.612957742783,0.6969232423772687,5.362458135896662e-06,0.023823341946055024,0.023794456835683563,Annual sales cohort interpolation; fitted survival/claim propensity; fixed LT subtype split
FY2027Q2,Car,11,10-12,7529.511111111111,0.9021417322834646,6792.686197025372,0.6367679343943579,5.362458135896662e-06,0.023194587440844808,0.023166464677054303,Annual sales cohort interpolation; fitted survival/claim propensity; fixed LT subtype split
FY2027Q2,Car,12,10-12,7698.745833333333,0.8790866141732284,6767.86440800525,0.5818049644746394,5.362458135896662e-06,0.021115092417115646,0.021089490980660885,Annual sales cohort interpolation; fitted survival/claim propensity; fixed LT subtype split
FY2027Q2,Car,13,13+,7569.040277777778,0.853496062992126,6460.146077712161,0.5315861531395849,4.7243464997987995e-06,0.0162239926543999,0.01620432153438872,Annual sales cohort interpolation; fitted survival/claim propensity; fixed LT subtype split
FY2027Q2,Car,14,13+,7185.920833333334,0.8251023622047243,5929.120254199474,0.4857020057656452,4.7243464997987995e-06,0.013605105019013183,0.0135886092242175,Annual sales cohort interpolation; fitted survival/claim propensity; fixed LT subtype split
FY2027Q2,Car,15,13+,6083.504166666666,0.7951811023622047,4837.487549475065,0.44377837347999183,4.7243464997987995e-06,0.010142096467992084,0.010129799470512079,Annual sales cohort interpolation; fitted survival/claim propensity; fixed LT subtype split
FY2027Q2,Car,16,13+,5629.044444444444,0.7461102362204726,4199.887680139983,0.4054734022728573,4.7243464997987995e-06,0.008045291605345086,0.008035536922877898,Annual sales cohort interpolation; fitted survival/claim propensity; fixed LT subtype split
FY2027Q2,Car,17,13+,5480.823611111111,0.677488188976378,3713.1932623906387,0.37047474544889886,4.7243464997987995e-06,0.0064990204691992605,0.00649114059558689,Annual sales cohort interpolation; fitted survival/claim propensity; fixed LT subtype split
FY2027Q2,Car,18,13+,6794.173611111111,0.5951574803149606,4043.603247211286,0.33849701668733634,4.7243464997987995e-06,0.0064664381025275434,0.006458597734088696,Annual sales cohort interpolation; fitted survival/claim propensity; fixed LT subtype split
FY2027Q2,Car,19,13+,7562.355555555556,0.5140551181102362,3887.467578302712,0.3092794629425864,4.7243464997987995e-06,0.00568014739342861,0.00567326037964369,Annual sales cohort interpolation; fitted survival/claim propensity; fixed LT subtype split
FY2027Q2,Car,20,13+,7753.1875,0.4389370078740157,3403.16092273622,0.28258383820974226,4.7243464997987995e-06,0.0045433013952265984,0.0045377927742048674,Annual sales cohort interpolation; fitted survival/claim propensity; fixed LT subtype split
FY2027Q2,Car,21,13+,7651.555555555556,0.3705590551181103,2835.3531968503944,0.25819246081713987,4.7243464997987995e-06,0.003458537314814461,0.003454343938742857,Annual sales cohort interpolation; fitted survival/claim propensity; fixed LT subtype split
FY2027Q2,Car,22,13+,7489.1194444444445,0.30907874015748027,2314.7276027777775,0.23590643840477085,4.7243464997987995e-06,0.0025797726087033557,0.0025766447093219674,Annual sales cohort interpolation; fitted survival/claim propensity; fixed LT subtype split
FY2027Q2,Car,23,13+,7581.625,0.2546062992125985,1930.329483267717,0.2155440461146476,4.7243464997987995e-06,0.001965663700821214,0.0019632803906592744,Annual sales cohort interpolation; fitted survival/claim propensity; fixed LT subtype split
FY2027Q2,Car,24,13+,8052.745833333333,0.20893700787401587,1682.5166195866152,0.19693924476854713,4.7243464997987995e-06,0.0015654289953441639,0.0015635309581413402,Annual sales cohort interpolation; fitted survival/claim propensity; fixed LT subtype split
FY2027Q2,Car,25,13+,8371.34861111111,0.17148818897637794,1435.587412609361,0.17994032695004702,4.7243464997987995e-06,0.0012203935109275027,0.0012189138192310323,Annual sales cohort interpolation; fitted survival/claim propensity; fixed LT subtype split
FY2027Q2,Car,26,13+,8764.009722222223,0.13951968503937012,1222.7518761264223,0.16440867995072633,4.7243464997987995e-06,0.0009497402044810265,0.0009485886720598923,Annual sales cohort interpolation; fitted survival/claim propensity; fixed LT subtype split
FY2027Q2,Car,27,13+,8608.93888888889,0.11272440944881885,970.4375522309708,0.15021765549333577,4.7243464997987995e-06,0.0006887003694686091,0.0006878653402678357,Annual sales cohort interpolation; fitted survival/claim propensity; fixed LT subtype split
FY2027Q2,Car,28,13+,8100.0375,0.09096062992125985,736.7845133858268,0.1372515370154264,4.7243464997987995e-06,0.00047774862757454957,0.00047716937123559624,Annual sales cohort interpolation; fitted survival/claim propensity; fixed LT subtype split
FY2027Q2,Car,29,13+,8230.159722222223,0.07363779527559058,606.0508167104115,0.12540459609245258,4.7243464997987995e-06,0.00035905769395468975,0.00035862234692642277,Annual sales cohort interpolation; fitted survival/claim propensity; fixed LT subtype split
FY2027Q2,Car,30,13+,8482.747222222222,0.05942519685039369,504.0889235126858,0.11458023030622685,4.7243464997987995e-06,0.0002728717576199832,0.0002725409085370142,Annual sales cohort interpolation; fitted survival/claim propensity; fixed LT subtype split
FY2027Q2,Car,31,13+,8638.804166666667,0.04767716535433072,411.87369471784785,0.10469017552872707,4.7243464997987995e-06,0.0002037097080348374,0.00020346271592879082,Annual sales cohort interpolation; fitted survival/claim propensity; fixed LT subtype split
FY2027Q2,Car,32,13+,8959.101388888888,0.03803149606299215,340.72802919947526,0.09565378619805467,4.7243464997987995e-06,0.00015397555178781904,0.00015378886090213352,Annual sales cohort interpolation; fitted survival/claim propensity; fixed LT subtype split
FY2027Q2,Car,33,13+,8507.530555555555,0.030157480314960627,256.5656852580927,0.08739737771776383,4.7243464997987995e-06,0.00010593481574614716,0.00010580637285799416,Annual sales cohort interpolation; fitted survival/claim propensity; fixed LT subtype split
FY2027Q2,Car,34,13+,8215.772222222224,0.024598425196850404,202.09505844269478,0.07985362561734978,4.7243464997987995e-06,7.624161311623068e-05,7.614917237409017e-05,Annual sales cohort interpolation; fitted survival/claim propensity; fixed LT subtype split
FY2027Q2,Car,35,13+,8247.40138888889,0.01740944881889763,143.58271236876635,0.07296101657452587,4.7243464997987995e-06,4.949197357477557e-05,4.943196599387253e-05,Annual sales cohort interpolation; fitted survival/claim propensity; fixed LT subtype split
FY2027Q2,Car,36,13+,9312.069444444445,0.011960629921259843,111.37821642607176,0.0666633468228103,4.7243464997987995e-06,3.5077538928818195e-05,3.503500843138368e-05,Annual sales cohort interpolation; fitted survival/claim propensity; fixed LT subtype split
FY2027Q2,Car,37,13+,9811.956944444444,0.0095984251968504,94.17933476596681,0.06090926385433481,4.7243464997987995e-06,2.710071268333528e-05,2.7067853856107096e-05,Annual sales cohort interpolation; fitted survival/claim propensity; fixed LT subtype split
FY2027Q2,Car,38,13+,10513.154166666667,0.007236220472440945,76.07550141076116,0.05565184768082395,4.7243464997987995e-06,2.000166522277211e-05,1.9977413784460853e-05,Annual sales cohort interpolation; fitted survival/claim propensity; fixed LT subtype split
FY2027Q2,Car,39,13+,10260.034722222223,0.003456692913385833,35.46578931539814,0.05084822823826022,4.7243464997987995e-06,8.519756793289131e-06,8.509426835558203e-06,Annual sales cohort interpolation; fitted survival/claim propensity; fixed LT subtype split
FY2027Q2,Car,40,13+,11363.597222222223,0,0.0,0.04645923581547334,4.7243464997987995e-06,0.0,0.0,Annual sales cohort interpolation; fitted survival/claim propensity; fixed LT subtype split
FY2027Q2,Car,41,13+,10948.684722222224,0,0.0,0.04244908165617559,4.7243464997987995e-06,0.0,0.0,Annual sales cohort interpolation; fitted survival/claim propensity; fixed LT subtype split
FY2027Q2,Car,42,13+,10267.487500000001,0,0.0,0.038785066130005715,4.7243464997987995e-06,0.0,0.0,Annual sales cohort interpolation; fitted survival/claim propensity; fixed LT subtype split
FY2027Q2,Car,43,13+,9098.134722222223,0,0.0,0.0354373120929477,4.7243464997987995e-06,0.0,0.0,Annual sales cohort interpolation; fitted survival/claim propensity; fixed LT subtype split
FY2027Q2,Car,44,13+,8002.5986111111115,0,0.0,0.032378521262889814,4.7243464997987995e-06,0.0,0.0,Annual sales cohort interpolation; fitted survival/claim propensity; fixed LT subtype split
FY2027Q2,Car,45,13+,8506.590277777777,0,0.0,0.02958375162375934,4.7243464997987995e-06,0.0,0.0,Annual sales cohort interpolation; fitted survival/claim propensity; fixed LT subtype split
FY2027Q2,SUV,0,current_year_or_newer,9476.13185840708,1.0,9476.13185840708,0.5,6.314551551455172e-06,0.029918761564149104,0.029882485934478224,Annual sales cohort interpolation; fitted survival/claim propensity; fixed LT subtype split
FY2027Q2,SUV,1,1-3,9450.602536873157,0.991810737033667,9373.20906750841,1.0,5.256249933599e-06,0.04926792953870062,0.04920819360468594,Annual sales cohort interpolation; fitted survival/claim propensity; fixed LT subtype split
FY2027Q2,SUV,2,1-3,9003.992232055065,0.9836214740673339,8856.520111784826,1.0,5.256249933599e-06,0.0465520832494872,0.046495640200240475,Annual sales cohort interpolation; fitted survival/claim propensity; fixed LT subtype split
FY2027Q2,SUV,3,1-3,8621.477696656835,0.9754322111010009,8409.667052607942,1.0,5.256249933599e-06,0.04420331188686019,0.04414971665469137,Annual sales cohort interpolation; fitted survival/claim propensity; fixed LT subtype split
FY2027Q2,SUV,4,4-6,7672.849048672567,0.9646842584167424,7401.876694462303,1.0,5.0079023863640115e-06,0.03706787596176993,0.037022932238474686,Annual sales cohort interpolation; fitted survival/claim propensity; fixed LT subtype split
FY2027Q2,SUV,5,4-6,8095.276273353,0.9495577797998179,7686.932564991219,1.0,5.0079023863640115e-06,0.038495407936038756,0.038448733371674745,Annual sales cohort interpolation; fitted survival/claim propensity; fixed LT subtype split
FY2027Q2,SUV,6,4-6,7813.855518682401,0.9308908098271156,7273.846291658337,1.0,5.0079023863640115e-06,0.0364267122020408,0.036382545871187305,Annual sales cohort interpolation; fitted survival/claim propensity; fixed LT subtype split
FY2027Q2,SUV,7,7-9,8597.86267207473,0.908656050955414,7812.499942264389,0.9136844571609987,5.256380658266905e-06,0.0375208849444348,0.037475391960901716,Annual sales cohort interpolation; fitted survival/claim propensity; fixed LT subtype split
FY2027Q2,SUV,8,7-9,8371.820798918388,0.8820609645131938,7384.456328625571,0.8348192872575889,5.256380658266905e-06,0.03240393924582163,0.03236465041037171,Annual sales cohort interpolation; fitted survival/claim propensity; fixed LT subtype split
FY2027Q2,SUV,9,7-9,7764.155181907573,0.8521865332120109,6616.508487789884,0.7627614073054819,5.256380658266905e-06,0.02652799297606533,0.026495828554852635,Annual sales cohort interpolation; fitted survival/claim propensity; fixed LT subtype split
FY2027Q2,SUV,10,10-12,7428.795290068831,0.8191319381255686,6085.163483892177,0.6969232423772687,5.3624581358966625e-06,0.022741605088090495,0.022714031552249842,Annual sales cohort interpolation; fitted survival/claim propensity; fixed LT subtype split
FY2027Q2,SUV,11,10-12,6896.938446411013,0.7836087352138308,5404.501212839777,0.6367679343943579,5.3624581358966625e-06,0.01845443353621416,0.018432058071397202,Annual sales cohort interpolation; fitted survival/claim propensity; fixed LT subtype split
FY2027Q2,SUV,12,10-12,6120.556307767945,0.7444822565969063,4556.6455716355085,0.5818049644746394,5.3624581358966625e-06,0.014216300232510495,0.014199063381265201,Annual sales cohort interpolation; fitted survival/claim propensity; fixed LT subtype split
FY2027Q2,SUV,13,13+,5547.712999016717,0.7045268425841674,3908.51272276039,0.5315861531395849,4.7243464997987995e-06,0.009815827837464342,0.009803926431225267,Annual sales cohort interpolation; fitted survival/claim propensity; fixed LT subtype split
FY2027Q2,SUV,14,13+,5035.085589970502,0.6630127388535032,3338.32588736815,0.4857020057656452,4.7243464997987995e-06,0.007660204606773698,0.0076509168311108345,Annual sales cohort interpolation; fitted survival/claim propensity; fixed LT subtype split
FY2027Q2,SUV,15,13+,4645.888107177975,0.6211565059144677,2885.823623524251,0.44377837347999183,4.7243464997987995e-06,0.00605031047213123,0.006042974646361493,Annual sales cohort interpolation; fitted survival/claim propensity; fixed LT subtype split
FY2027Q2,SUV,16,13+,4137.9680186824,0.5759481346678799,2383.254961675471,0.4054734022728573,4.7243464997987995e-06,0.0045653556944469575,0.0045598203332277935,Annual sales cohort interpolation; fitted survival/claim propensity; fixed LT subtype split
FY2027Q2,SUV,17,13+,3565.3780727630287,0.5291010009099181,1886.4451069211932,0.37047474544889886,4.7243464997987995e-06,0.0033017525610849366,0.0032977492819748037,Annual sales cohort interpolation; fitted survival/claim propensity; fixed LT subtype split
FY2027Q2,SUV,18,13+,4590.049754178958,0.483452229299363,2219.0697862528104,0.33849701668733634,4.7243464997987995e-06,0.0035486857984618285,0.003544383119971367,Annual sales cohort interpolation; fitted survival/claim propensity; fixed LT subtype split
FY2027Q2,SUV,19,13+,6002.054891838742,0.4397315741583258,2639.29304577293,0.3092794629425864,4.7243464997987995e-06,0.003856385477814522,0.003851709722397259,Annual sales cohort interpolation; fitted survival/claim propensity; fixed LT subtype split
FY2027Q2,SUV,20,13+,6225.677753195674,0.3984704276615104,2480.7484767986316,0.28258383820974226,4.7243464997987995e-06,0.003311858672490723,0.003307843140013953,Annual sales cohort interpolation; fitted survival/claim propensity; fixed LT subtype split
FY2027Q2,SUV,21,13+,6597.769223205507,0.35966878980891714,2373.011671948844,0.25819246081713987,4.7243464997987995e-06,0.0028945774463097255,0.00289106785520346,Annual sales cohort interpolation; fitted survival/claim propensity; fixed LT subtype split
FY2027Q2,SUV,22,13+,6684.797345132744,0.32334485896269327,2161.4948547561335,0.23590643840477085,4.7243464997987995e-06,0.0024089941354055924,0.002406073299964328,Annual sales cohort interpolation; fitted survival/claim propensity; fixed LT subtype split
FY2027Q2,SUV,23,13+,6461.0739429695195,0.2905878070973612,1877.5093085814137,0.2155440461146476,4.7243464997987995e-06,0.0019118766655239333,0.0019095585705805232,Annual sales cohort interpolation; fitted survival/claim propensity; fixed LT subtype split
FY2027Q2,SUV,24,13+,6251.034144542773,0.2603448589626933,1627.4246027319687,0.19693924476854713,4.7243464997987995e-06,0.0015141708742698872,0.0015123349860505276,Annual sales cohort interpolation; fitted survival/claim propensity; fixed LT subtype split
FY2027Q2,SUV,25,13+,6215.864970501476,0.23256141947224745,1445.5703807876428,0.17994032695004702,4.7243464997987995e-06,0.0012288800367061218,0.0012273900553435608,Annual sales cohort interpolation; fitted survival/claim propensity; fixed LT subtype split
FY2027Q2,SUV,26,13+,6060.117207472959,0.20723748862602367,1255.8834708560478,0.16440867995072633,4.7243464997987995e-06,0.000975474295074271,0.0009742915608155115,Annual sales cohort interpolation; fitted survival/claim propensity; fixed LT subtype split
FY2027Q2,SUV,27,13+,5816.01418387414,0.18437306642402182,1072.31636944648,0.15021765549333577,4.7243464997987995e-06,0.0007610017544428856,0.0007600790619121848,Annual sales cohort interpolation; fitted survival/claim propensity; fixed LT subtype split
FY2027Q2,SUV,28,13+,5271.294149459194,0.163968152866242,864.3243649014522,0.1372515370154264,4.7243464997987995e-06,0.0005604485051040655,0.0005597689775648937,Annual sales cohort interpolation; fitted survival/claim propensity; fixed LT subtype split
FY2027Q2,SUV,29,13+,4914.173205506392,0.14524749772520476,713.7713614880519,0.12540459609245258,4.7243464997987995e-06,0.00042287724395437867,0.0004223645175748111,Annual sales cohort interpolation; fitted survival/claim propensity; fixed LT subtype split
FY2027Q2,SUV,30,13+,4703.117944936087,0.1282393084622384,603.1245928749477,0.11458023030622685,4.7243464997987995e-06,0.0003264814203311533,0.00032608557108876525,Annual sales cohort interpolation; fitted survival/claim propensity; fixed LT subtype split
FY2027Q2,SUV,31,13+,4385.610078662734,0.11388808007279344,499.46871180679136,0.10469017552872707,4.7243464997987995e-06,0.0002470335609182297,0.00024673403989851984,Annual sales cohort interpolation; fitted survival/claim propensity; fixed LT subtype split
FY2027Q2,SUV,32,13+,4340.024877089479,0.10047406733393992,436.0599517316626,0.09565378619805467,4.7243464997987995e-06,0.00019705620297279575,0.0001968172780484447,Annual sales cohort interpolation; fitted survival/claim propensity; fixed LT subtype split
FY2027Q2,SUV,33,13+,3851.37645034415,0.08730755232029119,336.2542509435592,0.08739737771776383,4.7243464997987995e-06,0.00013883786556152916,0.0001386695286808529,Annual sales cohort interpolation; fitted survival/claim propensity; fixed LT subtype split
FY2027Q2,SUV,34,13+,3337.773795476893,0.03089262966333025,103.11260976363586,0.07985362561734978,4.7243464997987995e-06,3.889987098934021e-05,3.885270602526812e-05,Annual sales cohort interpolation; fitted survival/claim propensity; fixed LT subtype split
FY2027Q2,SUV,35,13+,3006.119837758112,0,0.0,0.07296101657452587,4.7243464997987995e-06,0.0,0.0,Annual sales cohort interpolation; fitted survival/claim propensity; fixed LT subtype split
FY2027Q2,SUV,36,13+,3290.4794001966575,0,0.0,0.0666633468228103,4.7243464997987995e-06,0.0,0.0,Annual sales cohort interpolation; fitted survival/claim propensity; fixed LT subtype split
FY2027Q2,SUV,37,13+,3344.168190757129,0,0.0,0.06090926385433481,4.7243464997987995e-06,0.0,0.0,Annual sales cohort interpolation; fitted survival/claim propensity; fixed LT subtype split
FY2027Q2,SUV,38,13+,3465.138888888889,0,0.0,0.05565184768082395,4.7243464997987995e-06,0.0,0.0,Annual sales cohort interpolation; fitted survival/claim propensity; fixed LT subtype split
FY2027Q2,SUV,39,13+,3338.4172566371685,0,0.0,0.05084822823826022,4.7243464997987995e-06,0.0,0.0,Annual sales cohort interpolation; fitted survival/claim propensity; fixed LT subtype split
FY2027Q2,SUV,40,13+,3289.2930186824,0,0.0,0.04645923581547334,4.7243464997987995e-06,0.0,0.0,Annual sales cohort interpolation; fitted survival/claim propensity; fixed LT subtype split
FY2027Q2,SUV,41,13+,2661.4156833824977,0,0.0,0.04244908165617559,4.7243464997987995e-06,0.0,0.0,Annual sales cohort interpolation; fitted survival/claim propensity; fixed LT subtype split
FY2027Q2,SUV,42,13+,2331.1089724680437,0,0.0,0.038785066130005715,4.7243464997987995e-06,0.0,0.0,Annual sales cohort interpolation; fitted survival/claim propensity; fixed LT subtype split
FY2027Q2,SUV,43,13+,1813.8969026548675,0,0.0,0.0354373120929477,4.7243464997987995e-06,0.0,0.0,Annual sales cohort interpolation; fitted survival/claim propensity; fixed LT subtype split
FY2027Q2,SUV,44,13+,1485.249115044248,0,0.0,0.032378521262889814,4.7243464997987995e-06,0.0,0.0,Annual sales cohort interpolation; fitted survival/claim propensity; fixed LT subtype split
FY2027Q2,SUV,45,13+,1275.7120206489676,0,0.0,0.02958375162375934,4.7243464997987995e-06,0.0,0.0,Annual sales cohort interpolation; fitted survival/claim propensity; fixed LT subtype split
FY2027Q2,Pickup,0,current_year_or_newer,2525.42389380531,1.0,2525.42389380531,0.5,6.3145515514551716e-06,0.00797345968335514,0.007963792095007643,Annual sales cohort interpolation; fitted survival/claim propensity; fixed LT subtype split
FY2027Q2,Pickup,1,1-3,2518.620235988201,0.991810737033667,2497.9945925633656,1.0,5.256249933599002e-06,0.013130083911291855,0.0131141640657965,Annual sales cohort interpolation; fitted survival/claim propensity; fixed LT subtype split
FY2027Q2,Pickup,2,1-3,2399.596951819076,0.9836214740673339,2360.2950909157607,1.0,5.256249933599002e-06,0.012406300914900017,0.012391258635271915,Annual sales cohort interpolation; fitted survival/claim propensity; fixed LT subtype split
FY2027Q2,Pickup,3,1-3,2297.6554252704036,0.9754322111010009,2241.2071118197205,1.0,5.256249933599002e-06,0.011780344732684016,0.011766061406751493,Annual sales cohort interpolation; fitted survival/claim propensity; fixed LT subtype split
FY2027Q2,Pickup,4,4-6,2044.842411504425,0.9646842584167424,1972.6272853212495,1.0,5.007902386364012e-06,0.009878724889567049,0.009866747222478586,Annual sales cohort interpolation; fitted survival/claim propensity; fixed LT subtype split
FY2027Q2,Pickup,5,4-6,2157.4208161258607,0.9495577797998179,2048.5957202543837,1.0,5.007902386364012e-06,0.01025916739615703,0.010246728453575913,Annual sales cohort interpolation; fitted survival/claim propensity; fixed LT subtype split
FY2027Q2,Pickup,6,4-6,2082.421152900689,0.9308908098271156,1938.506713424838,1.0,5.007902386364012e-06,0.009707852396142904,0.00969608190699124,Annual sales cohort interpolation; fitted survival/claim propensity; fixed LT subtype split
FY2027Q2,Pickup,7,7-9,2291.361934611603,0.908656050955414,2082.0598868137367,0.9136844571609987,5.2563806582669044e-06,0.00999945344484937,0.00998732939789312,Annual sales cohort interpolation; fitted survival/claim propensity; fixed LT subtype split
FY2027Q2,Pickup,8,7-9,2231.120946411013,0.8820609645131938,1967.9846939368879,0.8348192872575889,5.2563806582669044e-06,0.008635768649864442,0.008625298031125956,Annual sales cohort interpolation; fitted survival/claim propensity; fixed LT subtype split
FY2027Q2,Pickup,9,7-9,2069.175830875123,0.8521865332120109,1763.3237779195533,0.7627614073054819,5.2563806582669044e-06,0.007069807419049194,0.0070612354828335855,Annual sales cohort interpolation; fitted survival/claim propensity; fixed LT subtype split
FY2027Q2,Pickup,10,10-12,1979.8011897738447,0.8191319381255686,1621.7183856827562,0.6969232423772687,5.362458135896663e-06,0.0060607211603957555,0.006053372711968785,Annual sales cohort interpolation; fitted survival/claim propensity; fixed LT subtype split
FY2027Q2,Pickup,11,10-12,1838.059390363815,0.7836087352138308,1440.319394130894,0.6367679343943579,5.362458135896663e-06,0.0049181742186976615,0.004912211075262335,Annual sales cohort interpolation; fitted survival/claim propensity; fixed LT subtype split
FY2027Q2,Pickup,12,10-12,1631.150703048181,0.7444822565969063,1214.36275625494,0.5818049644746394,5.362458135896663e-06,0.003788696149984461,0.0037841024659117546,Annual sales cohort interpolation; fitted survival/claim propensity; fixed LT subtype split
FY2027Q2,Pickup,13,13+,1478.4858603736482,0.7045268425841674,1041.6329750143825,0.5315861531395849,4.7243464997988e-06,0.0026159541180528437,0.002612782349641941,Annual sales cohort interpolation; fitted survival/claim propensity; fixed LT subtype split
FY2027Q2,Pickup,14,13+,1341.8687758112096,0.6630127388535032,889.6760922325875,0.4857020057656452,4.7243464997988e-06,0.0020414726213651177,0.0020389973950882176,Annual sales cohort interpolation; fitted survival/claim propensity; fixed LT subtype split
FY2027Q2,Pickup,15,13+,1238.1462192723698,0.6211565059144677,769.0825793744335,0.44377837347999183,4.7243464997988e-06,0.001612429930225682,0.0016104749057540405,Annual sales cohort interpolation; fitted survival/claim propensity; fixed LT subtype split
FY2027Q2,Pickup,16,13+,1102.7836529006884,0.5759481346678799,635.1461878303821,0.4054734022728573,4.7243464997988e-06,0.001216684035928407,0.001215208841862664,Annual sales cohort interpolation; fitted survival/claim propensity; fixed LT subtype split
FY2027Q2,Pickup,17,13+,950.1863323500492,0.5291010009099181,502.7445394973351,0.37047474544889886,4.7243464997988e-06,0.0008799291666461079,0.0008788622780813048,Annual sales cohort interpolation; fitted survival/claim propensity; fixed LT subtype split
FY2027Q2,Pickup,18,13+,1223.265093411996,0.483452229299363,591.390236434123,0.33849701668733634,4.7243464997988e-06,0.0009457377800301696,0.0009445911004324671,Annual sales cohort interpolation; fitted survival/claim propensity; fixed LT subtype split
FY2027Q2,Pickup,19,13+,1599.5696411012784,0.4397315741583258,703.3812762573334,0.3092794629425864,4.7243464997988e-06,0.0010277408730605942,0.0010264947670936464,Annual sales cohort interpolation; fitted survival/claim propensity; fixed LT subtype split
FY2027Q2,Pickup,20,13+,1659.1659537856442,0.3984704276615104,661.1285671663835,0.28258383820974226,4.7243464997988e-06,0.0008826224823997284,0.0008815523282677775,Annual sales cohort interpolation; fitted survival/claim propensity; fixed LT subtype split
FY2027Q2,Pickup,21,13+,1758.3296951819075,0.35966878980891714,632.4163135511589,0.25819246081713987,4.7243464997988e-06,0.0007714155052512471,0.0007704801863500663,Annual sales cohort interpolation; fitted survival/claim propensity; fixed LT subtype split
FY2027Q2,Pickup,22,13+,1781.5230088495575,0.32334485896269327,576.0463060352531,0.23590643840477085,4.7243464997988e-06,0.0006420057720274071,0.0006412273586701998,Annual sales cohort interpolation; fitted survival/claim propensity; fixed LT subtype split
FY2027Q2,Pickup,23,13+,1721.8999016715834,0.2905878070973612,500.3631164679073,0.2155440461146476,4.7243464997988e-06,0.0005095221431347403,0.0005089043623307508,Annual sales cohort interpolation; fitted survival/claim propensity; fixed LT subtype split
FY2027Q2,Pickup,24,13+,1665.9235250737463,0.2603448589626933,433.7146251779574,0.19693924476854713,4.7243464997988e-06,0.0004035320911868404,0.0004030428202432947,Annual sales cohort interpolation; fitted survival/claim propensity; fixed LT subtype split
FY2027Q2,Pickup,25,13+,1656.5508112094396,0.23256141947224745,385.2498080827703,0.17994032695004702,4.7243464997988e-06,0.0003275010366771817,0.00032710395117957984,Annual sales cohort interpolation; fitted survival/claim propensity; fixed LT subtype split
FY2027Q2,Pickup,26,13+,1615.0434611602752,0.20723748862602367,334.69755091273646,0.16440867995072633,4.7243464997988e-06,0.0002599674771713828,0.00025965227415376715,Annual sales cohort interpolation; fitted survival/claim propensity; fixed LT subtype split
FY2027Q2,Pickup,27,13+,1549.989110127827,0.18437306642402182,285.77624515810834,0.15021765549333577,4.7243464997988e-06,0.00020280975851900867,0.00020256385757561895,Annual sales cohort interpolation; fitted survival/claim propensity; fixed LT subtype split
FY2027Q2,Pickup,28,13+,1404.8192232055064,0.163968152866242,230.34561313999583,0.1372515370154264,4.7243464997988e-06,0.0001493615820448488,0.00014918048546350471,Annual sales cohort interpolation; fitted survival/claim propensity; fixed LT subtype split
FY2027Q2,Pickup,29,13+,1309.6451819075714,0.14524749772520476,190.22268557994536,0.12540459609245258,4.7243464997988e-06,0.00011269833640837967,0.0001125616929478103,Annual sales cohort interpolation; fitted survival/claim propensity; fixed LT subtype split
FY2027Q2,Pickup,30,13+,1253.3981809242873,0.1282393084622384,160.7349159495582,0.11458023030622685,4.7243464997988e-06,8.700849588287462e-05,8.690300060800837e-05,Annual sales cohort interpolation; fitted survival/claim propensity; fixed LT subtype split
FY2027Q2,Pickup,31,13+,1168.7811701081614,0.11388808007279344,133.1102434888515,0.10469017552872707,4.7243464997988e-06,6.583534997576295e-05,6.575552652552244e-05,Annual sales cohort interpolation; fitted survival/claim propensity; fixed LT subtype split
FY2027Q2,Pickup,32,13+,1156.632546705998,0.10047406733393992,116.21157637836485,0.09565378619805467,4.7243464997988e-06,5.251620079226099e-05,5.245252642366866e-05,Annual sales cohort interpolation; fitted survival/claim propensity; fixed LT subtype split
FY2027Q2,Pickup,33,13+,1026.4059488692233,0.08730755232029119,89.61299108275784,0.08739737771776383,4.7243464997988e-06,3.700080035747355e-05,3.6955937961400905e-05,Annual sales cohort interpolation; fitted survival/claim propensity; fixed LT subtype split
FY2027Q2,Pickup,34,13+,889.5289577187808,0.03089262966333025,27.479888665614446,0.07985362561734978,4.7243464997988e-06,1.0366958283222696e-05,1.0354388647320845e-05,Annual sales cohort interpolation; fitted survival/claim propensity; fixed LT subtype split
FY2027Q2,Pickup,35,13+,801.1419616519174,0,0.0,0.07296101657452587,4.7243464997988e-06,0.0,0.0,Annual sales cohort interpolation; fitted survival/claim propensity; fixed LT subtype split
FY2027Q2,Pickup,36,13+,876.9248279252705,0,0.0,0.0666633468228103,4.7243464997988e-06,0.0,0.0,Annual sales cohort interpolation; fitted survival/claim propensity; fixed LT subtype split
FY2027Q2,Pickup,37,13+,891.233087512291,0,0.0,0.06090926385433481,4.7243464997988e-06,0.0,0.0,Annual sales cohort interpolation; fitted survival/claim propensity; fixed LT subtype split
FY2027Q2,Pickup,38,13+,923.4722222222223,0,0.0,0.05565184768082395,4.7243464997988e-06,0.0,0.0,Annual sales cohort interpolation; fitted survival/claim propensity; fixed LT subtype split
FY2027Q2,Pickup,39,13+,889.7004424778762,0,0.0,0.05084822823826022,4.7243464997988e-06,0.0,0.0,Annual sales cohort interpolation; fitted survival/claim propensity; fixed LT subtype split
FY2027Q2,Pickup,40,13+,876.6086529006885,0,0.0,0.04645923581547334,4.7243464997988e-06,0.0,0.0,Annual sales cohort interpolation; fitted survival/claim propensity; fixed LT subtype split
FY2027Q2,Pickup,41,13+,709.277040314651,0,0.0,0.04244908165617559,4.7243464997988e-06,0.0,0.0,Annual sales cohort interpolation; fitted survival/claim propensity; fixed LT subtype split
FY2027Q2,Pickup,42,13+,621.2490904621436,0,0.0,0.038785066130005715,4.7243464997988e-06,0.0,0.0,Annual sales cohort interpolation; fitted survival/claim propensity; fixed LT subtype split
FY2027Q2,Pickup,43,13+,483.4101769911505,0,0.0,0.0354373120929477,4.7243464997988e-06,0.0,0.0,Annual sales cohort interpolation; fitted survival/claim propensity; fixed LT subtype split
FY2027Q2,Pickup,44,13+,395.82433628318586,0,0.0,0.032378521262889814,4.7243464997988e-06,0.0,0.0,Annual sales cohort interpolation; fitted survival/claim propensity; fixed LT subtype split
FY2027Q2,Pickup,45,13+,339.9819321533924,0,0.0,0.02958375162375934,4.7243464997988e-06,0.0,0.0,Annual sales cohort interpolation; fitted survival/claim propensity; fixed LT subtype split
FY2027Q2,Minivan,0,current_year_or_newer,1088.9442477876107,1.0,1088.9442477876107,0.5,6.314551551455172e-06,0.0034380972946577216,0.003433928701517058,Annual sales cohort interpolation; fitted survival/claim propensity; fixed LT subtype split
FY2027Q2,Minivan,1,1-3,1086.0105604719765,0.991810737033667,1077.1169344080567,1.0,5.256249933599002e-06,0.0056615958149607085,0.0056547312944260145,Annual sales cohort interpolation; fitted survival/claim propensity; fixed LT subtype split
FY2027Q2,Minivan,2,1-3,1034.6885939036383,0.9836214740673339,1017.7419199361537,1.0,5.256249933599002e-06,0.005349505899085329,0.005343019778511744,Annual sales cohort interpolation; fitted survival/claim propensity; fixed LT subtype split
FY2027Q2,Minivan,3,1-3,990.7321558505411,0.9754322111010009,966.3920573901546,1.0,5.256249933599002e-06,0.005079598187487603,0.005073439322177249,Annual sales cohort interpolation; fitted survival/claim propensity; fixed LT subtype split
FY2027Q2,Minivan,4,4-6,881.721039823009,0.9646842584167424,850.5824074320985,1.0,5.0079023863640115e-06,0.004259633667978452,0.00425446898583939,Annual sales cohort interpolation; fitted survival/claim propensity; fixed LT subtype split
FY2027Q2,Minivan,5,4-6,930.2640216322519,0.9495577797998179,883.3394390087709,1.0,5.0079023863640115e-06,0.004423677684581471,0.004418314103835485,Annual sales cohort interpolation; fitted survival/claim propensity; fixed LT subtype split
FY2027Q2,Minivan,6,4-6,897.9247173058017,0.9308908098271156,835.8698672565815,1.0,5.0079023863640115e-06,0.004185954702924004,0.0041808793543907175,Annual sales cohort interpolation; fitted survival/claim propensity; fixed LT subtype split
FY2027Q2,Minivan,7,7-9,988.0184488692234,0.908656050955414,897.7689420206023,0.9136844571609987,5.2563806582669044e-06,0.00431169093493505,0.004306463134871347,Annual sales cohort interpolation; fitted survival/claim propensity; fixed LT subtype split
FY2027Q2,Minivan,8,7-9,962.0429768928223,0.8820609645131938,848.580556101227,0.8348192872575889,5.2563806582669044e-06,0.0037236800600332918,0.0037191652060818343,Annual sales cohort interpolation; fitted survival/claim propensity; fixed LT subtype split
FY2027Q2,Minivan,9,7-9,892.2134316617505,0.8521865332120109,760.3322712130185,0.7627614073054819,5.2563806582669044e-06,0.0030484490705991944,0.0030447529146163175,Annual sales cohort interpolation; fitted survival/claim propensity; fixed LT subtype split
FY2027Q2,Minivan,10,10-12,853.6757423795478,0.8191319381255686,699.2730653861427,0.6969232423772687,5.362458135896663e-06,0.0026133384820055095,0.002610169884977366,Annual sales cohort interpolation; fitted survival/claim propensity; fixed LT subtype split
FY2027Q2,Minivan,11,10-12,792.5577187807277,0.7836087352138308,621.055151597725,0.6367679343943579,5.362458135896663e-06,0.0021206806264109186,0.002118109362727796,Annual sales cohort interpolation; fitted survival/claim propensity; fixed LT subtype split
FY2027Q2,Minivan,12,10-12,703.3402114060964,0.7444822565969063,523.6243077429557,0.5818049644746394,5.362458135896663e-06,0.001633657972929079,0.0016316772100720405,Annual sales cohort interpolation; fitted survival/claim propensity; fixed LT subtype split
FY2027Q2,Minivan,13,13+,637.5122517207475,0.7045268425841674,449.1444938135412,0.5315861531395849,4.7243464997987995e-06,0.0011279802160411346,0.0011266125727813876,Annual sales cohort interpolation; fitted survival/claim propensity; fixed LT subtype split
FY2027Q2,Minivan,14,13+,578.6039675516225,0.6630127388535032,383.6218012379048,0.4857020057656452,4.7243464997987995e-06,0.0008802680110473443,0.0008792007116435434,Annual sales cohort interpolation; fitted survival/claim propensity; fixed LT subtype split
FY2027Q2,Minivan,15,13+,533.8795624385449,0.6211565059144677,331.62276358347145,0.44377837347999183,4.7243464997987995e-06,0.0006952679515652025,0.0006944249593618342,Annual sales cohort interpolation; fitted survival/claim propensity; fixed LT subtype split
FY2027Q2,Minivan,16,13+,475.5122173058014,0.5759481346678799,273.87037456906387,0.4054734022728573,4.7243464997987995e-06,0.0005246252265012396,0.0005239891336472035,Annual sales cohort interpolation; fitted survival/claim propensity; fixed LT subtype split
FY2027Q2,Minivan,17,13+,409.7133726647001,0.5291010009099181,216.7797555630711,0.37047474544889886,4.7243464997987995e-06,0.00037941899846208316,0.00037895896394331486,Annual sales cohort interpolation; fitted survival/claim propensity; fixed LT subtype split
FY2027Q2,Minivan,18,13+,527.462930186824,0.483452229299363,255.00312947159432,0.33849701668733634,4.7243464997987995e-06,0.0004077951895542932,0.0004073007497277609,Annual sales cohort interpolation; fitted survival/claim propensity; fixed LT subtype split
FY2027Q2,Minivan,19,13+,689.7226892822027,0.4397315741583258,303.29284389077685,0.3092794629425864,4.7243464997987995e-06,0.0004431543214114488,0.00044261700966423276,Annual sales cohort interpolation; fitted survival/claim propensity; fixed LT subtype split
FY2027Q2,Minivan,20,13+,715.4201819075714,0.3984704276615104,285.0737858423856,0.28258383820974226,4.7243464997987995e-06,0.0003805803364475893,0.00038011889384023434,Annual sales cohort interpolation; fitted survival/claim propensity; fixed LT subtype split
FY2027Q2,Minivan,21,13+,758.1788593903639,0.35966878980891714,272.69327281563733,0.25819246081713987,4.7243464997987995e-06,0.0003326287040991616,0.0003322254014536983,Annual sales cohort interpolation; fitted survival/claim propensity; fixed LT subtype split
FY2027Q2,Minivan,22,13+,768.1796460176993,0.32334485896269327,248.38693929960462,0.23590643840477085,4.7243464997987995e-06,0.000276828176929249,0.00027649253080274674,Annual sales cohort interpolation; fitted survival/claim propensity; fixed LT subtype split
FY2027Q2,Minivan,23,13+,742.4705998033434,0.2905878070973612,215.752903431116,0.2155440461146476,4.7243464997987995e-06,0.00021970220850764025,0.00021943582595913103,Annual sales cohort interpolation; fitted survival/claim propensity; fixed LT subtype split
FY2027Q2,Minivan,24,13+,718.3339970501476,0.2603448589626933,187.01456315012842,0.19693924476854713,4.7243464997987995e-06,0.00017400007601634402,0.00017378910597646652,Annual sales cohort interpolation; fitted survival/claim propensity; fixed LT subtype split
FY2027Q2,Minivan,25,13+,714.2925516224191,0.23256141947224745,166.11688972376336,0.17994032695004702,4.7243464997987995e-06,0.0001412160433378673,0.00014104482298569037,Annual sales cohort interpolation; fitted survival/claim propensity; fixed LT subtype split
FY2027Q2,Minivan,26,13+,696.3948869223206,0.20723748862602367,144.31912745778544,0.16440867995072633,4.7243464997987995e-06,0.00011209606813811918,0.00011196015491033996,Annual sales cohort interpolation; fitted survival/claim propensity; fixed LT subtype split
FY2027Q2,Minivan,27,13+,668.3439282202557,0.18437306642402182,123.22461947184489,0.15021765549333577,4.7243464997987995e-06,8.74500793614074e-05,8.734404867939532e-05,Annual sales cohort interpolation; fitted survival/claim propensity; fixed LT subtype split
FY2027Q2,Minivan,28,13+,605.7477384464112,0.163968152866242,99.32333777596152,0.1372515370154264,4.7243464997987995e-06,6.440361794594397e-05,6.432553042921762e-05,Annual sales cohort interpolation; fitted survival/claim propensity; fixed LT subtype split
FY2027Q2,Minivan,29,13+,564.7093903638153,0.14524749772520476,82.02262589227003,0.12540459609245258,4.7243464997987995e-06,4.859469551553986e-05,4.8535775858230135e-05,Annual sales cohort interpolation; fitted survival/claim propensity; fixed LT subtype split
FY2027Q2,Minivan,30,13+,540.4560963618487,0.1282393084622384,69.30771605164436,0.11458023030622685,4.7243464997987995e-06,3.7517424830230334e-05,3.7471936041985256e-05,Annual sales cohort interpolation; fitted survival/claim propensity; fixed LT subtype split
FY2027Q2,Minivan,31,13+,503.9698623402164,0.11388808007279344,57.396160036477255,0.10469017552872707,4.7243464997987995e-06,2.83877197143198e-05,2.8353300428436277e-05,Annual sales cohort interpolation; fitted survival/claim propensity; fixed LT subtype split
FY2027Q2,Minivan,32,13+,498.73146509341206,0.10047406733393992,50.10957880534999,0.09565378619805467,4.7243464997987995e-06,2.2644600341617122e-05,2.2617144421214924e-05,Annual sales cohort interpolation; fitted survival/claim propensity; fixed LT subtype split
FY2027Q2,Minivan,33,13+,442.5787118977385,0.08730755232029119,38.64046404485889,0.08739737771776383,4.7243464997987995e-06,1.595447354863538e-05,1.5935129212714146e-05,Annual sales cohort interpolation; fitted survival/claim propensity; fixed LT subtype split
FY2027Q2,Minivan,34,13+,383.5583579154376,0.03089262966333025,11.84912630535669,0.07985362561734978,4.7243464997987995e-06,4.47015632395841e-06,4.46473638921174e-06,Annual sales cohort interpolation; fitted survival/claim propensity; fixed LT subtype split
FY2027Q2,Minivan,35,13+,345.4465339233039,0,0.0,0.07296101657452587,4.7243464997987995e-06,0.0,0.0,Annual sales cohort interpolation; fitted survival/claim propensity; fixed LT subtype split
FY2027Q2,Minivan,36,13+,378.12354965585064,0,0.0,0.0666633468228103,4.7243464997987995e-06,0.0,0.0,Annual sales cohort interpolation; fitted survival/claim propensity; fixed LT subtype split
FY2027Q2,Minivan,37,13+,384.2931661750246,0,0.0,0.06090926385433481,4.7243464997987995e-06,0.0,0.0,Annual sales cohort interpolation; fitted survival/claim propensity; fixed LT subtype split
FY2027Q2,Minivan,38,13+,398.1944444444445,0,0.0,0.05565184768082395,4.7243464997987995e-06,0.0,0.0,Annual sales cohort interpolation; fitted survival/claim propensity; fixed LT subtype split
FY2027Q2,Minivan,39,13+,383.63230088495584,0,0.0,0.05084822823826022,4.7243464997987995e-06,0.0,0.0,Annual sales cohort interpolation; fitted survival/claim propensity; fixed LT subtype split
FY2027Q2,Minivan,40,13+,377.9872173058015,0,0.0,0.04645923581547334,4.7243464997987995e-06,0.0,0.0,Annual sales cohort interpolation; fitted survival/claim propensity; fixed LT subtype split
FY2027Q2,Minivan,41,13+,305.83505408062933,0,0.0,0.04244908165617559,4.7243464997987995e-06,0.0,0.0,Annual sales cohort interpolation; fitted survival/claim propensity; fixed LT subtype split
FY2027Q2,Minivan,42,13+,267.87804818092434,0,0.0,0.038785066130005715,4.7243464997987995e-06,0.0,0.0,Annual sales cohort interpolation; fitted survival/claim propensity; fixed LT subtype split
FY2027Q2,Minivan,43,13+,208.44292035398234,0,0.0,0.0354373120929477,4.7243464997987995e-06,0.0,0.0,Annual sales cohort interpolation; fitted survival/claim propensity; fixed LT subtype split
FY2027Q2,Minivan,44,13+,170.6765486725664,0,0.0,0.032378521262889814,4.7243464997987995e-06,0.0,0.0,Annual sales cohort interpolation; fitted survival/claim propensity; fixed LT subtype split
FY2027Q2,Minivan,45,13+,146.59771386430683,0,0.0,0.02958375162375934,4.7243464997987995e-06,0.0,0.0,Annual sales cohort interpolation; fitted survival/claim propensity; fixed LT subtype split
FY2027Q3,Car,0,current_year_or_newer,2764.3999999999996,1.0,2764.3999999999996,0.5,6.3145515514551716e-06,0.008727973154421337,0.00871576001966069,Annual sales cohort interpolation; fitted survival/claim propensity; fixed LT subtype split
FY2027Q3,Car,1,1-3,2764.3999999999996,0.9976377952755906,2757.869921259842,1.0,5.256249933599001e-06,0.014496053590496728,0.014475769126639433,Annual sales cohort interpolation; fitted survival/claim propensity; fixed LT subtype split
FY2027Q3,Car,2,1-3,2982.9791666666665,0.9952755905511811,2968.8863517060367,1.0,5.256249933599001e-06,0.015605208689017836,0.015583372174020026,Annual sales cohort interpolation; fitted survival/claim propensity; fixed LT subtype split
FY2027Q3,Car,3,1-3,3154.5791666666664,0.9929133858267717,3132.223881233596,1.0,5.256249933599001e-06,0.016463751567751293,0.016440713685644506,Annual sales cohort interpolation; fitted survival/claim propensity; fixed LT subtype split
FY2027Q3,Car,4,4-6,2983.595833333333,0.9899527559055118,2953.6189177165347,1.0,5.007902386364013e-06,0.014791435226442528,0.014770737432289436,Annual sales cohort interpolation; fitted survival/claim propensity; fixed LT subtype split
FY2027Q3,Car,5,4-6,3262.725,0.9844409448818897,3211.9600818897634,1.0,5.007902386364013e-06,0.016085182559001696,0.016062674412062314,Annual sales cohort interpolation; fitted survival/claim propensity; fixed LT subtype split
FY2027Q3,Car,6,4-6,3391.0291666666667,0.976755905511811,3312.2077643044618,1.0,5.007902386364013e-06,0.016587213166993728,0.01656400252391224,Annual sales cohort interpolation; fitted survival/claim propensity; fixed LT subtype split
FY2027Q3,Car,7,7-9,4445.1375,0.9673464566929133,4299.988010137795,0.9136844571609987,5.256380658266906e-06,0.02065143764264355,0.020622539892104188,Annual sales cohort interpolation; fitted survival/claim propensity; fixed LT subtype split
FY2027Q3,Car,8,7-9,5187.258333333333,0.9553149606299213,4955.465490485564,0.8348192872575889,5.256380658266906e-06,0.021745216647296114,0.021714788361528715,Annual sales cohort interpolation; fitted survival/claim propensity; fixed LT subtype split
FY2027Q3,Car,9,7-9,5926.929166666666,0.9400944881889763,5571.873441469816,0.7627614073054819,5.256380658266906e-06,0.022339670506220346,0.022308410395588278,Annual sales cohort interpolation; fitted survival/claim propensity; fixed LT subtype split
FY2027Q3,Car,10,10-12,6717.862499999999,0.9227716535433071,6199.053087401575,0.6969232423772687,5.362458135896662e-06,0.023167235787003658,0.023134817656506195,Annual sales cohort interpolation; fitted survival/claim propensity; fixed LT subtype split
FY2027Q3,Car,11,10-12,7394.083333333333,0.9021417322834646,6670.5111469816275,0.6367679343943579,5.362458135896662e-06,0.022777403458082556,0.02274553082362214,Annual sales cohort interpolation; fitted survival/claim propensity; fixed LT subtype split
FY2027Q3,Car,12,10-12,7670.604166666666,0.8790866141732284,6743.125445538058,0.5818049644746394,5.362458135896662e-06,0.02103790921022686,0.02100847066639534,Annual sales cohort interpolation; fitted survival/claim propensity; fixed LT subtype split
FY2027Q3,Car,13,13+,7611.654166666666,0.853496062992126,6496.516864107612,0.5315861531395849,4.7243464997987995e-06,0.01631533414485788,0.016292503944644075,Annual sales cohort interpolation; fitted survival/claim propensity; fixed LT subtype split
FY2027Q3,Car,14,13+,7316.262499999999,0.8251023622047243,6036.665471259841,0.4857020057656452,4.7243464997987995e-06,0.013851880916560973,0.013832497849572883,Annual sales cohort interpolation; fitted survival/claim propensity; fixed LT subtype split
FY2027Q3,Car,15,13+,6332.9625,0.7951811023622047,5035.852101968504,0.44377837347999183,4.7243464997987995e-06,0.010557980210666906,0.010543206329854978,Annual sales cohort interpolation; fitted survival/claim propensity; fixed LT subtype split
FY2027Q3,Car,16,13+,5730.949999999999,0.7461102362204726,4275.920458267717,0.4054734022728573,4.7243464997987995e-06,0.008190939755531269,0.008179478096646585,Annual sales cohort interpolation; fitted survival/claim propensity; fixed LT subtype split
FY2027Q3,Car,17,13+,5450.3708333333325,0.677488188976378,3692.5618651246714,0.37047474544889886,4.7243464997987995e-06,0.0064629103441223405,0.006453866733013298,Annual sales cohort interpolation; fitted survival/claim propensity; fixed LT subtype split
FY2027Q3,Car,18,13+,6484.204166666666,0.5951574803149606,3859.1226136811024,0.33849701668733634,4.7243464997987995e-06,0.006171420880286287,0.006162785153120074,Annual sales cohort interpolation; fitted survival/claim propensity; fixed LT subtype split
FY2027Q3,Car,19,13+,7397.049999999999,0.5140551181102362,3802.491411417322,0.3092794629425864,4.7243464997987995e-06,0.005555985032427431,0.005548210490419954,Annual sales cohort interpolation; fitted survival/claim propensity; fixed LT subtype split
FY2027Q3,Car,20,13+,7720.079166666666,0.4389370078740157,3388.628449967191,0.28258383820974226,4.7243464997987995e-06,0.0045239001957809565,0.0045175698597731285,Annual sales cohort interpolation; fitted survival/claim propensity; fixed LT subtype split
FY2027Q3,Car,21,13+,7681.166666666666,0.3705590551181103,2846.3258622047247,0.25819246081713987,4.7243464997987995e-06,0.0034719216694031876,0.003467063376821782,Annual sales cohort interpolation; fitted survival/claim propensity; fixed LT subtype split
FY2027Q3,Car,22,13+,7519.558333333333,0.30907874015748027,2324.135616207349,0.23590643840477085,4.7243464997987995e-06,0.002590257875012357,0.002586633302854235,Annual sales cohort interpolation; fitted survival/claim propensity; fixed LT subtype split
FY2027Q3,Car,23,13+,7540.391666666666,0.2546062992125985,1919.8312168635173,0.2155440461146476,4.7243464997987995e-06,0.00195497326617202,0.0019522376537301864,Annual sales cohort interpolation; fitted survival/claim propensity; fixed LT subtype split
FY2027Q3,Car,24,13+,7940.904166666666,0.20893700787401587,1659.1487563976386,0.19693924476854713,4.7243464997987995e-06,0.001543687319708147,0.001541527223551762,Annual sales cohort interpolation; fitted survival/claim propensity; fixed LT subtype split
FY2027Q3,Car,25,13+,8287.479166666666,0.17148818897637794,1421.2047934711284,0.17994032695004702,4.7243464997987995e-06,0.0012081668398712714,0.0012064762406717058,Annual sales cohort interpolation; fitted survival/claim propensity; fixed LT subtype split
FY2027Q3,Car,26,13+,8689.012499999999,0.13951968503937012,1212.28828730315,0.16440867995072633,4.7243464997987995e-06,0.0009416128883978145,0.0009402952806445711,Annual sales cohort interpolation; fitted survival/claim propensity; fixed LT subtype split
FY2027Q3,Car,27,13+,8666.866666666667,0.11272440944881885,976.9674267716532,0.15021765549333577,4.7243464997987995e-06,0.0006933344924973533,0.0006923643030339742,Annual sales cohort interpolation; fitted survival/claim propensity; fixed LT subtype split
FY2027Q3,Car,28,13+,8200.145833333334,0.09096062992125985,745.8904304461943,0.1372515370154264,4.7243464997987995e-06,0.00048365312108569384,0.00048297634073351836,Annual sales cohort interpolation; fitted survival/claim propensity; fixed LT subtype split
FY2027Q3,Car,29,13+,8189.895833333333,0.07363779527559058,603.0858727034123,0.12540459609245258,4.7243464997987995e-06,0.0003573010987509469,0.00035680112396963557,Annual sales cohort interpolation; fitted survival/claim propensity; fixed LT subtype split
FY2027Q3,Car,30,13+,8424.125,0.05942519685039369,500.60528641732276,0.11458023030622685,4.7243464997987995e-06,0.0002709860066487104,0.0002706068133859798,Annual sales cohort interpolation; fitted survival/claim propensity; fixed LT subtype split
FY2027Q3,Car,31,13+,8590.679166666667,0.04767716535433072,409.5792311351707,0.10469017552872707,4.7243464997987995e-06,0.00020257488317829023,0.00020229141824277703,Annual sales cohort interpolation; fitted survival/claim propensity; fixed LT subtype split
FY2027Q3,Car,32,13+,8913.354166666666,0.03803149606299215,338.988193897638,0.09565378619805467,4.7243464997987995e-06,0.00015318931737895718,0.0001529749581292277,Annual sales cohort interpolation; fitted survival/claim propensity; fixed LT subtype split
FY2027Q3,Car,33,13+,8616.358333333334,0.030157480314960627,259.84765682414695,0.08739737771776383,4.7243464997987995e-06,0.00010728992702217111,0.00010713979522020538,Annual sales cohort interpolation; fitted survival/claim propensity; fixed LT subtype split
FY2027Q3,Car,34,13+,8276.6,0.024598425196850404,203.59132598425205,0.07985362561734978,4.7243464997987995e-06,7.680608931817667e-05,7.669861383644858e-05,Annual sales cohort interpolation; fitted survival/claim propensity; fixed LT subtype split
FY2027Q3,Car,35,13+,8190.854166666666,0.01740944881889763,142.59825639763773,0.07296101657452587,4.7243464997987995e-06,4.915263837135992e-05,4.908385862311256e-05,Annual sales cohort interpolation; fitted survival/claim propensity; fixed LT subtype split
FY2027Q3,Car,36,13+,9068.658333333333,0.011960629921259843,108.46686620734909,0.0666633468228103,4.7243464997987995e-06,3.4160636109670856e-05,3.411283481091164e-05,Annual sales cohort interpolation; fitted survival/claim propensity; fixed LT subtype split
FY2027Q3,Car,37,13+,9677.004166666666,0.0095984251968504,92.88400062335963,0.06090926385433481,4.7243464997987995e-06,2.6727971906232262e-05,2.6690571204260093e-05,Annual sales cohort interpolation; fitted survival/claim propensity; fixed LT subtype split
FY2027Q3,Car,38,13+,10383.662499999999,0.007236220472440945,75.13847116141731,0.05565184768082395,4.7243464997987995e-06,1.9755302530401673e-05,1.97276587501365e-05,Annual sales cohort interpolation; fitted survival/claim propensity; fixed LT subtype split
FY2027Q3,Car,39,13+,10261.6875,0.003456692913385833,35.471502460629985,0.05084822823826022,4.7243464997987995e-06,8.521129231597698e-06,8.509205535479811e-06,Annual sales cohort interpolation; fitted survival/claim propensity; fixed LT subtype split
FY2027Q3,Car,40,13+,11150.641666666666,0,0.0,0.04645923581547334,4.7243464997987995e-06,0.0,0.0,Annual sales cohort interpolation; fitted survival/claim propensity; fixed LT subtype split
FY2027Q3,Car,41,13+,11067.720833333333,0,0.0,0.04244908165617559,4.7243464997987995e-06,0.0,0.0,Annual sales cohort interpolation; fitted survival/claim propensity; fixed LT subtype split
FY2027Q3,Car,42,13+,10460.2625,0,0.0,0.038785066130005715,4.7243464997987995e-06,0.0,0.0,Annual sales cohort interpolation; fitted survival/claim propensity; fixed LT subtype split
FY2027Q3,Car,43,13+,9392.9375,0,0.0,0.0354373120929477,4.7243464997987995e-06,0.0,0.0,Annual sales cohort interpolation; fitted survival/claim propensity; fixed LT subtype split
FY2027Q3,Car,44,13+,8204.729166666666,0,0.0,0.032378521262889814,4.7243464997987995e-06,0.0,0.0,Annual sales cohort interpolation; fitted survival/claim propensity; fixed LT subtype split
FY2027Q3,Car,45,13+,8377.5875,0,0.0,0.02958375162375934,4.7243464997987995e-06,0.0,0.0,Annual sales cohort interpolation; fitted survival/claim propensity; fixed LT subtype split
FY2027Q3,SUV,0,current_year_or_newer,9476.13185840708,1.0,9476.13185840708,0.5,6.314551551455172e-06,0.029918761564149104,0.029876895960258065,Annual sales cohort interpolation; fitted survival/claim propensity; fixed LT subtype split
FY2027Q3,SUV,1,1-3,9476.13185840708,0.991810737033667,9398.529322714938,1.0,5.256249933599e-06,0.049401019128448645,0.04933189181867645,Annual sales cohort interpolation; fitted survival/claim propensity; fixed LT subtype split
FY2027Q3,SUV,2,1-3,9112.339026548674,0.9836214740673339,8963.0923454951,1.0,5.256249933599e-06,0.04711225354585033,0.047046328927241504,Annual sales cohort interpolation; fitted survival/claim propensity; fixed LT subtype split
FY2027Q3,SUV,3,1-3,8745.937160766962,0.9754322111010009,8531.068822877327,1.0,5.256249933599e-06,0.044841429933777446,0.04477868289996423,Annual sales cohort interpolation; fitted survival/claim propensity; fixed LT subtype split
FY2027Q3,SUV,4,4-6,7848.495848082596,0.9646842584167424,7571.320396894442,1.0,5.0079023863640115e-06,0.03791643348353419,0.037863376662255706,Annual sales cohort interpolation; fitted survival/claim propensity; fixed LT subtype split
FY2027Q3,SUV,5,4-6,8019.850560471977,0.9495577797998179,7615.311492528095,1.0,5.0079023863640115e-06,0.03813673659633673,0.03808337150284461,Annual sales cohort interpolation; fitted survival/claim propensity; fixed LT subtype split
FY2027Q3,SUV,6,4-6,7836.249977876108,0.9308908098271156,7294.693087912807,1.0,5.0079023863640115e-06,0.0365311109227516,0.03647999259633584,Annual sales cohort interpolation; fitted survival/claim propensity; fixed LT subtype split
FY2027Q3,SUV,7,7-9,8442.577396755163,0.908656050955414,7671.399037220986,0.9136844571609987,5.256380658266905e-06,0.03684322339399457,0.03679166832566813,Annual sales cohort interpolation; fitted survival/claim propensity; fixed LT subtype split
FY2027Q3,SUV,8,7-9,8449.2673820059,0.8820609645131938,7452.7689364019925,0.8348192872575889,5.256380658266905e-06,0.032703703709663044,0.032657941110086755,Annual sales cohort interpolation; fitted survival/claim propensity; fixed LT subtype split
FY2027Q3,SUV,9,7-9,7904.558407079647,0.8521865332120109,6736.158225501059,0.7627614073054819,5.256380658266905e-06,0.027007712363933952,0.026969920218513518,Annual sales cohort interpolation; fitted survival/claim propensity; fixed LT subtype split
FY2027Q3,SUV,10,10-12,7519.869174041298,0.8191319381255686,6159.7650109831675,0.6969232423772687,5.3624581358966625e-06,0.023020407534822238,0.022988194862476267,Annual sales cohort interpolation; fitted survival/claim propensity; fixed LT subtype split
FY2027Q3,SUV,11,10-12,7041.966548672567,0.7836087352138308,5518.146500623416,0.6367679343943579,5.3624581358966625e-06,0.018842491439712176,0.01881612496457436,Annual sales cohort interpolation; fitted survival/claim propensity; fixed LT subtype split
FY2027Q3,SUV,12,10-12,6306.448215339233,0.7444822565969063,4695.038798467284,0.5818049644746394,5.3624581358966625e-06,0.014648073920381567,0.014627576733049714,Annual sales cohort interpolation; fitted survival/claim propensity; fixed LT subtype split
FY2027Q3,SUV,13,13+,5687.947315634219,0.7045268425841674,4007.311563068867,0.5315861531395849,4.7243464997987995e-06,0.010063950966592659,0.010049868385539201,Annual sales cohort interpolation; fitted survival/claim propensity; fixed LT subtype split
FY2027Q3,SUV,14,13+,5157.266799410029,0.6630127388535032,3419.333585675084,0.4857020057656452,4.7243464997987995e-06,0.007846086861739562,0.007835107758746145,Annual sales cohort interpolation; fitted survival/claim propensity; fixed LT subtype split
FY2027Q3,SUV,15,13+,4747.687684365782,0.6211565059144677,2949.057093193799,0.44377837347999183,4.7243464997987995e-06,0.006182883412699107,0.006174231645903695,Annual sales cohort interpolation; fitted survival/claim propensity; fixed LT subtype split
FY2027Q3,SUV,16,13+,4272.391076696164,0.5759481346678799,2460.6756711948506,0.4054734022728573,4.7243464997987995e-06,0.004713662561633312,0.0047070666893657305,Annual sales cohort interpolation; fitted survival/claim propensity; fixed LT subtype split
FY2027Q3,SUV,17,13+,3638.652212389381,0.5291010009099181,1925.2145275383093,0.37047474544889886,4.7243464997987995e-06,0.0033696087808841218,0.003364893655687987,Annual sales cohort interpolation; fitted survival/claim propensity; fixed LT subtype split
FY2027Q3,SUV,18,13+,4308.4952802359885,0.483452229299363,2082.951648155872,0.33849701668733634,4.7243464997987995e-06,0.0033310087760580636,0.0033263476642110034,Annual sales cohort interpolation; fitted survival/claim propensity; fixed LT subtype split
FY2027Q3,SUV,19,13+,5701.417772861357,0.4397315741583258,2507.0934121945807,0.3092794629425864,4.7243464997987995e-06,0.003663222862575392,0.0036580968804387198,Annual sales cohort interpolation; fitted survival/claim propensity; fixed LT subtype split
FY2027Q3,SUV,20,13+,6166.097271386431,0.3984704276615104,2457.007416731824,0.28258383820974226,4.7243464997987995e-06,0.0032801637883008326,0.0032755738243224006,Annual sales cohort interpolation; fitted survival/claim propensity; fixed LT subtype split
FY2027Q3,SUV,21,13+,6516.130088495575,0.35966878980891714,2343.648623166676,0.25819246081713987,4.7243464997987995e-06,0.0028587606739927333,0.0028547603833476796,Annual sales cohort interpolation; fitted survival/claim propensity; fixed LT subtype split
FY2027Q3,SUV,22,13+,6677.799705014749,0.32334485896269327,2159.2322037991084,0.23590643840477085,4.7243464997987995e-06,0.002406472402414209,0.002403105002993007,Annual sales cohort interpolation; fitted survival/claim propensity; fixed LT subtype split
FY2027Q3,SUV,23,13+,6517.819174041298,0.2905878070973612,1893.9987808417948,0.2155440461146476,4.7243464997987995e-06,0.0019286679736135036,0.0019259691704144636,Annual sales cohort interpolation; fitted survival/claim propensity; fixed LT subtype split
FY2027Q3,SUV,24,13+,6295.372640117994,0.2603448589626933,1638.9679021091174,0.19693924476854713,4.7243464997987995e-06,0.0015249108665746091,0.00152277704448534,Annual sales cohort interpolation; fitted survival/claim propensity; fixed LT subtype split
FY2027Q3,SUV,25,13+,6229.317330383481,0.23256141947224745,1448.6988806970535,0.17994032695004702,4.7243464997987995e-06,0.0012315395758988226,0.001229816271010344,Annual sales cohort interpolation; fitted survival/claim propensity; fixed LT subtype split
FY2027Q3,SUV,26,13+,6102.5454277286135,0.20723748862602367,1264.6761886687013,0.16440867995072633,4.7243464997987995e-06,0.0009823038062583293,0.000980929259321776,Annual sales cohort interpolation; fitted survival/claim propensity; fixed LT subtype split
FY2027Q3,SUV,27,13+,5891.1985988200595,0.18437306642402182,1086.178350577355,0.15021765549333577,4.7243464997987995e-06,0.0007708393287457899,0.0007697606860375443,Annual sales cohort interpolation; fitted survival/claim propensity; fixed LT subtype split
FY2027Q3,SUV,28,13+,5400.428761061948,0.163968152866242,885.4983286370554,0.1372515370154264,4.7243464997987995e-06,0.0005741782075220918,0.0005733747545667465,Annual sales cohort interpolation; fitted survival/claim propensity; fixed LT subtype split
FY2027Q3,SUV,29,13+,4996.013421828909,0.14524749772520476,725.6584481221869,0.12540459609245258,4.7243464997987995e-06,0.0004299198050680808,0.0004293182142493799,Annual sales cohort interpolation; fitted survival/claim propensity; fixed LT subtype split
FY2027Q3,SUV,30,13+,4760.989233038348,0.1282393084622384,610.5459668410006,0.11458023030622685,4.7243464997987995e-06,0.0003304987340700874,0.0003300362640892561,Annual sales cohort interpolation; fitted survival/claim propensity; fixed LT subtype split
FY2027Q3,SUV,31,13+,4452.007227138643,0.11388808007279344,507.0305555690209,0.10469017552872707,4.7243464997987995e-06,0.00025077359337178105,0.0002504226835286739,Annual sales cohort interpolation; fitted survival/claim propensity; fixed LT subtype split
FY2027Q3,SUV,32,13+,4370.267551622419,0.10047406733393992,439.09855624904367,0.09565378619805467,4.7243464997987995e-06,0.00019842935330717816,0.00019815168925052588,Annual sales cohort interpolation; fitted survival/claim propensity; fixed LT subtype split
FY2027Q3,SUV,33,13+,3976.4089970501477,0.08730755232029119,347.1705365568324,0.08739737771776383,4.7243464997987995e-06,0.00014334515071897768,0.0001431445665040584,Annual sales cohort interpolation; fitted survival/claim propensity; fixed LT subtype split
FY2027Q3,SUV,34,13+,3459.7901179941,0.03089262966333025,106.88201482804139,0.07985362561734978,4.7243464997987995e-06,4.032190240769008e-05,4.026547959116694e-05,Annual sales cohort interpolation; fitted survival/claim propensity; fixed LT subtype split
FY2027Q3,SUV,35,13+,3060.3515486725664,0,0.0,0.07296101657452587,4.7243464997987995e-06,0.0,0.0,Annual sales cohort interpolation; fitted survival/claim propensity; fixed LT subtype split
FY2027Q3,SUV,36,13+,3228.023451327434,0,0.0,0.0666633468228103,4.7243464997987995e-06,0.0,0.0,Annual sales cohort interpolation; fitted survival/claim propensity; fixed LT subtype split
FY2027Q3,SUV,37,13+,3327.8001474926255,0,0.0,0.06090926385433481,4.7243464997987995e-06,0.0,0.0,Annual sales cohort interpolation; fitted survival/claim propensity; fixed LT subtype split
FY2027Q3,SUV,38,13+,3446.036135693216,0,0.0,0.05565184768082395,4.7243464997987995e-06,0.0,0.0,Annual sales cohort interpolation; fitted survival/claim propensity; fixed LT subtype split
FY2027Q3,SUV,39,13+,3365.8045722713864,0,0.0,0.05084822823826022,4.7243464997987995e-06,0.0,0.0,Annual sales cohort interpolation; fitted survival/claim propensity; fixed LT subtype split
FY2027Q3,SUV,40,13+,3327.9811209439526,0,0.0,0.04645923581547334,4.7243464997987995e-06,0.0,0.0,Annual sales cohort interpolation; fitted survival/claim propensity; fixed LT subtype split
FY2027Q3,SUV,41,13+,2806.3553097345134,0,0.0,0.04244908165617559,4.7243464997987995e-06,0.0,0.0,Annual sales cohort interpolation; fitted survival/claim propensity; fixed LT subtype split
FY2027Q3,SUV,42,13+,2421.5755899705014,0,0.0,0.038785066130005715,4.7243464997987995e-06,0.0,0.0,Annual sales cohort interpolation; fitted survival/claim propensity; fixed LT subtype split
FY2027Q3,SUV,43,13+,1935.6317109144543,0,0.0,0.0354373120929477,4.7243464997987995e-06,0.0,0.0,Annual sales cohort interpolation; fitted survival/claim propensity; fixed LT subtype split
FY2027Q3,SUV,44,13+,1562.4644542772862,0,0.0,0.032378521262889814,4.7243464997987995e-06,0.0,0.0,Annual sales cohort interpolation; fitted survival/claim propensity; fixed LT subtype split
FY2027Q3,SUV,45,13+,1311.7257374631267,0,0.0,0.02958375162375934,4.7243464997987995e-06,0.0,0.0,Annual sales cohort interpolation; fitted survival/claim propensity; fixed LT subtype split
FY2027Q3,Pickup,0,current_year_or_newer,2525.42389380531,1.0,2525.42389380531,0.5,6.3145515514551716e-06,0.00797345968335514,0.007962302346376843,Annual sales cohort interpolation; fitted survival/claim propensity; fixed LT subtype split
FY2027Q3,Pickup,1,1-3,2525.42389380531,0.991810737033667,2504.7425334374775,1.0,5.256249933599002e-06,0.013165552775063337,0.013147130093485906,Annual sales cohort interpolation; fitted survival/claim propensity; fixed LT subtype split
FY2027Q3,Pickup,2,1-3,2428.471769911505,0.9836214740673339,2388.696982051262,1.0,5.256249933599002e-06,0.01255558835329508,0.0125380192006585,Annual sales cohort interpolation; fitted survival/claim propensity; fixed LT subtype split
FY2027Q3,Pickup,3,1-3,2330.8243289085544,0.9754322111010009,2273.561128835278,1.0,5.256249933599002e-06,0.011950405532473701,0.011933683217838881,Annual sales cohort interpolation; fitted survival/claim propensity; fixed LT subtype split
FY2027Q3,Pickup,4,4-6,2091.6529277286136,0.9646842584167424,2017.7846534510857,1.0,5.007902386364012e-06,0.010104868581186373,0.010090728743730739,Annual sales cohort interpolation; fitted survival/claim propensity; fixed LT subtype split
FY2027Q3,Pickup,5,4-6,2137.319587020649,0.9495577797998179,2029.5084417739913,1.0,5.007902386364012e-06,0.01016358016870588,0.010149358175574729,Annual sales cohort interpolation; fitted survival/claim propensity; fixed LT subtype split
FY2027Q3,Pickup,6,4-6,2088.3893584070797,0.9308908098271156,1944.0624610818968,1.0,5.007902386364012e-06,0.009735675038092726,0.0097220518166274,Annual sales cohort interpolation; fitted survival/claim propensity; fixed LT subtype split
FY2027Q3,Pickup,7,7-9,2249.977839233038,0.908656050955414,2044.455978134688,0.9136844571609987,5.2563806582669044e-06,0.009818854156345737,0.009805114541559473,Annual sales cohort interpolation; fitted survival/claim propensity; fixed LT subtype split
FY2027Q3,Pickup,8,7-9,2251.760744837758,0.8820609645131938,1986.1902544445406,0.8348192872575889,5.2563806582669044e-06,0.008715656978858854,0.008703461078238278,Annual sales cohort interpolation; fitted survival/claim propensity; fixed LT subtype split
FY2027Q3,Pickup,9,7-9,2106.5938053097348,0.8521865332120109,1795.2108718328006,0.7627614073054819,5.2563806582669044e-06,0.007197654395278241,0.007187582649921695,Annual sales cohort interpolation; fitted survival/claim propensity; fixed LT subtype split
FY2027Q3,Pickup,10,10-12,2004.0727138643067,0.8191319381255686,1641.5999662522377,0.6969232423772687,5.362458135896663e-06,0.006135023034952625,0.006126438239633038,Annual sales cohort interpolation; fitted survival/claim propensity; fixed LT subtype split
FY2027Q3,Pickup,11,10-12,1876.7099115044248,0.7836087352138308,1470.6062801172427,0.6367679343943579,5.362458135896663e-06,0.005021593073175128,0.005014566310852337,Annual sales cohort interpolation; fitted survival/claim propensity; fixed LT subtype split
FY2027Q3,Pickup,12,10-12,1680.6915781710914,0.7444822565969063,1251.2450587602298,0.5818049644746394,5.362458135896663e-06,0.0039037654213241835,0.0038983028457271864,Annual sales cohort interpolation; fitted survival/claim propensity; fixed LT subtype split
FY2027Q3,Pickup,13,13+,1515.8588200589973,0.7045268425841674,1067.963228299527,0.5315861531395849,4.7243464997988e-06,0.0026820798419525667,0.002678326782454212,Annual sales cohort interpolation; fitted survival/claim propensity; fixed LT subtype split
FY2027Q3,Pickup,14,13+,1374.4305162241888,0.6630127388535032,911.2649409256337,0.4857020057656452,4.7243464997988e-06,0.0020910109240332825,0.002088084952819878,Annual sales cohort interpolation; fitted survival/claim propensity; fixed LT subtype split
FY2027Q3,Pickup,15,13+,1265.276179941003,0.6211565059144677,785.9345309489587,0.44377837347999183,4.7243464997988e-06,0.0016477611050958504,0.0016454553775146772,Annual sales cohort interpolation; fitted survival/claim propensity; fixed LT subtype split
FY2027Q3,Pickup,16,13+,1138.607890855457,0.5759481346678799,655.7790908563294,0.4054734022728573,4.7243464997988e-06,0.0012562083599462863,0.0012544505357967352,Annual sales cohort interpolation; fitted survival/claim propensity; fixed LT subtype split
FY2027Q3,Pickup,17,13+,969.7141592920354,0.5291010009099181,513.0767322779357,0.37047474544889886,4.7243464997988e-06,0.0008980130980840326,0.0008967564999266275,Annual sales cohort interpolation; fitted survival/claim propensity; fixed LT subtype split
FY2027Q3,Pickup,18,13+,1148.2297935103245,0.483452229299363,555.1142534205136,0.33849701668733634,4.7243464997988e-06,0.0008877260552330781,0.0008864838518312944,Annual sales cohort interpolation; fitted survival/claim propensity; fixed LT subtype split
FY2027Q3,Pickup,19,13+,1519.4487463126843,0.4397315741583258,668.1495890689713,0.3092794629425864,4.7243464997988e-06,0.0009762623276790166,0.000974896234640148,Annual sales cohort interpolation; fitted survival/claim propensity; fixed LT subtype split
FY2027Q3,Pickup,20,13+,1643.2875368731566,0.3984704276615104,654.8014875886768,0.28258383820974226,4.7243464997988e-06,0.0008741756795227159,0.0008729524372888551,Annual sales cohort interpolation; fitted survival/claim propensity; fixed LT subtype split
FY2027Q3,Pickup,21,13+,1736.5725663716814,0.35966878980891714,624.5909533622681,0.25819246081713987,4.7243464997988e-06,0.0007618702040714131,0.0007608041119435136,Annual sales cohort interpolation; fitted survival/claim propensity; fixed LT subtype split
FY2027Q3,Pickup,22,13+,1779.6581120943952,0.32334485896269327,575.4433012569751,0.23590643840477085,4.7243464997988e-06,0.0006413337209367943,0.0006404362966411684,Annual sales cohort interpolation; fitted survival/claim propensity; fixed LT subtype split
FY2027Q3,Pickup,23,13+,1737.0227138643068,0.2905878070973612,504.757621300136,0.2155440461146476,4.7243464997988e-06,0.0005139970883224253,0.0005132778473720699,Annual sales cohort interpolation; fitted survival/claim propensity; fixed LT subtype split
FY2027Q3,Pickup,24,13+,1677.7398967551621,0.2603448589626933,436.79095679680637,0.19693924476854713,4.7243464997988e-06,0.00040639433852477367,0.00040582566711223005,Annual sales cohort interpolation; fitted survival/claim propensity; fixed LT subtype split
FY2027Q3,Pickup,25,13+,1660.1359144542773,0.23256141947224745,386.0835647823443,0.17994032695004702,4.7243464997988e-06,0.0003282098136258476,0.00032775054655287904,Annual sales cohort interpolation; fitted survival/claim propensity; fixed LT subtype split
FY2027Q3,Pickup,26,13+,1626.3507374631267,0.20723748862602367,337.04084245693997,0.16440867995072633,4.7243464997988e-06,0.00026178756694904135,0.0002614212451493242,Annual sales cohort interpolation; fitted survival/claim propensity; fixed LT subtype split
FY2027Q3,Pickup,27,13+,1570.0260324483777,0.18437306642402182,289.4705139680482,0.15021765549333577,4.7243464997988e-06,0.000205431508149856,0.0002051440459122062,Annual sales cohort interpolation; fitted survival/claim propensity; fixed LT subtype split
FY2027Q3,Pickup,28,13+,1439.2340707964602,0.163968152866242,235.98855213065775,0.1372515370154264,4.7243464997988e-06,0.0001530205980926846,0.0001528064749334361,Annual sales cohort interpolation; fitted survival/claim propensity; fixed LT subtype split
FY2027Q3,Pickup,29,13+,1331.4558997050149,0.14524749772520476,193.3906377636146,0.12540459609245258,4.7243464997988e-06,0.00011457520477364501,0.00011441487861413793,Annual sales cohort interpolation; fitted survival/claim propensity; fixed LT subtype split
FY2027Q3,Pickup,30,13+,1268.8210914454278,0.1282393084622384,162.71273932926422,0.11458023030622685,4.7243464997988e-06,8.807912472772502e-05,8.79558747817333e-05,Annual sales cohort interpolation; fitted survival/claim propensity; fixed LT subtype split
FY2027Q3,Pickup,31,13+,1186.4762536873156,0.11388808007279344,135.125502584409,0.10469017552872707,4.7243464997988e-06,6.68320823411348e-05,6.673856358099133e-05,Annual sales cohort interpolation; fitted survival/claim propensity; fixed LT subtype split
FY2027Q3,Pickup,32,13+,1164.6923303834808,0.10047406733393992,117.02137562627324,0.09565378619805467,4.7243464997988e-06,5.288215039237756e-05,5.2808151902951894e-05,Annual sales cohort interpolation; fitted survival/claim propensity; fixed LT subtype split
FY2027Q3,Pickup,33,13+,1059.727581120944,0.08730755232029119,92.52222123397245,0.08739737771776383,4.7243464997988e-06,3.8202008382319244e-05,3.814855195340432e-05,Annual sales cohort interpolation; fitted survival/claim propensity; fixed LT subtype split
FY2027Q3,Pickup,34,13+,922.0467551622419,0.03089262966333025,28.484448939502478,0.07985362561734978,4.7243464997988e-06,1.0745934871487093e-05,1.0730897983954032e-05,Annual sales cohort interpolation; fitted survival/claim propensity; fixed LT subtype split
FY2027Q3,Pickup,35,13+,815.5949115044248,0,0.0,0.07296101657452587,4.7243464997988e-06,0.0,0.0,Annual sales cohort interpolation; fitted survival/claim propensity; fixed LT subtype split
FY2027Q3,Pickup,36,13+,860.2800884955752,0,0.0,0.0666633468228103,4.7243464997988e-06,0.0,0.0,Annual sales cohort interpolation; fitted survival/claim propensity; fixed LT subtype split
FY2027Q3,Pickup,37,13+,886.8709439528023,0,0.0,0.06090926385433481,4.7243464997988e-06,0.0,0.0,Annual sales cohort interpolation; fitted survival/claim propensity; fixed LT subtype split
FY2027Q3,Pickup,38,13+,918.3812684365782,0,0.0,0.05565184768082395,4.7243464997988e-06,0.0,0.0,Annual sales cohort interpolation; fitted survival/claim propensity; fixed LT subtype split
FY2027Q3,Pickup,39,13+,896.9992625368732,0,0.0,0.05084822823826022,4.7243464997988e-06,0.0,0.0,Annual sales cohort interpolation; fitted survival/claim propensity; fixed LT subtype split
FY2027Q3,Pickup,40,13+,886.9191740412979,0,0.0,0.04645923581547334,4.7243464997988e-06,0.0,0.0,Annual sales cohort interpolation; fitted survival/claim propensity; fixed LT subtype split
FY2027Q3,Pickup,41,13+,747.903982300885,0,0.0,0.04244908165617559,4.7243464997988e-06,0.0,0.0,Annual sales cohort interpolation; fitted survival/claim propensity; fixed LT subtype split
FY2027Q3,Pickup,42,13+,645.3587758112094,0,0.0,0.038785066130005715,4.7243464997988e-06,0.0,0.0,Annual sales cohort interpolation; fitted survival/claim propensity; fixed LT subtype split
FY2027Q3,Pickup,43,13+,515.8529498525073,0,0.0,0.0354373120929477,4.7243464997988e-06,0.0,0.0,Annual sales cohort interpolation; fitted survival/claim propensity; fixed LT subtype split
FY2027Q3,Pickup,44,13+,416.4025073746313,0,0.0,0.032378521262889814,4.7243464997988e-06,0.0,0.0,Annual sales cohort interpolation; fitted survival/claim propensity; fixed LT subtype split
FY2027Q3,Pickup,45,13+,349.57971976401177,0,0.0,0.02958375162375934,4.7243464997988e-06,0.0,0.0,Annual sales cohort interpolation; fitted survival/claim propensity; fixed LT subtype split
FY2027Q3,Minivan,0,current_year_or_newer,1088.9442477876107,1.0,1088.9442477876107,0.5,6.314551551455172e-06,0.0034380972946577216,0.003433286332841392,Annual sales cohort interpolation; fitted survival/claim propensity; fixed LT subtype split
FY2027Q3,Minivan,1,1-3,1088.9442477876107,0.991810737033667,1080.0265969868021,1.0,5.256249933599002e-06,0.005676889728697034,0.005668946003613188,Annual sales cohort interpolation; fitted survival/claim propensity; fixed LT subtype split
FY2027Q3,Minivan,2,1-3,1047.1392035398233,0.9836214740673339,1029.988606939535,1.0,5.256249933599002e-06,0.005413877546833659,0.005406301857164675,Annual sales cohort interpolation; fitted survival/claim propensity; fixed LT subtype split
FY2027Q3,Minivan,3,1-3,1005.0343436578171,0.9754322111010009,980.3428720665877,1.0,5.256249933599002e-06,0.005152927156204256,0.005145716616866306,Annual sales cohort interpolation; fitted survival/claim propensity; fixed LT subtype split
FY2027Q3,Minivan,4,4-6,901.9053908554574,0.9646842584167424,870.0539331394592,1.0,5.0079023863640115e-06,0.004357145168034492,0.0043510481739022465,Annual sales cohort interpolation; fitted survival/claim propensity; fixed LT subtype split
FY2027Q3,Minivan,5,4-6,921.5965191740414,0.9495577797998179,875.1091446181431,1.0,5.0079023863640115e-06,0.004382461173662168,0.004376328754605616,Annual sales cohort interpolation; fitted survival/claim propensity; fixed LT subtype split
FY2027Q3,Minivan,6,4-6,900.4981637168144,0.9308908098271156,838.2654648701758,1.0,5.0079023863640115e-06,0.004197951621929891,0.004192077388820989,Annual sales cohort interpolation; fitted survival/claim propensity; fixed LT subtype split
FY2027Q3,Minivan,7,7-9,970.1739306784661,0.908656050955414,881.5544125901866,0.9136844571609987,5.2563806582669044e-06,0.0042338178472316485,0.0042278934261770216,Annual sales cohort interpolation; fitted survival/claim propensity; fixed LT subtype split
FY2027Q3,Minivan,8,7-9,970.9427064896756,0.8820609645131938,856.4306601733341,0.8348192872575889,5.2563806582669044e-06,0.0037581273211593222,0.003752868538322927,Annual sales cohort interpolation; fitted survival/claim propensity; fixed LT subtype split
FY2027Q3,Minivan,9,7-9,908.3477876106197,0.8521865332120109,774.0817520746939,0.7627614073054819,5.2563806582669044e-06,0.0031035757484227278,0.003099232885746052,Annual sales cohort interpolation; fitted survival/claim propensity; fixed LT subtype split
FY2027Q3,Minivan,10,10-12,864.1414454277286,0.8191319381255686,707.8458570078457,0.6969232423772687,5.362458135896663e-06,0.0026453769049795727,0.002641675204245439,Annual sales cohort interpolation; fitted survival/claim propensity; fixed LT subtype split
FY2027Q3,Minivan,11,10-12,809.223539823009,0.7836087352138308,634.1146345459671,0.6367679343943579,5.362458135896663e-06,0.002165274077424138,0.002162244189083118,Annual sales cohort interpolation; fitted survival/claim propensity; fixed LT subtype split
FY2027Q3,Minivan,12,10-12,724.7018731563422,0.7444822565969063,539.5276858874386,0.5818049644746394,5.362458135896663e-06,0.0016832749981856572,0.00168091957568053,Annual sales cohort interpolation; fitted survival/claim propensity; fixed LT subtype split
FY2027Q3,Minivan,13,13+,653.6271976401181,0.7045268425841674,460.49790578052995,0.5315861531395849,4.7243464997987995e-06,0.0011564931428602809,0.0011548748511499812,Annual sales cohort interpolation; fitted survival/claim propensity; fixed LT subtype split
FY2027Q3,Minivan,14,13+,592.6443510324484,0.6630127388535032,392.9307543440806,0.4857020057656452,4.7243464997987995e-06,0.0009016285635739839,0.000900366906261782,Annual sales cohort interpolation; fitted survival/claim propensity; fixed LT subtype split
FY2027Q3,Minivan,15,13+,545.5778023598821,0.6211565059144677,338.88920141835837,0.44377837347999183,4.7243464997987995e-06,0.0007105024948578437,0.0007095082820476131,Annual sales cohort interpolation; fitted survival/claim propensity; fixed LT subtype split
FY2027Q3,Minivan,16,13+,490.9593657817109,0.5759481346678799,282.76713091970174,0.4054734022728573,4.7243464997987995e-06,0.0005416678249309675,0.0005409098640591427,Annual sales cohort interpolation; fitted survival/claim propensity; fixed LT subtype split
FY2027Q3,Minivan,17,13+,418.13362831858416,0.5291010009099181,221.23492125745855,0.37047474544889886,4.7243464997987995e-06,0.0003872166569720141,0.0003866748210692798,Annual sales cohort interpolation; fitted survival/claim propensity; fixed LT subtype split
FY2027Q3,Minivan,18,13+,495.1082595870207,0.483452229299363,239.36119184187288,0.33849701668733634,4.7243464997987995e-06,0.00038278095959591444,0.00038224533060615446,Annual sales cohort interpolation; fitted survival/claim propensity; fixed LT subtype split
FY2027Q3,Minivan,19,13+,655.1751474926255,0.4397315741583258,288.10119895634546,0.3092794629425864,4.7243464997987995e-06,0.00042095715046709887,0.00042036810117510964,Annual sales cohort interpolation; fitted survival/claim propensity; fixed LT subtype split
FY2027Q3,Minivan,20,13+,708.5735250737465,0.3984704276615104,282.34559556575977,0.28258383820974226,4.7243464997987995e-06,0.000376938137041905,0.0003764106839685889,Annual sales cohort interpolation; fitted survival/claim propensity; fixed LT subtype split
FY2027Q3,Minivan,21,13+,748.7973451327434,0.35966878980891714,269.3190349360239,0.25819246081713987,4.7243464997987995e-06,0.0003285128402876736,0.0003280531491866527,Annual sales cohort interpolation; fitted survival/claim propensity; fixed LT subtype split
FY2027Q3,Minivan,22,13+,767.3755162241888,0.32334485896269327,248.12692806493428,0.23590643840477085,4.7243464997987995e-06,0.0002765383934314617,0.00027615143066178817,Annual sales cohort interpolation; fitted survival/claim propensity; fixed LT subtype split
FY2027Q3,Minivan,23,13+,748.9914454277286,0.2905878070973612,217.64778166152655,0.2155440461146476,4.7243464997987995e-06,0.00022163177202893565,0.00022132164060997508,Annual sales cohort interpolation; fitted survival/claim propensity; fixed LT subtype split
FY2027Q3,Minivan,24,13+,723.4291297935104,0.2603448589626933,188.34105476559543,0.19693924476854713,4.7243464997987995e-06,0.00017523425606114093,0.00017498904912178727,Annual sales cohort interpolation; fitted survival/claim propensity; fixed LT subtype split
FY2027Q3,Minivan,25,13+,715.8384218289086,0.23256141947224745,166.47639949330443,0.17994032695004702,4.7243464997987995e-06,0.0001415216627560994,0.00014132363016500286,Annual sales cohort interpolation; fitted survival/claim propensity; fixed LT subtype split
FY2027Q3,Minivan,26,13+,701.2705014749263,0.20723748862602367,145.32953757317594,0.16440867995072633,4.7243464997987995e-06,0.00011288087749178844,0.00011272292222035075,Annual sales cohort interpolation; fitted survival/claim propensity; fixed LT subtype split
FY2027Q3,Minivan,27,13+,676.9837020648969,0.18437306642402182,124.81756106879143,0.15021765549333577,4.7243464997987995e-06,8.858055856002965e-05,8.845660695296965e-05,Annual sales cohort interpolation; fitted survival/claim propensity; fixed LT subtype split
FY2027Q3,Minivan,28,13+,620.587168141593,0.163968152866242,101.75653165266895,0.1372515370154264,4.7243464997987995e-06,6.598135881060713e-05,6.588903047588529e-05,Annual sales cohort interpolation; fitted survival/claim propensity; fixed LT subtype split
FY2027Q3,Minivan,29,13+,574.11401179941,0.14524749772520476,83.38862362284299,0.12540459609245258,4.7243464997987995e-06,4.94039873794616e-05,4.93348559161879e-05,Annual sales cohort interpolation; fitted survival/claim propensity; fixed LT subtype split
FY2027Q3,Minivan,30,13+,547.1063421828909,0.1282393084622384,70.16053897683871,0.11458023030622685,4.7243464997987995e-06,3.7979072130303456e-05,3.7925927658178586e-05,Annual sales cohort interpolation; fitted survival/claim propensity; fixed LT subtype split
FY2027Q3,Minivan,31,13+,511.5998525073747,0.11388808007279344,58.2651249675892,0.10469017552872707,4.7243464997987995e-06,2.8817503394801245e-05,2.8777178791803603e-05,Annual sales cohort interpolation; fitted survival/claim propensity; fixed LT subtype split
FY2027Q3,Minivan,32,13+,502.20678466076697,0.10047406733393992,50.458758297567364,0.09565378619805467,4.7243464997987995e-06,2.280239512331876e-05,2.2770487517786595e-05,Annual sales cohort interpolation; fitted survival/claim propensity; fixed LT subtype split
FY2027Q3,Minivan,33,13+,456.9467551622419,0.08730755232029119,39.894902733914726,0.08739737771776383,4.7243464997987995e-06,1.6472425632743156e-05,1.6449375612935806e-05,Annual sales cohort interpolation; fitted survival/claim propensity; fixed LT subtype split
FY2027Q3,Minivan,34,13+,397.5797935103245,0.03089262966333025,12.282285322537767,0.07985362561734978,4.7243464997987995e-06,4.633568247338471e-06,4.627084451796692e-06,Annual sales cohort interpolation; fitted survival/claim propensity; fixed LT subtype split
FY2027Q3,Minivan,35,13+,351.6785398230089,0,0.0,0.07296101657452587,4.7243464997987995e-06,0.0,0.0,Annual sales cohort interpolation; fitted survival/claim propensity; fixed LT subtype split
FY2027Q3,Minivan,36,13+,370.9464601769912,0,0.0,0.0666633468228103,4.7243464997987995e-06,0.0,0.0,Annual sales cohort interpolation; fitted survival/claim propensity; fixed LT subtype split
FY2027Q3,Minivan,37,13+,382.4122418879056,0,0.0,0.06090926385433481,4.7243464997987995e-06,0.0,0.0,Annual sales cohort interpolation; fitted survival/claim propensity; fixed LT subtype split
FY2027Q3,Minivan,38,13+,395.99926253687323,0,0.0,0.05565184768082395,4.7243464997987995e-06,0.0,0.0,Annual sales cohort interpolation; fitted survival/claim propensity; fixed LT subtype split
FY2027Q3,Minivan,39,13+,386.7794985250738,0,0.0,0.05084822823826022,4.7243464997987995e-06,0.0,0.0,Annual sales cohort interpolation; fitted survival/claim propensity; fixed LT subtype split
FY2027Q3,Minivan,40,13+,382.4330383480826,0,0.0,0.04645923581547334,4.7243464997987995e-06,0.0,0.0,Annual sales cohort interpolation; fitted survival/claim propensity; fixed LT subtype split
FY2027Q3,Minivan,41,13+,322.4907079646018,0,0.0,0.04244908165617559,4.7243464997987995e-06,0.0,0.0,Annual sales cohort interpolation; fitted survival/claim propensity; fixed LT subtype split
FY2027Q3,Minivan,42,13+,278.27396755162243,0,0.0,0.038785066130005715,4.7243464997987995e-06,0.0,0.0,Annual sales cohort interpolation; fitted survival/claim propensity; fixed LT subtype split
FY2027Q3,Minivan,43,13+,222.43200589970505,0,0.0,0.0354373120929477,4.7243464997987995e-06,0.0,0.0,Annual sales cohort interpolation; fitted survival/claim propensity; fixed LT subtype split
FY2027Q3,Minivan,44,13+,179.54970501474926,0,0.0,0.032378521262889814,4.7243464997987995e-06,0.0,0.0,Annual sales cohort interpolation; fitted survival/claim propensity; fixed LT subtype split
FY2027Q3,Minivan,45,13+,150.73620943952804,0,0.0,0.02958375162375934,4.7243464997987995e-06,0.0,0.0,Annual sales cohort interpolation; fitted survival/claim propensity; fixed LT subtype split
FY2027Q4,Car,0,current_year_or_newer,2764.4000000000005,1.0,2764.4000000000005,0.5,6.3145515514551716e-06,0.00872797315442134,0.008714457573495194,Annual sales cohort interpolation; fitted survival/claim propensity; fixed LT subtype split
FY2027Q4,Car,1,1-3,2764.4000000000005,0.9976377952755906,2757.869921259843,1.0,5.256249933599001e-06,0.014496053590496731,0.01447360592917311,Annual sales cohort interpolation; fitted survival/claim propensity; fixed LT subtype split
FY2027Q4,Car,2,1-3,2913.9541666666673,0.9952755905511811,2900.187454068242,1.0,5.256249933599001e-06,0.015244110112870853,0.01522050405906749,Annual sales cohort interpolation; fitted survival/claim propensity; fixed LT subtype split
FY2027Q4,Car,3,1-3,3118.554166666667,0.9929133858267717,3096.4541765091867,1.0,5.256249933599001e-06,0.01627573705966876,0.016250533494365494,Annual sales cohort interpolation; fitted survival/claim propensity; fixed LT subtype split
FY2027Q4,Car,4,4-6,3047.070833333333,0.9899527559055118,3016.456168897638,1.0,5.007902386364013e-06,0.015106118046584929,0.0150827256784685,Annual sales cohort interpolation; fitted survival/claim propensity; fixed LT subtype split
FY2027Q4,Car,5,4-6,3157.875,0.9844409448818897,3108.7414488188974,1.0,5.007902386364013e-06,0.015568273720128875,0.015544165687299032,Annual sales cohort interpolation; fitted survival/claim propensity; fixed LT subtype split
FY2027Q4,Car,6,4-6,3378.104166666667,0.976755905511811,3299.583194225722,1.0,5.007902386364013e-06,0.016523990552369586,0.016498402557587513,Annual sales cohort interpolation; fitted survival/claim propensity; fixed LT subtype split
FY2027Q4,Car,7,7-9,4115.6625,0.9673464566929133,3981.2715363188977,0.9136844571609987,5.256380658266906e-06,0.019120746540892485,0.01909113737589284,Annual sales cohort interpolation; fitted survival/claim propensity; fixed LT subtype split
FY2027Q4,Car,8,7-9,5039.608333333334,0.9553149606299213,4814.413236548557,0.8348192872575889,5.256380658266906e-06,0.02112626130872325,0.021093546531840566,Annual sales cohort interpolation; fitted survival/claim propensity; fixed LT subtype split
FY2027Q4,Car,9,7-9,5732.204166666667,0.9400944881889763,5388.813542257219,0.7627614073054819,5.256380658266906e-06,0.021605716680048632,0.021572259449247157,Annual sales cohort interpolation; fitted survival/claim propensity; fixed LT subtype split
FY2027Q4,Car,10,10-12,6519.3375000000015,0.9227716535433071,6015.859844881891,0.6969232423772687,5.362458135896662e-06,0.022482602023717366,0.02244778690436426,Annual sales cohort interpolation; fitted survival/claim propensity; fixed LT subtype split
FY2027Q4,Car,11,10-12,7232.783333333335,0.9021417322834646,6524.995685564306,0.6367679343943579,5.362458135896662e-06,0.022280520340573467,0.022246018151988355,Annual sales cohort interpolation; fitted survival/claim propensity; fixed LT subtype split
FY2027Q4,Car,12,10-12,7625.729166666668,0.8790866141732284,6703.676433727036,0.5818049644746394,5.362458135896662e-06,0.02091483205029317,0.020882444679235633,Annual sales cohort interpolation; fitted survival/claim propensity; fixed LT subtype split
FY2027Q4,Car,13,13+,7642.079166666668,0.853496062992126,6522.484481824148,0.5315861531395849,4.7243464997987995e-06,0.016380549146812536,0.016355183276215615,Annual sales cohort interpolation; fitted survival/claim propensity; fixed LT subtype split
FY2027Q4,Car,14,13+,7401.5375,0.8251023622047243,6107.02607519685,0.4857020057656452,4.7243464997987995e-06,0.014013332087177085,0.013991631937495341,Annual sales cohort interpolation; fitted survival/claim propensity; fixed LT subtype split
FY2027Q4,Car,15,13+,6621.0375,0.7951811023622047,5264.923898031497,0.44377837347999183,4.7243464997987995e-06,0.011038243618067134,0.01102115050008167,Annual sales cohort interpolation; fitted survival/claim propensity; fixed LT subtype split
FY2027Q4,Car,16,13+,5845.25,0.7461102362204726,4361.200858267717,0.4054734022728573,4.7243464997987995e-06,0.00835430262103476,0.008341365682394096,Annual sales cohort interpolation; fitted survival/claim propensity; fixed LT subtype split
FY2027Q4,Car,17,13+,5508.895833333334,0.677488188976378,3732.211861384515,0.37047474544889886,4.7243464997987995e-06,0.0065323077923797185,0.006522192278383474,Annual sales cohort interpolation; fitted survival/claim propensity; fixed LT subtype split
FY2027Q4,Car,18,13+,6142.329166666668,0.5951574803149606,3655.653150098426,0.33849701668733634,4.7243464997987995e-06,0.005846037154046759,0.005836984354862478,Annual sales cohort interpolation; fitted survival/claim propensity; fixed LT subtype split
FY2027Q4,Car,19,13+,7198.750000000002,0.5140551181102362,3700.5542814960636,0.3092794629425864,4.7243464997987995e-06,0.005407040273107115,0.005398667276411417,Annual sales cohort interpolation; fitted survival/claim propensity; fixed LT subtype split
FY2027Q4,Car,20,13+,7670.2541666666675,0.4389370078740157,3366.7584135498687,0.28258383820974226,4.7243464997987995e-06,0.004494703173005851,0.004487742963184056,Annual sales cohort interpolation; fitted survival/claim propensity; fixed LT subtype split
FY2027Q4,Car,21,13+,7706.5666666666675,0.3705590551181103,2855.7380622047253,0.25819246081713987,4.7243464997987995e-06,0.0034834025829453374,0.0034780084085276157,Annual sales cohort interpolation; fitted survival/claim propensity; fixed LT subtype split
FY2027Q4,Car,22,13+,7563.908333333335,0.30907874015748027,2337.8432583333333,0.23590643840477085,4.7243464997987995e-06,0.0026055350936553135,0.0026015003286771043,Annual sales cohort interpolation; fitted survival/claim propensity; fixed LT subtype split
FY2027Q4,Car,23,13+,7522.141666666668,0.2546062992125985,1915.184651902888,0.2155440461146476,4.7243464997987995e-06,0.001950241646955825,0.0019472216274921289,Annual sales cohort interpolation; fitted survival/claim propensity; fixed LT subtype split
FY2027Q4,Car,24,13+,7819.229166666668,0.20893700787401587,1633.726345964568,0.19693924476854713,4.7243464997987995e-06,0.0015200340743492713,0.001517680246813498,Annual sales cohort interpolation; fitted survival/claim propensity; fixed LT subtype split
FY2027Q4,Car,25,13+,8210.054166666669,0.17148818897637794,1407.9273204396327,0.17994032695004702,4.7243464997987995e-06,0.0011968796540218914,0.0011950262427502726,Annual sales cohort interpolation; fitted survival/claim propensity; fixed LT subtype split
FY2027Q4,Car,26,13+,8582.587500000001,0.13951968503937012,1197.4399048228352,0.16440867995072633,4.7243464997987995e-06,0.0009300797997243046,0.0009286395376407097,Annual sales cohort interpolation; fitted survival/claim propensity; fixed LT subtype split
FY2027Q4,Car,27,13+,8701.866666666669,0.11272440944881885,980.912781102362,0.15021765549333577,4.7243464997987995e-06,0.0006961344325645911,0.0006950564433118358,Annual sales cohort interpolation; fitted survival/claim propensity; fixed LT subtype split
FY2027Q4,Car,28,13+,8338.320833333335,0.09096062992125985,758.4589154855645,0.1372515370154264,4.7243464997987995e-06,0.0004918028261475672,0.0004910412517500637,Annual sales cohort interpolation; fitted survival/claim propensity; fixed LT subtype split
FY2027Q4,Car,29,13+,8156.770833333334,0.07363779527559058,600.6466207349084,0.12540459609245258,4.7243464997987995e-06,0.00035585595230012724,0.00035530489653537315,Annual sales cohort interpolation; fitted survival/claim propensity; fixed LT subtype split
FY2027Q4,Car,30,13+,8358.875,0.05942519685039369,496.7277923228346,0.11458023030622685,4.7243464997987995e-06,0.0002688870543024634,0.0002684706730100236,Annual sales cohort interpolation; fitted survival/claim propensity; fixed LT subtype split
FY2027Q4,Car,31,13+,8555.25416666667,0.04767716535433072,407.89026755249364,0.10469017552872707,4.7243464997987995e-06,0.0002017395341799904,0.00020142713324199814,Annual sales cohort interpolation; fitted survival/claim propensity; fixed LT subtype split
FY2027Q4,Car,32,13+,8820.779166666667,0.03803149606299215,335.4674281496065,0.09565378619805467,4.7243464997987995e-06,0.00015159827759851272,0.0001513635222030852,Annual sales cohort interpolation; fitted survival/claim propensity; fixed LT subtype split
FY2027Q4,Car,33,13+,8734.508333333335,0.030157480314960627,263.41076312335963,0.08739737771776383,4.7243464997987995e-06,0.00010876111756314829,0.00010859269705359412,Annual sales cohort interpolation; fitted survival/claim propensity; fixed LT subtype split
FY2027Q4,Car,34,13+,8352.800000000001,0.024598425196850404,205.4657259842521,0.07985362561734978,4.7243464997987995e-06,7.751321833323661e-05,7.739318632160076e-05,Annual sales cohort interpolation; fitted survival/claim propensity; fixed LT subtype split
FY2027Q4,Car,35,13+,8197.879166666668,0.01740944881889763,142.72055777559052,0.07296101657452587,4.7243464997987995e-06,4.919479481530737e-05,4.911861490289156e-05,Annual sales cohort interpolation; fitted survival/claim propensity; fixed LT subtype split
FY2027Q4,Car,36,13+,8789.608333333335,0.011960629921259843,105.12925242782156,0.0666633468228103,4.7243464997987995e-06,3.310948552531537e-05,3.3058214293939765e-05,Annual sales cohort interpolation; fitted survival/claim propensity; fixed LT subtype split
FY2027Q4,Car,37,13+,9558.329166666668,0.0095984251968504,91.74490751312344,0.06090926385433481,4.7243464997987995e-06,2.640019049668218e-05,2.6359308850415565e-05,Annual sales cohort interpolation; fitted survival/claim propensity; fixed LT subtype split
FY2027Q4,Car,38,13+,10191.737500000001,0.007236220472440945,73.74965954724411,0.05565184768082395,4.7243464997987995e-06,1.9390158108753983e-05,1.936013175023375e-05,Annual sales cohort interpolation; fitted survival/claim propensity; fixed LT subtype split
FY2027Q4,Car,39,13+,10350.712500000001,0.003456692913385833,35.779234547244165,0.05084822823826022,4.7243464997987995e-06,8.595054064120907e-06,8.581744313195587e-06,Annual sales cohort interpolation; fitted survival/claim propensity; fixed LT subtype split
FY2027Q4,Car,40,13+,10846.491666666669,0,0.0,0.04645923581547334,4.7243464997987995e-06,0.0,0.0,Annual sales cohort interpolation; fitted survival/claim propensity; fixed LT subtype split
FY2027Q4,Car,41,13+,11173.945833333335,0,0.0,0.04244908165617559,4.7243464997987995e-06,0.0,0.0,Annual sales cohort interpolation; fitted survival/claim propensity; fixed LT subtype split
FY2027Q4,Car,42,13+,10624.1375,0,0.0,0.038785066130005715,4.7243464997987995e-06,0.0,0.0,Annual sales cohort interpolation; fitted survival/claim propensity; fixed LT subtype split
FY2027Q4,Car,43,13+,9686.862500000001,0,0.0,0.0354373120929477,4.7243464997987995e-06,0.0,0.0,Annual sales cohort interpolation; fitted survival/claim propensity; fixed LT subtype split
FY2027Q4,Car,44,13+,8502.604166666668,0,0.0,0.032378521262889814,4.7243464997987995e-06,0.0,0.0,Annual sales cohort interpolation; fitted survival/claim propensity; fixed LT subtype split
FY2027Q4,Car,45,13+,8244.612500000001,0,0.0,0.02958375162375934,4.7243464997987995e-06,0.0,0.0,Annual sales cohort interpolation; fitted survival/claim propensity; fixed LT subtype split
FY2027Q4,SUV,0,current_year_or_newer,9476.131858407081,1.0,9476.131858407081,0.5,6.314551551455172e-06,0.02991876156414911,0.02987243128379926,Annual sales cohort interpolation; fitted survival/claim propensity; fixed LT subtype split
FY2027Q4,SUV,1,1-3,9476.131858407081,0.991810737033667,9398.52932271494,1.0,5.256249933599e-06,0.04940101912844866,0.04932451987025303,Annual sales cohort interpolation; fitted survival/claim propensity; fixed LT subtype split
FY2027Q4,SUV,2,1-3,9227.220973451329,0.9836214740673339,9076.092695451216,1.0,5.256249933599e-06,0.04770621162780382,0.04763233684009222,Annual sales cohort interpolation; fitted survival/claim propensity; fixed LT subtype split
FY2027Q4,SUV,3,1-3,8831.41092182891,0.9754322111010009,8614.442682621102,1.0,5.256249933599e-06,0.04527966377851956,0.045209546587588786,Annual sales cohort interpolation; fitted survival/claim propensity; fixed LT subtype split
FY2027Q4,SUV,4,4-6,8109.405272861359,0.9646842584167424,7823.01561185108,1.0,5.0079023863640115e-06,0.039176898551151945,0.03911623171207772,Annual sales cohort interpolation; fitted survival/claim propensity; fixed LT subtype split
FY2027Q4,SUV,5,4-6,7897.078171091447,0.9495577797998179,7498.7320150472015,1.0,5.0079023863640115e-06,0.037552917952859095,0.037494765906258484,Annual sales cohort interpolation; fitted survival/claim propensity; fixed LT subtype split
FY2027Q4,SUV,6,4-6,7926.537632743364,0.9308908098271156,7378.741036069578,1.0,5.0079023863640115e-06,0.0369520148428949,0.03689479331641251,Annual sales cohort interpolation; fitted survival/claim propensity; fixed LT subtype split
FY2027Q4,SUV,7,7-9,8227.345671091447,0.908656050955414,7475.827427339075,0.9136844571609987,5.256380658266905e-06,0.035903956843337775,0.03584835827243255,Annual sales cohort interpolation; fitted survival/claim propensity; fixed LT subtype split
FY2027Q4,SUV,8,7-9,8503.794682890857,0.8820609645131938,7500.865340012879,0.8348192872575889,5.256380658266905e-06,0.032914756882867977,0.032863787195811886,Annual sales cohort interpolation; fitted survival/claim propensity; fixed LT subtype split
FY2027Q4,SUV,9,7-9,8062.222477876109,0.8521865332120109,6870.517423405189,0.7627614073054819,5.256380658266905e-06,0.027546407336493585,0.0275037507321487,Annual sales cohort interpolation; fitted survival/claim propensity; fixed LT subtype split
FY2027Q4,SUV,10,10-12,7599.859439528026,0.8191319381255686,6225.28759218249,0.6969232423772687,5.3624581358966625e-06,0.023265279947852994,0.023229252823532,Annual sales cohort interpolation; fitted survival/claim propensity; fixed LT subtype split
FY2027Q4,SUV,11,10-12,7171.833097345133,0.7836087352138308,5619.91106257531,0.6367679343943579,5.3624581358966625e-06,0.01918998092503628,0.019160264548098053,Annual sales cohort interpolation; fitted survival/claim propensity; fixed LT subtype split
FY2027Q4,SUV,12,10-12,6504.541755162244,0.7444822565969063,4842.515924011988,0.5818049644746394,5.3624581358966625e-06,0.015108188507134171,0.015084792932834977,Annual sales cohort interpolation; fitted survival/claim propensity; fixed LT subtype split
FY2027Q4,SUV,13,13+,5831.133510324485,0.7045268425841674,4108.190080715642,0.5315861531395849,4.7243464997987995e-06,0.01031729699152769,0.010301320285371411,Annual sales cohort interpolation; fitted survival/claim propensity; fixed LT subtype split
FY2027Q4,SUV,14,13+,5287.169542772863,0.6630127388535032,3505.46075933666,0.4857020057656452,4.7243464997987995e-06,0.008043716390644223,0.008031260405972726,Annual sales cohort interpolation; fitted survival/claim propensity; fixed LT subtype split
FY2027Q4,SUV,15,13+,4842.8435250737475,0.6211565059144677,3008.1637627253126,0.44377837347999183,4.7243464997987995e-06,0.006306804257592112,0.006297037943945092,Annual sales cohort interpolation; fitted survival/claim propensity; fixed LT subtype split
FY2027Q4,SUV,16,13+,4397.443731563422,0.5759481346678799,2532.699514500914,0.4054734022728573,4.7243464997987995e-06,0.0048516312089081,0.004844118283161464,Annual sales cohort interpolation; fitted survival/claim propensity; fixed LT subtype split
FY2027Q4,SUV,17,13+,3805.8716814159297,0.5291010009099181,2013.6905159718813,0.37047474544889886,4.7243464997987995e-06,0.003524463974037257,0.0035190062145758574,Annual sales cohort interpolation; fitted survival/claim propensity; fixed LT subtype split
FY2027Q4,SUV,18,13+,4052.9607669616526,0.483452229299363,1959.412918050467,0.33849701668733634,4.7243464997987995e-06,0.003133448456053276,0.0031285961982110023,Annual sales cohort interpolation; fitted survival/claim propensity; fixed LT subtype split
FY2027Q4,SUV,19,13+,5328.793436578172,0.4397315741583258,2343.2387262310745,0.3092794629425864,4.7243464997987995e-06,0.003423807678106373,0.0034185057885461876,Annual sales cohort interpolation; fitted survival/claim propensity; fixed LT subtype split
FY2027Q4,SUV,20,13+,6117.415412979352,0.3984704276615104,2437.609135792998,0.28258383820974226,4.7243464997987995e-06,0.00325426661832995,0.0032492272692099303,Annual sales cohort interpolation; fitted survival/claim propensity; fixed LT subtype split
FY2027Q4,SUV,21,13+,6418.404424778763,0.35966878980891714,2308.4997519643766,0.25819246081713987,4.7243464997987995e-06,0.002815886409593576,0.0028115259080230123,Annual sales cohort interpolation; fitted survival/claim propensity; fixed LT subtype split
FY2027Q4,SUV,22,13+,6652.463421828909,0.32334485896269327,2151.0398468857447,0.23590643840477085,4.7243464997987995e-06,0.002397341989859205,0.002393629619404081,Annual sales cohort interpolation; fitted survival/claim propensity; fixed LT subtype split
FY2027Q4,SUV,23,13+,6575.006784660768,0.2905878070973612,1910.6168032048445,0.2155440461146476,4.7243464997987995e-06,0.001945590184884496,0.001942577368377424,Annual sales cohort interpolation; fitted survival/claim propensity; fixed LT subtype split
FY2027Q4,SUV,24,13+,6350.569542772862,0.2603448589626933,1653.3381319459768,0.19693924476854713,4.7243464997987995e-06,0.0015382810610764066,0.0015358989774241897,Annual sales cohort interpolation; fitted survival/claim propensity; fixed LT subtype split
FY2027Q4,SUV,25,13+,6235.651401179943,0.23256141947224745,1450.1719411925162,0.17994032695004702,4.7243464997987995e-06,0.0012327918252944888,0.001230882802731625,Annual sales cohort interpolation; fitted survival/claim propensity; fixed LT subtype split
FY2027Q4,SUV,26,13+,6140.911799410031,0.20723748862602367,1272.6271391836508,0.16440867995072633,4.7243464997987995e-06,0.0009884794969404068,0.0009869488008213466,Annual sales cohort interpolation; fitted survival/claim propensity; fixed LT subtype split
FY2027Q4,SUV,27,13+,5947.8432890855465,0.18437306642402182,1096.6221058182418,0.15021765549333577,4.7243464997987995e-06,0.0007782510556276516,0.000777045905825161,Annual sales cohort interpolation; fitted survival/claim propensity; fixed LT subtype split
FY2027Q4,SUV,28,13+,5540.502212389381,0.163968152866242,908.465913716814,0.1372515370154264,4.7243464997987995e-06,0.000589070936741022,0.0005881587391693865,Annual sales cohort interpolation; fitted survival/claim propensity; fixed LT subtype split
FY2027Q4,SUV,29,13+,5086.862094395281,0.14524749772520476,738.8539904841089,0.12540459609245258,4.7243464997987995e-06,0.00043773756701198896,0.00043705971461639953,Annual sales cohort interpolation; fitted survival/claim propensity; fixed LT subtype split
FY2027Q4,SUV,30,13+,4811.299852507376,0.1282393084622384,616.9977658900156,0.11458023030622685,4.7243464997987995e-06,0.0003339912007048385,0.00033347400329578595,Annual sales cohort interpolation; fitted survival/claim propensity; fixed LT subtype split
FY2027Q4,SUV,31,13+,4536.340855457228,0.11388808007279344,516.6351505837971,0.10469017552872707,4.7243464997987995e-06,0.00025552395560987743,0.0002551282675572779,Annual sales cohort interpolation; fitted survival/claim propensity; fixed LT subtype split
FY2027Q4,SUV,32,13+,4373.887020648969,0.10047406733393992,439.46221902373037,0.09565378619805467,4.7243464997987995e-06,0.0001985936931078357,0.00019828616361809828,Annual sales cohort interpolation; fitted survival/claim propensity; fixed LT subtype split
FY2027Q4,SUV,33,13+,4099.832890855458,0.08730755232029119,357.94637462281355,0.08739737771776383,4.7243464997987995e-06,0.00014779444571679355,0.00014756558069209898,Annual sales cohort interpolation; fitted survival/claim propensity; fixed LT subtype split
FY2027Q4,SUV,34,13+,3590.4529498525085,0.03089262966333025,110.9185333034052,0.07985362561734978,4.7243464997987995e-06,4.1844704015540724e-05,4.177990598357541e-05,Annual sales cohort interpolation; fitted survival/claim propensity; fixed LT subtype split
FY2027Q4,SUV,35,13+,3152.1050884955753,0,0.0,0.07296101657452587,4.7243464997987995e-06,0.0,0.0,Annual sales cohort interpolation; fitted survival/claim propensity; fixed LT subtype split
FY2027Q4,SUV,36,13+,3150.9287610619476,0,0.0,0.0666633468228103,4.7243464997987995e-06,0.0,0.0,Annual sales cohort interpolation; fitted survival/claim propensity; fixed LT subtype split
FY2027Q4,SUV,37,13+,3316.579793510325,0,0.0,0.06090926385433481,4.7243464997987995e-06,0.0,0.0,Annual sales cohort interpolation; fitted survival/claim propensity; fixed LT subtype split
FY2027Q4,SUV,38,13+,3411.651179941004,0,0.0,0.05565184768082395,4.7243464997987995e-06,0.0,0.0,Annual sales cohort interpolation; fitted survival/claim propensity; fixed LT subtype split
FY2027Q4,SUV,39,13+,3400.1895280235995,0,0.0,0.05084822823826022,4.7243464997987995e-06,0.0,0.0,Annual sales cohort interpolation; fitted survival/claim propensity; fixed LT subtype split
FY2027Q4,SUV,40,13+,3330.8766961651922,0,0.0,0.04645923581547334,4.7243464997987995e-06,0.0,0.0,Annual sales cohort interpolation; fitted survival/claim propensity; fixed LT subtype split
FY2027Q4,SUV,41,13+,2970.3172566371686,0,0.0,0.04244908165617559,4.7243464997987995e-06,0.0,0.0,Annual sales cohort interpolation; fitted survival/claim propensity; fixed LT subtype split
FY2027Q4,SUV,42,13+,2499.937094395281,0,0.0,0.038785066130005715,4.7243464997987995e-06,0.0,0.0,Annual sales cohort interpolation; fitted survival/claim propensity; fixed LT subtype split
FY2027Q4,SUV,43,13+,2068.466224188791,0,0.0,0.0354373120929477,4.7243464997987995e-06,0.0,0.0,Annual sales cohort interpolation; fitted survival/claim propensity; fixed LT subtype split
FY2027Q4,SUV,44,13+,1645.3502949852511,0,0.0,0.032378521262889814,4.7243464997987995e-06,0.0,0.0,Annual sales cohort interpolation; fitted survival/claim propensity; fixed LT subtype split
FY2027Q4,SUV,45,13+,1369.0943215339237,0,0.0,0.02958375162375934,4.7243464997987995e-06,0.0,0.0,Annual sales cohort interpolation; fitted survival/claim propensity; fixed LT subtype split
FY2027Q4,Pickup,0,current_year_or_newer,2525.4238938053104,1.0,2525.4238938053104,0.5,6.3145515514551716e-06,0.007973459683355142,0.007961112493726453,Annual sales cohort interpolation; fitted survival/claim propensity; fixed LT subtype split
FY2027Q4,Pickup,1,1-3,2525.4238938053104,0.991810737033667,2504.742533437478,1.0,5.256249933599002e-06,0.013165552775063339,0.013145165442194576,Annual sales cohort interpolation; fitted survival/claim propensity; fixed LT subtype split
FY2027Q4,Pickup,2,1-3,2459.088230088496,0.9836214740673339,2418.8119897412776,1.0,5.256249933599002e-06,0.01271388036046606,0.01269419245860649,Annual sales cohort interpolation; fitted survival/claim propensity; fixed LT subtype split
FY2027Q4,Pickup,3,1-3,2353.603399705015,0.9754322111010009,2295.7805682290955,1.0,5.256249933599002e-06,0.012067196459312061,0.012048509970775497,Annual sales cohort interpolation; fitted survival/claim propensity; fixed LT subtype split
FY2027Q4,Pickup,4,4-6,2161.186246312685,0.9646842584167424,2084.8623513246157,1.0,5.007902386364012e-06,0.010440787144439028,0.010424619209331226,Annual sales cohort interpolation; fitted survival/claim propensity; fixed LT subtype split
FY2027Q4,Pickup,5,4-6,2104.600294985251,0.9495577797998179,1998.4395834722368,1.0,5.007902386364012e-06,0.010007990359074917,0.00999249262538429,Annual sales cohort interpolation; fitted survival/claim propensity; fixed LT subtype split
FY2027Q4,Pickup,6,4-6,2112.4513495575225,0.9308908098271156,1966.4615475099854,1.0,5.007902386364012e-06,0.009847847476468325,0.00983259772980187,Annual sales cohort interpolation; fitted survival/claim propensity; fixed LT subtype split
FY2027Q4,Pickup,7,7-9,2192.617794985251,0.908656050955414,1992.3354268458656,0.9136844571609987,5.2563806582669044e-06,0.00956853617585285,0.00955371895279987,Annual sales cohort interpolation; fitted survival/claim propensity; fixed LT subtype split
FY2027Q4,Pickup,8,7-9,2266.2924705014752,0.8820609645131938,1999.00812239952,0.8348192872575889,5.2563806582669044e-06,0.00877190342355161,0.00875831981502077,Annual sales cohort interpolation; fitted survival/claim propensity; fixed LT subtype split
FY2027Q4,Pickup,9,7-9,2148.6118584070805,0.8521865332120109,1831.0180908341458,0.7627614073054819,5.2563806582669044e-06,0.007341218581119316,0.007329850439619089,Annual sales cohort interpolation; fitted survival/claim propensity; fixed LT subtype split
FY2027Q4,Pickup,10,10-12,2025.3904129793516,0.8191319381255686,1659.0619744447222,0.6969232423772687,5.362458135896663e-06,0.006200282431090407,0.006190681070330045,Annual sales cohort interpolation; fitted survival/claim propensity; fixed LT subtype split
FY2027Q4,Pickup,11,10-12,1911.3198230088494,0.7836087352138308,1497.7269090970874,0.6367679343943579,5.362458135896663e-06,0.005114200295425316,0.005106280771987011,Annual sales cohort interpolation; fitted survival/claim propensity; fixed LT subtype split
FY2027Q4,Pickup,12,10-12,1733.4842330383485,0.7444822565969063,1290.548253587547,0.5818049644746394,5.362458135896663e-06,0.0040263876461555615,0.0040201526398019865,Annual sales cohort interpolation; fitted survival/claim propensity; fixed LT subtype split
FY2027Q4,Pickup,13,13+,1554.0184660766963,0.7045268425841674,1094.847723222506,0.5315861531395849,4.7243464997988e-06,0.0027495974867396537,0.002745339635954729,Annual sales cohort interpolation; fitted survival/claim propensity; fixed LT subtype split
FY2027Q4,Pickup,14,13+,1409.050073746313,0.6630127388535032,934.2181485762737,0.4857020057656452,4.7243464997988e-06,0.0021436799182890476,0.002140360352691998,Annual sales cohort interpolation; fitted survival/claim propensity; fixed LT subtype split
FY2027Q4,Pickup,15,13+,1290.6355604719768,0.6211565059144677,801.6866751517338,0.44377837347999183,4.7243464997988e-06,0.0016807864647372624,0.0016781837063325556,Annual sales cohort interpolation; fitted survival/claim propensity; fixed LT subtype split
FY2027Q4,Pickup,16,13+,1171.9348820059,0.5759481346678799,674.9737092435199,0.4054734022728573,4.7243464997988e-06,0.0012929775104425013,0.001290975288177505,Annual sales cohort interpolation; fitted survival/claim propensity; fixed LT subtype split
FY2027Q4,Pickup,17,13+,1014.278761061947,0.5291010009099181,536.6559076795478,0.37047474544889886,4.7243464997988e-06,0.0009392825749879243,0.0009378280620752286,Annual sales cohort interpolation; fitted survival/claim propensity; fixed LT subtype split
FY2027Q4,Pickup,18,13+,1080.1289085545725,0.483452229299363,522.1907287713958,0.33849701668733634,4.7243464997988e-06,0.0008350755054029514,0.0008337823608924188,Annual sales cohort interpolation; fitted survival/claim propensity; fixed LT subtype split
FY2027Q4,Pickup,19,13+,1420.1429941002953,0.4397315741583258,624.4817143256408,0.3092794629425864,4.7243464997988e-06,0.0009124573029672243,0.0009110443299548521,Annual sales cohort interpolation; fitted survival/claim propensity; fixed LT subtype split
FY2027Q4,Pickup,20,13+,1630.313643067847,0.3984704276615104,649.63177457564,0.28258383820974226,4.7243464997988e-06,0.0008672739887480796,0.0008659309837258738,Annual sales cohort interpolation; fitted survival/claim propensity; fixed LT subtype split
FY2027Q4,Pickup,21,13+,1710.5283185840713,0.35966878980891714,615.2236502790148,0.25819246081713987,4.7243464997988e-06,0.0007504440553684592,0.0007492819657078444,Annual sales cohort interpolation; fitted survival/claim propensity; fixed LT subtype split
FY2027Q4,Pickup,22,13+,1772.905899705015,0.32334485896269327,573.2600080942449,0.23590643840477085,4.7243464997988e-06,0.000638900432505265,0.0006379110721639238,Annual sales cohort interpolation; fitted survival/claim propensity; fixed LT subtype split
FY2027Q4,Pickup,23,13+,1752.2634218289088,0.2905878070973612,509.186385206181,0.2155440461146476,4.7243464997988e-06,0.0005185069196880442,0.0005177039930394602,Annual sales cohort interpolation; fitted survival/claim propensity; fixed LT subtype split
FY2027Q4,Pickup,24,13+,1692.450073746313,0.2603448589626933,440.6206757508838,0.19693924476854713,4.7243464997988e-06,0.00040995754439444583,0.00040932271036488193,Annual sales cohort interpolation; fitted survival/claim propensity; fixed LT subtype split
FY2027Q4,Pickup,25,13+,1661.8239675516227,0.23256141947224745,386.47614080680745,0.17994032695004702,4.7243464997988e-06,0.00032854354268239434,0.00032803478116808594,Annual sales cohort interpolation; fitted survival/claim propensity; fixed LT subtype split
FY2027Q4,Pickup,26,13+,1636.5755162241892,0.20723748862602367,339.15979992913924,0.16440867995072633,4.7243464997988e-06,0.0002634334111650473,0.0002630254750355178,Annual sales cohort interpolation; fitted survival/claim propensity; fixed LT subtype split
FY2027Q4,Pickup,27,13+,1585.122050147493,0.18437306642402182,292.25381304202534,0.15021765549333577,4.7243464997988e-06,0.00020740676054624457,0.00020708558370401603,Annual sales cohort interpolation; fitted survival/claim propensity; fixed LT subtype split
FY2027Q4,Pickup,28,13+,1476.5641592920356,0.163968152866242,242.1094977876106,0.1372515370154264,4.7243464997988e-06,0.00015698956504834086,0.00015674646105003212,Annual sales cohort interpolation; fitted survival/claim propensity; fixed LT subtype split
FY2027Q4,Pickup,29,13+,1355.6674041297938,0.14524749772520476,196.90729819747648,0.12540459609245258,4.7243464997988e-06,0.00011665866700319513,0.00011647801685375932,Annual sales cohort interpolation; fitted survival/claim propensity; fixed LT subtype split
FY2027Q4,Pickup,30,13+,1282.229056047198,0.1282393084622384,164.4321674376814,0.11458023030622685,4.7243464997988e-06,8.900987989444354e-05,8.887204488811902e-05,Annual sales cohort interpolation; fitted survival/claim propensity; fixed LT subtype split
FY2027Q4,Pickup,31,13+,1208.951474926254,0.11388808007279344,137.68516238052294,0.10469017552872707,4.7243464997988e-06,6.80980712994539e-05,6.799261898225744e-05,Annual sales cohort interpolation; fitted survival/claim propensity; fixed LT subtype split
FY2027Q4,Pickup,32,13+,1165.6569321533927,0.10047406733393992,117.11829308945381,0.09565378619805467,4.7243464997988e-06,5.2925947551966e-05,5.2843989815092217e-05,Annual sales cohort interpolation; fitted survival/claim propensity; fixed LT subtype split
FY2027Q4,Pickup,33,13+,1092.6205014749264,0.08730755232029119,95.39402159874494,0.08739737771776383,4.7243464997988e-06,3.9387761816945e-05,3.9326768448505616e-05,Annual sales cohort interpolation; fitted survival/claim propensity; fixed LT subtype split
FY2027Q4,Pickup,34,13+,956.8688790560475,0.03089262966333025,29.560195917044418,0.07985362561734978,4.7243464997988e-06,1.1151767084826259e-05,1.1134498171661907e-05,Annual sales cohort interpolation; fitted survival/claim propensity; fixed LT subtype split
FY2027Q4,Pickup,35,13+,840.0475663716815,0,0.0,0.07296101657452587,4.7243464997988e-06,0.0,0.0,Annual sales cohort interpolation; fitted survival/claim propensity; fixed LT subtype split
FY2027Q4,Pickup,36,13+,839.7340707964604,0,0.0,0.0666633468228103,4.7243464997988e-06,0.0,0.0,Annual sales cohort interpolation; fitted survival/claim propensity; fixed LT subtype split
FY2027Q4,Pickup,37,13+,883.8806784660769,0,0.0,0.06090926385433481,4.7243464997988e-06,0.0,0.0,Annual sales cohort interpolation; fitted survival/claim propensity; fixed LT subtype split
FY2027Q4,Pickup,38,13+,909.2175516224191,0,0.0,0.05565184768082395,4.7243464997988e-06,0.0,0.0,Annual sales cohort interpolation; fitted survival/claim propensity; fixed LT subtype split
FY2027Q4,Pickup,39,13+,906.1629793510326,0,0.0,0.05084822823826022,4.7243464997988e-06,0.0,0.0,Annual sales cohort interpolation; fitted survival/claim propensity; fixed LT subtype split
FY2027Q4,Pickup,40,13+,887.6908554572273,0,0.0,0.04645923581547334,4.7243464997988e-06,0.0,0.0,Annual sales cohort interpolation; fitted survival/claim propensity; fixed LT subtype split
FY2027Q4,Pickup,41,13+,791.6004424778762,0,0.0,0.04244908165617559,4.7243464997988e-06,0.0,0.0,Annual sales cohort interpolation; fitted survival/claim propensity; fixed LT subtype split
FY2027Q4,Pickup,42,13+,666.2424041297936,0,0.0,0.038785066130005715,4.7243464997988e-06,0.0,0.0,Annual sales cohort interpolation; fitted survival/claim propensity; fixed LT subtype split
FY2027Q4,Pickup,43,13+,551.2538348082596,0,0.0,0.0354373120929477,4.7243464997988e-06,0.0,0.0,Annual sales cohort interpolation; fitted survival/claim propensity; fixed LT subtype split
FY2027Q4,Pickup,44,13+,438.4918879056048,0,0.0,0.032378521262889814,4.7243464997988e-06,0.0,0.0,Annual sales cohort interpolation; fitted survival/claim propensity; fixed LT subtype split
FY2027Q4,Pickup,45,13+,364.86865781710924,0,0.0,0.02958375162375934,4.7243464997988e-06,0.0,0.0,Annual sales cohort interpolation; fitted survival/claim propensity; fixed LT subtype split
FY2027Q4,Minivan,0,current_year_or_newer,1088.944247787611,1.0,1088.944247787611,0.5,6.314551551455172e-06,0.003438097294657722,0.003432773277111407,Annual sales cohort interpolation; fitted survival/claim propensity; fixed LT subtype split
FY2027Q4,Minivan,1,1-3,1088.944247787611,0.991810737033667,1080.0265969868024,1.0,5.256249933599002e-06,0.005676889728697036,0.0056680988603958265,Annual sales cohort interpolation; fitted survival/claim propensity; fixed LT subtype split
FY2027Q4,Minivan,2,1-3,1060.3407964601772,0.9836214740673339,1042.9739772278904,1.0,5.256249933599002e-06,0.005482131898549586,0.005473642619766101,Annual sales cohort interpolation; fitted survival/claim propensity; fixed LT subtype split
FY2027Q4,Minivan,3,1-3,1014.8565117994102,0.9754322111010009,989.9237312547477,1.0,5.256249933599002e-06,0.005203286546675844,0.005195229069967417,Annual sales cohort interpolation; fitted survival/claim propensity; fixed LT subtype split
FY2027Q4,Minivan,4,4-6,931.8876474926257,0.9646842584167424,898.9773441491462,1.0,5.0079023863640115e-06,0.00450199078705169,0.00449501929209695,Annual sales cohort interpolation; fitted survival/claim propensity; fixed LT subtype split
FY2027Q4,Minivan,5,4-6,907.4882005899707,0.9495577797998179,861.7124809467443,1.0,5.0079023863640115e-06,0.004315371989692854,0.00430868948067029,Annual sales cohort interpolation; fitted survival/claim propensity; fixed LT subtype split
FY2027Q4,Minivan,6,4-6,910.8735176991153,0.9308908098271156,847.9237865410029,1.0,5.0079023863640115e-06,0.004246319554073497,0.004239743975235668,Annual sales cohort interpolation; fitted survival/claim propensity; fixed LT subtype split
FY2027Q4,Minivan,7,7-9,945.4407005899707,0.908656050955414,859.0804134106028,0.9136844571609987,5.2563806582669044e-06,0.004125882571239303,0.004119493493409119,Annual sales cohort interpolation; fitted survival/claim propensity; fixed LT subtype split
FY2027Q4,Minivan,8,7-9,977.2086799410031,0.8820609645131938,861.9576307594261,0.8348192872575889,5.2563806582669044e-06,0.0037823803752928963,0.0037765232229906073,Annual sales cohort interpolation; fitted survival/claim propensity; fixed LT subtype split
FY2027Q4,Minivan,9,7-9,926.4656637168146,0.8521865332120109,789.5215621027969,0.7627614073054819,5.2563806582669044e-06,0.003165479571675302,0.003160577712496305,Annual sales cohort interpolation; fitted survival/claim propensity; fixed LT subtype split
FY2027Q4,Minivan,10,10-12,873.333480825959,0.8191319381255686,715.3753467789169,0.6969232423772687,5.362458135896663e-06,0.002673516277626139,0.0026693762413349735,Annual sales cohort interpolation; fitted survival/claim propensity; fixed LT subtype split
FY2027Q4,Minivan,11,10-12,824.1470796460178,0.7836087352138308,645.8088507115883,0.6367679343943579,5.362458135896663e-06,0.002205205631972385,0.0022017907915907304,Annual sales cohort interpolation; fitted survival/claim propensity; fixed LT subtype split
FY2027Q4,Minivan,12,10-12,747.465678466077,0.7444822565969063,556.4749350331625,0.5818049644746394,5.362458135896663e-06,0.001736148801553316,0.0017334603125751691,Annual sales cohort interpolation; fitted survival/claim propensity; fixed LT subtype split
FY2027Q4,Minivan,13,13+,670.0813569321535,0.7045268425841674,472.09030267392467,0.5315861531395849,4.7243464997987995e-06,0.0011856062557501258,0.0011837703017419472,Annual sales cohort interpolation; fitted survival/claim propensity; fixed LT subtype split
FY2027Q4,Minivan,14,13+,607.5720501474929,0.6630127388535032,402.82800901912725,0.4857020057656452,4.7243464997987995e-06,0.0009243390473356445,0.000922907675013981,Annual sales cohort interpolation; fitted survival/claim propensity; fixed LT subtype split
FY2027Q4,Minivan,15,13+,556.5125811209441,0.6211565059144677,345.6814103865274,0.44377837347999183,4.7243464997987995e-06,0.0007247427875472598,0.0007236204972259642,Annual sales cohort interpolation; fitted survival/claim propensity; fixed LT subtype split
FY2027Q4,Minivan,16,13+,505.32971976401194,0.5759481346678799,291.0437094903251,0.4054734022728573,4.7243464997987995e-06,0.0005575224127596105,0.0005566590692141534,Annual sales cohort interpolation; fitted survival/claim propensity; fixed LT subtype split
FY2027Q4,Minivan,17,13+,437.349557522124,0.5291010009099181,231.4020886324656,0.37047474544889886,4.7243464997987995e-06,0.0004050117525177288,0.00040438457722509854,Annual sales cohort interpolation; fitted survival/claim propensity; fixed LT subtype split
FY2027Q4,Minivan,18,13+,465.74365781710924,0.483452229299363,225.16480965372114,0.33849701668733634,4.7243464997987995e-06,0.00036007842893521754,0.0003595208345132448,Annual sales cohort interpolation; fitted survival/claim propensity; fixed LT subtype split
FY2027Q4,Minivan,19,13+,612.3552359882008,0.4397315741583258,269.2719318651846,0.3092794629425864,4.7243464997987995e-06,0.0003934448921051334,0.0003928356285126426,Annual sales cohort interpolation; fitted survival/claim propensity; fixed LT subtype split
FY2027Q4,Minivan,20,13+,702.9792772861358,0.3984704276615104,280.11645325738607,0.28258383820974226,4.7243464997987995e-06,0.00037396217863449303,0.0003733830847258355,Annual sales cohort interpolation; fitted survival/claim propensity; fixed LT subtype split
FY2027Q4,Minivan,21,13+,737.5672566371684,0.35966878980891714,265.27992259737334,0.25819246081713987,4.7243464997987995e-06,0.00032358596882860164,0.0003230848842960429,Annual sales cohort interpolation; fitted survival/claim propensity; fixed LT subtype split
FY2027Q4,Minivan,22,13+,764.4640117994102,0.32334485896269327,247.18550807733496,0.23590643840477085,4.7243464997987995e-06,0.0002754891773187839,0.0002750625724009579,Annual sales cohort interpolation; fitted survival/claim propensity; fixed LT subtype split
FY2027Q4,Minivan,23,13+,755.563126843658,0.2905878070973612,219.55743215312395,0.2155440461146476,4.7243464997987995e-06,0.00022357637821411082,0.00022323016213628103,Annual sales cohort interpolation; fitted survival/claim propensity; fixed LT subtype split
FY2027Q4,Minivan,24,13+,729.7720501474928,0.2603448589626933,189.99240147056457,0.19693924476854713,4.7243464997987995e-06,0.00017677068428017387,0.00017649694850595824,Annual sales cohort interpolation; fitted survival/claim propensity; fixed LT subtype split
FY2027Q4,Minivan,25,13+,716.5662979351034,0.23256141947224745,166.64567539376102,0.17994032695004702,4.7243464997987995e-06,0.0001416655642758948,0.00014144619004495448,Annual sales cohort interpolation; fitted survival/claim propensity; fixed LT subtype split
FY2027Q4,Minivan,26,13+,705.6793510324486,0.20723748862602367,146.24321648320682,0.16440867995072633,4.7243464997987995e-06,0.00011359055343813965,0.00011341465437311319,Annual sales cohort interpolation; fitted survival/claim propensity; fixed LT subtype split
FY2027Q4,Minivan,27,13+,683.4929941002952,0.18437306642402182,126.01769920160727,0.15021765549333577,4.7243464997987995e-06,8.943227289608711e-05,8.929378379897939e-05,Annual sales cohort interpolation; fitted survival/claim propensity; fixed LT subtype split
FY2027Q4,Minivan,28,13+,636.6836283185843,0.163968152866242,104.39583849557523,0.1372515370154264,4.7243464997987995e-06,6.76927482318534e-05,6.75879235720322e-05,Annual sales cohort interpolation; fitted survival/claim propensity; fixed LT subtype split
FY2027Q4,Minivan,29,13+,584.5538348082597,0.14524749772520476,84.90498179157242,0.12540459609245258,4.7243464997987995e-06,5.030236100137771e-05,5.022446598281365e-05,Annual sales cohort interpolation; fitted survival/claim propensity; fixed LT subtype split
FY2027Q4,Minivan,30,13+,552.8877581120946,0.1282393084622384,70.90194375753236,0.11458023030622685,4.7243464997987995e-06,3.8380406926961896e-05,3.832097348386784e-05,Annual sales cohort interpolation; fitted survival/claim propensity; fixed LT subtype split
FY2027Q4,Minivan,31,13+,521.2910029498527,0.11388808007279344,59.36883148517962,0.10469017552872707,4.7243464997987995e-06,2.9363388541966355e-05,2.9317918276753204e-05,Annual sales cohort interpolation; fitted survival/claim propensity; fixed LT subtype split
FY2027Q4,Minivan,32,13+,502.62271386430695,0.10047406733393992,50.50054839636999,0.09565378619805467,4.7243464997987995e-06,2.282128013708625e-05,2.278594056247095e-05,Annual sales cohort interpolation; fitted survival/claim propensity; fixed LT subtype split
FY2027Q4,Minivan,33,13+,471.12994100295,0.08730755232029119,41.13320197377076,0.08739737771776383,4.7243464997987995e-06,1.698371381097628e-05,1.695741391816297e-05,Annual sales cohort interpolation; fitted survival/claim propensity; fixed LT subtype split
FY2027Q4,Minivan,34,13+,412.59483775811225,0.03089262966333025,12.74613952386319,0.07985362561734978,4.7243464997987995e-06,4.808560119145267e-06,4.801113890533116e-06,Annual sales cohort interpolation; fitted survival/claim propensity; fixed LT subtype split
FY2027Q4,Minivan,35,13+,362.22234513274344,0,0.0,0.07296101657452587,4.7243464997987995e-06,0.0,0.0,Annual sales cohort interpolation; fitted survival/claim propensity; fixed LT subtype split
FY2027Q4,Minivan,36,13+,362.08716814159305,0,0.0,0.0666633468228103,4.7243464997987995e-06,0.0,0.0,Annual sales cohort interpolation; fitted survival/claim propensity; fixed LT subtype split
FY2027Q4,Minivan,37,13+,381.1228613569323,0,0.0,0.06090926385433481,4.7243464997987995e-06,0.0,0.0,Annual sales cohort interpolation; fitted survival/claim propensity; fixed LT subtype split
FY2027Q4,Minivan,38,13+,392.047935103245,0,0.0,0.05565184768082395,4.7243464997987995e-06,0.0,0.0,Annual sales cohort interpolation; fitted survival/claim propensity; fixed LT subtype split
FY2027Q4,Minivan,39,13+,390.73082595870216,0,0.0,0.05084822823826022,4.7243464997987995e-06,0.0,0.0,Annual sales cohort interpolation; fitted survival/claim propensity; fixed LT subtype split
FY2027Q4,Minivan,40,13+,382.76578171091455,0,0.0,0.04645923581547334,4.7243464997987995e-06,0.0,0.0,Annual sales cohort interpolation; fitted survival/claim propensity; fixed LT subtype split
FY2027Q4,Minivan,41,13+,341.3323008849558,0,0.0,0.04244908165617559,4.7243464997987995e-06,0.0,0.0,Annual sales cohort interpolation; fitted survival/claim propensity; fixed LT subtype split
FY2027Q4,Minivan,42,13+,287.27883480825966,0,0.0,0.038785066130005715,4.7243464997987995e-06,0.0,0.0,Annual sales cohort interpolation; fitted survival/claim propensity; fixed LT subtype split
FY2027Q4,Minivan,43,13+,237.69660766961658,0,0.0,0.0354373120929477,4.7243464997987995e-06,0.0,0.0,Annual sales cohort interpolation; fitted survival/claim propensity; fixed LT subtype split
FY2027Q4,Minivan,44,13+,189.07448377581127,0,0.0,0.032378521262889814,4.7243464997987995e-06,0.0,0.0,Annual sales cohort interpolation; fitted survival/claim propensity; fixed LT subtype split
FY2027Q4,Minivan,45,13+,157.32868731563426,0,0.0,0.02958375162375934,4.7243464997987995e-06,0.0,0.0,Annual sales cohort interpolation; fitted survival/claim propensity; fixed LT subtype split
