ri,vi,fi,repair_input_pct,value_input_pct,low_rank_removed_pct,TLF_7_9_residual_pp,TLF_10_12_residual_pp,TLF_13plus_residual_pp,repair_mean_growth_pct,selected_ACV_growth_pct,total_loss_growth_pct,repairable_count_growth_pct,reported_claim_growth_pct,score,inside_screen
-4,-6,0,-2.0000000000000018,-3.0000000000000027,0.0,-0.22968644933772098,-0.3573843686522471,-1.2025886048233292,-2.6152651594875453,-2.9195928176908414,1.3535813955936504,-0.6319340210142244,-2.220446049250313e-14,101.72546717797854,False
-4,-6,1,-2.0000000000000018,-3.0000000000000027,0.5,-0.11325271290223149,-0.19686871221331614,-0.9809935726867614,-1.958298866131003,-2.9195928176908414,1.3535813955936504,-1.3653643943450366,-0.5000000000000115,74.64675604278803,False
-4,-6,2,-2.0000000000000018,-3.0000000000000027,1.0,0.004357121881093384,-0.034731685507316534,-0.7571602068922489,-1.3233406613469278,-2.9195928176908414,1.3535813955936504,-2.098794767675871,-1.000000000000012,54.20163458260241,False
-4,-6,3,-2.0000000000000018,-3.0000000000000027,1.5,0.12316096513937391,0.12905140238350654,-0.5310544211404367,-0.6982144482131969,-2.9195928176908414,1.3535813955936504,-2.832225141006728,-1.5000000000000235,39.974913838228886,False
-4,-6,4,-2.0000000000000018,-3.0000000000000027,2.0,0.24317709251253095,0.29450574627322146,-0.30264143349319483,-0.07927660643037848,-2.9195928176908414,1.3535813955936504,-3.56565551433754,-2.000000000000013,31.876438709277693,False
-4,-6,5,-2.0000000000000018,-3.0000000000000027,2.5,0.3644241545254112,0.4616570577925694,-0.07188574853674856,0.5354382429380689,-2.9195928176908414,1.3535813955936504,-4.299085887668374,-2.5000000000000133,29.898584346245354,False
-4,-6,6,-2.0000000000000018,-3.0000000000000027,3.0,0.4869211862497752,0.6305315787090371,0.16124886100688518,1.1471973031433214,-2.9195928176908414,1.3535813955936504,-5.032516260999187,-3.0000000000000027,34.075001934602554,False
-4,-6,7,-2.0000000000000018,-3.0000000000000027,3.5000000000000004,0.6106876172666115,0.8011560946608931,0.39679937324006986,1.7569013898826036,-2.9195928176908414,1.3535813955936504,-5.765946634330021,-3.500000000000003,44.465159613689735,False
-4,-6,8,-2.0000000000000018,-3.0000000000000027,4.0,0.7357432819398713,0.9735579493205804,0.6348035366423699,2.3652325932291607,-2.9195928176908414,1.3535813955936504,-6.499377007660867,-4.000000000000014,61.14689835196302,False
-4,-6,9,-2.0000000000000018,-3.0000000000000027,4.5,0.8621084300128645,1.1477650590028865,0.8752998902373577,2.9727310556241004,-2.9195928176908414,1.3535813955936504,-7.232807380991691,-4.5000000000000036,84.21231646284635,False
-4,-6,10,-2.0000000000000018,-3.0000000000000027,5.0,0.9898037375392438,1.3238059277344782,1.1183277843965,3.5798392216663366,-2.9195928176908414,1.3535813955936504,-7.966237754322525,-5.000000000000004,113.76528895635283,False
-4,-6,11,-2.0000000000000018,-3.0000000000000027,5.5,1.1188503181611409,1.501709662801859,1.3639274023033665,4.1869292976640216,-2.9195928176908414,1.3535813955936504,-8.699668127653359,-5.500000000000005,149.9198854798139,False
-4,-6,12,-2.0000000000000018,-3.0000000000000027,6.0,1.249269734747105,1.6815059907954844,1.6121397821028505,4.794321273327906,-2.9195928176908414,1.3535813955936504,-9.433098500984173,-5.999999999999995,192.79932442299656,False
-4,-5,0,-2.0000000000000018,-2.500000000000002,0.0,-0.4157768918917032,-0.5796290902414514,-1.4520791831627078,-2.306934788845705,-2.45970144645834,0.6740027193019138,-0.3146654127852866,0.0,100.98297799187134,False
-4,-5,1,-2.0000000000000018,-2.500000000000002,0.5,-0.3002782833082446,-0.42023024144869914,-1.2317378725253347,-1.6497895795052342,-2.45970144645834,0.6740027193019138,-1.048095786116121,-0.5000000000000004,71.9902773375068,False
-4,-5,2,-2.0000000000000018,-2.500000000000002,1.0,-0.18361302211282737,-0.25922130327418746,-1.009170892083544,-1.01457869541981,-2.45970144645834,0.6740027193019138,-1.7815261594469445,-1.0000000000000009,49.505193363389495,False
-4,-5,3,-2.0000000000000018,-2.500000000000002,1.5,-0.06576334202202938,-0.09657775659031032,-0.7843443483885382,-0.38916400233743875,-2.45970144645834,0.6740027193019138,-2.514956532777779,-1.5000000000000013,33.14239573169975,False
-4,-5,4,-2.0000000000000018,-2.500000000000002,2.0,0.05328888582479263,0.06772541812097299,-0.5572236562884803,0.23008698602025035,-2.45970144645834,0.6740027193019138,-3.2483869061086357,-2.000000000000013,22.819577485218943,False
-4,-5,5,-2.0000000000000018,-2.500000000000002,2.5,0.17356216216235232,0.23371375359851343,-0.3277735211925259,0.8451337197202147,-2.45970144645834,0.6740027193019138,-3.981817279439437,-2.499999999999991,18.53255607928282,False
-4,-5,6,-2.0000000000000018,-2.500000000000002,3.0,0.2950753691838143,0.4014133090294414,-0.09595792078628818,1.4572396153083256,-2.45970144645834,0.6740027193019138,-4.715247652770282,-3.0000000000000027,20.316551951857786,False
-4,-5,7,-2.0000000000000018,-2.500000000000002,3.5000000000000004,0.41784778042310566,0.5708506836876237,0.13825991382102054,2.0673028137027316,-2.45970144645834,0.6740027193019138,-5.448678026101117,-3.500000000000003,28.231589412609743,False
-4,-5,8,-2.0000000000000018,-2.500000000000002,4.0,0.5418990709461391,0.7420530309984907,0.3749175175388475,2.676003386231751,-2.45970144645834,0.6740027193019138,-6.182108399431952,-4.0000000000000036,42.35543562146607,False
-4,-5,9,-2.0000000000000018,-2.500000000000002,4.5,0.6672493278620961,0.915048073045599,0.6140532113479535,3.283879876781004,-2.45970144645834,0.6740027193019138,-6.9155387727627975,-4.500000000000015,62.779684009402374,False
-4,-5,10,-2.0000000000000018,-2.500000000000002,5.0,0.7939190611666314,1.0898641155353161,0.855706122986627,3.891373416249433,-2.45970144645834,0.6740027193019138,-7.648969146093599,-4.999999999999993,89.6073877246927,False
-4,-5,11,-2.0000000000000018,-2.500000000000002,5.5,0.9219292149294123,1.2665300632365595,1.0999162082934388,4.498855098411991,-2.45970144645834,0.6740027193019138,-8.382399519424444,-5.500000000000005,122.95154773476168,False
-4,-5,12,-2.0000000000000018,-2.500000000000002,6.0,1.0513011788386124,1.445075435913351,1.3467242732311702,5.106643946817124,-2.45970144645834,0.6740027193019138,-9.11582989275528,-6.000000000000005,162.93411229620483,False
-4,-4,0,-2.0000000000000018,-2.0000000000000018,0.0,-0.6000000000014716,-0.8000000000001117,-1.6999999999983584,-1.9999999999999907,-2.0000000000000018,0.0,0.0,0.0,107.2399999999416,False
-4,-4,1,-2.0000000000000018,-2.0000000000000018,0.5,-0.4854271356798695,-0.6417085427136815,-1.4809045226114148,-1.342670091739362,-2.0000000000000018,0.0,-0.7334303733308456,-0.5000000000000115,76.4005336419128,False
-4,-4,2,-2.0000000000000018,-2.0000000000000018,1.0,-0.369696969698452,-0.4818181818182887,-1.2595959595942952,-0.7072017118945007,-2.0000000000000018,0.0,-1.4668607466617023,-1.000000000000023,51.94465619896084,False
-4,-4,3,-2.0000000000000018,-2.0000000000000018,1.5,-0.25279187817407733,-0.3203045685280348,-1.0360406091353913,-0.0814941422428328,-2.0000000000000018,0.0,-2.2002911199925146,-1.5000000000000124,33.516580623915715,False
-4,-4,4,-2.0000000000000018,-2.0000000000000018,2.0,-0.13469387755252193,-0.15714285714296672,-0.8102040816309775,0.5380741298611769,-2.0000000000000018,0.0,-2.933721493323349,-2.000000000000013,21.041773591497005,False
-4,-4,5,-2.0000000000000018,-2.0000000000000018,2.5,-0.01538461538612701,0.007692307692197531,-0.5820512820496004,1.1534567115317085,-2.0000000000000018,0.0,-3.6671518666541836,-2.5000000000000133,14.51946869603723,False
-4,-4,6,-2.0000000000000018,-2.0000000000000018,3.0,0.10515463917374346,0.17422680412360614,-0.3515463917508732,1.765913288049381,-2.0000000000000018,0.0,-4.400582239984995,-3.0000000000000027,13.986450146729583,False
-4,-4,7,-2.0000000000000018,-2.0000000000000018,3.5000000000000004,0.22694300517982213,0.34248704663201734,-0.11865284973923695,2.3763393652777687,-2.0000000000000018,0.0,-5.134012613315853,-3.500000000000014,19.503304249045065,False
-4,-4,8,-2.0000000000000018,-2.0000000000000018,4.0,0.3499999999984654,0.512499999999888,0.11666666666838021,2.9854130263278433,-2.0000000000000018,0.0,-5.867442986646676,-4.000000000000014,31.147737318214315,False
-4,-4,9,-2.0000000000000018,-2.0000000000000018,4.5,0.47434554973668497,0.6842931937171615,0.35445026178183014,3.593671241228358,-2.0000000000000018,0.0,-6.600873359977511,-4.500000000000015,49.01085584789764,False
-4,-4,10,-2.0000000000000018,-2.0000000000000018,5.0,0.5999999999984545,0.8578947368419909,0.5947368421069965,4.201553847980355,-2.0000000000000018,0.0,-7.334303733308345,-5.000000000000016,73.1949128198111,False
-4,-4,11,-2.0000000000000018,-2.0000000000000018,5.5,0.7269841269825689,1.033333333333214,0.8375661375678856,4.809430845924667,-2.0000000000000018,0.0,-8.067734106639179,-5.500000000000016,103.81186521492972,False
-4,-4,12,-2.0000000000000018,-2.0000000000000018,6.0,0.8553191489346051,1.210638297872224,1.082978723406014,5.417620308629001,-2.0000000000000018,0.0,-8.801164479970014,-6.000000000000016,140.98241836739427,False
-4,-3,0,-2.0000000000000018,-1.5000000000000013,0.0,-0.7823774362624325,-1.0185137122281473,-1.9463580935797198,-1.6944529390327312,-1.5404870636651302,-0.6684758189829054,0.3120851199756025,-2.220446049250313e-14,120.37547129266834,False
-4,-3,1,-2.0000000000000018,-1.5000000000000013,0.5,-0.6687210414697803,-0.8613203137971315,-1.7285005965625322,-1.0369326826321967,-1.5404870636651302,-0.6684758189829054,-0.4213452533552209,-0.5000000000000115,87.75522955821548,False
-4,-3,2,-2.0000000000000018,-1.5000000000000013,1.0,-0.5539166022852815,-0.702539103260752,-1.5084425187673889,-0.4012021062401283,-1.5404870636651302,-0.6684758189829054,-1.1547756266860554,-1.000000000000012,61.39646070991297,False
-4,-3,3,-2.0000000000000018,-1.5000000000000013,1.5,-0.43794663579941884,-0.5421459007392382,-1.2861503488119042,0.22480262832809128,-1.5404870636651302,-0.6684758189829054,-1.888206000016901,-1.5000000000000235,40.972611630732025,False
-4,-3,4,-2.0000000000000018,-1.5000000000000013,2.0,-0.3207933023086029,-0.3801160328858577,-1.0615898914078825,0.8446922173559912,-1.5404870636651302,-0.6684758189829054,-2.6216363733477355,-2.000000000000024,26.416849568854587,False
-4,-3,5,-2.0000000000000018,-1.5000000000000013,2.5,-0.20243839616660153,-0.21642432023399327,-0.8347262498253571,1.460414509246677,-1.5404870636651302,-0.6684758189829054,-3.355066746678559,-2.5000000000000133,17.731798644377477,False
-4,-3,6,-2.0000000000000018,-1.5000000000000013,3.0,-0.08286333635302012,-0.051045064152716035,-0.6055238078141345,2.0732255123658616,-1.5404870636651302,-0.6684758189829054,-4.088497120009393,-3.0000000000000138,14.955801526840002,False
-4,-3,7,-2.0000000000000018,-1.5000000000000013,3.5000000000000004,0.03795084325136644,0.11604796660296679,-0.3739462109634495,2.6840181364568005,-1.5404870636651302,-0.6684758189829054,-4.821927493340206,-3.500000000000003,18.15001230628118,False
-4,-3,8,-2.0000000000000018,-1.5000000000000013,4.0,0.16002350389329734,0.28488154976235025,-0.13995634747887564,3.29346850632406,-1.5404870636651302,-0.6684758189829054,-5.55535786667104,-4.0000000000000036,27.392089250905826,False
-4,-3,9,-2.0000000000000018,-1.5000000000000013,4.5,0.2833744122906545,0.45548302384487704,0.09648367164427629,3.902112042330219,-1.5404870636651302,-0.6684758189829054,-6.288788240001885,-4.500000000000015,42.77266960670476,False
-4,-3,10,-2.0000000000000018,-1.5000000000000013,5.0,0.4080237513027052,0.6278803029177438,0.335412533073981,4.510387309942621,-1.5404870636651302,-0.6684758189829054,-7.02221861333271,-5.000000000000004,64.39322756203971,False
-4,-3,11,-2.0000000000000018,-1.5000000000000013,5.5,0.5339921309392259,0.8021018918220713,0.5768697422436908,5.118663231778431,-1.5404870636651302,-0.6684758189829054,-7.755648986663532,-5.500000000000005,92.36470043040595,False
-4,-3,12,-2.0000000000000018,-1.5000000000000013,6.0,0.6613005997208155,0.9781769018849529,0.820895645127967,5.72725694724856,-1.5404870636651302,-0.6684758189829054,-8.4890793599944,-6.0000000000000275,126.80657741605569,False
-4,-2,0,-2.0000000000000018,-1.0000000000000009,0.0,-0.9629306060527781,-1.2351867429509389,-2.191160591514796,-1.3902857984275485,-1.0811612474251886,-1.3314734709842568,0.6216126988239257,0.0,140.27056045217114,False
-4,-2,1,-2.0000000000000018,-1.0000000000000009,0.5,-0.8501815136208846,-1.079082153719535,-1.9745332578038122,-0.7325696753486599,-1.0811612474251886,-1.3314734709842568,-0.11181767450693103,-0.5000000000000115,105.93432008981863,False
-4,-2,2,-2.0000000000000018,-1.0000000000000009,1.0,-0.7362935414674504,-0.9214007504554866,-1.7557177692068604,-0.0965723146881925,-1.0811612474251886,-1.3314734709842568,-0.8452480478377655,-1.0000000000000009,77.73931546348294,False
-4,-2,3,-2.0000000000000018,-1.0000000000000009,1.5,-0.6212493462464747,-0.7621185207623726,-1.5346808035683224,0.5297337673058067,-1.0811612474251886,-1.3314734709842568,-1.5786784211686,-1.5000000000000124,55.387923840353736,False
-4,-2,4,-2.0000000000000018,-1.0000000000000009,2.0,-0.5050312306661003,-0.6012109621948314,-1.31138835868857,1.1499486047863217,-1.0811612474251886,-1.3314734709842568,-2.3121087944994456,-2.000000000000024,38.82094139538871,False
-4,-2,5,-2.0000000000000018,-1.0000000000000009,2.5,-0.3876211344131103,-0.4386530696932678,-1.0858057348869687,1.7660143700526376,-1.0811612474251886,-1.3314734709842568,-3.045539167830247,-2.499999999999991,28.04435769547918,False
-4,-2,6,-2.0000000000000018,-1.0000000000000009,3.0,-0.2690006247966781,-0.2744193226298208,-0.8578975170255521,2.379183447843758,-1.0811612474251886,-1.3314734709842568,-3.7789695411610924,-3.0000000000000027,23.098068721135512,False
-4,-2,7,-2.0000000000000018,-1.0000000000000009,3.5000000000000004,-0.1491508871013264,-0.10848367145173676,-0.6276275559738864,2.9903461899468464,-1.0811612474251886,-1.3314734709842568,-4.512399914491927,-3.500000000000014,24.043802095179156,False
-4,-2,8,-2.0000000000000018,-1.0000000000000009,4.0,-0.028052714638315823,0.05918047609277388,-0.3949589494945782,3.6001767921704175,-1.0811612474251886,-1.3314734709842568,-5.24583028782275,-4.0000000000000036,30.959180669561885,False
-4,-2,9,-2.0000000000000018,-1.0000000000000009,4.5,0.0943135015154195,0.22860026916132203,-0.15985402252857717,4.209209148906612,-1.0811612474251886,-1.3314734709842568,-5.979260661153574,-4.499999999999993,43.93438987809553,False
-4,-2,10,-2.0000000000000018,-1.0000000000000009,5.0,0.21796778310234077,0.39980342847270034,0.07772569314232758,4.817880573028255,-1.0811612474251886,-1.3314734709842568,-6.7126910344844415,-5.000000000000027,63.07014616987791,False
-4,-2,11,-2.0000000000000018,-1.0000000000000009,5.5,0.342930575605524,0.5728182614275823,0.3178194798785283,5.426558927759828,-1.0811612474251886,-1.3314734709842568,-7.446121407815243,-5.499999999999994,88.47639113936116,False
-4,-2,12,-2.0000000000000018,-1.0000000000000009,6.0,0.4692227595183174,0.7476736777117687,0.560467455835334,6.035560433833509,-1.0811612474251886,-1.3314734709842568,-8.179551781146099,-6.000000000000005,120.2714242402902,False
-4,-1,0,-2.0000000000000018,-0.5000000000000004,0.0,-1.1416806596722673,-1.4500355079736904,-2.434414706147253,-1.0874908170229514,-0.6220211853646185,-1.9890413624082282,0.9286053355948454,0.0,166.80863095629553,False
-4,-1,1,-2.0000000000000018,-0.5000000000000004,0.5,-1.0298298087158457,-1.2950105607775764,-2.2190097549218635,-0.42957343645436685,-0.6220211853646185,-1.9890413624082282,0.19517496226397757,-0.5000000000000115,130.81997479771184,False
-4,-1,2,-2.0000000000000018,-0.5000000000000004,1.0,-0.916849151184107,-1.1384197050239242,-2.0014289961083342,0.20669518566429623,-0.6220211853646185,-1.9890413624082282,-0.5382554110668236,-1.0000000000000009,100.85416386893583,False
-4,-1,3,-2.0000000000000018,-0.5000000000000004,1.5,-0.8027214819007755,-0.9802390943895345,-1.7816392955809723,0.8333066941279998,-0.6220211853646185,-1.9890413624082282,-1.2716857843976692,-1.5000000000000124,76.64220793932698,False
-4,-1,4,-2.0000000000000018,-0.5000000000000004,2.0,-0.6874292445635394,-0.820444395891512,-1.559606843007405,1.45385061222445,-0.6220211853646185,-1.9890413624082282,-2.005116157728515,-2.000000000000024,58.132461836161355,False
-4,-1,5,-2.0000000000000018,-0.5000000000000004,2.5,-0.5709545227407908,-0.6590107774089082,-1.335297134510005,2.0702635171628625,-0.6220211853646185,-1.9890413624082282,-2.738546531059316,-2.499999999999991,45.334256010748646,False
-4,-1,6,-2.0000000000000018,-0.5000000000000004,3.0,-0.45327903058996477,-0.4959128948182234,-1.108674954790978,2.6837942223079336,-0.6220211853646185,-1.9890413624082282,-3.4719769043901505,-3.0000000000000027,38.28903475822699,False
-4,-1,7,-2.0000000000000018,-0.5000000000000004,3.5000000000000004,-0.3343841032873246,-0.3311248787291998,-0.8797043587018272,3.2953305589044524,-0.6220211853646185,-1.9890413624082282,-4.205407277720996,-3.500000000000014,37.05910493829266,False
-4,-1,8,-2.0000000000000018,-0.5000000000000004,4.0,-0.21425068715861528,-0.16462032080592492,-0.6483486522367243,3.905544822490059,-0.6220211853646185,-1.9890413624082282,-4.93883765105182,-4.0000000000000036,41.72206644994409,False
-4,-1,9,-2.0000000000000018,-0.5000000000000004,4.5,-0.0928593294997504,0.0036277403416884457,-0.41457037292906285,4.514969404700531,-0.6220211853646185,-1.9890413624082282,-5.6722680243826655,-4.500000000000015,52.367670097605114,False
-4,-1,10,-2.0000000000000018,-0.5000000000000004,5.0,0.029809831923932606,0.17364683371191014,-0.17833126962868429,5.124040385338868,-0.6220211853646185,-1.9890413624082282,-6.4056983977135,-5.000000000000004,69.09589532897313,False
-4,-1,11,-2.0000000000000018,-0.5000000000000004,5.5,0.15377707971188648,0.3454650709273144,0.060407718362698315,5.733124585200766,-0.6220211853646185,-1.9890413624082282,-7.139128771044334,-5.500000000000016,92.01571160145191,False
-4,-1,12,-2.0000000000000018,-0.5000000000000004,6.0,0.2790631280082251,0.5191111617301181,0.3016864828220778,6.342537321480002,-0.6220211853646185,-1.9890413624082282,-7.872559144375179,-6.0000000000000275,121.24425458936334,False
-4,0,0,-2.0000000000000018,0.0,0.0,-1.3186484944943984,-1.6630763210901511,-2.6761277300415776,-0.7860602799747984,-0.16306553517521083,-2.6412275693852183,1.2330854751465337,-2.220446049250313e-14,199.875205897971,False
-4,0,1,-2.0000000000000018,0.0,0.5,-1.2076869291400976,-1.509121930743873,-2.4619374171272135,-0.12793637595648333,-0.16306553517521083,-2.6412275693852183,0.49965510181573247,-0.5000000000000004,162.29654227147395,False
-4,0,2,-2.0000000000000018,0.0,1.0,-1.0956045398933272,-1.3536124455456044,-2.245583565698561,0.5086078767487567,-0.16306553517521083,-2.6412275693852183,-0.23377527151514643,-1.000000000000023,130.62414838722108,False
-4,0,3,-2.0000000000000018,0.0,1.5,-0.9823842583699449,-1.196524183847869,-2.027033228468611,1.1355287895707722,-0.16306553517521083,-2.6412275693852183,-0.9672056448459587,-1.5000000000000124,104.61737415262523,False
-4,0,4,-2.0000000000000018,0.0,2.0,-0.8680086678514248,-1.0378329807042286,-1.8062527857567123,1.7564055233049158,-0.16306553517521083,-2.6412275693852183,-1.7006360181767932,-2.000000000000013,84.23206410679599,False
-4,0,5,-2.0000000000000018,0.0,2.5,-0.7524599943532329,-0.8775141754770732,-1.5832079282477707,2.373169139529563,-0.16306553517521083,-2.6412275693852183,-2.4340663915076277,-2.5000000000000133,69.48086552268248,False
-4,0,6,-2.0000000000000018,0.0,3.0,-0.6357200974169003,-0.7155425990620023,-1.3578636392181154,2.9870649314770237,-0.16306553517521083,-2.6412275693852183,-3.167496764838462,-3.0000000000000138,60.406766158655394,False
-4,0,7,-2.0000000000000018,0.0,3.5000000000000004,-0.5177704606159572,-0.5518925607151726,-1.1301841762088927,3.5989782465319253,-0.16306553517521083,-2.6412275693852183,-3.900927138169308,-3.5000000000000253,57.072657767926664,False
-4,0,8,-2.0000000000000018,0.0,4.0,-0.39859218176500066,-0.386537834468903,-0.9001330521266393,4.209579508116024,-0.16306553517521083,-2.6412275693852183,-4.634357511500142,-4.000000000000026,59.55612959195484,False
-4,0,9,-2.0000000000000018,0.0,4.5,-0.27816596282135286,-0.21945164512057191,-0.6676730157503363,4.81939962785336,-0.16306553517521083,-2.6412275693852183,-5.367787884830955,-4.500000000000015,67.94651473740629,False
-4,0,10,-2.0000000000000018,0.0,5.0,-0.15647209946778318,-0.050606653779106114,-0.43276603162270555,5.428873471599616,-0.16306553517521083,-2.6412275693852183,-6.101218258161789,-5.000000000000016,82.34307607522301,False
-4,0,11,-2.0000000000000018,0.0,5.5,-0.03349047036444175,0.12002505704746258,-0.19537325930324978,6.038366834326525,-0.16306553517521083,-2.6412275693852183,-6.834648631492646,-5.500000000000027,102.85383414531707,False
-4,0,12,-2.0000000000000018,0.0,6.0,0.09079947394212973,0.29247199884026576,0.044544968040882704,6.648194144503261,-0.16306553517521083,-2.6412275693852183,-7.568079004823458,-6.000000000000016,129.59478641037558,False
-4,1,0,-2.0000000000000018,0.49999999999998934,0.0,-1.4938547571759693,-1.8743253923849845,-2.916307031628418,-0.4859865186961576,0.29570702234262836,-3.288079834746538,1.5350754067328998,-2.220446049250313e-14,239.35793303343644,False
-4,1,1,-2.0000000000000018,0.49999999999998934,0.5,-1.3837736253024813,-1.72143255516079,-2.7033236498778033,0.17234905268137535,0.29570702234262836,-3.288079834746538,0.8016450334020764,-0.5000000000000115,200.25051492863238,False
-4,1,2,-2.0000000000000018,0.49999999999998934,1.0,-1.272580562804007,-1.5669953458434138,-2.488188920836781,0.8091731994448681,0.29570702234262836,-3.288079834746538,0.06821466007123078,-1.000000000000023,166.93457506880412,False
-4,1,3,-2.0000000000000018,0.49999999999998934,1.5,-1.1602586367268715,-1.4109902460761325,-2.27087008287149,1.4364073956095513,0.29570702234262836,-3.288079834746538,-0.6652157132596037,-1.5000000000000346,139.19751651182514,False
-4,1,4,-2.0000000000000018,0.49999999999998934,2.0,-1.046790568546907,-1.2533932575356954,-2.0513337057432857,2.057620585028075,0.29570702234262836,-3.288079834746538,-1.398646086590427,-2.000000000000024,117.00260586517287,False
-4,1,5,-2.0000000000000018,0.49999999999998934,2.5,-0.9321587253086905,-1.0941798896256238,-1.829545673465044,2.674738391590603,0.29570702234262836,-3.288079834746538,-2.1320764599212616,-2.5000000000000133,100.36578364389023,False
-4,1,6,-2.0000000000000018,0.49999999999998934,3.0,-0.8163451104906877,-0.9333251467886328,-1.6054711666272259,3.289002638653682,0.29570702234262836,-3.288079834746538,-2.865506833252096,-3.000000000000025,89.33157635541895,False
-4,1,7,-2.0000000000000018,0.49999999999998934,3.5000000000000004,-0.6993313545864965,-0.7708035154248449,-1.3790746441745327,3.90129622571056,0.29570702234262836,-3.288079834746538,-3.5989372065829084,-3.500000000000014,83.96346625257802,False
-4,1,8,-2.0000000000000018,0.49999999999998934,4.0,-0.5810987053916389,-0.6065889504010269,-1.1503198246129331,4.512287731666542,0.29570702234262836,-3.288079834746538,-4.332367579913743,-4.0000000000000036,84.3390440465465,False
-4,1,9,-2.0000000000000018,0.49999999999998934,4.5,-0.4616280179853022,-0.4406548611361083,-0.9191696666266125,5.122506610421773,0.29570702234262836,-3.288079834746538,-5.065797953244589,-4.500000000000015,90.54724182836075,False
-4,1,10,-2.0000000000000018,0.49999999999998934,5.0,-0.3408997443957562,-0.27297409724735267,-0.6855863490825398,5.732386532614364,0.29570702234262836,-3.288079834746538,-5.799228326575411,-5.000000000000004,102.68662600662752,False
-4,1,11,-2.0000000000000018,0.49999999999998934,5.5,-0.2188939229375353,-0.10351893374072607,-0.4495312504004312,6.342292283649353,0.29570702234262836,-3.288079834746538,-6.532658699906236,-5.500000000000016,120.8642910650332,False
-4,1,12,-2.0000000000000018,0.49999999999998934,6.0,-0.09559016720847857,0.06773894427129501,-0.2109649272642622,6.952537417766647,0.29570702234262836,-3.288079834746538,-7.266089073237103,-6.0000000000000275,145.19512142404633,False
-4,2,0,-2.0000000000000018,1.0000000000000009,0.0,-1.667319845875026,-2.0837988266935668,-3.154960050930483,-0.18726191079488919,0.7542977837592391,-3.929645565227624,1.8345972626978568,0.0,285.14655016539837,False
-4,2,1,-2.0000000000000018,1.0000000000000009,0.5,-1.5581103978643485,-1.9319586197925287,-2.943175930583397,0.47129035252786444,0.7542977837592391,-3.929645565227624,1.1011668893670112,-0.5000000000000226,244.57049414891935,False
-4,2,2,-2.0000000000000018,1.0000000000000009,1.0,-1.447797824116187,-1.778584673427841,-2.729252576697455,1.1083985535081498,0.7542977837592391,-3.929645565227624,0.36773651603618784,-1.000000000000012,209.6728784266269,False
-4,2,3,-2.0000000000000018,1.0000000000000009,1.5,-1.336365325761446,-1.6236536311609817,-2.5131574121121716,1.7359498152881292,0.7542977837592391,-3.929645565227624,-0.36569385729463555,-1.5000000000000013,180.26887745880924,False
-4,2,4,-2.0000000000000018,1.0000000000000009,2.0,-1.2237957610969659,-1.4671416598913911,-2.294857194827027,2.357503007573003,0.7542977837592391,-3.929645565227624,-1.0991242306254811,-2.000000000000013,156.32911353912658,False
-4,2,5,-2.0000000000000018,1.0000000000000009,2.5,-1.1100716367949044,-1.3090244376344207,-2.074318000954345,2.9749783930275164,0.7542977837592391,-3.929645565227624,-1.8325546039563156,-2.5000000000000133,137.8727973126573,False
-4,2,6,-2.0000000000000018,1.0000000000000009,3.0,-0.9951750988402314,-1.14927714092119,-1.8515052071448213,3.589614374427952,0.7542977837592391,-3.929645565227624,-2.5659849772871612,-3.000000000000025,124.94598945162943,False
-4,2,7,-2.0000000000000018,1.0000000000000009,3.5000000000000004,-0.8790879231865584,-0.9878744318067956,-1.6263834724668302,4.2022914386493415,0.7542977837592391,-3.929645565227624,-3.2994153506179846,-3.500000000000014,117.61276826113397,False
-4,2,8,-2.0000000000000018,1.0000000000000009,4.0,-0.7617915061198244,-0.8247904444724619,-1.398916719719251,4.813676347138052,0.7542977837592391,-3.929645565227624,-4.032845723948797,-4.0000000000000036,115.95073788104568,False
-4,2,9,-2.0000000000000018,1.0000000000000009,4.5,-0.6432668543193937,-0.6599987714068722,-1.1690681161575733,5.424297117913057,0.7542977837592391,-3.929645565227624,-4.766276097279631,-4.5000000000000036,120.04844582112077,False
-4,2,10,-2.0000000000000018,1.0000000000000009,5.0,-0.5234945746052905,-0.4934724491511222,-0.936800053611031,6.03458624474329,0.7542977837592391,-3.929645565227624,-5.499706470610466,-5.000000000000004,130.0037818349349,False
-4,2,11,-2.0000000000000018,1.0000000000000009,5.5,-0.40245486335981906,-0.32518394359107305,-0.7020741279687603,6.644907519385002,0.7542977837592391,-3.929645565227624,-6.233136843941301,-5.500000000000005,145.9229368570028,False
-4,2,12,-2.0000000000000018,1.0000000000000009,6.0,-0.28012749561173167,-0.15510513478038668,-0.46485111801114476,7.255573636034995,0.7542977837592391,-3.929645565227624,-6.9665672172721465,-6.000000000000016,167.91970704158422,False
-4,3,0,-2.0000000000000018,1.4999999999999902,0.0,-1.8390639125386659,-2.291512622140962,-3.3920942954676514,0.1101211200303931,1.212708023486253,-4.565971829007987,2.131673017326774,-1.1102230246251565e-14,337.1328508777615,False
-4,3,1,-2.0000000000000018,1.4999999999999902,0.5,-1.7307175000388586,-2.140716203156745,-3.1815018044901002,0.768894983216617,1.212708023486253,-4.565971829007987,1.3982426439959506,-0.5000000000000115,295.1471557599442,False
-4,3,2,-2.0000000000000018,1.4999999999999902,1.0,-1.6212766793319817,-1.9883965880211685,-2.9687821166339887,1.4062912975420616,1.212708023486253,-4.565971829007987,0.664812270665105,-1.000000000000012,258.7285866606224,False
-4,3,3,-2.0000000000000018,1.4999999999999902,1.5,-1.5107247843032106,-1.8345305808537715,-2.75390283803823,2.0341633126349734,1.212708023486253,-4.565971829007987,-0.06861810266571844,-1.5000000000000124,227.71981280126812,False
-4,3,4,-2.0000000000000018,1.4999999999999902,2.0,-1.3990448087129237,-1.6790945123887346,-2.536830913742505,2.6560599641599847,1.212708023486253,-4.565971829007987,-0.8020484759965529,-2.000000000000013,202.09874700627384,False
-4,3,5,-2.0000000000000018,1.4999999999999902,2.5,-1.2862193974755576,-1.522064227836878,-2.3175326107360563,3.273896228574902,1.212708023486253,-4.565971829007987,-1.5354788493273652,-2.500000000000002,181.88784739101564,False
-4,3,6,-2.0000000000000018,1.4999999999999902,3.0,-1.1722308376687252,-1.3634150743721152,-2.0959735004821067,3.8889071364335726,1.212708023486253,-4.565971829007987,-2.268909222658222,-3.0000000000000138,167.13470433108174,False
-4,3,7,-2.0000000000000018,1.4999999999999902,3.5000000000000004,-1.0570610492628667,-1.203121888228964,-1.8721184408991287,4.501970796587473,1.212708023486253,-4.565971829007987,-3.002339595989034,-3.500000000000003,157.90399768040555,False
-4,3,8,-2.0000000000000018,1.4999999999999902,4.0,-0.9406915755611145,-1.0411589813968336,-1.6459315577788014,5.113752179553788,1.212708023486253,-4.565971829007987,-3.7357699693198687,-4.0000000000000036,154.27335679826444,False
-4,3,9,-2.0000000000000018,1.4999999999999902,4.5,-0.8231035733389097,-0.8775001278962913,-1.4173762256205757,5.724777888879196,1.212708023486253,-4.565971829007987,-4.469200342650714,-4.500000000000015,156.33096080151523,False
-4,3,10,-2.0000000000000018,1.4999999999999902,5.0,-0.7042778026722762,-0.712118549622065,-1.1864150478606839,6.335479259439669,1.212708023486253,-4.565971829007987,-5.202630715981549,-5.000000000000016,164.17404229198814,False
-4,3,11,-2.0000000000000018,1.4999999999999902,5.5,-0.5841946164430345,-0.5449869017364661,-0.9530098364737005,6.94621910493145,1.212708023486253,-4.565971829007987,-5.936061089312372,-5.500000000000005,177.90791081203932,False
-4,3,12,-2.0000000000000018,1.4999999999999902,6.0,-0.46283394950921986,-0.3760772575967686,-0.7171215909230255,7.557309273393242,1.212708023486253,-4.565971829007987,-6.669491462643218,-6.000000000000016,197.6452986372573,False
-4,4,0,-2.0000000000000018,2.0000000000000018,0.0,-2.009106865169394,-2.4974826688271277,-3.627717336230618,0.4061701040626087,1.6709389942468844,-5.19710535342035,2.4263244857771538,0.0,395.21065062181606,False
-4,4,1,-2.0000000000000018,2.0000000000000018,0.5,-1.9016149398687399,-2.3477212752031407,-3.418308880633786,1.065170360950396,1.6709389942468844,-5.19710535342035,1.6928941124463082,-0.5000000000000115,351.8732158746445,False
-4,4,2,-2.0000000000000018,2.0000000000000018,1.0,-1.7930372375448393,-2.196447140229413,-3.2067851881117324,1.7028587489438696,1.6709389942468844,-5.19710535342035,0.959463739115507,-0.9999999999999898,313.9932872346296,False
-4,4,3,-2.0000000000000018,2.0000000000000018,1.5,-1.683357223522225,-2.0436372272356618,-2.993114046934642,2.3310551125544476,1.6709389942468844,-5.19710535342035,0.22603336578466138,-1.5000000000000013,281.44075702136223,False
-4,4,4,-2.0000000000000018,2.0000000000000018,2.0,-1.5725580256830574,-1.8892680294154307,-2.777262587990431,2.9532985908888643,1.6709389942468844,-5.19710535342035,-0.5073970075461842,-2.000000000000013,254.20076462784465,False
-4,4,5,-2.0000000000000018,2.0000000000000018,2.5,-1.460622425814767,-1.7333155577714088,-2.559197267928842,3.571498947807239,1.6709389942468844,-5.19710535342035,-1.2408273808769854,-2.499999999999991,232.2989934177396,False
-4,4,6,-2.0000000000000018,2.0000000000000018,3.0,-1.3475328506900945,-1.5757553286877501,-2.338883851784135,4.186887889083546,1.6709389942468844,-5.19710535342035,-1.97425775420782,-2.9999999999999916,215.78455912473063,False
-4,4,7,-2.0000000000000018,2.0000000000000018,3.5000000000000004,-1.2332713628698393,-1.4165623511161851,-2.1162873950576424,4.800341179478762,1.6709389942468844,-5.19710535342035,-2.707688127538699,-3.5000000000000253,204.7227485896069,False
-4,4,8,-2.0000000000000018,2.0000000000000018,4.0,-1.1178196512181242,-1.255711113361585,-1.8913722252402287,5.412522024595501,1.6709389942468844,-5.19710535342035,-3.4411185008695,-4.0000000000000036,199.1912280135982,False
-4,4,9,-2.0000000000000018,2.0000000000000018,4.5,-1.0011590211197796,-1.093175569452487,-1.664101922754574,6.023955634494427,1.6709389942468844,-5.19710535342035,-4.174548874200335,-4.5000000000000036,199.27782406496394,False
-4,4,10,-2.0000000000000018,2.0000000000000018,5.0,-0.8832703843888345,-0.9289291250811849,-1.4344393012953816,6.635072202773196,1.6709389942468844,-5.19710535342035,-4.9079792475311805,-5.000000000000016,205.07913139624776,False
-4,4,11,-2.0000000000000018,2.0000000000000018,5.5,-0.7641342488565045,-0.7629446230974835,-1.202346387545622,7.246233580335315,1.6709389942468844,-5.19710535342035,-5.641409620862003,-5.500000000000005,216.6995999687266,False
-4,4,12,-2.0000000000000018,2.0000000000000018,6.0,-0.643730707627016,-0.5951943285394945,-0.9677844002453306,7.857750782654316,1.6709389942468844,-5.19710535342035,-6.374839994192838,-6.000000000000005,234.25092218336258,False
-4,5,0,-2.0000000000000018,2.499999999999991,0.0,-2.1774683701394792,-2.701724747579676,-3.8618368038185578,0.7008925256689169,2.128991927536039,-5.823092522943463,2.7185733231413156,-2.220446049250313e-14,459.2757531685196,False
-4,5,1,-2.0000000000000018,2.499999999999991,0.5,-2.0708224825522423,-2.552989696059976,-3.6536048279583513,1.360123858536233,2.128991927536039,-5.823092522943463,1.9851429498104922,-0.5000000000000115,414.6433970951518,False
-4,5,2,-2.0000000000000018,2.499999999999991,1.0,-1.9630993637772516,-2.402752270282499,-3.4432694988066226,1.9981081838832182,2.128991927536039,-5.823092522943463,1.2517125764796466,-1.000000000000023,375.3605928202951,False
-4,5,3,-2.0000000000000018,2.499999999999991,1.5,-1.8542826092786568,-2.250989591451452,-3.230798785602601,2.6266324007526265,2.128991927536039,-5.823092522943463,0.518282203148801,-1.5000000000000235,341.32418895206814,False
-4,5,4,-2.0000000000000018,2.499999999999991,2.0,-1.7443554797341636,-2.09767831385681,-3.0161600038964895,3.249225986614235,2.128991927536039,-5.823092522943463,-0.21514817018200016,-2.000000000000013,312.52648865097973,False
-4,5,5,-2.0000000000000018,2.499999999999991,2.5,-1.6333008924507535,-1.9427946129022267,-2.799319798788269,3.8677935649639394,2.128991927536039,-5.823092522943463,-0.9485785435128347,-2.5000000000000133,288.99637873063836,False
-4,5,6,-2.0000000000000018,2.499999999999991,3.0,-1.5211014125149247,-1.7863141727625431,-2.5802441276479904,4.483563563345339,2.128991927536039,-5.823092522943463,-1.6820089168436914,-3.000000000000025,270.7844960473344,False
-4,5,7,-2.0000000000000018,2.499999999999991,3.5000000000000004,-1.4077392436678549,-1.6282121736576838,-2.3588982422990346,5.097409435716127,2.128991927536039,-5.823092522943463,-2.4154392901744925,-3.500000000000003,257.95673980587844,False
-4,5,8,-2.0000000000000018,2.499999999999991,4.0,-1.2931962188952957,-1.4684632787288265,-2.1352466706443307,5.70999264827774,2.128991927536039,-5.823092522943463,-3.1488696635053492,-4.000000000000026,250.59082450412492,False
-4,5,9,-2.0000000000000018,2.499999999999991,4.5,-1.1774537907219633,-1.307041620502275,-1.9092531977157656,6.321837038178413,2.128991927536039,-5.823092522943463,-3.8823000368361726,-4.500000000000015,248.7742400638867,False
-4,5,10,-2.0000000000000018,2.499999999999991,5.0,-1.0604930211994517,-1.1439207869259727,-1.6808808461247937,6.933371674999367,2.128991927536039,-5.823092522943463,-4.615730410166985,-5.000000000000004,252.60296209323027,False
-4,5,11,-2.0000000000000018,2.499999999999991,5.5,-0.9422945715761716,-0.9790738069626159,-1.450091855892649,7.544957461806945,2.128991927536039,-5.823092522943463,-5.349160783497853,-5.500000000000027,262.1806024417023,False
-4,5,12,-2.0000000000000018,2.499999999999991,6.0,-0.822838691637745,-0.8124731357230575,-1.216847663636761,8.156904594817194,2.128991927536039,-5.823092522943463,-6.082591156828688,-6.0000000000000275,277.6178372610768,False
-4,6,0,-2.0000000000000018,3.0000000000000027,0.0,-2.3441678545360665,-2.904254528847372,-4.094460384638149,0.9942958234279375,2.5868680340489947,-6.443979377418163,3.008441023613817,0.0,529.2259174281254,False
-4,6,1,-2.0000000000000018,3.0000000000000027,0.5,-2.2383596528000678,-2.7565372149219836,-3.8873973714956267,1.6537628054487108,2.5868680340489947,-6.443979377418163,2.2750106502829492,-0.5000000000000115,483.35439508479374,False
-4,6,2,-2.0000000000000018,3.0000000000000027,1.0,-2.1314826813495613,-2.6073278069165315,-3.6782428127658084,2.292046837310524,2.5868680340489947,-6.443979377418163,1.541580276952148,-1.0000000000000009,442.7261076101763,False
-4,6,3,-2.0000000000000018,3.0000000000000027,1.5,-2.0235206645036197,-2.4566035825861645,-3.466964857500665,2.920902323694441,2.5868680340489947,-6.443979377418163,0.8081499036213247,-1.4999999999999902,407.2645978239201,False
-4,6,4,-2.0000000000000018,3.0000000000000027,2.0,-1.91445699442456,-2.304341355966699,-3.2535310047328125,3.5438492128533783,2.5868680340489947,-6.443979377418163,0.07471953029047906,-2.0000000000000018,376.96927098270936,False
-4,6,5,-2.0000000000000018,3.0000000000000027,2.5,-1.8042747226010984,-2.1505174654844805,-3.0379080868083608,4.1627870588088145,2.5868680340489947,-6.443979377418163,-0.6587108430403554,-2.5000000000000133,351.87219596187526,False
-4,6,6,-2.0000000000000018,3.0000000000000027,3.0,-1.6929565510681088,-1.9951077616983115,-2.8200622522042753,4.778941056552299,2.5868680340489947,-6.443979377418163,-1.39214121637119,-3.0000000000000027,332.025526608532,False
-4,6,7,-2.0000000000000018,3.0000000000000027,3.5000000000000004,-1.5804848233534396,-1.8380875946604758,-2.599958947811565,5.393182381895634,2.5868680340489947,-6.443979377418163,-2.1255715897020244,-3.500000000000014,317.4957798057381,False
-4,6,8,-2.0000000000000018,3.0000000000000027,4.0,-1.4668415151417424,-1.6794318008826747,-2.3775629006647367,6.006170786661902,2.5868680340489947,-6.443979377418163,-2.859001963032848,-4.0000000000000036,308.36072963506876,False
-4,6,9,-2.0000000000000018,3.0000000000000027,4.5,-1.3520082246450933,-1.5191146898925312,-2.1528380990975373,6.618428755260086,2.5868680340489947,-6.443979377418163,-3.5924323363636934,-4.500000000000015,304.7075447339661,False
-4,6,10,-2.0000000000000018,3.0000000000000027,5.0,-1.235966162669544,-1.3571100303656491,-1.9257477733033102,7.230384250172817,2.5868680340489947,-6.443979377418163,-4.325862709694528,-5.000000000000004,306.63160027639253,False
-4,6,11,-2.0000000000000018,3.0000000000000027,5.5,-1.11869614236621,-1.1933910358173205,-1.696254375278461,7.842397241280263,2.5868680340489947,-6.443979377418163,-5.05929308302534,-5.499999999999994,314.23569113190104,False
-4,6,12,-2.0000000000000018,3.0000000000000027,6.0,-1.000178568655394,-1.0279303498376247,-1.4643195581256874,8.45477711857252,2.5868680340489947,-6.443979377418163,-5.792723456356185,-6.000000000000005,327.62950045489185,False
-3,-6,0,-1.5000000000000013,-3.0000000000000027,0.0,-0.044583661319089196,-0.13667661065948633,-0.9553565371473505,-2.4249669537607876,-2.8796711823024346,2.0283083997940654,-0.9469375739879715,0.0,84.50692327018697,False
-3,-6,1,-1.5000000000000013,-3.0000000000000027,0.5,0.0727802398803129,0.02494812999046525,-0.7325191328114045,-1.7648200678147097,-2.8796711823024346,2.0283083997940654,-1.6803679473188171,-0.5000000000000115,61.90831821215568,False
-3,-6,2,-1.5000000000000013,-3.0000000000000027,1.0,0.19132963503122602,0.18820544377829984,-0.5074308456033794,-1.1268675346382984,-2.8796711823024346,2.0283083997940654,-2.4137983206496405,-1.0000000000000009,46.01783188517591,False
-3,-6,3,-1.5000000000000013,-3.0000000000000027,1.5,0.3110825773410292,0.35312019222387137,-0.28005739811914343,-0.4988330114554018,-2.8796711823024346,2.0283083997940654,-3.147228693980486,-1.5000000000000124,36.43571550959855,False
-3,-6,4,-1.5000000000000013,-3.0000000000000027,2.0,0.4320574884499079,0.5197177442250178,-0.05036381341566587,0.12295689300756418,-2.8796711823024346,2.0283083997940654,-3.8806590673113206,-2.0000000000000018,33.07722572065047,False
-3,-6,5,-1.5000000000000013,-3.0000000000000027,2.5,0.5542731678778529,0.6880239890671991,0.18168560292579072,0.7404835395734111,-2.8796711823024346,2.0283083997940654,-4.6140894406421555,-2.5000000000000133,35.938421516000844,False
-3,-6,6,-1.5000000000000013,-3.0000000000000027,3.0,0.6777488027638279,0.8580653498355906,0.41612728129140075,1.35502440043056,-2.8796711823024346,2.0283083997940654,-5.347519813972967,-3.0000000000000027,45.05601301866696,False
-3,-6,7,-1.5000000000000013,-3.0000000000000027,3.5000000000000004,0.8025039779076787,1.0298687972440657,0.6529984071011852,1.9674875745717912,-2.8796711823024346,2.0283083997940654,-6.080950187303835,-3.500000000000014,60.49225727166625,False
-3,-6,8,-1.5000000000000013,-3.0000000000000027,4.0,0.9285586861259437,1.2034618638963712,0.8923369404715109,2.5785606608717426,-2.8796711823024346,2.0283083997940654,-6.814380560634648,-4.0000000000000036,82.32766529193678,False
-3,-6,9,-1.5000000000000013,-3.0000000000000027,4.5,1.0559333389328962,1.378872658995306,1.1341816364949242,3.1887881646154304,-2.8796711823024346,2.0283083997940654,-7.547810933965482,-4.500000000000015,110.65696243067802,False
-3,-6,10,-1.5000000000000013,-3.0000000000000027,5.0,1.1846487775588554,1.5561298835163329,1.3785720661606882,3.798616108938613,-2.8796711823024346,2.0283083997940654,-8.281241307296316,-5.000000000000004,145.5866503586502,False
-3,-6,11,-1.5000000000000013,-3.0000000000000027,5.5,1.3147262843184238,1.7352628458629782,1.625548637939317,4.408419718512224,-2.8796711823024346,2.0283083997940654,-9.014671680627151,-5.500000000000016,187.23345119315974,False
-3,-6,12,-1.5000000000000013,-3.0000000000000027,6.0,1.4461875943413915,1.9163014780218257,1.8751526200560198,5.0185215882043055,-2.8796711823024346,2.0283083997940654,-9.748102053957963,-6.000000000000005,235.7232789421554,False
-3,-5,0,-1.5000000000000013,-2.500000000000002,0.0,-0.23158514786950357,-0.3596501310229816,-1.2051294147554736,-2.1152509647233253,-2.419590884717371,1.346653938410336,-0.6286998631811147,0.0,79.72353981187784,False
-3,-5,1,-1.5000000000000013,-2.500000000000002,0.5,-0.11516095263266468,-0.19914586032460102,-0.9835471505080129,-1.4549310065106846,-2.419590884717371,1.346653938410336,-1.3621302365119603,-0.5000000000000115,55.17063950116025,False
-3,-5,2,-1.5000000000000013,-2.500000000000002,1.0,0.002439244576263322,-0.03702033436663865,-0.7597266815711823,-0.8167306654073725,-2.419590884717371,1.346653938410336,-2.095560609842817,-1.000000000000023,37.19833527347623,False
-3,-5,3,-1.5000000000000013,-2.500000000000002,1.5,0.12123335241675248,0.12675113601727794,-0.5336339236096221,-0.18841211171888306,-2.419590884717371,1.346653938410336,-2.8289909831736515,-1.5000000000000124,25.437066698230616,False
-3,-5,4,-1.5000000000000013,-2.500000000000002,2.0,0.24123964503111883,0.2921937438541078,-0.3052340966892608,0.43368675032060544,-2.419590884717371,1.346653938410336,-3.562421356504464,-2.0000000000000018,19.810025110832687,False
-3,-5,5,-1.5000000000000013,-2.500000000000002,2.5,0.36247677141588996,0.4593331989507954,-0.07449170744150968,1.0515412661528778,-2.419590884717371,1.346653938410336,-4.295851729835299,-2.5000000000000133,20.3167492584588,False
-3,-5,6,-1.5000000000000013,-2.500000000000002,3.0,0.48496376508299077,0.6281957412134331,0.1586294693242618,1.6664250654283785,-2.419590884717371,1.346653938410336,-5.029282103166133,-3.0000000000000027,26.995534950249137,False
-3,-5,7,-1.5000000000000013,-2.500000000000002,3.5000000000000004,0.608720054021239,0.7988081543803427,0.39416640957981586,2.2792435323455873,-2.419590884717371,1.346653938410336,-5.762712476496967,-3.500000000000014,39.90920040076322,False
-3,-5,8,-1.5000000000000013,-2.500000000000002,4.0,0.7337654709692637,0.9711977801844018,0.6321568596297178,2.8906822162734436,-2.419590884717371,1.346653938410336,-6.49614284982778,-4.0000000000000036,59.1381806672709,False
-3,-5,9,-1.5000000000000013,-2.500000000000002,4.5,0.8601202640109995,1.1453925329602321,0.8726393562769941,3.501283999043814,-2.419590884717371,1.346653938410336,-7.229573223158614,-4.499999999999993,84.77668914220148,False
-3,-5,10,-1.5000000000000013,-2.500000000000002,5.0,0.9878051075057903,1.3214209147126565,1.1156532476258252,4.111493569114244,-2.419590884717371,1.346653938410336,-7.9630035964894486,-5.000000000000004,116.93039491239902,False
-3,-5,11,-1.5000000000000013,-2.500000000000002,5.5,1.1168411133656049,1.4993120306635133,1.3612387145444826,4.721685020359456,-2.419590884717371,1.346653938410336,-8.696433969820294,-5.500000000000016,155.71493783416452,False
-3,-5,12,-1.5000000000000013,-2.500000000000002,6.0,1.2472498426920164,1.679095605294706,1.6094367928133346,5.332179965149142,-2.419590884717371,1.346653938410336,-9.429864343151129,-6.000000000000005,201.25494585054298,False
-3,-4,0,-1.5000000000000013,-2.0000000000000018,0.0,-0.4167167315066611,-0.5807524419307097,-1.4533416224952578,-1.8069312534575444,-1.9597009656284525,0.6705673469994844,-0.3130615723071162,0.0,82.00840955962512,False
-3,-4,1,-1.5000000000000013,-2.0000000000000018,0.5,-0.3012228457353383,-0.42135923812131604,-1.233006655774127,-1.1464323346578098,-1.9597009656284525,0.6705673469994844,-1.0464919456379285,-0.49999999999998934,55.56894228170674,False
-3,-4,2,-1.5000000000000013,-2.0000000000000018,1.0,-0.18456235505723007,-0.26035600195020714,-1.0104460833285422,-0.507979277085957,-1.9597009656284525,0.6705673469994844,-1.7799223189687852,-1.0000000000000009,35.584510404225426,False
-3,-4,3,-1.5000000000000013,-2.0000000000000018,1.5,-0.06671749391538861,-0.09771821515808243,-0.7856260126855474,0.12062779048997996,-1.9597009656284525,0.6705673469994844,-2.5133526922996197,-1.5000000000000124,21.715422453680254,False
-3,-4,4,-1.5000000000000013,-2.0000000000000018,2.0,0.05232986580952781,0.06657914088703532,-0.5585118596890426,0.7430398310494857,-1.9597009656284525,0.6705673469994844,-3.246783065630443,-2.0000000000000018,13.892728858258241,False
-3,-4,5,-1.5000000000000013,-2.0000000000000018,2.5,0.1725982240957269,0.2325615980197926,-0.3290683307643705,1.3612262618259985,-1.9597009656284525,0.6705673469994844,-3.9802134389612776,-2.5000000000000133,12.119421447502766,False
-3,-4,6,-1.5000000000000013,-2.0000000000000018,3.0,0.29410646236426863,0.4002552145044358,-0.09725940463427563,1.9764569261913723,-1.9597009656284525,0.6705673469994844,-4.713643812292134,-3.000000000000025,16.435375986770648,False
-3,-4,7,-1.5000000000000013,-2.0000000000000018,3.5000000000000004,0.4168738533609717,0.5696865886728519,0.13695168653340417,2.589634533870999,-1.9597009656284525,0.6705673469994844,-5.447074185622947,-3.500000000000014,26.9039775753129,False
-3,-4,8,-1.5000000000000013,-2.0000000000000018,4.0,0.5409200713472229,0.7408828729888517,0.3736024765674417,3.201442615724126,-1.9597009656284525,0.6705673469994844,-6.180504558953793,-4.000000000000026,43.605598246680884,False
-3,-4,9,-1.5000000000000013,-2.0000000000000018,4.5,0.6662652026108301,0.913871788554238,0.612731285345286,3.8124224552169794,-1.9597009656284525,0.6705673469994844,-6.913934932284627,-4.500000000000015,66.6339574093215,False
-3,-4,10,-1.5000000000000013,-2.0000000000000018,5.0,0.79292975630878,1.0886816400729415,0.8543772394786819,4.4230174272676726,-1.9597009656284525,0.6705673469994844,-7.647365305615428,-5.000000000000004,96.09391333311572,False
-3,-4,11,-1.5000000000000013,-2.0000000000000018,5.5,0.9209346756543252,1.2653413312902595,1.0985802936558209,5.033600513357039,-1.9597009656284525,0.6705673469994844,-8.380795678946285,-5.500000000000016,132.10004841128887,False
-3,-4,12,-1.5000000000000013,-2.0000000000000018,6.0,1.050301349460997,1.4438803809247835,1.3453812526646292,5.644492359817366,-1.9597009656284525,0.6705673469994844,-9.114226052277107,-6.000000000000005,174.77573186376264,False
-3,-3,0,-1.5000000000000013,-1.5000000000000013,0.0,-0.6000000000014716,-0.8000000000001117,-1.6999999999983584,-1.4999999999999458,-1.4999999999999791,0.0,0.0,0.0,91.23999999994055,False
-3,-3,1,-1.5000000000000013,-1.5000000000000013,0.5,-0.4854271356798695,-0.6417085427136815,-1.4809045226114148,-0.8393163677176241,-1.4999999999999791,0.0,-0.7334303733308456,-0.5000000000000115,62.980459809208,False
-3,-3,2,-1.5000000000000013,-1.5000000000000013,1.0,-0.369696969698452,-0.4818181818182887,-1.2595959595942952,-0.20060580226127778,-1.4999999999999791,0.0,-1.4668607466617023,-1.000000000000023,41.05232262827238,False
-3,-3,3,-1.5000000000000013,-1.5000000000000013,1.5,-0.25279187817407733,-0.3203045685280348,-1.0360406091353913,0.4282941529498707,-1.4999999999999791,0.0,-2.2002911199925146,-1.5000000000000124,25.14545260729851,False
-3,-3,4,-1.5000000000000013,-1.5000000000000013,2.0,-0.13469387755252193,-0.15714285714296672,-0.8102040816309775,1.0510234876666136,-1.4999999999999791,0.0,-2.933721493323349,-2.000000000000013,15.19868513865744,False
-3,-3,5,-1.5000000000000013,-1.5000000000000013,2.5,-0.01538461538612701,0.007692307692197531,-0.5820512820496004,1.6695457763865162,-1.4999999999999791,0.0,-3.6671518666541836,-2.5000000000000133,11.218439033488629,False
-3,-3,6,-1.5000000000000013,-1.5000000000000013,3.0,0.10515463917374346,0.17422680412360614,-0.3515463917508732,2.285127131355824,-1.4999999999999791,0.0,-4.400582239984995,-3.0000000000000027,13.246164462474336,False
-3,-3,7,-1.5000000000000013,-1.5000000000000013,3.5000000000000004,0.22694300517982213,0.34248704663201734,-0.11865284973923695,2.898667627345608,-1.4999999999999791,0.0,-5.134012613315853,-3.500000000000014,21.345819091912833,False
-3,-3,8,-1.5000000000000013,-1.5000000000000013,4.0,0.3499999999984654,0.512499999999888,0.11666666666838021,3.510848807074507,-1.4999999999999791,0.0,-5.867442986646676,-4.000000000000014,35.59772470571488,False
-3,-3,9,-1.5000000000000013,-1.5000000000000013,4.5,0.47434554973668497,0.6842931937171615,0.35445026178183014,4.122210380214231,-1.4999999999999791,0.0,-6.600873359977511,-4.500000000000015,56.0951244508672,False
-3,-3,10,-1.5000000000000013,-1.5000000000000013,5.0,0.5999999999984545,0.8578947368419909,0.5947368421069965,4.733194428837462,-1.4999999999999791,0.0,-7.334303733308345,-5.000000000000016,82.94208722775187,False
-3,-3,11,-1.5000000000000013,-1.5000000000000013,5.5,0.7269841269825689,1.033333333333214,0.8375661375678856,5.344172840036587,-1.4999999999999791,0.0,-8.067734106639179,-5.500000000000016,116.25216239184643,False
-3,-3,12,-1.5000000000000013,-1.5000000000000013,6.0,0.8553191489346051,1.210638297872224,1.082978723406014,5.955465310203634,-1.4999999999999791,0.0,-8.801164479970014,-6.000000000000016,156.1474873650749,False
-3,-2,0,-1.5000000000000013,-1.0000000000000009,0.0,-0.7814562870876146,-1.0174091675638874,-1.945111479116085,-1.1944494300804909,-1.0404865875685454,-0.6650964151983629,0.31050740900149254,0.0,107.2990003550638,False
-3,-2,1,-1.5000000000000013,-1.0000000000000009,0.5,-0.6677952634046358,-0.8602102186571758,-1.7272477177046053,-0.5335754637744938,-1.0404865875685454,-0.6650964151983629,-0.42292296432934195,-0.5000000000000115,77.28466681650916,False
-3,-2,2,-1.5000000000000013,-1.0000000000000009,1.0,-0.552986148573345,-0.7014234015796816,-1.5071833122384637,0.10539728649003877,-1.0404865875685454,-0.6650964151983629,-1.1563533376601653,-1.0000000000000009,53.47999915324669,False
-3,-2,3,-1.5000000000000013,-1.0000000000000009,1.5,-0.4370114589721946,-0.541024535597856,-1.284884750371662,0.7345943959131462,-1.0404865875685454,-0.6650964151983629,-1.8897837109909998,-1.5000000000000124,35.604109706161275,False
-3,-2,4,-1.5000000000000013,-1.0000000000000009,2.0,-0.31985335417103467,-0.3789889464937579,-1.0603178358327414,1.3576450374898963,-1.0404865875685454,-0.6650964151983629,-2.6232140843218565,-2.000000000000024,23.603546140313572,False
-3,-2,5,-1.5000000000000013,-1.0000000000000009,2.5,-0.2014936277821705,-0.2152914539116757,-0.8334476708882932,1.9765070267954377,-1.0404865875685454,-0.6650964151983629,-3.3566444576526577,-2.499999999999991,17.488128695262926,False
-3,-2,6,-1.5000000000000013,-1.0000000000000009,3.0,-0.08191369802846571,-0.04990635831327861,-0.604238638263993,2.5924427990251298,-1.0404865875685454,-0.6650964151983629,-4.090074830983504,-3.0000000000000027,17.300876565968586,False
-3,-2,7,-1.5000000000000013,-1.0000000000000009,3.5000000000000004,0.03890540198174808,0.11719257247266301,-0.37265438250371763,3.2063498327322026,-1.0404865875685454,-0.6650964151983629,-4.823505204314338,-3.500000000000014,23.10632563328122,False
-3,-2,8,-1.5000000000000013,-1.0000000000000009,4.0,0.16098303428373206,0.28603211712095455,-0.13865779074591633,3.8189077122539716,-1.0404865875685454,-0.6650964151983629,-5.556935577645151,-4.0000000000000036,34.98476004276854,False
-3,-2,9,-1.5000000000000013,-1.0000000000000009,4.5,0.28433896640041034,0.4566396151163499,0.09778902710358417,4.430654597535488,-1.0404865875685454,-0.6650964151983629,-6.290365950975985,-4.499999999999993,53.02896415139753,False
-3,-2,10,-1.5000000000000013,-1.0000000000000009,5.0,0.4089933820130398,0.629042981511696,0.3367247588251798,5.042031298064642,-1.0404865875685454,-0.6650964151983629,-7.02379632430683,-5.000000000000004,77.34223862070992,False
-3,-2,11,-1.5000000000000013,-1.0000000000000009,5.5,0.5349668919707784,0.8032707221546198,0.578188910988281,5.6534086241658565,-1.0404865875685454,-0.6650964151983629,-7.757226697637654,-5.499999999999994,108.03712382505854,False
-3,-2,12,-1.5000000000000013,-1.0000000000000009,6.0,0.6622805456514752,0.9793519494001202,0.8222218307275819,6.265105338034882,-1.0404865875685454,-0.6650964151983629,-8.4906570709685,-6.000000000000005,145.23455190165558,False
-3,-1,0,-1.5000000000000013,-0.5000000000000004,0.0,-0.961106674468723,-1.2329962106565728,-2.18868307925707,-0.890271815122412,-0.5811593523239122,-1.3247698943891884,0.6184830620494131,-1.1102230246251565e-14,130.06828656811135,False
-3,-1,1,-1.5000000000000013,-0.5000000000000004,0.5,-0.848348416551481,-1.0768806137252007,-1.972043295735748,-0.2292020236171699,-0.5811593523239122,-1.3247698943891884,-0.11494731128143254,-0.5000000000000226,98.36324425875884,False
-3,-1,2,-1.5000000000000013,-0.5000000000000004,1.0,-0.7344511863320413,-0.9191880915722928,-1.7532152315727967,0.41003747645118604,-0.5811593523239122,-1.3247698943891884,-0.848377684612267,-1.000000000000023,72.74799353483427,False
-3,-1,3,-1.5000000000000013,-0.5000000000000004,1.5,-0.6193976390545392,-0.7598946301081988,-1.5321655626975406,1.0395359018911643,-0.5811593523239122,-1.3247698943891884,-1.5818080579430904,-1.5000000000000124,52.97059324243009,False
-3,-1,4,-1.5000000000000013,-0.5000000000000004,2.0,-0.5031700759884933,-0.5989757251597672,-1.308860284956198,1.662911762405228,-0.5811593523239122,-1.3247698943891884,-2.315238431273914,-2.000000000000013,38.98523202460425,False
-3,-1,5,-1.5000000000000013,-0.5000000000000004,2.5,-0.3857504353525415,-0.43640636990417425,-1.083264696673919,2.2821171968425924,-0.5811593523239122,-1.3247698943891884,-3.0486688046047705,-2.5000000000000244,30.805106525679005,False
-3,-1,6,-1.5000000000000013,-0.5000000000000004,3.0,-0.26712028295744483,-0.27216104191398194,-0.8553433806773869,2.8984110163704058,-0.5811593523239122,-1.3247698943891884,-3.782099177935583,-3.0000000000000138,28.474799744930067,False
-3,-1,7,-1.5000000000000013,-0.5000000000000004,3.5000000000000004,-0.14726080255826335,-0.10621368979955026,-0.6250601857586302,3.512688141298481,-0.5811593523239122,-1.3247698943891884,-4.515529551266406,-3.500000000000003,32.05943138663145,False
-3,-1,8,-1.5000000000000013,-0.5000000000000004,4.0,-0.026152785904923204,0.06146228056607139,-0.3923782075594462,4.125626226747436,-0.5811593523239122,-1.3247698943891884,-5.248959924597263,-4.000000000000026,41.63926040577278,False
-3,-1,9,-1.5000000000000013,-0.5000000000000004,4.5,0.09622337751966636,0.23089402025490147,-0.15725976885556658,4.737761906513405,-0.5811593523239122,-1.3247698943891884,-5.982390297928064,-4.5000000000000036,57.30662959094975,False
-3,-1,10,-1.5000000000000013,-0.5000000000000004,5.0,0.21988771108555627,0.40210925194045233,0.08033360078203433,5.349534737339678,-0.5811593523239122,-1.3247698943891884,-6.715820671258898,-5.000000000000004,79.16409218153133,False
-3,-1,11,-1.5000000000000013,-0.5000000000000004,5.5,0.3448606619378569,0.5751362850195008,0.3204411859713596,5.961314470027812,-0.5811593523239122,-1.3247698943891884,-7.449251044589755,-5.500000000000016,107.32320326254764,False
-3,-1,12,-1.5000000000000013,-0.5000000000000004,6.0,0.47116311226731433,0.7500040312164113,0.563103107173335,6.573418947978182,-0.5811593523239122,-1.3247698943891884,-8.182681417920579,-6.000000000000016,141.90371579277632,False
-3,0,0,-1.5000000000000013,0.0,0.0,-1.1389719938886018,-1.4467772971332504,-2.4307219028660896,-0.5874594722114823,-0.12201694200384416,-1.9790681130196774,0.9239492169386576,0.0,159.43288658315575,False
-3,0,1,-1.5000000000000013,0.0,0.5,-1.0271075315463314,-1.2917359770183434,-2.2152983948402873,0.07381150921295099,-0.12201694200384416,-1.9790681130196774,0.19051884360781202,-0.5000000000000115,126.10004435222905,False
-3,0,2,-1.5000000000000013,0.0,1.0,-0.9141131251399981,-1.1351285829628743,-1.9976988917839278,0.7133222146501694,-0.12201694200384416,-1.9790681130196774,-0.5429115297230003,-1.0000000000000009,98.73895046133684,False
-3,0,3,-1.5000000000000013,0.0,1.5,-0.7999715673995905,-0.976931266125125,-1.7778902567168464,1.3431260154766145,-0.12201694200384416,-1.9790681130196774,-1.276341903053868,-1.5000000000000124,77.1263141754646,False
-3,0,4,-1.5000000000000013,0.0,2.0,-0.6846652998863278,-0.8171196909522893,-1.5558386763939724,1.966830908629258,-0.12201694200384416,-1.9790681130196774,-2.0097722763847026,-2.000000000000024,61.223895178831974,False
-3,0,5,-1.5000000000000013,0.0,2.5,-0.568176403988313,-0.6556690227007611,-1.331509643965223,2.5863834368497596,-0.12201694200384416,-1.9790681130196774,-2.7432026497154927,-2.499999999999991,51.04824200898723,False
-3,0,6,-1.5000000000000013,0.0,3.0,-0.4504865916377304,-0.49255391457034836,-1.1048679410990525,3.203038839274708,-0.12201694200384416,-1.9790681130196774,-3.4766330230463605,-3.000000000000025,46.64549640229851,False
-3,0,7,-1.5000000000000013,0.0,3.5000000000000004,-0.3315771957394825,-0.32774849443859,-0.8758776195503581,3.817689515201561,-0.12201694200384416,-1.9790681130196774,-4.210063396377183,-3.500000000000014,48.08136745316251,False
-3,0,8,-1.5000000000000013,0.0,4.0,-0.2114291603006302,-0.1612263511804657,-0.6445019821521736,4.431011219119418,-0.12201694200384416,-1.9790681130196774,-4.943493769708018,-4.0000000000000036,55.43610120963741,False
-3,0,9,-1.5000000000000013,0.0,4.5,-0.09002303024983893,0.007039479441628416,-0.41070356321056267,5.043539081776638,-0.12201694200384416,-1.9790681130196774,-5.676924143038864,-4.500000000000015,68.80161586522912,False
-3,0,10,-1.5000000000000013,0.0,5.0,0.032661059064634235,0.17707652933342533,-0.17444410828009183,5.655711426601662,-0.12201694200384416,-1.9790681130196774,-6.410354516369676,-5.000000000000004,88.27973774262372,False
-3,0,11,-1.5000000000000013,0.0,5.5,0.15664339271047323,0.3489129130865132,0.0643154467025564,6.267896961754138,-0.12201694200384416,-1.9790681130196774,-7.1437848897005,-5.499999999999994,113.98105996848903,False
-3,0,12,-1.5000000000000013,0.0,6.0,0.2819446873525505,0.5225773434752723,0.3056149969509758,6.880412626906551,-0.12201694200384416,-1.9790681130196774,-7.877215263031356,-6.0000000000000275,146.02418202727807,False
-3,1,0,-1.5000000000000013,0.49999999999998934,0.0,-1.3150728292439435,-1.658768494885804,-2.671235131058719,-0.28600476405179487,0.33694197240545787,-2.628038422956591,1.22692798039703,-2.220446049250313e-14,195.2799459332502,False
-3,1,1,-1.5000000000000013,0.49999999999998934,0.5,-1.2040932957225552,-1.5047924571716609,-2.45702023221982,0.3754726483892856,0.33694197240545787,-2.628038422956591,0.4934976070662067,-0.5000000000000115,160.38105592037158,False
-3,1,2,-1.5000000000000013,0.49999999999998934,1.0,-1.0919927568120602,-1.3492611059452486,-2.240641546523958,1.015258907762484,0.33694197240545787,-2.628038422956591,-0.23993276626463889,-1.000000000000023,131.33767084505416,False
-3,1,3,-1.5000000000000013,0.49999999999998934,1.5,-0.9787541413644074,-1.1921507562292433,-2.022066122902255,1.6453720431853558,0.33694197240545787,-2.628038422956591,-0.9733631395954623,-1.5000000000000124,107.954859760475,False
-3,1,4,-1.5000000000000013,0.49999999999998934,2.0,-0.8643600298407605,-1.0334372396793856,-1.801260337815025,2.269409686492563,0.33694197240545787,-2.628038422956591,-1.7067935129262857,-2.0000000000000018,90.2018847753878,False
-3,1,5,-1.5000000000000013,0.49999999999998934,2.5,-0.7487926453784072,-0.8730958921905618,-1.5781898780089454,2.889312863397153,0.33694197240545787,-2.628038422956591,-2.44022388625712,-2.5000000000000133,78.09862230441101,False
-3,1,6,-1.5000000000000013,0.49999999999998934,3.0,-0.6320338445813839,-0.7111015411193744,-1.3528197227409389,3.5063332920019397,0.33694197240545787,-2.628038422956591,-3.1736542595879547,-3.0000000000000027,71.69276789853359,False
-3,1,7,-1.5000000000000013,0.49999999999998934,3.5000000000000004,-0.5140651080248138,-0.5474284921096306,-1.1251141254494557,4.121360887099179,0.33694197240545787,-2.628038422956591,-3.907084632918767,-3.499999999999992,71.05062556351214,False
-3,1,8,-1.5000000000000013,0.49999999999998934,4.0,-0.39486753046244494,-0.3820505155060383,-0.8950365948528327,4.735069530567038,0.33694197240545787,-2.628038422956591,-4.640515006249613,-4.0000000000000036,76.25244055957992,False
-3,1,9,-1.5000000000000013,0.49999999999998934,4.5,-0.2744218107266355,-0.21494083234114836,-0.6625498754541548,5.347992872742169,0.33694197240545787,-2.628038422956591,-5.373945379580447,-4.500000000000015,87.38972321155146,False
-3,1,10,-1.5000000000000013,0.49999999999998934,5.0,-0.15270824130941274,-0.04607209987979033,-0.4276159274302249,5.960568022769541,0.33694197240545787,-2.628038422956591,-6.107375752911281,-5.000000000000004,104.56359312268116,False
-3,1,11,-1.5000000000000013,0.49999999999998934,5.5,-0.029706697612638666,0.12458360329545282,-0.19019590588223445,6.573162662693277,0.33694197240545787,-2.628038422956591,-6.840806126242127,-5.500000000000016,127.8837044353693,False
-3,1,12,-1.5000000000000013,0.49999999999998934,6.0,0.09460337314473877,0.2970547926746836,0.0497498605758373,7.1860928432006865,0.33694197240545787,-2.628038422956591,-7.574236499572951,-6.000000000000005,157.4675284665096,False
-3,2,0,-1.5000000000000013,1.0000000000000009,0.0,-1.4894295187317108,-1.8689857702386792,-2.9102300193287354,0.014099901103303836,0.7957186971416563,-3.2717278495250413,1.5274413067030146,0.0,237.49869364492676,False
-3,2,1,-1.5000000000000013,1.0000000000000009,0.5,-1.3793261494791043,-1.7160661007423916,-2.6972160998278705,0.6757888647955346,0.7957186971416563,-3.2717278495250413,0.794010933372169,-0.5000000000000226,201.09437005604764,False
-3,2,2,-1.5000000000000013,1.0000000000000009,1.0,-1.2681106249815222,-1.5616017881198707,-2.482050524574475,1.3158549220434246,0.7957186971416563,-3.2717278495250413,0.060580560041367804,-1.0000000000000009,170.43107722985621,False
-3,2,3,-1.5000000000000013,1.0000000000000009,1.5,-1.1557660088646782,-1.4055693098869837,-2.2647005272372955,1.9462812533310947,0.7957186971416563,-3.2717278495250413,-0.6728498132894778,-1.5000000000000013,145.34195869350606,False
-3,2,4,-1.5000000000000013,1.0000000000000009,2.0,-1.0422750191139891,-1.2479446635088487,-2.045132672784422,2.570655270257949,0.7957186971416563,-3.2717278495250413,-1.4062801866203234,-2.000000000000013,125.80371164748033,False
-3,2,5,-1.5000000000000013,1.0000000000000009,2.5,-0.9276200192120138,-1.0887033540909474,-1.8233128403371657,3.190912559085568,0.7957186971416563,-3.2717278495250413,-2.1397105599511246,-2.499999999999991,111.83951684656792,False
-3,2,6,-1.5000000000000013,1.0000000000000009,3.0,-0.8117830090017597,-0.9278203816893482,-1.5992062054935308,3.8083013669044874,0.7957186971416563,-3.2717278495250413,-2.87314093328197,-3.0000000000000027,103.49861887105851,False
-3,2,7,-1.5000000000000013,1.0000000000000009,3.5000000000000004,-0.6947456152660209,-0.7652702282266,-1.3727772221023227,4.423709159801925,0.7957186971416563,-3.2717278495250413,-3.606571306612838,-3.5000000000000253,100.84792211076548,False
-3,2,8,-1.5000000000000013,1.0000000000000009,4.0,-0.5764890820122021,-0.6010268439986199,-1.1439896034674268,5.037807974515229,0.7957186971416563,-3.2717278495250413,-4.340001679943661,-4.000000000000014,103.96768299236938,False
-3,2,9,-1.5000000000000013,1.0000000000000009,4.5,-0.4569942604520455,-0.4350636337577707,-0.9128063029620215,5.651130003153582,0.7957186971416563,-3.2717278495250413,-5.073432053274485,-4.500000000000015,112.94902045314078,False
-3,2,10,-1.5000000000000013,1.0000000000000009,5.0,-0.33624159866495473,-0.2673534423564994,-0.6791894940302412,6.264111159220986,0.7957186971416563,-3.2717278495250413,-5.806862426605319,-5.000000000000016,127.89236726884859,False
-3,2,11,-1.5000000000000013,1.0000000000000009,5.5,-0.21421113093302857,-0.09786853993510314,-0.4431005495542095,6.877118114827252,0.7957186971416563,-3.2717278495250413,-6.540292799936143,-5.500000000000005,148.9064612188505,False
-3,2,12,-1.5000000000000013,1.0000000000000009,6.0,-0.09088246673586153,0.0734193933631111,-0.20450002056247585,7.490466046103106,0.7957186971416563,-3.2717278495250413,-7.273723173266989,-6.000000000000016,176.10767036682873,False
-3,3,0,-1.5000000000000013,1.4999999999999902,0.0,-1.6620621570225202,-2.0774449863990405,-3.147713893415549,0.3128620695065587,1.254314516148658,-3.910183088788277,1.8255109964155025,0.0,285.9804084703251,False
-3,3,1,-1.5000000000000013,1.4999999999999902,0.5,-1.5528262884648454,-1.9255728506523018,-2.935893360216629,0.9747675865082073,1.254314516148658,-3.910183088788277,1.0920806230846347,-0.5000000000000338,248.1301461111353,False
-3,3,2,-1.5000000000000013,1.4999999999999902,1.0,-1.442487027295472,-1.7721666529283198,-2.7219332256722684,1.6151175832504805,1.254314516148658,-3.910183088788277,0.3586502497538113,-1.000000000000023,215.90817952614375,False
-3,3,3,-1.5000000000000013,1.4999999999999902,1.5,-1.3310275705812362,-1.6172030318771957,-2.505800907020866,2.2458608758900267,1.254314516148658,-3.910183088788277,-0.37478012357700097,-1.5000000000000124,189.1754465839619,False
-3,3,4,-1.5000000000000013,1.4999999999999902,2.0,-1.2184307724719594,-1.4606581493867676,-2.2874631565464822,2.870574797930292,1.254314516148658,-3.910183088788277,-1.1082104969078466,-2.000000000000024,167.91601349263442,False
-3,3,5,-1.5000000000000013,1.4999999999999902,2.5,-1.1046791354077183,-1.3025076783579836,-2.0668860445287707,3.49118957229293,1.254314516148658,-3.910183088788277,-1.84164087023867,-2.5000000000000133,152.1563422739547,False
-3,3,6,-1.5000000000000013,1.4999999999999902,3.0,-0.9897548010541435,-1.1427267901020943,-1.8440349416655066,4.108950024125146,1.254314516148658,-3.910183088788277,-2.5750712435695045,-3.0000000000000027,141.94722188207174,False
-3,3,7,-1.5000000000000013,1.4999999999999902,3.5000000000000004,-0.8736395409559811,-0.9812901413461417,-1.6188745009487582,4.724741205920768,1.254314516148658,-3.910183088788277,-3.30850161690035,-3.500000000000014,137.35616251216797,False
-3,3,8,-1.5000000000000013,1.4999999999999902,4.0,-0.7563147468984621,-0.8181718608323285,-1.3913686389745272,5.339233336210336,1.254314516148658,-3.910183088788277,-4.041931990231163,-4.0000000000000036,138.4634435466879,False
-3,3,9,-1.5000000000000013,1.4999999999999902,4.5,-0.6377614209659849,-0.6533455354963746,-1.1614805166654918,5.952957170618078,1.254314516148658,-3.910183088788277,-4.775362363561997,-4.500000000000015,145.3598087728939,False
-3,3,10,-1.5000000000000013,1.4999999999999902,5.0,-0.5179601652868626,-0.48678419620951097,-0.92917251938478,6.566347445271692,1.254314516148658,-3.910183088788277,-5.508792736892831,-5.000000000000004,158.14502372874145,False
-3,3,11,-1.5000000000000013,1.4999999999999902,5.5,-0.39689117145240427,-0.3184603030677635,-0.6944062364185599,7.179769838192684,1.254314516148658,-3.910183088788277,-6.242223110223666,-5.500000000000016,176.92693210296557,False
-3,3,12,-1.5000000000000013,1.4999999999999902,6.0,-0.2745342095984288,-0.1483457302117408,-0.4571424398037649,7.793538665076638,1.254314516148658,-3.910183088788277,-6.975653483554511,-6.0000000000000275,201.8208232327507,False
-3,4,0,-1.5000000000000013,2.0000000000000018,0.0,-1.8329905974652978,-2.284161902055726,-3.3836941452966673,0.6102892420031703,1.7127306915434515,-4.543450505121416,2.1211586952412986,0.0,340.6183854586107,False
-3,4,1,-1.5000000000000013,2.0000000000000018,0.5,-1.7246136657942697,-2.1333285447796224,-3.1730594425092074,1.2724161988140414,1.7127306915434515,-4.543450505121416,1.387728321910453,-0.5000000000000115,301.3805780253023,False
-3,4,2,-1.5000000000000013,2.0000000000000018,1.0,-1.6151420176417104,-1.9809716182381032,-2.9602971164612746,1.9130541766009035,1.7127306915434515,-4.543450505121416,0.6542979485796296,-1.000000000000012,267.66004108515585,False
-3,4,3,-1.5000000000000013,2.0000000000000018,1.5,-1.5045589821982674,-1.827067920868758,-2.7453747667986472,2.544118102404047,1.7127306915434515,-4.543450505121416,-0.07913242475121596,-1.5000000000000124,239.34523176677533,False
-3,4,4,-1.5000000000000013,2.0000000000000018,2.0,-1.3928475484339757,-1.671593777607877,-2.5282593319353728,3.1691753711066584,1.7127306915434515,-4.543450505121416,-0.8125627980820505,-2.000000000000013,216.4275204162036,False
-3,4,5,-1.5000000000000013,2.0000000000000018,2.5,-1.2799903563746662,-1.5145250277494582,-2.3089170720991428,3.7901509169717684,1.7127306915434515,-4.543450505121416,-1.5459931714128738,-2.5000000000000133,198.93662769786738,False
-3,4,6,-1.5000000000000013,2.0000000000000018,3.0,-1.1659696881085506,-1.3558370124285735,-2.087313551852227,4.408286191343436,1.7127306915434515,-4.543450505121416,-2.2794235447436972,-3.0000000000000027,186.92488240728522,False
-3,4,7,-1.5000000000000013,2.0000000000000018,3.5000000000000004,-1.0507674585132603,-1.1955045617157656,-1.8634136220690878,5.024463867561613,1.7127306915434515,-4.543450505121416,-3.012853918074543,-3.500000000000014,180.4604059122895,False
-3,4,8,-1.5000000000000013,2.0000000000000018,4.0,-0.9343652056930218,-1.0335019813080437,-1.6371814013506902,5.639352372360751,1.7127306915434515,-4.543450505121416,-3.7462842914053662,-4.0000000000000036,179.62351217540714,False
-3,4,9,-1.5000000000000013,2.0000000000000018,4.5,-0.8167440811154891,-0.869803038801803,-1.4085802568551409,6.253481046193277,1.7127306915434515,-4.543450505121416,-4.479714664736212,-4.500000000000015,184.50458582961153,False
-3,4,10,-1.5000000000000013,2.0000000000000018,5.0,-0.6978848394371517,-0.7043809495323405,-1.1775727845228012,6.867283465706975,1.7127306915434515,-4.543450505121416,-5.213145038067058,-5.000000000000027,195.20274446549257,False
-3,4,11,-1.5000000000000013,2.0000000000000018,5.5,-0.577767828005607,-0.5372083619637313,-0.9441207886737135,7.48112433035415,1.7127306915434515,-4.543450505121416,-5.94657541139788,-5.500000000000016,211.8249596087947,False
-3,4,12,-1.5000000000000013,2.0000000000000018,6.0,-0.4563729760269114,-0.36825734261247134,-0.7081852609538919,8.095317109219046,1.7127306915434515,-4.543450505121416,-6.680005784728705,-6.000000000000016,234.48546601418735,False
-3,5,0,-1.5000000000000013,2.499999999999991,0.0,-2.002234454320126,-2.4891521700850348,-3.618178229257013,0.906388874123154,2.170968464063261,-5.171576128991806,2.41440589299875,0.0,401.30790286883456,False
-3,5,1,-1.5000000000000013,2.499999999999991,0.5,-1.8947079942915863,-2.339348914658329,-3.408721838449258,1.5687420442346944,2.170968464063261,-5.171576128991806,1.6809755196679488,-0.49999999999998934,360.7398609966658,False
-3,5,2,-1.5000000000000013,2.499999999999991,1.0,-1.7860954084041647,-2.1880324950353858,-3.1971497265222357,2.209671946739755,2.170968464063261,-5.171576128991806,0.9475451463371032,-1.0000000000000009,325.5797451158692,False
-3,5,3,-1.5000000000000013,2.499999999999991,1.5,-1.6763801566701764,-2.035179868106635,-2.9834296743726063,2.841060085894598,2.170968464063261,-5.171576128991806,0.21411477300623538,-1.5000000000000124,295.7432614579963,False
-3,5,4,-1.5000000000000013,2.499999999999991,2.0,-1.5655453615511488,-1.8807675204949303,-2.7675288053643055,3.4664640548389247,2.170968464063261,-5.171576128991806,-0.5193156003245769,-2.0000000000000018,271.22902081923803,False
-3,5,5,-1.5000000000000013,2.499999999999991,2.5,-1.4535737993026987,-1.7247714564974648,-2.549413568468734,4.087803572461524,2.170968464063261,-5.171576128991806,-1.2527459736554114,-2.500000000000002,252.06998031666885,False
-3,5,6,-1.5000000000000013,2.499999999999991,3.0,-1.3404478910516744,-1.5671671856546665,-2.3290497208835137,4.706316763537366,2.170968464063261,-5.171576128991806,-1.986176346986257,-3.0000000000000138,238.32000417103774,False
-3,5,7,-1.5000000000000013,2.499999999999991,3.5000000000000004,-1.2261496935959877,-1.4079297099326704,-2.106402310110905,5.3228839560360175,2.170968464063261,-5.171576128991806,-2.7196067203170915,-3.500000000000014,230.04783023361122,False
-3,5,8,-1.5000000000000013,2.499999999999991,4.0,-1.1106608899168036,-1.247033510505241,-1.8814356554760547,5.938171810796766,2.170968464063261,-5.171576128991806,-3.453037093647904,-4.0000000000000036,227.33381850643985,False
-3,5,9,-1.5000000000000013,2.499999999999991,4.5,-0.9939627793927985,-1.0844525341204503,-1.6541133290649324,6.552708273994701,2.170968464063261,-5.171576128991806,-4.18646746697876,-4.500000000000015,230.2680102239394,False
-3,5,10,-1.5000000000000013,2.499999999999991,5.0,-0.8760362677053934,-0.9201601790368774,-1.4243981360600122,7.166925780335176,2.170968464063261,-5.171576128991806,-4.919897840309584,-5.000000000000016,238.9488940236381,False
-3,5,11,-1.5000000000000013,2.499999999999991,5.5,-0.7568618564234159,-0.7541292805132604,-1.1922520944518622,7.7811880659027555,2.170968464063261,-5.171576128991806,-5.653328213640418,-5.500000000000016,253.48259085522562,False
-3,5,12,-1.5000000000000013,2.499999999999991,6.0,-0.6364196322554555,-0.5863320958351403,-0.9576364141032023,8.395807766704099,2.170968464063261,-5.171576128991806,-6.386758586971242,-6.000000000000005,273.98230465693314,False
-3,6,0,-1.5000000000000013,3.0000000000000027,0.0,-2.16981310500704,-2.6924313363344057,-3.851173658113222,1.2011683761726344,2.6290290535200045,-5.7946056549819325,2.705273922694773,0.0,467.94618943707195,False
-3,6,1,-1.5000000000000013,3.0000000000000027,0.5,-2.063128748750795,-2.543649584255686,-3.6428880986062504,1.8637524225521673,2.6290290535200045,-5.7946056549819325,1.9718435493639275,-0.5000000000000004,426.1041585069194,False
-3,6,2,-1.5000000000000013,3.0000000000000027,1.0,-1.9553667727343793,-2.393364986196367,-3.432498644558807,2.5049780977096647,2.6290290535200045,-5.7946056549819325,1.2384131760330819,-1.000000000000012,389.5623614568315,False
-3,6,3,-1.5000000000000013,3.0000000000000027,1.5,-1.8465107665046054,-2.2415546561770636,-3.21997325696774,3.1366939407815098,2.6290290535200045,-5.7946056549819325,0.5049828027022585,-1.5000000000000013,358.2634882659218,False
-3,6,4,-1.5000000000000013,3.0000000000000027,2.0,-1.736543984701061,-2.0881952411575533,-3.0052792429726747,3.7624478775022396,2.6290290535200045,-5.7946056549819325,-0.22844757062859822,-2.000000000000024,332.2133276425462,False
-3,6,5,-1.5000000000000013,3.0000000000000027,2.5,-1.6254493384687625,-1.9332629090609232,-2.788383239090486,4.384154483308,2.6290290535200045,-5.7946056549819325,-0.9618779439594105,-2.5000000000000133,311.44805138698365,False
-3,6,6,-1.5000000000000013,3.0000000000000027,3.0,-1.5132093866051939,-1.7767333364272109,-2.569251193931149,5.00304860275369,2.6290290535200045,-5.7946056549819325,-1.695308317290245,-3.0000000000000138,296.02305483909777,False
-3,6,7,-1.5000000000000013,3.0000000000000027,3.5000000000000004,-1.3998063264321652,-1.6185816956833132,-2.3478483503764025,5.620008251582642,2.6290290535200045,-5.7946056549819325,-2.4287386906210795,-3.500000000000014,286.0076975856284,False
-3,6,8,-1.5000000000000013,3.0000000000000027,4.0,-1.285221984382337,-1.4587826420150052,-2.1241392272012716,6.235698350142371,2.6290290535200045,-5.7946056549819325,-3.162169063951925,-4.000000000000026,281.48239696293,False
-3,6,9,-1.5000000000000013,3.0000000000000027,4.5,-1.1694378062900883,-1.2973102998265984,-1.8980876001185532,6.850645470816663,2.6290290535200045,-5.7946056549819325,-3.8955994372827596,-4.500000000000027,282.5368663244883,False
-3,6,10,-1.5000000000000013,3.0000000000000027,5.0,-1.0524348473758298,-1.134138248773059,-1.6696564822244409,7.465280923556783,2.6290290535200045,-5.7946056549819325,-4.6290298106135825,-5.000000000000016,289.26898405607983,False
-3,6,11,-1.5000000000000013,3.0000000000000027,5.5,-0.9341937619122109,-0.969239509348574,-1.4388081038235079,8.079967495971129,2.6290290535200045,-5.7946056549819325,-5.362460183944407,-5.500000000000016,301.7840417816184,False
-3,6,12,-1.5000000000000013,3.0000000000000027,6.0,-0.8146947925606801,-0.8025865280153255,-1.2055038916098049,8.695017004240913,2.6290290535200045,-5.7946056549819325,-6.095890557275241,-6.000000000000016,320.1942360159335,False
-2,-6,0,-1.0000000000000009,-3.0000000000000027,0.0,0.14047468062290402,0.08362322424095847,-0.7091093847894581,-2.2360304608309844,-2.8399355777112945,2.701639487283658,-1.2612894282439058,-1.1102230246251565e-14,72.26176019106104,False
-2,-6,1,-1.0000000000000009,-3.0000000000000027,0.5,0.25876852323910016,0.24635499923714166,-0.48503455757734626,-1.5726971378681065,-2.8399355777112945,2.701639487283658,-1.994719801574718,-0.5000000000000004,54.18284358513901,False
-2,-6,2,-1.0000000000000009,-3.0000000000000027,1.0,0.37825725315445147,0.4107305295363295,-0.25869634827218047,-0.9317454001828374,-2.8399355777112945,2.701639487283658,-2.7281501749055526,-1.0000000000000009,42.88698588493065,False
-2,-6,3,-1.0000000000000009,-3.0000000000000027,1.5,0.4989590666222399,0.5767748469451328,-0.030060289126360162,-0.30079811056316075,-2.8399355777112945,2.701639487283658,-3.4615805482364204,-1.5000000000000235,37.99002485258277,False
-2,-6,4,-1.0000000000000009,-3.0000000000000027,2.0,0.6208925312478603,0.7445134941234333,0.20090879103116244,0.3238480541805755,-2.8399355777112945,2.701639487283658,-4.195010921567254,-2.000000000000024,39.412675376375724,False
-2,-6,5,-1.0000000000000009,-3.0000000000000027,2.5,0.7440765955106676,0.9139725376830388,0.4342467848313214,0.9441905229834235,-2.8399355777112945,2.701639487283658,-4.928441294898089,-2.5000000000000244,47.154709618445565,False
-2,-6,6,-1.0000000000000009,-3.0000000000000027,3.0,0.8685305985803166,1.0851785816917203,0.6699903249593298,1.5615170926284172,-2.8399355777112945,2.701639487283658,-5.661871668228924,-3.000000000000025,61.25591965856137,False
-2,-6,7,-1.0000000000000009,-3.0000000000000027,3.5000000000000004,0.9942742804382426,1.2581587815968576,0.9081768033269766,2.176743185302721,-2.8399355777112945,2.701639487283658,-6.395302041559736,-3.500000000000014,81.78137165680562,False
-2,-6,8,-1.0000000000000009,-3.0000000000000027,4.0,1.1213277923155212,1.4329408585843362,1.1488443908443169,2.790561939364644,-2.8399355777112945,2.701639487283658,-7.128732414890571,-4.000000000000014,108.8142655684665,False
-2,-6,9,-1.0000000000000009,-3.0000000000000027,4.5,1.249711707458545,1.60955311438844,1.392032057812087,3.403522247785973,-2.8399355777112945,2.701639487283658,-7.862162788221417,-4.500000000000027,142.45197209013344,False
-2,-6,10,-1.0000000000000009,-3.0000000000000027,5.0,1.3794470322346375,1.7880244465694306,1.6377795949584661,4.016073733181935,-2.8399355777112945,2.701639487283658,-8.59559316155224,-5.000000000000016,182.80363769424739,False
-2,-6,11,-1.0000000000000009,-3.0000000000000027,5.5,1.510555217590373,1.968384364276149,1.8861276351434364,4.628594656827034,-2.8399355777112945,2.701639487283658,-9.329023534883074,-5.500000000000016,229.98865519706064,False
-2,-6,12,-1.0000000000000009,-3.0000000000000027,6.0,1.6430581708754277,2.15066300451166,2.137117675755901,5.241410235072119,-2.8399355777112945,2.701639487283658,-10.06245390821392,-6.0000000000000275,284.13565271019735,False
-2,-5,0,-1.0000000000000009,-2.500000000000002,0.0,-0.04743107597655061,-0.14006903995066877,-0.9591526522116867,-1.9249352209040338,-2.3796668555888023,2.0179385189952104,-0.9420962836954594,-2.220446049250313e-14,63.42305978858742,False
-2,-5,1,-1.0000000000000009,-2.500000000000002,0.5,0.06991851660648196,0.021538653315911205,-0.7363343238308395,-1.2614347447577945,-2.3796668555888023,2.0179385189952104,-1.6755266570262939,-0.5000000000000115,43.349590355227924,False
-2,-5,2,-1.0000000000000009,-2.500000000000002,1.0,0.1884534586095471,0.18477874752458323,-0.5112653052643246,-0.6202401375241862,-2.3796668555888023,2.0179385189952104,-2.4089570303571284,-1.000000000000023,29.930104028424786,False
-2,-5,3,-1.0000000000000009,-2.500000000000002,1.5,0.3081918010390372,0.3496761015729266,-0.28391132204232394,0.010986669326373821,-2.3796668555888023,2.0179385189952104,-3.1423874036879407,-1.5000000000000124,22.810958641360866,False
-2,-5,4,-1.0000000000000009,-2.500000000000002,2.0,0.42915196328923155,0.5162560816829975,-0.054237400216006204,0.635937540474707,-2.3796668555888023,2.0179385189952104,-3.875817777018775,-2.0000000000000018,21.920890970568806,False
-2,-5,5,-1.0000000000000009,-2.500000000000002,2.5,0.5513527425881487,0.684544574409579,0.1777921515777603,1.2566038021456727,-2.3796668555888023,2.0179385189952104,-4.609248150349632,-2.5000000000000133,27.263190721510274,False
-2,-5,6,-1.0000000000000009,-2.500000000000002,3.0,0.6748133237355181,0.8545680000508704,0.4122137606065168,1.8742693522148413,-2.3796668555888023,2.0179385189952104,-5.3426785236804335,-3.0000000000000027,38.87925232144963,False
-2,-5,7,-1.0000000000000009,-2.500000000000002,3.5000000000000004,0.7995532891434703,1.0263533264760039,0.6490646091070529,2.4898468576659782,-2.3796668555888023,2.0179385189952104,-6.076108897011256,-3.499999999999992,56.83470826508581,False
-2,-5,8,-1.0000000000000009,-2.500000000000002,4.0,0.9255926291910882,1.199928083384727,0.8883826539461626,3.1040273762771964,-2.3796668555888023,2.0179385189952104,-6.809539270342125,-4.000000000000026,81.21268051794227,False
-2,-5,9,-1.0000000000000009,-2.500000000000002,4.5,1.052951752904141,1.3753203770150157,1.1302066468987626,3.7173581524060806,-2.3796668555888023,2.0179385189952104,-7.542969643672926,-4.499999999999993,112.11002083491988,False
-2,-5,10,-1.0000000000000009,-2.500000000000002,5.0,1.1816514989720528,1.5525589053150934,1.3745761555666536,4.33028745277968,-2.3796668555888023,2.0179385189952104,-8.276400017003782,-5.000000000000004,149.63503245573946,False
-2,-5,11,-1.0000000000000009,-2.500000000000002,5.5,1.3117131471147596,1.7316729735971814,1.6215315849611889,4.94319238940224,-2.3796668555888023,2.0179385189952104,-9.009830390334628,-5.500000000000016,193.90601241259307,False
-2,-5,12,-1.0000000000000009,-2.500000000000002,6.0,1.4431584298121773,1.9126925106907833,1.8711141997748093,5.556397179592021,-2.3796668555888023,2.0179385189952104,-9.74326076366544,-6.000000000000005,245.05028686620466,False
-2,-4,0,-1.0000000000000009,-2.0000000000000018,0.0,-0.2334644758776233,-0.36189281501086135,-1.2076443998910669,-1.6152369138672573,-1.9195889713712222,1.3397970265215609,-0.6254986401769247,0.0,61.72082093543583,False
-2,-4,1,-1.0000000000000009,-2.0000000000000018,0.5,-0.11704972450012341,-0.20139981408127117,-0.9860747737598652,-0.9515632901917259,-1.9195889713712222,1.3397970265215609,-1.358929013507748,-0.49999999999998934,39.72102421406055,False
-2,-4,2,-1.0000000000000009,-2.0000000000000018,1.0,0.0005409334569494995,-0.03928567172813979,-0.7622670705970391,-0.31012081226313715,-1.9195889713712222,1.3397970265215609,-2.092359386838616,-1.0000000000000009,24.248113457914947,False
-2,-4,3,-1.0000000000000009,-2.0000000000000018,1.5,0.11932540520038504,0.12447429948135857,-0.5361872080112406,0.3213900824422744,-1.9195889713712222,1.3397970265215609,-2.8257897601694615,-1.5000000000000124,14.97864308086604,False
-2,-4,4,-1.0000000000000009,-2.0000000000000018,2.0,0.23932196339017942,0.28990529080524796,-0.3078004080521113,0.9466499651735072,-1.9195889713712222,1.3397970265215609,-3.5592201335002738,-2.0000000000000018,11.849295031336801,False
-2,-4,5,-1.0000000000000009,-2.0000000000000018,2.5,0.36054925551012584,0.45703301024527243,-0.07707117937545416,1.5676441478866154,-1.9195889713712222,1.3397970265215609,-4.29265050683113,-2.5000000000000133,14.866849381764261,False
-2,-4,6,-1.0000000000000009,-2.0000000000000018,3.0,0.4830263135282259,0.6258836958651037,0.1560367011432362,2.185652686636974,-1.9195889713712222,1.3397970265215609,-5.026080880161943,-3.0000000000000027,24.07429692249861,False
-2,-4,7,-1.0000000000000009,-2.0000000000000018,3.5000000000000004,0.6067725638573829,0.7964841295224345,0.391560207366759,2.801585534128792,-1.9195889713712222,1.3397970265215609,-5.759511253492788,-3.500000000000014,39.53784207887206,False
-2,-4,8,-1.0000000000000009,-2.0000000000000018,4.0,0.7318078376274711,0.968861651030356,0.6295370834468073,3.4161316990298563,-1.9195889713712222,1.3397970265215609,-6.492941626823612,-4.0000000000000036,61.34054173054242,False
-2,-4,9,-1.0000000000000009,-2.0000000000000018,4.5,0.8581523812799807,1.1430441727634966,0.8700058639884156,4.029836802565034,-1.9195889713712222,1.3397970265215609,-7.226372000154447,-4.500000000000015,89.57874669141435,False
-2,-4,10,-1.0000000000000009,-2.0000000000000018,5.0,0.9858268674972415,1.3190601947254132,1.1130058948515098,4.643147777052792,-1.9195889713712222,1.3397970265215609,-7.959802373485281,-5.000000000000004,124.35993880373687,False
-2,-4,11,-1.0000000000000009,-2.0000000000000018,5.5,1.114852406478703,1.496938820094329,1.3585773546126334,5.2564406039365075,-1.9195889713712222,1.3397970265215609,-8.693232746816104,-5.500000000000016,165.80134421476103,False
-2,-4,12,-1.0000000000000009,-2.0000000000000018,6.0,1.245250557576996,1.6767097712650447,1.606761276711638,5.87003851824639,-1.9195889713712222,1.3397970265215609,-9.426663120146939,-6.000000000000005,214.0290146040334,False
-2,-3,0,-1.0000000000000009,-1.5000000000000013,0.0,-0.4176470304038199,-0.5818643990796457,-1.4545912700749453,-1.3069277538497515,-1.4597004896679144,0.6671668169358602,-0.3114739983025805,-1.1102230246251565e-14,67.03305850779941,False
-2,-3,1,-1.0000000000000009,-1.5000000000000013,0.5,-0.30215781950132525,-0.42247678299461855,-1.2342625829898923,-0.6430751254425493,-1.4597004896679144,0.6671668169358602,-1.0449043716334372,-0.5000000000000226,43.17392525205407,False
-2,-3,2,-1.0000000000000009,-1.5000000000000013,1.0,-0.18550205091294458,-0.2614791909895331,-1.0117083536110516,-0.0013798942608667097,-1.4597004896679144,0.6671668169358602,-1.7783347449642495,-1.000000000000012,25.716525625672304,False
-2,-3,3,-1.0000000000000009,-1.5000000000000013,1.5,-0.0676619598008299,-0.0988471056646123,-0.7868946904314167,0.6304195479214236,-1.4597004896679144,0.6671668169358602,-2.5117651182950618,-1.5000000000000013,14.367293280614001,False
-2,-3,4,-1.0000000000000009,-1.5000000000000013,2.0,0.05138058122059197,0.06544449073506153,-0.5597870102805602,1.2559926407887279,-1.4597004896679144,0.6671668169358602,-3.2451954916259185,-2.000000000000013,9.070780125995052,False
-2,-3,5,-1.0000000000000009,-1.5000000000000013,2.5,0.17164407138069437,0.23142112914908974,-0.330350020589687,1.877318768743419,-1.4597004896679144,0.6671668169358602,-3.978625864956764,-2.5000000000000244,9.837230005199409,False
-2,-3,6,-1.0000000000000009,-1.5000000000000013,3.0,0.2931473913362709,0.3991088669282161,-0.09854770110818145,2.4956742019845324,-1.4597004896679144,0.6671668169358602,-4.712056238287577,-3.0000000000000138,16.711224275030695,False
-2,-3,7,-1.0000000000000009,-1.5000000000000013,3.5000000000000004,0.4159098130530364,0.5685343014718847,0.13565671494824016,3.111966219046103,-1.4597004896679144,0.6671668169358602,-5.445486611618411,-3.500000000000014,29.75954486271464,False
-2,-3,8,-1.0000000000000009,-1.5000000000000013,4.0,0.5399510099960175,0.7397245842920452,0.3723007603386008,3.7268818103186163,-1.4597004896679144,0.6671668169358602,-6.178916984949245,-4.000000000000014,49.06519630846881,False
-2,-3,9,-1.0000000000000009,-1.5000000000000013,4.5,0.6652910676399865,0.9127074355187004,0.6114227538482286,4.340964998849817,-1.4597004896679144,0.6671668169358602,-6.912347358280069,-4.5000000000000036,74.72404623693001,False
-2,-3,10,-1.0000000000000009,-1.5000000000000013,5.0,0.7919504943117717,1.0875111588635356,0.8530618209737495,4.954661403577387,-1.4597004896679144,0.6671668169358602,-7.645777731610915,-5.000000000000016,106.84277661119671,False
-2,-3,11,-1.0000000000000009,-1.5000000000000013,5.5,0.9199502323769093,1.2641646570585807,1.0972579152646156,5.5683458936887975,-1.4597004896679144,0.6671668169358602,-8.37920810494176,-5.500000000000027,145.53756722208405,False
-2,-3,12,-1.0000000000000009,-1.5000000000000013,6.0,1.0493116697831706,1.4426974477876164,1.3440518403458113,6.182340738300129,-1.4597004896679144,0.6671668169358602,-9.112638478272583,-6.000000000000016,190.93322232258404,False
-2,-2,0,-1.0000000000000009,-1.0000000000000009,0.0,-0.6000000000014716,-0.8000000000001117,-1.6999999999983584,-0.9999999999999343,-0.9999999999999787,0.0,0.0,0.0,79.23999999994066,False
-2,-2,1,-1.0000000000000009,-1.0000000000000009,0.5,-0.4854271356798695,-0.6417085427136815,-1.4809045226114148,-0.33596264369587514,-0.9999999999999787,0.0,-0.7334303733308456,-0.5000000000000115,53.58730574839575,False
-2,-2,2,-1.0000000000000009,-1.0000000000000009,1.0,-0.369696969698452,-0.4818181818182887,-1.2595959595942952,0.3059901073719562,-0.9999999999999787,0.0,-1.4668607466617023,-1.000000000000023,34.21310438284104,False
-2,-2,3,-1.0000000000000009,-1.0000000000000009,1.5,-0.25279187817407733,-0.3203045685280348,-1.0360406091353913,0.9380824481424854,-0.9999999999999787,0.0,-2.2002911199925146,-1.5000000000000124,20.85339743800548,False
-2,-2,4,-1.0000000000000009,-1.0000000000000009,2.0,-0.13469387755252193,-0.15714285714296672,-0.8102040816309775,1.563972845472028,-0.9999999999999787,0.0,-2.933721493323349,-2.000000000000013,13.460533035202126,False
-2,-2,5,-1.0000000000000009,-1.0000000000000009,2.5,-0.01538461538612701,0.007692307692197531,-0.5820512820496004,2.185634841241302,-0.9999999999999787,0.0,-3.6671518666541836,-2.5000000000000133,12.048192753841768,False
-2,-2,6,-1.0000000000000009,-1.0000000000000009,3.0,0.10515463917374346,0.17422680412360614,-0.3515463917508732,2.804340974662156,-0.9999999999999787,0.0,-4.400582239984995,-3.0000000000000027,16.662542898866135,False
-2,-2,7,-1.0000000000000009,-1.0000000000000009,3.5000000000000004,0.22694300517982213,0.34248704663201734,-0.11865284973923695,3.420995889413292,-0.9999999999999787,0.0,-5.134012613315853,-3.500000000000014,27.370948441616335,False
-2,-2,8,-1.0000000000000009,-1.0000000000000009,4.0,0.3499999999984654,0.512499999999888,0.11666666666838021,4.036284587821015,-0.9999999999999787,0.0,-5.867442986646676,-4.000000000000014,44.25637417072279,False
-2,-2,9,-1.0000000000000009,-1.0000000000000009,4.5,0.47434554973668497,0.6842931937171615,0.35445026178183014,4.650749519200104,-0.9999999999999787,0.0,-6.600873359977511,-4.500000000000015,67.41422202535648,False
-2,-2,10,-1.0000000000000009,-1.0000000000000009,5.0,0.5999999999984545,0.8578947368419909,0.5947368421069965,5.26483500969448,-0.9999999999999787,0.0,-7.334303733308345,-5.000000000000016,96.95039529340255,False
-2,-2,11,-1.0000000000000009,-1.0000000000000009,5.5,0.7269841269825689,1.033333333333214,0.8375661375678856,5.878914834148441,-0.9999999999999787,0.0,-8.067734106639179,-5.500000000000016,132.98005157089514,False
-2,-2,12,-1.0000000000000009,-1.0000000000000009,6.0,0.8553191489346051,1.210638297872224,1.082978723406014,6.493310311778289,-0.9999999999999787,0.0,-8.801164479970014,-6.000000000000016,175.6267743285073,False
-2,-1,0,-1.0000000000000009,-0.5000000000000004,0.0,-0.7805443961546976,-1.0163157332015282,-1.9438774172435724,-0.6944459565019878,-0.5404861162697783,-0.6617510077839062,0.3089455695980847,-1.1102230246251565e-14,98.22405109552223,False
-2,-1,1,-1.0000000000000009,-0.5000000000000004,0.5,-0.6668787901052242,-0.8591112896497777,-1.7260074545161541,-0.03021828014900807,-0.5404861162697783,-0.6617510077839062,-0.4244848037327609,-0.5000000000000226,70.84237550931509,False
-2,-1,2,-1.0000000000000009,-0.5000000000000004,1.0,-0.5520650466209032,-0.70031892242578,-1.5059367850945138,0.6119966441055169,-0.5404861162697783,-0.6617510077839062,-1.1579151770635843,-1.000000000000012,49.61783107132709,False
-2,-1,3,-1.0000000000000009,-0.5000000000000004,1.5,-0.43608568137532555,-0.5399144499507902,-1.2836318956787607,1.2443861284908708,-0.5404861162697783,-0.6617510077839062,-1.8913455503944299,-1.5000000000000235,34.315681675558984,False
-2,-1,4,-1.0000000000000009,-0.5000000000000004,2.0,-0.31892285321908076,-0.3778731971444127,-1.059058589024059,1.8705978227171904,-0.5404861162697783,-0.6617510077839062,-2.624775923725242,-2.000000000000013,24.89599932870081,False
-2,-1,5,-1.0000000000000009,-0.5000000000000004,2.5,-0.20055835503046404,-0.21416998277079546,-0.8321819664036667,2.492599509534088,-0.5404861162697783,-0.6617510077839062,-3.3582062970560767,-2.5000000000000133,21.375877853888714,False
-2,-1,6,-1.0000000000000009,-0.5000000000000004,3.0,-0.080973604283191,-0.048779106393320726,-0.6029664095294485,3.111660050967857,-0.5404861162697783,-0.6617510077839062,-4.091636670386912,-3.0000000000000138,23.80306305516835,False
-2,-1,7,-1.0000000000000009,-0.5000000000000004,3.5000000000000004,0.03985036667906727,0.11832566507614661,-0.3713755619104475,3.7286814943825686,-0.5404861162697783,-0.6617510077839062,-4.825067043717746,-3.500000000000014,32.2455084571775,False
-2,-1,8,-1.0000000000000009,-0.5000000000000004,4.0,0.16193292067218645,0.2871711112484132,-0.13737230962871938,4.344346883649197,-0.5404861162697783,-0.6617510077839062,-5.558497417048558,-4.0000000000000036,46.78615152531166,False
-2,-1,9,-1.0000000000000009,-0.5000000000000004,4.5,0.28529382601602815,0.4577845725638463,0.09908123848840766,4.959197118295777,-0.5404861162697783,-0.6617510077839062,-6.291927790379392,-4.5000000000000036,67.51994577030037,False
-2,-1,10,-1.0000000000000009,-0.5000000000000004,5.0,0.40995326720558445,0.6301939650510235,0.3380237713225598,5.573675251831256,-0.5404861162697783,-0.6617510077839062,-7.0253581637102265,-5.000000000000004,94.5520366970315,False
-2,-1,11,-1.0000000000000009,-0.5000000000000004,5.5,0.5359318559209542,0.8044277955539414,0.5794947965676533,6.1881539822878695,-0.5404861162697783,-0.6617510077839062,-7.758788537041061,-5.500000000000005,127.99658350535455,False
-2,-1,12,-1.0000000000000009,-0.5000000000000004,6.0,0.6632506423886186,0.9805151774451848,0.8235346625068418,6.802953694646585,-0.5404861162697783,-0.6617510077839062,-8.492218910371928,-6.0000000000000275,167.9759751221648,False
-2,0,0,-1.0000000000000009,0.0,0.0,-0.9593009833777422,-1.2308276197525336,-2.186230435187708,-0.3902579725369115,-0.0811574762720424,-1.318133479456851,0.6153847804189594,0.0,123.86976151148062,False
-2,0,1,-1.0000000000000009,0.0,0.5,-0.8465336516359223,-1.0747011253794292,-1.9695783268218137,0.2741654879475419,-0.0811574762720424,-1.318133479456851,-0.118045592911864,-0.5000000000000004,94.82250747795815,False
-2,0,2,-1.0000000000000009,0.0,1.0,-0.73262725593711,-0.9169975957096232,-1.7507378133209128,0.9166471278830635,-0.0811574762720424,-1.318133479456851,-0.8514759662426985,-1.0000000000000009,71.81286988662556,False
-2,0,3,-1.0000000000000009,0.0,1.5,-0.6175644501296845,-0.7576930149771954,-1.529675568718486,1.5493378971874305,-0.0811574762720424,-1.318133479456851,-1.584906339573533,-1.5000000000000013,54.63507514857142,False
-2,0,4,-1.0000000000000009,0.0,2.0,-0.5013275340589207,-0.5967628772985012,-1.3063575869262323,2.1758747811281065,-0.0811574762720424,-1.318133479456851,-2.3183367129043786,-2.000000000000013,43.25684821105411,False
-2,0,5,-1.0000000000000009,0.0,2.5,-0.38389844448999677,-0.4341821741051577,-1.0807491642950862,2.7982198851125073,-0.0811574762720424,-1.318133479456851,-3.051767086235202,-2.500000000000002,37.69867017346014,False
-2,0,6,-1.0000000000000009,0.0,3.0,-0.26525874575024644,-0.26992538118816856,-0.8528148816368042,3.4176384467414778,-0.0811574762720424,-1.318133479456851,-3.7851974595660365,-3.0000000000000027,38.00986105054569,False
-2,0,7,-1.0000000000000009,0.0,3.5000000000000004,-0.14538962008056322,-0.10396644533940402,-0.6225185856867488,4.035029954851166,-0.0811574762720424,-1.318133479456851,-4.5186278328968825,-3.500000000000014,44.258968392652484,False
-2,0,8,-1.0000000000000009,0.0,4.0,-0.024271857685151388,0.06372122942444602,-0.38982336998719114,4.651075523877157,-0.0811574762720424,-1.318133479456851,-5.252058206227684,-3.9999999999999925,56.528914610038996,False
-2,0,9,-1.0000000000000009,0.0,4.5,0.0981141535311647,0.23316479607065066,-0.15469155517037203,5.266314527022176,-0.0811574762720424,-1.318133479456851,-5.985488579558529,-4.5000000000000036,74.91422179650637,False
-2,0,10,-1.0000000000000009,0.0,5.0,0.22178843854974706,0.4043919792078632,0.08291533138136686,5.8811887649018235,-0.0811574762720424,-1.318133479456851,-6.718918952889386,-5.000000000000016,99.5192982571475,False
-2,0,11,-1.0000000000000009,0.0,5.5,0.34677144616111766,0.577431090208963,0.32303657652095197,6.4960698758964375,-0.0811574762720424,-1.318133479456851,-7.452349326220197,-5.500000000000005,130.45732823500373,False
-2,0,12,-1.0000000000000009,0.0,6.0,0.4730840602364422,0.7523110428164559,0.565712302991811,7.11127732607626,-0.0811574762720424,-1.318133479456851,-8.18577969955101,-5.999999999999995,167.84953195078128,False
-2,1,0,-1.0000000000000009,0.49999999999998934,0.0,-1.1362902812347642,-1.4435515845124702,-2.427066048617943,-0.08742844225011481,0.3779872588051125,-1.9691943741743434,0.9193395558489748,0.0,156.06379113024985,False
-2,1,1,-1.0000000000000009,0.49999999999998934,0.5,-1.0244123429495127,-1.2884940547864043,-2.2116241694652707,0.5771961412454285,0.3779872588051125,-1.9691943741743434,0.18590918251815136,-0.5000000000000004,125.41320363153017,False
-2,1,2,-1.0000000000000009,0.49999999999998934,1.0,-0.9114043244795561,-1.1318702873863273,-1.9940061097150963,1.2199489310096956,0.3779872588051125,-1.9691943741743434,-0.5475211908126609,-0.9999999999999898,100.6825335271725,False
-2,1,3,-1.0000000000000009,0.49999999999998934,1.5,-0.7972490164819906,-0.9736564309771323,-1.774178729561371,1.8529450251169033,0.3779872588051125,-1.9691943741743434,-1.2809515641435287,-1.5000000000000124,81.69467543866523,False
-2,1,4,-1.0000000000000009,0.49999999999998934,2.0,-0.6819288584028221,-0.8138281474617037,-1.5521082128754582,2.4798108941878727,0.3779872588051125,-1.9691943741743434,-2.0143819374743632,-2.000000000000013,68.42493765270848,False
-2,1,5,-1.0000000000000009,0.49999999999998934,2.5,-0.565425929471558,-0.6523605994999682,-1.3277600498645625,3.1025030465148484,0.3779872588051125,-1.9691943741743434,-2.7478123108051755,-2.500000000000002,60.8971640851546,False
-2,1,6,-1.0000000000000009,0.49999999999998934,3.0,-0.447721939417281,-0.4892284376417144,-1.101099019193752,3.7222831470181683,0.3779872588051125,-1.9691943741743434,-3.4812426841360433,-3.000000000000025,59.162243825490904,False
-2,1,7,-1.0000000000000009,0.49999999999998934,3.5000000000000004,-0.3287982188961286,-0.32440578705954515,-0.8720891695522814,4.340048163056398,0.3779872588051125,-1.9691943741743434,-4.214673057466866,-3.500000000000014,63.28932388188017,False
-2,1,8,-1.0000000000000009,0.49999999999998934,4.0,-0.2086357096195507,-0.15786623386715437,-0.640693800643688,4.956477308076623,0.3779872588051125,-1.9691943741743434,-4.9481034307976905,-4.000000000000014,73.36132371671114,False
-2,1,9,-1.0000000000000009,0.49999999999998934,4.5,-0.08721495417252367,0.010417188992178916,-0.40687544357899674,5.572108451945068,0.3779872588051125,-1.9691943741743434,-5.681533804128525,-4.500000000000015,89.47235077421327,False
-2,1,10,-1.0000000000000009,0.49999999999998934,5.0,0.03548391448972288,0.18047201630266296,-0.17059584065046152,6.187382161719923,0.3779872588051125,-1.9691943741743434,-6.414964177459359,-5.000000000000016,111.72609643666631,False
-2,1,11,-1.0000000000000009,0.49999999999998934,5.5,0.15948118387855426,0.352326365595268,0.06818407553657035,6.802669032928899,0.3779872588051125,-1.9691943741743434,-7.148394550790183,-5.500000000000005,140.2347930743309,False
-2,1,12,-1.0000000000000009,0.49999999999998934,6.0,0.28479757315450493,0.5260089526463063,0.30950420359793784,7.418287627726072,0.3779872588051125,-1.9691943741743434,-7.8818249241210285,-6.000000000000016,175.11851764311962,False
-2,2,0,-1.0000000000000009,1.0000000000000009,0.0,-1.3115325663772466,-1.6545034544121262,-2.6663913294357577,0.21405019526909985,0.8369494048719339,-2.614980334002037,1.2208316712377432,0.0,194.6948764272948,False
-2,2,1,-1.0000000000000009,1.0000000000000009,0.5,-1.2005352425901976,-1.5005059843337942,-2.4521520898851845,0.8788811182439238,0.8369494048719339,-2.614980334002037,0.4874012979069198,-0.5000000000000115,162.50206117323563,False
-2,2,2,-1.0000000000000009,1.0000000000000009,1.0,-1.0884167337143897,-1.344952984254666,-2.235748817611877,1.5219093860346922,0.8369494048719339,-2.614980334002037,-0.24602907542391472,-1.0000000000000009,136.1132491382811,False
-2,2,3,-1.0000000000000009,1.0000000000000009,1.5,-0.9751599658652244,-1.187820765900638,-2.017148557802806,2.15521474565028,0.8369494048719339,-2.614980334002037,-0.9794594487547492,-1.5000000000000124,115.37971424185278,False
-2,2,4,-1.0000000000000009,1.0000000000000009,2.0,-0.860747516711477,-1.029085157563392,-1.7963176830977146,2.782413300024378,0.8369494048719339,-2.614980334002037,-1.7128898220855837,-2.0000000000000018,100.28427981559344,False
-2,2,5,-1.0000000000000009,1.0000000000000009,2.5,-0.7451616065407701,-0.8687214917047381,-1.5732218763443717,3.4054560390366806,0.8369494048719339,-2.614980334002037,-2.4463201954164293,-2.5000000000000133,90.85412862323194,False
-2,2,6,-1.0000000000000009,1.0000000000000009,3.0,-0.6283840890487058,-0.7067045921774373,-1.3478261128203606,4.02560110568122,0.8369494048719339,-2.614980334002037,-3.1797505687472527,-3.0000000000000027,87.14171383754245,False
-2,2,7,-1.0000000000000009,1.0000000000000009,3.5000000000000004,-0.5103964418417067,-0.5430087610488243,-1.1200946419023472,4.643742982172494,0.8369494048719339,-2.614980334002037,-3.913180942078076,-3.500000000000014,89.2167873130957,False
-2,2,8,-1.0000000000000009,1.0000000000000009,4.0,-0.39117975664297033,-0.3776077650126275,-0.8899909681622464,5.26055900885638,0.8369494048719339,-2.614980334002037,-4.646611315408911,-4.0000000000000036,97.16227751038605,False
-2,2,9,-1.0000000000000009,1.0000000000000009,4.5,-0.2707147291908296,-0.21047482137395157,-0.6574778318699015,5.876585574791426,0.8369494048719339,-2.614980334002037,-5.380041688739734,-4.499999999999993,111.0718937487427,False
-2,2,10,-1.0000000000000009,1.0000000000000009,5.0,-0.1489816488181528,-0.04158258359170941,-0.42251718887973966,6.492262032419571,0.8369494048719339,-2.614980334002037,-6.11347206207058,-5.000000000000004,131.04863046124512,False
-2,2,11,-1.0000000000000009,1.0000000000000009,5.5,-0.025960387700790788,0.12909687363796274,-0.18507018987910517,7.107957950863875,0.8369494048719339,-2.614980334002037,-6.8469024354014145,-5.500000000000016,157.2037908779475,False
-2,2,12,-1.0000000000000009,1.0000000000000009,6.0,0.09836961023697022,0.30159206977433684,0.05490284102579457,7.7239910030357795,0.8369494048719339,-2.614980334002037,-7.580332808732249,-6.000000000000005,189.65633373992043,False
-2,3,0,-1.0000000000000009,1.4999999999999902,0.0,-1.4850478746628037,-1.8636989568600548,-2.9042134225112815,0.5141854560761994,1.2957302554002847,-3.2555376810746606,1.5198827525716663,-2.220446049250313e-14,239.6537972103748,False
-2,3,1,-1.0000000000000009,1.4999999999999902,0.5,-1.3749224870982957,-1.7107527204623663,-2.6911692688555586,1.1792278153051283,1.2957302554002847,-3.2555376810746606,0.7864523792408651,-0.5000000000000115,205.9787390354443,False
-2,3,2,-1.0000000000000009,1.4999999999999902,1.0,-1.2636847218816167,-1.5562615725859097,-2.475973154051797,1.8225357857054592,1.2957302554002847,-3.2555376810746606,0.05302200591001949,-1.0000000000000009,177.99352456706094,False
-2,3,3,-1.0000000000000009,1.4999999999999902,1.5,-1.1513176392515756,-1.4002019866599547,-2.258592307118057,2.4561542545417314,1.2957302554002847,-3.2555376810746606,-0.6804083674208261,-1.5000000000000124,155.5775233674586,False
-2,3,4,-1.0000000000000009,1.4999999999999902,2.0,-1.0378039537375567,-1.2425499559796438,-2.038993288276819,3.083689101251763,1.2957302554002847,-3.2555376810746606,-1.4138387407516384,-2.0000000000000018,138.72100678952117,False
-2,3,5,-1.0000000000000009,1.4999999999999902,2.5,-0.9231260252951873,-1.083280981394924,-1.8171419718064463,3.7070858745177793,1.2957302554002847,-3.2555376810746606,-2.147269114082473,-2.5000000000000133,127.4544729515724,False
-2,3,6,-1.0000000000000009,1.4999999999999902,3.0,-0.8072658501678376,-0.922370058618599,-1.5930035283621413,4.327599245195501,1.2957302554002847,-3.2555376810746606,-2.8806994874133185,-3.000000000000025,121.83193425526274,False
-2,3,7,-1.0000000000000009,1.4999999999999902,3.5000000000000004,-0.6902050514640462,-0.7597916651399417,-1.3665424067474508,4.946121245988966,1.2957302554002847,-3.2555376810746606,-3.614129860744142,-3.500000000000014,121.92375274356955,False
-2,3,8,-1.0000000000000009,1.4999999999999902,4.0,-0.5719248694404239,-0.5955197467292173,-1.1377223151159188,5.563327371485216,1.2957302554002847,-3.2555376810746606,-4.347560234074955,-4.0000000000000036,127.81287765949021,False
-2,3,9,-1.0000000000000009,1.4999999999999902,4.5,-0.45240615147937036,-0.42952770351837866,-0.906506201582491,6.17975255201606,1.2957302554002847,-3.2555376810746606,-5.0809906074058,-4.500000000000015,139.59263648100605,False
-2,3,10,-1.0000000000000009,1.4999999999999902,5.0,-0.3316293417503169,-0.26178837564215796,-0.6728562342223965,6.79583494396323,1.2957302554002847,-3.2555376810746606,-5.8144209807366565,-5.000000000000027,157.3653463651098,False
-2,3,11,-1.0000000000000009,1.4999999999999902,5.5,-0.20957447054265055,-0.09227402842333365,-0.43673378043521116,7.411943106151719,1.2957302554002847,-3.2555376810746606,-6.547851354067468,-5.500000000000016,181.24140378671308,False
-2,3,12,-1.0000000000000009,1.4999999999999902,6.0,-0.08622114325830266,0.07904366291484055,-0.19809938565029106,8.028393836611913,1.2957302554002847,-3.2555376810746606,-7.281281727398303,-6.000000000000005,211.3386739353258,False
-2,4,0,-1.0000000000000009,2.0000000000000018,0.0,-1.6568560032541342,-2.071153718247476,-3.140539541626819,0.8129848114117655,1.7543310818946667,-3.8909124149046237,1.8165142752175178,0.0,290.8333436726555,False
-2,4,1,-1.0000000000000009,2.0000000000000018,0.5,-1.547593973119732,-1.919249968087916,-2.9286829564088626,1.4782435866250498,1.7543310818946667,-3.8909124149046237,1.0830839018866723,-0.5000000000000004,255.7349246966053,False
-2,4,2,-1.0000000000000009,2.0000000000000018,1.0,-1.437228286115283,-1.7658118366136066,-2.714686405683653,2.121835382878201,1.7543310818946667,-3.8909124149046237,0.34965352855584886,-1.0000000000000009,226.21391493130702,False
-2,4,3,-1.0000000000000009,2.0000000000000018,1.5,-1.325742135283381,-1.6108159576116499,-2.4985173011439823,2.755770709783456,1.7543310818946667,-3.8909124149046237,-0.38377684477499674,-1.5000000000000124,202.17750105136568,False
-2,4,4,-1.0000000000000009,2.0000000000000018,2.0,-1.213118370667482,-1.4542384880076253,-2.280142389415124,3.3836453647714038,1.7543310818946667,-3.8909124149046237,-1.1172072181058312,-2.000000000000013,183.62333664335176,False
-2,4,5,-1.0000000000000009,2.0000000000000018,2.5,-1.0993394905170621,-1.296055095638432,-2.059527735001865,4.007399531090261,1.7543310818946667,-3.8909124149046237,-1.8506375914366546,-2.500000000000002,170.58521214691433,False
-2,4,6,-1.0000000000000009,2.0000000000000018,3.0,-0.984387632220754,-1.1362409466468715,-1.8366387027080544,4.6282844563026115,1.7543310818946667,-3.8909124149046237,-2.5840679647675002,-3.0000000000000138,163.11869446803465,False
-2,4,7,-1.0000000000000009,2.0000000000000018,3.5000000000000004,-0.8682445629576513,-0.9747706924844224,-1.6114399395096624,5.24718975855305,1.7543310818946667,-3.8909124149046237,-3.3174983380983347,-3.500000000000014,161.294761130681,False
-2,4,8,-1.0000000000000009,2.0000000000000018,4.0,-0.7508916700563917,-0.8116184565077844,-1.3838953558612699,5.864789113480984,1.7543310818946667,-3.8909124149046237,-4.050928711429136,-3.9999999999999925,165.19639378301463,False
-2,4,9,-1.0000000000000009,2.0000000000000018,4.5,-0.6323099510514435,-0.64675782015442,-1.153968106415515,6.481616014335478,1.7543310818946667,-3.8909124149046237,-4.784359084760004,-4.500000000000015,174.91655410572278,False
-2,4,10,-1.0000000000000009,2.0000000000000018,5.0,-0.5124800034254001,-0.4801618086815507,-0.9216205701334912,7.098107439619605,1.7543310818946667,-3.8909124149046237,-5.517789458090816,-5.000000000000004,190.55690135528812,False
-2,4,11,-1.0000000000000009,2.0000000000000018,5.5,-0.3913820140255375,-0.31180287645235505,-0.6868143297638241,7.71463095363456,1.7543310818946667,-3.8909124149046237,-6.2512198314216505,-5.500000000000005,212.22694729298425,False
-2,4,12,-1.0000000000000009,2.0000000000000018,6.0,-0.26899574814269467,-0.14165289175263052,-0.4495101506668209,8.331502493587584,1.7543310818946667,-3.8909124149046237,-6.984650204752485,-6.000000000000005,240.04348783812117,False
-2,5,0,-1.0000000000000009,2.499999999999991,0.0,-1.8269765127778559,-2.2768832625822966,-3.3753769655626655,1.1104556877929328,2.2127531343479,-4.521150210021984,2.110747562820392,-1.1102230246251565e-14,348.1282837766465,False
-2,5,1,-1.0000000000000009,2.499999999999991,0.5,-1.7185693595757334,-2.1260133292284378,-3.1647004679021764,1.7759357442552748,2.2127531343479,-4.521150210021984,1.3773171894895464,-0.5000000000000226,311.66430132882596,False
-2,5,2,-1.0000000000000009,2.499999999999991,1.0,-1.6090671846240938,-1.9736194571538301,-2.9518959248107715,2.4198153904826825,2.2127531343479,-4.521150210021984,0.643886816158723,-1.000000000000012,280.66698951913907,False
-2,5,3,-1.0000000000000009,2.499999999999991,1.5,-1.498453312464823,-1.8196784391698417,-2.736930929505249,3.054071231516242,2.2127531343479,-4.521150210021984,-0.08954355717211149,-1.5000000000000124,255.07107860020974,False
-2,5,4,-1.0000000000000009,2.499999999999991,2.0,-1.3867107273243418,-1.6641665944717277,-2.519772413839455,3.6822891216305775,2.2127531343479,-4.521150210021984,-0.8229739305029571,-2.000000000000024,234.88153980738187,False
-2,5,5,-1.0000000000000009,2.499999999999991,2.5,-1.2738220643875475,-1.5070597564946553,-2.300386631346324,4.306403952986337,2.2127531343479,-4.521150210021984,-1.5564043038337583,-2.500000000000002,220.1354333136429,False
-2,5,6,-1.0000000000000009,2.499999999999991,3.0,-1.1597696008019103,-1.3483332603941078,-2.07873913975532,4.927663597777654,2.2127531343479,-4.521150210021984,-2.2898346771645928,-3.0000000000000027,210.88987592776687,False
-2,5,7,-1.0000000000000009,2.499999999999991,3.5000000000000004,-1.044535246401923,-1.1879619301370825,-1.8547947829665012,5.5469552938752775,2.2127531343479,-4.521150210021984,-3.0232650504954273,-3.500000000000003,207.21646589527026,False
-2,5,8,-1.0000000000000009,2.499999999999991,4.0,-0.9281005341436027,-1.0259200651898892,-1.628517672461105,6.164950924263923,2.2127531343479,-4.521150210021984,-3.756695423826273,-4.000000000000014,209.19822873035648,False
-2,5,9,-1.0000000000000009,2.499999999999991,4.5,-0.8104466102385854,-0.8621814267877392,-1.3998711681284415,6.782182566328099,2.2127531343479,-4.521150210021984,-4.490125797157118,-4.500000000000027,216.9277761226877,False
-2,5,10,-1.0000000000000009,2.499999999999991,5.0,-0.691554223976687,-0.6967192237708364,-1.168817858487009,7.399086038509295,2.2127531343479,-4.521150210021984,-5.223556170487919,-5.000000000000004,230.50612850927564,False
-2,5,11,-1.0000000000000009,2.499999999999991,5.5,-0.571403717225244,-0.5295060979706778,-0.9353195402779457,8.016027926035441,2.2127531343479,-4.521150210021984,-5.956986543818776,-5.500000000000016,250.04193463965746,False
-2,5,12,-1.0000000000000009,2.499999999999991,6.0,-0.4499750135934649,-0.36051410913010007,-0.699337197407085,8.633323319053133,2.2127531343479,-4.521150210021984,-6.69041691714961,-6.000000000000016,275.6509450671389,False
-2,6,0,-1.0000000000000009,3.0000000000000027,0.0,-1.9954287295045643,-2.4809030102102003,-3.608733034283629,1.4066054671079353,2.6709976416805947,-5.146296413817586,2.4026037862971084,-1.1102230246251565e-14,411.4353309710184,False
-2,6,1,-1.0000000000000009,3.0000000000000027,0.5,-1.8878680698538348,-2.331058301718797,-3.3992291801845487,2.0723115581327667,2.6709976416805947,-5.146296413817586,1.6691734129662628,-0.5000000000000226,373.66251527865825,False
-2,6,2,-1.0000000000000009,3.0000000000000027,1.0,-1.7792209388934972,-2.1797000103133293,-3.187609125539015,2.71648298149485,2.6709976416805947,-5.146296413817586,0.9357430396354394,-1.000000000000012,341.2472990224468,False
-2,6,3,-1.0000000000000009,3.0000000000000027,1.5,-1.6694707913751883,-2.0268050865078213,-2.9738406439427765,3.351062901950219,2.6709976416805947,-5.146296413817586,0.20231266630461597,-1.5000000000000124,314.1516873701197,False
-2,6,4,-1.0000000000000009,3.0000000000000027,2.0,-1.5586007443924133,-1.872350010418572,-2.75789085130983,3.979627366892746,2.6709976416805947,-5.146296413817586,-0.5311177070262074,-2.0000000000000018,292.3879057910959,False
-2,6,5,-1.0000000000000009,3.0000000000000027,2.5,-1.4465935687226343,-1.7163107797027677,-2.5397261890088507,4.604106050358769,2.6709976416805947,-5.146296413817586,-1.264548080357042,-2.500000000000002,275.99626203480284,False
-2,6,6,-1.0000000000000009,3.0000000000000027,3.0,-1.3334316799016088,-1.558662897123908,-2.3193124064779633,5.22574349620053,2.6709976416805947,-5.146296413817586,-1.9979784536878875,-3.0000000000000138,265.03541832775625,False
-2,6,7,-1.0000000000000009,3.0000000000000027,3.5000000000000004,-1.2190971290202746,-1.3993813577307723,-2.0966145432991024,5.845424595651072,2.6709976416805947,-5.146296413817586,-2.731408827018733,-3.5000000000000253,259.5775988231082,False
-2,6,8,-1.0000000000000009,3.0000000000000027,4.0,-1.1035715932339234,-1.2384406356356237,-1.8715969107121144,6.463819464827947,2.6709976416805947,-5.146296413817586,-3.4648392003495676,-4.000000000000026,259.7058842002835,False
-2,6,9,-1.0000000000000009,3.0000000000000027,4.5,-0.9868363659733592,-1.0758146703771732,-1.644223072548301,7.08145878605444,2.6709976416805947,-5.146296413817586,-4.198269573680391,-4.500000000000015,265.5125517281934,False
-2,6,10,-1.0000000000000009,3.0000000000000027,5.0,-0.8688723468469078,-0.9114768528528439,-1.4144558255617112,7.698777235172338,2.6709976416805947,-5.146296413817586,-4.931699947011214,-5.000000000000016,277.09800181390403,False
-2,6,11,-1.0000000000000009,3.0000000000000027,5.5,-0.7496600312217633,-0.7454000108044423,-1.1822571791361092,8.316140433471308,2.6709976416805947,-5.146296413817586,-5.665130320342049,-5.500000000000016,294.57004156147127,False
-2,6,12,-1.0000000000000009,3.0000000000000027,6.0,-0.6291794994729427,-0.5775563938406392,-0.9475883343442792,8.93386263751339,2.6709976416805947,-5.146296413817586,-6.398560693672872,-6.000000000000005,318.0433996900367,False
-1,-6,0,-0.5000000000000004,-3.0000000000000027,0.0,0.3254823422646408,0.30350937944325085,-0.4638488305958366,-2.048442556238461,-2.8003845806404137,3.3735600282465583,-1.5749827536951533,-1.1102230246251565e-14,64.95048392903509,False
-1,-6,1,-0.5000000000000004,-3.0000000000000027,0.5,0.44470587162275255,0.46734610999321635,-0.23854153828727354,-1.3819169072494364,-2.8003845806404137,3.3735600282465583,-2.3084131270259878,-0.5000000000000115,51.43043371587561,False
-1,-6,2,-0.5000000000000004,-3.0000000000000027,1.0,0.5651336790551964,0.6328377570133881,-0.010958414743267308,-0.7379610477353249,-2.8003845806404137,3.3735600282465583,-3.041843500356811,-1.000000000000012,44.76878790929989,False
-1,-6,3,-0.5000000000000004,-3.0000000000000027,1.5,0.6867841038219719,0.8000095222774117,0.21893519736462808,-0.10409649510085828,-2.8003845806404137,3.3735600282465583,-3.7752738736876346,-1.5000000000000013,44.59711734364341,False
-1,-6,4,-0.5000000000000004,-3.0000000000000027,2.0,0.8096758594537151,0.9688871218808737,0.45117466265730544,0.5234101673881941,-2.8003845806404137,3.3735600282465583,-4.5087042470184695,-2.0000000000000018,50.84164160643086,False
-1,-6,5,-0.5000000000000004,-3.0000000000000027,2.5,0.9338280433483448,1.1394967994289795,0.685796071183753,1.1465725233788193,-2.8003845806404137,3.3735600282465583,-5.242134620349315,-2.5000000000000133,63.50587524109134,False
-1,-6,6,-0.5000000000000004,-3.0000000000000027,3.0,1.0592601466645812,1.3118653396322288,0.9228362571176985,1.7666887501560424,-2.8003845806404137,3.3735600282465583,-5.975564993680127,-3.0000000000000027,82.63271519531612,False
-1,-6,7,-0.5000000000000004,-3.0000000000000027,3.5000000000000004,1.1859920645229423,1.486020082324624,1.1623328180353942,2.384681633190344,-2.8003845806404137,3.3735600282465583,-6.708995367010962,-3.500000000000003,108.29005684962058,False
-1,-6,8,-0.5000000000000004,-3.0000000000000027,4.0,1.3140441065256636,1.6619889369200558,1.4043241347960034,3.001249881160706,-2.8003845806404137,3.3735600282465583,-7.442425740341818,-4.000000000000014,140.56380787733613,False
-1,-6,9,-0.5000000000000004,-3.0000000000000027,4.5,1.4434370076069598,1.8398003973227772,1.6488493920462477,3.6169467997049454,-2.8003845806404137,3.3735600282465583,-8.17585611367263,-4.5000000000000036,179.55400251845117,False
-1,-6,10,-0.5000000000000004,-3.0000000000000027,5.0,1.5741919392259385,2.019483557308688,1.8959485993728042,4.232225631984909,-2.8003845806404137,3.3735600282465583,-8.909286487003476,-5.000000000000016,225.372450079278,False
-1,-6,11,-0.5000000000000004,-3.0000000000000027,5.5,1.7063305209149615,2.2010681263949783,2.1456626131261034,4.847467694236984,-2.8003845806404137,3.3735600282465583,-9.64271686033431,-5.500000000000016,278.1412321962611,False
-1,-6,12,-0.5000000000000004,-3.0000000000000027,6.0,1.8398748321964253,2.384584446216226,2.3980331589406045,5.463000840735188,-2.8003845806404137,3.3735600282465583,-10.376147233665133,-6.000000000000005,337.9917094636419,False
-1,-5,0,-0.5000000000000004,-2.500000000000002,0.0,0.13667910004203088,0.07910838964311773,-0.7141507025410665,-1.7359744087068307,-2.339927925209151,2.6878416885403267,-1.254847777620327,-2.220446049250313e-14,52.04277157449459,False
-1,-5,1,-0.5000000000000004,-2.500000000000002,0.5,0.25495386938897413,0.2418174770282555,-0.4901012085839873,-1.0692876008573826,-2.339927925209151,2.6878416885403267,-1.9882781509511505,-0.5000000000000115,36.48796557799751,False
-1,-5,2,-0.5000000000000004,-2.500000000000002,1.0,0.37442333337579237,0.40617009054860764,-0.2637885884253177,-0.42509387701741286,-2.339927925209151,2.6878416885403267,-2.7217085242819627,-1.0000000000000009,27.6609316237627,False
-1,-5,3,-0.5000000000000004,-2.500000000000002,1.5,0.4951056853218616,0.5721912585209266,-0.03517837821428449,0.20904561591041926,-2.339927925209151,2.6878416885403267,-3.4551388976128083,-1.5000000000000124,25.224094338853185,False
-1,-5,4,-0.5000000000000004,-2.500000000000002,2.0,0.6170194898388048,0.739906520043998,0.19576458924380757,0.8368526716279412,-2.339927925209151,2.6878416885403267,-4.188569270943631,-2.0000000000000018,29.111783021219246,False
-1,-5,5,-0.5000000000000004,-2.500000000000002,2.5,0.740183692350796,0.9093419380955092,0.4290762025219774,1.4603346829211494,-2.339927925209151,2.6878416885403267,-4.921999644274466,-2.5000000000000133,39.33106790301083,False
-1,-5,6,-0.5000000000000004,-2.500000000000002,3.0,0.8646176289093116,1.080524113034148,0.6647930901638566,2.08078587125895,-2.339927925209151,2.6878416885403267,-5.655430017605312,-3.000000000000025,55.92646517068731,False
-1,-5,7,-0.5000000000000004,-2.500000000000002,3.5000000000000004,0.9903410363129833,1.2534801965213727,0.9029526398538101,2.699126226101667,-2.339927925209151,2.6878416885403267,-6.388860390936124,-3.500000000000014,78.96644186629493,False
-1,-5,8,-0.5000000000000004,-2.500000000000002,4.0,1.1173740625437771,1.428237905878249,1.1435930181863896,3.3160523441587264,-2.339927925209151,2.6878416885403267,-7.122290764266959,-4.0000000000000036,108.53682576623396,False
-1,-5,9,-0.5000000000000004,-2.500000000000002,4.5,1.2457372775309283,1.6048255388933175,1.3867531910564779,3.932115857027574,-2.339927925209151,2.6878416885403267,-7.855721137597815,-4.500000000000015,144.73712528110352,False
-1,-5,10,-0.5000000000000004,-2.500000000000002,5.0,1.375451684254772,1.7832719890980175,1.6324729446936193,4.547768630537519,-2.339927925209151,2.6878416885403267,-8.58915151092864,-5.000000000000027,187.67829591080277,False
-1,-5,11,-0.5000000000000004,-2.500000000000002,5.5,1.5065387302032052,1.9636067615271091,1.880792907363954,5.163390812968061,-2.339927925209151,2.6878416885403267,-9.322581884259474,-5.500000000000016,237.48131004441035,False
-1,-5,12,-0.5000000000000004,-2.500000000000002,6.0,1.6390203191936459,2.145859988982041,2.1317545717648265,5.779309242826058,-2.339927925209151,2.6878416885403267,-10.056012257590307,-6.0000000000000275,294.27621048665026,False
-1,-4,0,-0.5000000000000004,-2.0000000000000018,0.0,-0.050249445720984554,-0.14342694767788822,-0.9629102609644447,-1.42490380874577,-1.8796625726860472,2.00767412799554,-0.9373042424493327,-2.220446049250313e-14,46.339188653138926,False
-1,-4,1,-0.5000000000000004,-2.0000000000000018,0.5,0.06708598420001599,0.018163871680515475,-0.7401108150396407,-0.7580497410232812,-1.8796625726860472,2.00767412799554,-1.670734615780134,-0.49999999999998934,28.818342410317268,False
-1,-4,2,-0.5000000000000004,-2.0000000000000018,1.0,0.185606620483858,0.1813869215374908,-0.5150608696610548,-0.11361305858440529,-1.8796625726860472,2.00767412799554,-2.4041649891109795,-1.0000000000000009,17.896631152134205,False
-1,-4,3,-0.5000000000000004,-2.0000000000000018,1.5,0.305330511958396,0.3462670581950378,-0.28772615326340123,0.520806032983101,-1.8796625726860472,2.00767412799554,-3.137595362441825,-1.5000000000000124,13.26700567231352,False
-1,-4,4,-0.5000000000000004,-2.0000000000000018,2.0,0.4262760757949152,0.5128296452266479,-0.05807169486168329,1.148917871805133,-1.8796625726860472,2.00767412799554,-3.8710257357726596,-2.000000000000024,14.871827141054773,False
-1,-4,5,-0.5000000000000004,-2.0000000000000018,2.5,0.5484621069528323,0.6811005664842218,0.17393819388261678,1.7727237495288373,-1.8796625726860472,2.00767412799554,-4.604456109103483,-2.5000000000000133,22.721693785736985,False
-1,-4,6,-0.5000000000000004,-2.0000000000000018,3.0,0.6719077879165147,0.8511062395073432,0.4083399371500651,2.393513989730267,-1.8796625726860472,2.00767412799554,-5.33788648243434,-3.000000000000025,36.86273478678523,False
-1,-4,7,-0.5000000000000004,-2.0000000000000018,3.5000000000000004,0.7966326987347311,1.0228736293493523,0.6451707140264773,3.0122058273933217,-1.8796625726860472,2.00767412799554,-6.071316855765141,-3.500000000000014,57.3639943218514,False
-1,-4,8,-0.5000000000000004,-2.0000000000000018,4.0,0.9226568273739716,1.196430262835535,0.8844684781620371,3.629493779206805,-1.8796625726860472,2.00767412799554,-6.804747229095975,-4.0000000000000036,84.31123313808435,False
-1,-4,9,-0.5000000000000004,-2.0000000000000018,4.5,1.0500005803968815,1.3718042432692312,1.1262719780477048,4.245927828607043,-1.8796625726860472,2.00767412799554,-7.53817760242681,-4.500000000000015,117.8034518395172,False
-1,-4,10,-0.5000000000000004,-2.0000000000000018,5.0,1.1786847939779133,1.549024265602228,1.3706207779321689,4.861958485916884,-1.8796625726860472,2.00767412799554,-8.271607975757655,-5.000000000000027,157.95077401972304,False
-1,-4,11,-0.5000000000000004,-2.0000000000000018,5.5,1.308730745268799,1.7281196320868941,1.6175552794027104,5.477964750478392,-1.8796625726860472,2.00767412799554,-9.00503834908848,-5.500000000000016,204.87308781742357,False
-1,-4,12,-0.5000000000000004,-2.0000000000000018,6.0,1.440160164126611,1.909120268427783,1.8671167436548564,6.094272462064088,-1.8796625726860472,2.00767412799554,-9.738468722419313,-6.000000000000005,258.69914584238506,False
-1,-3,0,-0.5000000000000004,-1.5000000000000013,0.0,-0.23532472826616746,-0.36411277142914256,-1.2101339519597132,-1.1152230047543954,-1.4195870773457298,1.3330095878258508,-0.6223298514795417,0.0,47.717315326445735,False
-1,-3,1,-0.5000000000000004,-1.5000000000000013,0.5,-0.11891932489062063,-0.20363092605943933,-0.9885768361404146,-0.4481957150182847,-1.4195870773457298,1.3330095878258508,-1.3557602248103984,-0.5000000000000115,28.29790922061286,False
-1,-3,2,-0.5000000000000004,-1.5000000000000013,1.0,-0.001338109359760864,-0.04152805194862497,-0.7647817696562753,0.19648890023356014,-1.4195870773457298,1.3330095878258508,-2.0891905981412107,-1.0000000000000009,15.350962318418787,False
-1,-3,3,-0.5000000000000004,-1.5000000000000013,1.5,0.11743682409526557,0.12222053662016008,-0.5387146720403246,0.8311921364108077,-1.4195870773457298,1.3330095878258508,-2.822620971472023,-1.4999999999999902,8.599630192072302,False
-1,-3,4,-0.5000000000000004,-1.5000000000000013,2.0,0.2374237466671758,0.2876400291539405,-0.3103407673058334,1.4596130402621643,-1.4195870773457298,1.3330095878258508,-3.5560513448028908,-2.000000000000024,7.994229577683283,False
-1,-3,5,-0.5000000000000004,-1.5000000000000013,2.5,0.3586413043423886,0.4547561318675508,-0.07962456611252944,2.083746890266669,-1.4195870773457298,1.3330095878258508,-4.289481718133725,-2.5000000000000133,13.548859598818236,False
-1,-3,6,-0.5000000000000004,-1.5000000000000013,3.0,0.4811085275606558,0.6235950810008939,0.15347015261885644,2.704880168890389,-1.4195870773457298,1.3330095878258508,-5.022912091464537,-3.0000000000000027,25.31125638174711,False
-1,-3,7,-0.5000000000000004,-1.5000000000000013,3.5000000000000004,0.6048448411749563,0.7941836565501237,0.38898036066349895,3.3239273973472594,-1.4195870773457298,1.3330095878258508,-5.756342464795394,-3.500000000000014,43.35104669519689,False
-1,-3,8,-0.5000000000000004,-1.5000000000000013,4.0,0.7298700747227382,0.9665491964279793,0.626943800041968,3.941581043607112,-1.4195870773457298,1.3330095878258508,-6.489772838126207,-4.0000000000000036,67.75393697175843,False
-1,-3,9,-0.5000000000000004,-1.5000000000000013,4.5,0.8562044730197255,1.1407196110689632,0.8673990031835499,4.558389468290436,-1.4195870773457298,1.3330095878258508,-7.223203211457053,-4.500000000000015,98.61843778616826,False
-1,-3,10,-0.5000000000000004,-1.5000000000000013,5.0,0.9838687070882479,1.316723398495645,1.1103853137266195,5.174801847578769,-1.4195870773457298,1.3330095878258508,-7.956633584787875,-5.000000000000004,136.05386241144444,False
-1,-3,11,-0.5000000000000004,-1.5000000000000013,5.5,1.112883885432625,1.4945896598633435,1.3559429079791463,5.791196050485925,-1.4195870773457298,1.3330095878258508,-8.69006395811871,-5.500000000000016,180.1790393644525,False
-1,-3,12,-0.5000000000000004,-1.5000000000000013,6.0,1.2432715656742892,1.6743481155009121,1.6041128170641406,6.407896934704338,-1.4195870773457298,1.3330095878258508,-9.423494331449556,-6.0000000000000275,231.12145824106503,False
-1,-2,0,-0.5000000000000004,-1.0000000000000009,0.0,-0.41856793313078955,-0.5829651341851316,-1.4558283193456534,-0.8069242894769957,-0.9597000185024851,0.6638006017083642,-0.30990244454804916,-1.1102230246251565e-14,56.05693490332707,False
-1,-2,1,-0.5000000000000004,-1.0000000000000009,0.5,-0.3030833498801899,-0.4235830494322912,-1.2355058485885972,-0.1397179513163982,-0.9597000185024851,0.6638006017083642,-1.0433328178788615,-0.5000000000000004,34.805233560457516,False
-1,-2,2,-0.5000000000000004,-1.0000000000000009,1.0,-0.18643225568766297,-0.26259104463143834,-1.0129578983289422,0.5052194535968502,-0.9597000185024851,0.6638006017083642,-1.7767631912097293,-1.000000000000023,19.901243527935264,False
-1,-2,3,-0.5000000000000004,-1.0000000000000009,1.5,-0.06859688642719408,-0.0999646032336321,-0.7881505780158948,1.140211270496394,-0.9597000185024851,0.6638006017083642,-2.5101935645405304,-1.5000000000000013,11.098009843204824,False
-1,-2,4,-0.5000000000000004,-1.0000000000000009,2.0,0.050440884560418175,0.06432129164783418,-0.5610493054547527,1.7689454157759466,-0.9597000185024851,0.6638006017083642,-3.243623937871376,-2.000000000000013,8.353729990548011,False
-1,-2,5,-0.5000000000000004,-1.0000000000000009,2.5,0.17069955576328733,0.23029217006653724,-0.33161878907246867,2.393411241008825,-0.9597000185024851,0.6638006017083642,-3.9770543112022105,-2.5000000000000133,11.685977465485818,False
-1,-2,6,-0.5000000000000004,-1.0000000000000009,3.0,0.2921980070816621,0.39797408846894977,-0.09982300963468638,3.014891443222889,-0.9597000185024851,0.6638006017083642,-4.710484684533068,-3.000000000000025,21.144089478939417,False
-1,-2,7,-0.5000000000000004,-1.0000000000000009,3.5000000000000004,0.41495550970902517,0.5673936433314819,0.13437479860552992,3.6342978697613715,-0.9597000185024851,0.6638006017083642,-5.4439150578638795,-3.500000000000014,36.79828082305996,False
-1,-2,8,-0.5000000000000004,-1.0000000000000009,4.0,0.5389917363220892,0.7385779852238261,0.371012167348278,4.252320970547152,-0.9597000185024851,0.6638006017083642,-6.177345431194691,-4.0000000000000036,58.734216176307875,False
-1,-2,9,-0.5000000000000004,-1.0000000000000009,4.5,0.6643267715908008,0.9115548333140044,0.6101274142977453,4.869507508210069,-0.9597000185024851,0.6638006017083642,-6.9107758045255485,-4.500000000000015,87.04993361670964,False
-1,-2,10,-0.5000000000000004,-1.0000000000000009,5.0,0.7909811230202235,1.0863524903314437,0.8517596638466851,5.486305345707754,-0.9597000185024851,0.6638006017083642,-7.644206177856383,-5.000000000000016,121.85395737062672,False
-1,-2,11,-0.5000000000000004,-1.0000000000000009,5.5,0.9189757321367287,1.2629998580051593,1.0959488684173013,6.103091239934755,-0.9597000185024851,0.6638006017083642,-8.377636551187228,-5.500000000000027,163.26408059663933,False
-1,-2,12,-0.5000000000000004,-1.0000000000000009,6.0,1.048331986031073,1.441526452994546,1.3427358304833548,6.720189082791572,-0.9597000185024851,0.6638006017083642,-9.111066924518042,-6.000000000000016,211.40655664891975,False
-1,-1,0,-0.5000000000000004,-0.5000000000000004,0.0,-0.6000000000014716,-0.8000000000001117,-1.6999999999983584,-0.5000000000000449,-0.49999999999997824,0.0,0.0,0.0,71.23999999994234,False
-1,-1,1,-0.5000000000000004,-0.5000000000000004,0.5,-0.4854271356798695,-0.6417085427136815,-1.4809045226114148,0.16739108032575167,-0.49999999999997824,0.0,-0.7334303733308456,-0.5000000000000115,48.22107145947682,False
-1,-1,2,-0.5000000000000004,-0.5000000000000004,1.0,-0.369696969698452,-0.4818181818182887,-1.2595959595942952,0.8125860170050014,-0.49999999999997824,0.0,-1.4668607466617023,-1.000000000000023,31.427001462666965,False
-1,-1,3,-0.5000000000000004,-0.5000000000000004,1.5,-0.25279187817407733,-0.3203045685280348,-1.0360406091353913,1.4478707433350335,-0.49999999999997824,0.0,-2.2002911199925146,-1.5000000000000124,20.640415116035353,False
-1,-1,4,-0.5000000000000004,-0.5000000000000004,2.0,-0.13469387755252193,-0.15714285714296672,-0.8102040816309775,2.0769222032773316,-0.49999999999997824,0.0,-2.933721493323349,-2.000000000000013,15.827317281129755,False
-1,-1,5,-0.5000000000000004,-0.5000000000000004,2.5,-0.01538461538612701,0.007692307692197531,-0.5820512820496004,2.701723906095932,-0.49999999999997824,0.0,-3.6671518666541836,-2.5000000000000133,17.008729857094288,False
-1,-1,6,-0.5000000000000004,-0.5000000000000004,3.0,0.10515463917374346,0.17422680412360614,-0.3515463917508732,3.3235548179684438,-0.49999999999997824,0.0,-4.400582239984995,-3.0000000000000027,24.235585455904577,False
-1,-1,7,-0.5000000000000004,-0.5000000000000004,3.5000000000000004,0.22694300517982213,0.34248704663201734,-0.11865284973923695,3.9433241514809536,-0.49999999999997824,0.0,-5.134012613315853,-3.500000000000014,37.5786922981565,False
-1,-1,8,-0.5000000000000004,-0.5000000000000004,4.0,0.3499999999984654,0.512499999999888,0.11666666666838021,4.561720368567501,-0.49999999999997824,0.0,-5.867442986646676,-4.000000000000014,57.12368571323962,False
-1,-1,9,-0.5000000000000004,-0.5000000000000004,4.5,0.47434554973668497,0.6842931937171615,0.35445026178183014,5.179288658185843,-0.49999999999997824,0.0,-6.600873359977511,-4.500000000000015,82.96814857136071,False
-1,-1,10,-0.5000000000000004,-0.5000000000000004,5.0,0.5999999999984545,0.8578947368419909,0.5947368421069965,5.796475590551431,-0.49999999999997824,0.0,-7.334303733308345,-5.000000000000016,115.21983701676257,False
-1,-1,11,-0.5000000000000004,-0.5000000000000004,5.5,0.7269841269825689,1.033333333333214,0.8375661375678856,6.413656828260206,-0.49999999999997824,0.0,-8.067734106639179,-5.500000000000016,153.9955327520738,False
-1,-1,12,-0.5000000000000004,-0.5000000000000004,6.0,0.8553191489346051,1.210638297872224,1.082978723406014,7.031155313352833,-0.49999999999997824,0.0,-8.801164479970014,-6.000000000000016,199.4202792576851,False
-1,0,0,-0.5000000000000004,0.0,0.0,-0.77964162457759,-1.0152332423449706,-1.942655719310682,-0.1944425177738962,-0.040485649695198855,-0.6584390862924505,0.30739936345771657,0.0,93.15059895211664,False
-1,0,1,-0.5000000000000004,0.0,0.5,-0.6659714819875262,-0.858023359140675,-1.7247796173976704,0.4731388687653659,-0.040485649695198855,-0.6584390862924505,-0.42603100987312903,-0.5000000000000115,68.42833361084215,False
-1,0,2,-0.5000000000000004,0.0,1.0,-0.5511531561389754,-0.6992254973181511,-1.504702746778469,1.1185959671258683,-0.040485649695198855,-0.6584390862924505,-1.1594613832039746,-1.000000000000023,49.809937026769276,False
-1,0,3,-0.5000000000000004,0.0,1.5,-0.43516916200770084,-0.5388154744619011,-1.2823915932088203,1.7541778265790064,-0.040485649695198855,-0.6584390862924505,-1.892891756534798,-1.5000000000000124,37.10731074359383,False
-1,0,4,-0.5000000000000004,0.0,2.0,-0.31800165773223366,-0.3767686146377236,-1.0578119584802925,2.383550573554283,-0.040485649695198855,-0.6584390862924505,-2.6263221298656325,-2.000000000000013,30.29419503567996,False
-1,0,5,-0.5000000000000004,0.0,2.5,-0.19963243546419762,-0.21305973573843007,-0.8309289428827527,3.0086919579775717,-0.040485649695198855,-0.6584390862924505,-3.359752503196478,-2.5000000000000244,29.39503477515998,False
-1,0,6,-0.5000000000000004,0.0,3.0,-0.08004291193565716,-0.04766313643810305,-0.6017069271244069,3.6308772687074775,-0.040485649695198855,-0.6584390862924505,-4.09318287652729,-3.0000000000000138,34.46235246016309,False
-1,0,7,-0.5000000000000004,0.0,3.5000000000000004,0.040785881266747204,0.11944741725910535,-0.37010955368983467,4.251013121920066,-0.040485649695198855,-0.6584390862924505,-4.826613249858147,-3.5000000000000253,45.567555113459036,False
-1,0,8,-0.5000000000000004,0.0,4.0,0.16287330773167297,0.288298705890655,-0.13609970761529477,4.869786021020528,-0.040485649695198855,-0.6584390862924505,-5.560043623188959,-4.000000000000014,62.79626096413016,False
-1,0,9,-0.5000000000000004,0.0,4.5,0.2862391365679756,0.4589180708429619,0.10036050333960267,5.487739605120567,-0.040485649695198855,-0.6584390862924505,-6.293473996519772,-4.5000000000000036,86.24561472089475,False
-1,0,10,-0.5000000000000004,0.0,5.0,0.41090355307622506,0.6313334291105588,0.3393097691466507,6.105319171750612,-0.040485649695198855,-0.6584390862924505,-7.026904369850628,-5.000000000000016,116.02262510362584,False
-1,0,11,-0.5000000000000004,0.0,5.5,0.5368871697591648,0.805573288523842,0.5807875986130362,6.722899306651264,-0.040485649695198855,-0.6584390862924505,-7.76033474318144,-5.500000000000005,152.2430859038274,False
-1,0,12,-0.5000000000000004,0.0,6.0,0.6642110376834154,0.9816667634627962,0.8248343411588532,7.3408020175889765,-0.040485649695198855,-0.6584390862924505,-8.493765116512296,-6.000000000000016,195.03085669635328,False
-1,1,0,-0.5000000000000004,0.49999999999998934,0.0,-0.9575132605265546,-1.2286806422223406,-2.183802286758402,0.10975573144693662,0.4188443810118514,-1.3115632219210305,0.6123173850800301,0.0,121.67492249375168,False
-1,1,1,-0.5000000000000004,0.49999999999998934,0.5,-0.8447369452528192,-1.0725433590174305,-1.9671379766416086,0.7775328614553434,0.4188443810118514,-1.3115632219210305,-0.12111298825082661,-0.5000000000000115,95.31205182168678,False
-1,1,2,-0.5000000000000004,0.49999999999998934,1.0,-0.7308214752793446,-0.9148289315377145,-1.748285138139799,1.423256641710502,0.4188443810118514,-1.3115632219210305,-0.85454336158165,-1.0000000000000009,74.93389155625098,False
-1,1,3,-0.5000000000000004,0.49999999999998934,1.5,-0.6157495030726406,-0.755513342357711,-1.527210443409549,2.0591397552914392,0.4188443810118514,-1.3115632219210305,-1.5879737349124734,-1.5000000000000124,60.38132166260609,False
-1,1,4,-0.5000000000000004,0.49999999999998934,2.0,-0.4995033270679128,-0.594572083900341,-1.3038798844473565,2.6888376630459287,0.4188443810118514,-1.3115632219210305,-2.32140410824333,-2.000000000000024,51.6357472309093,False
-1,1,5,-0.5000000000000004,0.49999999999998934,2.5,-0.3820648825913403,-0.4319801458690653,-1.078258755649647,3.314322436947914,0.4188443810118514,-1.3115632219210305,-3.0548344815741424,-2.5000000000000133,48.725011195825836,False
-1,1,6,-0.5000000000000004,0.49999999999998934,3.0,-0.26341573250159844,-0.26771200229106507,-0.8503116358334006,3.9368657410370878,0.4188443810118514,-1.3115632219210305,-3.788264854904977,-3.0000000000000027,51.703220586917,False
-1,1,7,-0.5000000000000004,0.49999999999998934,3.5000000000000004,-0.14353705754047152,-0.10174159815785622,-0.6200023696978363,4.557371632679663,0.4188443810118514,-1.3115632219210305,-4.5216952282358225,-3.500000000000014,60.64238656786848,False
-1,1,8,-0.5000000000000004,0.49999999999998934,4.0,-0.022409646381832404,0.065957664351729,-0.38729404870667117,5.17652468562928,0.4188443810118514,-1.3115632219210305,-5.255125601566657,-4.000000000000026,75.62812235917202,False
-1,1,9,-0.5000000000000004,0.49999999999998934,4.5,0.09998611463188645,0.23541294008131985,-0.15214899137005466,5.7948670124973845,0.4188443810118514,-1.3115632219210305,-5.988555974897459,-4.499999999999993,96.75715131303996,False
-1,1,10,-0.5000000000000004,0.49999999999998934,5.0,0.2236702520773154,0.40665195555543154,0.08547127709642166,6.412842657774043,0.4188443810118514,-1.3115632219210305,-6.7219863482283255,-5.000000000000027,124.13575507861972,False
-1,1,11,-0.5000000000000004,0.49999999999998934,5.5,0.348663216374015,0.5797030241033452,0.32560604575830876,7.030825147420017,0.4188443810118514,-1.3115632219210305,-7.4554167215591605,-5.500000000000016,157.87876272734206,False
-1,1,12,-0.5000000000000004,0.49999999999998934,6.0,0.47498589305685623,0.7545950614655961,0.5682954396187267,7.649135570176946,0.4188443810118514,-1.3115632219210305,-8.188847094889995,-6.0000000000000275,198.10887550176105,False
-1,2,0,-0.5000000000000004,1.0000000000000009,0.0,-1.1336351214168372,-1.4403578863355249,-2.423446591626349,0.412602277581664,0.8779914176951342,-1.9594186639839029,0.9147756604902968,-2.220446049250313e-14,156.70123071344,False
-1,2,1,-0.5000000000000004,1.0000000000000009,0.5,-1.0217438406199375,-1.285284307874901,-2.2079865242475902,1.0805804643460037,0.8779914176951342,-1.9594186639839029,0.1813452871594734,-0.5000000000000115,128.75934574067384,False
-1,2,2,-0.5000000000000004,1.0000000000000009,1.0,-0.9087223448654896,-1.1286443296318394,-1.990350092551868,1.7265753394308359,0.8779914176951342,-1.9594186639839029,-0.55208508617135,-1.0000000000000009,106.6848133050686,False
-1,2,3,-0.5000000000000004,1.0000000000000009,1.5,-0.7945534227582096,-0.9704140978025688,-1.7705041539353872,2.3627637277235047,0.8779914176951342,-1.9594186639839029,-1.2855154595021956,-1.5000000000000124,90.34719925029276,False
-1,2,4,-0.5000000000000004,1.0000000000000009,2.0,-0.679219511649834,-0.810569271770939,-1.5484148894146454,2.992790573562165,0.8779914176951342,-1.9594186639839029,-2.018945832833019,-2.0000000000000018,79.73550421497592,False
-1,2,5,-0.5000000000000004,1.0000000000000009,2.5,-0.5627026886326575,-0.649085011626177,-1.3240477862834388,3.6186223508078985,0.8779914176951342,-1.9594186639839029,-2.7523762061638313,-2.499999999999991,74.88094478915653,False
-1,2,6,-0.5000000000000004,1.0000000000000009,3.0,-0.4449846612544689,-0.48593596529434846,-1.097367620233347,4.241527150176316,0.8779914176951342,-1.9594186639839029,-3.485806579494677,-3.0000000000000027,75.83920733116501,False
-1,2,7,-0.5000000000000004,1.0000000000000009,3.5000000000000004,-0.32604675794491167,-0.32109625526996477,-0.8683384369185088,4.862406507095618,0.8779914176951342,-1.9594186639839029,-4.219236952825534,-3.500000000000014,82.68291244590185,False
-1,2,8,-0.5000000000000004,1.0000000000000009,4.0,-0.20586991814254274,-0.15453946493283466,-0.636923532944117,5.481943093977115,0.8779914176951342,-1.9594186639839029,-4.952667326156346,-4.0000000000000036,95.49768027933456,False
-1,2,9,-0.5000000000000004,1.0000000000000009,4.5,-0.08443468211186689,0.013761375564896872,-0.403085436257955,6.100677519810072,0.8779914176951342,-1.9594186639839029,-5.686097699487192,-4.500000000000015,114.37982939213366,False
-1,2,10,-0.5000000000000004,1.0000000000000009,5.0,0.038278819561224364,0.18383380385734172,-0.16678588592247134,6.719052595286801,0.8779914176951342,-1.9594186639839029,-6.419528072818026,-5.000000000000027,139.4349344149622,False
-1,2,11,-0.5000000000000004,1.0000000000000009,5.5,0.1622908768075776,0.3557059403856866,0.07201418875518728,7.337440803306827,0.8779914176951342,-1.9594186639839029,-7.15295844614886,-5.500000000000016,170.7768825402822,False
-1,2,12,-0.5000000000000004,1.0000000000000009,6.0,0.28762221125868126,0.5294065038983775,0.3133546897592099,7.956162328509397,0.8779914176951342,-1.9594186639839029,-7.886388819479695,-6.0000000000000275,208.5272418612321,False
-1,3,0,-0.5000000000000004,1.4999999999999902,0.0,-1.308027182757196,-1.6502805654424801,-2.6615955988196327,0.7141046063155354,1.3369567633480628,-2.6020513588942196,1.2147956402653648,0.0,198.11982030079943,False
-1,3,1,-0.5000000000000004,1.4999999999999902,0.5,-1.1970122439770803,-1.4962618748165624,-2.447332260120233,1.382289041904028,1.3369567633480628,-2.6020513588942196,0.4813652669345414,-0.49999999999998934,168.65938987485362,False
-1,3,2,-0.5000000000000004,1.4999999999999902,1.0,-1.084875942178981,-1.340687439840882,-2.2309046452723527,2.028559319836565,1.3369567633480628,-2.6020513588942196,-0.2520651063963042,-1.0000000000000009,144.95072422034886,False
-1,3,3,-0.5000000000000004,1.4999999999999902,1.5,-0.9716012007687236,-1.1835335689771354,-2.0122797957559726,2.6650569052135475,1.3369567633480628,-2.6020513588942196,-0.985495479727172,-1.5000000000000235,126.8917878502569,False
-1,3,4,-0.5000000000000004,1.4999999999999902,2.0,-0.8571705946502001,-1.0247760871861966,-1.7914240804282,3.295416372126625,1.3369567633480628,-2.6020513588942196,-1.7189258530579732,-2.0000000000000018,114.47910897758301,False
-1,3,5,-0.5000000000000004,1.4999999999999902,2.5,-0.7415663412894347,-0.8643903235307449,-1.5683031782765477,3.921598674653537,1.3369567633480628,-2.6020513588942196,-2.4523562263888077,-2.500000000000002,107.74725392761886,False
-1,3,6,-0.5000000000000004,1.4999999999999902,3.0,-0.6247702915022607,-0.7023510983942993,-1.3428820606387892,4.544868380700073,1.3369567633480628,-2.6020513588942196,-3.1857865997196755,-3.000000000000025,106.75348332910909,False
-1,3,7,-0.5000000000000004,1.4999999999999902,3.5000000000000004,-0.506763919955644,-0.5386327103030775,-1.1151249728700907,5.166124539917405,1.3369567633480628,-2.6020513588942196,-3.9192169730504767,-3.500000000000003,111.57103248678112,False
-1,3,8,-0.5000000000000004,1.4999999999999902,4.0,-0.3875283153720821,-0.3732089223359103,-0.884995415437112,5.786047951130202,1.3369567633480628,-2.6020513588942196,-4.652647346381322,-4.000000000000014,122.28554024804659,False
-1,3,9,-0.5000000000000004,1.4999999999999902,4.5,-0.2670441704263782,-0.2060529481073048,-0.6524561244184601,6.405177742128099,1.3369567633480628,-2.6020513588942196,-5.386077719712157,-4.500000000000015,138.9929367084061,False
-1,3,10,-0.5000000000000004,1.4999999999999902,5.0,-0.1452917713233609,-0.037137437307871446,-0.41746905138907997,7.023955508657331,1.3369567633480628,-2.6020513588942196,-6.119508093042969,-5.000000000000004,161.7981092336812,False
-1,3,11,-0.5000000000000004,1.4999999999999902,5.5,-0.022250987044653003,0.1335655392143087,-0.1799953426662726,7.642752706926714,1.3369567633480628,-2.6020513588942196,-6.8529384663738035,-5.500000000000005,190.81402563231543,False
-1,3,12,-0.5000000000000004,1.4999999999999902,6.0,0.10209874174766376,0.30608450484843064,0.06000468210678456,8.261888632077596,1.3369567633480628,-2.6020513588942196,-7.5863688397046385,-6.000000000000005,226.16114564522408,False
-1,4,0,-0.5000000000000004,2.0000000000000018,0.0,-1.480709184021245,-1.8584641727844187,-2.8982563448056666,1.0142701591340897,1.7957416988597652,-3.239506939526393,1.512398628602929,0.0,245.82299209129195,False
-1,4,1,-0.5000000000000004,2.0000000000000018,0.5,-1.3705619939912013,-1.7054916309391155,-2.685182256086094,1.68266591707531,1.7957416988597652,-3.239506939526393,0.7789682552721056,-0.5000000000000115,214.90338090449688,False
-1,4,2,-0.5000000000000004,2.0000000000000018,1.0,-1.2593022060820636,-1.5509739119034471,-2.469955903844101,2.329215803257245,1.7957416988597652,-3.239506939526393,0.04553788194125996,-1.0000000000000009,189.62168701537033,False
-1,4,3,-0.5000000000000004,2.0000000000000018,1.5,-1.1469128771789268,-1.3948874850603254,-2.252544512493065,2.966026412032674,1.7957416988597652,-3.239506939526393,-0.6878924913895856,-1.5000000000000124,169.9039915960445,False
-1,4,4,-0.5000000000000004,2.0000000000000018,2.0,-1.0333767183890257,-1.2372083395759348,-2.032914637556804,3.5967220907679343,1.7957416988597652,-3.239506939526393,-1.421322864720398,-2.0000000000000018,155.75428371774166,False
-1,4,5,-0.5000000000000004,2.0000000000000018,2.5,-0.9186760861756404,-1.0779119720865815,-1.811032148518632,4.223258350614034,1.7957416988597652,-3.239506939526393,-2.1547532380512324,-2.5000000000000133,147.21045599229194,False
-1,4,6,-0.5000000000000004,2.0000000000000018,3.0,-0.802792973217778,-0.9169733740045483,-1.5868622111398556,4.846896286223368,1.7957416988597652,-3.239506939526393,-2.888183611382067,-3.0000000000000027,144.33133839736738,False
-1,4,7,-0.5000000000000004,2.0000000000000018,3.5000000000000004,-0.6857089989857484,-0.7543670184294415,-1.3603692692286729,5.468532496938905,1.7957416988597652,-3.239506939526393,-3.6216139847129014,-3.500000000000014,147.19078615146492,False
-1,4,8,-0.5000000000000004,2.0000000000000018,4.0,-0.5674054000221362,-0.5900668466504333,-1.1315170258392293,6.08884593521426,1.7957416988597652,-3.239506939526393,-4.355044358043713,-4.0000000000000036,155.87446842099,False
-1,4,9,-0.5000000000000004,2.0000000000000018,4.5,-0.44786301991752986,-0.42404625422451936,-0.9002684238802738,6.7083742696181,1.7957416988597652,-3.239506939526393,-5.08847473137457,-4.500000000000015,170.4779429255639,False
-1,4,10,-0.5000000000000004,2.0000000000000018,5.0,-0.3270622989697297,-0.256278076615174,-0.6665856261112213,7.327557899421144,1.7957416988597652,-3.239506939526393,-5.821905104705416,-5.000000000000027,191.1054292240262,False
-1,4,11,-0.5000000000000004,2.0000000000000018,5.5,-0.20498326351454654,-0.08673457437504695,-0.4304299945033452,7.94676727017376,1.7957416988597652,-3.239506939526393,-6.55533547803625,-5.500000000000016,217.8689978934636,False
-1,4,12,-0.5000000000000004,2.0000000000000018,6.0,-0.08160551491621926,0.08461258214423895,-0.19176206894219172,8.566320801814985,1.7957416988597652,-3.239506939526393,-7.288765851367085,-6.0000000000000275,250.88802473875626,False
-1,5,0,-0.5000000000000004,2.499999999999991,0.0,-1.6517006307083526,-2.064924102630572,-3.133435933676271,1.3131063333799542,2.254347483475949,-3.87183072262951,1.8076057821143632,-2.220446049250313e-14,299.70501891990335,False
-1,5,1,-0.5000000000000004,2.499999999999991,0.5,-1.5424126941792489,-1.912989047869923,-2.921543651935954,1.9817183712723452,2.254347483475949,-3.87183072262951,1.0741754087835398,-0.5000000000000115,267.38450530654103,False
-1,5,2,-0.5000000000000004,2.499999999999991,1.0,-1.4320208390993434,-1.7595192955864314,-2.707511044117444,2.6285519707316185,2.254347483475949,-3.87183072262951,0.3407450354526942,-1.000000000000023,240.5897725511956,False
-1,5,3,-0.5000000000000004,2.499999999999991,1.5,-1.3205082545262452,-1.6044914747518513,-2.491305516422615,3.2656793352596303,2.254347483475949,-3.87183072262951,-0.3926853378781403,-1.5000000000000124,219.2747415435084,False
-1,5,4,-0.5000000000000004,2.499999999999991,2.0,-1.207857786437097,-1.4478817373781316,-2.2728938098737492,3.8967147263419655,2.254347483475949,-3.87183072262951,-1.1261157112089415,-2.0000000000000018,203.45079672058273,False
-1,5,5,-0.5000000000000004,2.499999999999991,2.5,-1.0940519289316497,-1.2896657462877603,-2.052241983257719,4.523608287621572,2.254347483475949,-3.87183072262951,-1.8595460845397982,-2.5000000000000133,193.15913398838455,False
-1,5,6,-0.5000000000000004,2.499999999999991,3.0,-0.9790728151632483,-1.1298186625057327,-1.8293153955425412,5.147617689120332,2.254347483475949,-3.87183072262951,-2.5929764578706216,-3.0000000000000027,188.46014788184704,False
-1,5,7,-0.5000000000000004,2.499999999999991,3.5000000000000004,-0.8629022079879312,-0.9683151322596506,-1.60407868774744,5.769637114665183,2.254347483475949,-3.87183072262951,-3.326406831201434,-3.499999999999992,189.42831869967193,False
-1,5,8,-0.5000000000000004,2.499999999999991,4.0,-0.7455214903212048,-0.8051292735735127,-1.3764957642461162,6.390343697028489,2.254347483475949,-3.87183072262951,-4.059837204532279,-4.0000000000000036,196.1493573862324,False
-1,5,9,-0.5000000000000004,2.499999999999991,4.5,-0.626911655191989,-0.6402346624403865,-1.146529773483007,7.010273667103606,2.254347483475949,-3.87183072262951,-4.793267577863136,-4.500000000000015,208.71846513905666,False
-1,5,10,-0.5000000000000004,2.499999999999991,5.0,-0.5070532954824764,-0.47360431855849594,-0.9141430880802826,7.629866245785455,2.254347483475949,-3.87183072262951,-5.526697951193937,-5.000000000000004,227.23921287497205,False
-1,5,11,-0.5000000000000004,2.499999999999991,5.5,-0.38592659334217294,-0.30521069061436035,-0.6792972843135126,8.249490883668997,2.254347483475949,-3.87183072262951,-6.260128324524805,-5.500000000000016,251.82279575395603,False
-1,5,12,-0.5000000000000004,2.499999999999991,6.0,-0.2635113092642083,-0.1350256410963535,-0.4419531209321981,8.869465139485765,2.254347483475949,-3.87183072262951,-6.993558697855629,-6.0000000000000275,282.58752968469327,False
-1,6,0,-0.5000000000000004,3.0000000000000027,0.0,-1.8210207964540592,-2.269675648934294,-3.367141533323459,1.6106204823466364,2.712775355238861,-4.499067706514848,2.1004381087448953,0.0,359.66211379341115,False
-1,6,1,-0.5000000000000004,3.0000000000000027,0.5,-1.7125837150292034,-2.1187694964163786,-3.1564236515813637,2.279453644401408,2.712775355238861,-4.499067706514848,1.3670077354140497,-0.5000000000000115,325.99790729664846,False
-1,6,2,-0.5000000000000004,3.0000000000000027,1.0,-1.6030513095495524,-1.9663390393275637,-2.943577306387329,2.9265749639776795,2.712775355238861,-4.499067706514848,0.6335773620832486,-1.0000000000000009,297.7490275371938,False
-1,6,3,-0.5000000000000004,3.0000000000000027,1.5,-1.4924068999533553,-1.8123610649079136,-2.728570084592347,3.5640227246977796,2.712775355238861,-4.499067706514848,-0.09985301124760815,-1.5000000000000124,274.89696312246434,False
-1,6,4,-0.5000000000000004,3.0000000000000027,2.0,-1.3806334657694486,-1.6568118866676418,-2.511368911554551,4.195401240397967,2.712775355238861,-4.499067706514848,-0.8332833845784426,-2.000000000000013,257.4604295539233,False
-1,6,5,-0.5000000000000004,3.0000000000000027,2.5,-1.2677136373887814,-1.4996673322402954,-2.2919400341779084,4.822655361227723,2.712775355238861,-4.499067706514848,-1.566713757909266,-2.500000000000002,245.4839034810554,False
-1,6,6,-0.5000000000000004,3.0000000000000027,3.0,-1.1536296870660379,-1.3409027308600885,-2.070249003426239,5.447039380290009,2.712775355238861,-4.499067706514848,-2.3001441312401227,-3.000000000000025,239.02933932744872,False
-1,6,7,-0.5000000000000004,3.0000000000000027,3.5000000000000004,-1.0383635196415109,-1.1804929004500364,-1.8462606562937467,6.0694451000285365,2.712775355238861,-4.499067706514848,-3.033574504570946,-3.500000000000014,238.17184758834952,False
-1,6,8,-0.5000000000000004,3.0000000000000027,4.0,-0.9218966629729819,-1.018412134306551,-1.619939097211931,6.690547859710372,2.712775355238861,-4.499067706514848,-3.7670048779017806,-4.000000000000014,242.99719228640754,False
-1,6,9,-0.5000000000000004,3.0000000000000027,4.5,-0.8042102580670701,-0.8546341873657493,-1.3912476788727257,7.310882473678082,2.712775355238861,-4.499067706514848,-4.500435251232604,-4.500000000000015,253.60023371704332,False
-1,6,10,-0.5000000000000004,3.0000000000000027,5.0,-0.6852850488990064,-0.6891322620360962,-1.1601489824457412,7.93088700218898,2.712775355238861,-4.499067706514848,-5.233865624563439,-5.000000000000016,270.08391303006357,False
-1,6,11,-0.5000000000000004,3.0000000000000027,5.5,-0.5651013719090575,-0.5218789935812596,-0.9266047971676739,8.550929916265027,2.712775355238861,-4.499067706514848,-5.96729599789424,-5.499999999999994,292.55857144805,False
-1,6,12,-0.5000000000000004,3.0000000000000027,6.0,-0.44363914516389324,-0.35284643503648017,-0.6905760992802656,9.171327927132577,2.712775355238861,-4.499067706514848,-6.700726371225107,-6.000000000000016,321.1414886516574,False
0,-6,0,0.0,-3.0000000000000027,0.0,0.5104331737609796,0.522976221839877,-0.21957641025990848,-1.8621902713407468,-2.7610167922326956,4.044055754841658,-1.888010889246794,-1.1102230246251565e-14,62.53347959131533,False
0,-6,1,0.0,-3.0000000000000027,0.5,0.6305861042823935,0.6879158008440966,0.006958381648336509,-1.1924663633044341,-2.7610167922326956,4.044055754841658,-2.6214412625776284,-0.5000000000000115,53.611069204561346,False
0,-6,2,0.0,-3.0000000000000027,1.0,0.751952700768671,0.8545214362018994,0.23578140377787382,-0.5455014240075218,-2.7610167922326956,4.044055754841658,-3.354871635908452,-1.0000000000000009,51.62280825729914,False
0,-6,3,0.0,-3.0000000000000027,1.5,0.8745514454426229,1.022818499329825,0.4669275022742003,0.09128492784304942,-2.7610167922326956,4.044055754841658,-4.088302009239286,-1.5000000000000013,56.21614735932768,False
0,-6,4,0.0,-3.0000000000000027,2.0,0.9984011977152873,1.1928328794284515,0.7004322344286606,0.7216563648408947,-2.7610167922326956,4.044055754841658,-4.8217323825701435,-2.000000000000024,67.32285717391314,False
0,-6,5,0.0,-3.0000000000000027,2.5,1.1235212038574112,1.364590996758852,0.9363318869129111,1.3476427123191304,-2.7610167922326956,4.044055754841658,-5.5551627559009775,-2.5000000000000244,84.95022374318597,False
0,-6,6,0.0,-3.0000000000000027,3.0,1.249931106970087,1.5381198163297805,1.1746634945774215,1.9705525842231175,-2.7610167922326956,4.044055754841658,-6.288593129231801,-3.0000000000000138,109.14427168681222,False
0,-6,7,0.0,-3.0000000000000027,3.5000000000000004,1.377650957265264,1.7134468620102483,1.4154648598342867,2.591316169584923,-2.7610167922326956,4.044055754841658,-7.0220235025626465,-3.5000000000000253,139.97574559996042,False
0,-6,8,0.0,-3.0000000000000027,4.0,1.5067012226676835,1.890600231083206,1.6587745726459324,3.2106377783977402,-2.7610167922326956,4.044055754841658,-7.755453875893458,-4.000000000000014,177.53327954441988,False
0,-6,9,0.0,-3.0000000000000027,4.5,1.6371027997497234,2.0696086092564183,1.9046320311414622,3.829075154081285,-2.7610167922326956,4.044055754841658,-8.488884249224293,-4.500000000000015,221.91958939290066,False
0,-6,10,0.0,-3.0000000000000027,5.0,1.7688770250115615,2.250501286147244,2.153077462884312,4.447085181535737,-2.7610167922326956,4.044055754841658,-9.222314622555128,-5.000000000000016,273.2491652099979,False
0,-6,11,0.0,-3.0000000000000027,5.5,1.9020456865195545,2.43330817125913,2.4041519468149195,5.065052250436808,-2.7610167922326956,4.044055754841658,-9.955744995885961,-5.500000000000016,331.64679546692736,False
0,-6,12,0.0,-3.0000000000000027,6.0,2.0366310359159367,2.618059810467954,2.657897435893725,5.683306869537597,-2.7610167922326956,4.044055754841658,-10.689175369216796,-6.000000000000016,397.2465915140484,False
0,-5,0,0.0,-2.500000000000002,0.0,0.32073923989062725,0.2978764870663564,-0.47012522545409885,-1.5483555351558764,-2.300372684421448,3.3563490347205738,-1.566947616406822,-1.1102230246251565e-14,45.543779572055975,False
0,-5,1,0.0,-2.500000000000002,0.5,0.43993893456344413,0.461684911624477,-0.24484947281818714,-0.8784765376975479,-2.300372684421448,3.3563490347205738,-2.3003779897376564,-0.5000000000000115,34.54647143165805,False
0,-5,2,0.0,-2.500000000000002,1.0,0.5603426665561934,0.6271479667336988,-0.017298207529387044,-0.23127880598284856,-2.300372684421448,3.3563490347205738,-3.0338083630684687,-1.0000000000000009,30.35112046949772,False
0,-5,3,0.0,-2.500000000000002,1.5,0.6819687714625711,0.7942908498135615,0.21256322288923934,0.405777845726929,-2.300372684421448,3.3563490347205738,-3.767238736399292,-1.4999999999999902,32.63636681492373,False
0,-5,4,0.0,-2.500000000000002,2.0,0.80483595907207,0.9631392725166943,0.4447701781080615,1.0364453009402474,-2.300372684421448,3.3563490347205738,-4.500669109730138,-2.0000000000000018,41.34217930090563,False
0,-5,5,0.0,-2.500000000000002,2.5,0.9289633229647432,1.1337194739142187,0.6793587431240034,1.6627471051521958,-2.300372684421448,3.3563490347205738,-5.234099483060972,-2.500000000000002,56.47943815767492,False
0,-5,6,0.0,-2.500000000000002,3.0,1.0543703504027113,1.3060582340890414,0.916365746954545,2.2859878590405724,-2.300372684421448,3.3563490347205738,-5.967529856391806,-3.0000000000000027,78.09580436694951,False
0,-5,7,0.0,-2.500000000000002,3.5000000000000004,1.1810769325291486,1.4801828881516765,1.1558287819128432,2.9070949144217595,-2.300372684421448,3.3563490347205738,-6.700960229722652,-3.500000000000014,106.26259967813897,False
0,-5,8,0.0,-2.500000000000002,4.0,1.309103374886067,1.6561213406941278,1.39778622348532,3.52677043761227,-2.300372684421448,3.3563490347205738,-7.4343906030534646,-4.0000000000000036,141.06837647370412,False
0,-5,9,0.0,-2.500000000000002,4.5,1.4384704082624433,1.833902080697758,1.6422772508334071,4.1455704722977105,-2.300372684421448,3.3563490347205738,-8.167820976384299,-4.5000000000000036,182.61531800623607,False
0,-5,10,0.0,-2.500000000000002,5.0,1.5691991998848742,2.0135541969119597,1.8893418679430618,4.763950504366221,-2.300372684421448,3.3563490347205738,-8.901251349715157,-5.000000000000016,231.0170500370573,False
0,-5,11,0.0,-2.500000000000002,5.5,1.7013113649636258,2.1951073937210133,2.139020925445406,5.382293736634169,-2.300372684421448,3.3563490347205738,-9.63468172304599,-5.500000000000016,286.3972383880779,False
0,-5,12,0.0,-2.500000000000002,6.0,1.8348289786070504,2.3785920075174047,2.391356143133949,6.000929645150999,-2.300372684421448,3.3563490347205738,-10.36811209637678,-5.999999999999995,348.8886608305055,False
0,-4,0,0.0,-2.0000000000000018,0.0,0.1329222289285975,0.07463945341610878,-0.7191409870697163,-1.2359189212502675,-1.8399203499980477,2.6741840993042,-1.2484715853119055,0.0,35.825329886706726,False
0,-4,1,0.0,-2.0000000000000018,0.5,0.2511781195262297,0.23732608383528198,-0.49511656991931274,-0.5658786260492321,-1.8399203499980477,2.6741840993042,-1.9819019586427733,-0.5000000000000226,22.822322233122726,False
0,-4,2,0.0,-2.0000000000000018,1.0,0.3706285140692961,0.4016560135516267,-0.2688292798683989,0.08155708600363631,-1.8399203499980477,2.6741840993042,-2.7153323319735856,-1.000000000000012,16.491091408483463,False
0,-4,3,0.0,-2.0000000000000018,1.5,0.4912916029732012,0.5676542674275198,-0.04024465692357704,0.718888784121674,-1.8399203499980477,2.6741840993042,-3.448762705304409,-1.5000000000000013,16.541135262390696,False
0,-4,4,0.0,-2.0000000000000018,2.0,0.6131859478863244,0.7353463810368499,0.1906724621737521,1.3498567325865851,-1.8399203499980477,2.6741840993042,-4.182193078635244,-2.0000000000000018,22.920541824630497,False
0,-4,5,0.0,-2.0000000000000018,2.5,0.7363304912088142,0.904758413760115,0.4239579619797762,1.9764782880715481,-1.8399203499980477,2.6741840993042,-4.9156234519660895,-2.5000000000000133,35.64375729492938,False
0,-4,6,0.0,-2.0000000000000018,3.0,0.8607445659057744,1.0759169622846565,0.659648466938445,2.6000540967546337,-1.8399203499980477,2.6741840993042,-5.649053825296924,-3.0000000000000138,54.76007250595917,False
0,-4,7,0.0,-2.0000000000000018,3.5000000000000004,0.9864479056254899,1.2488491745244745,0.8977813605495044,3.221508715386312,-1.8399203499980477,2.6741840993042,-6.382484198627758,-3.500000000000014,80.34139170868086,False
0,-4,8,0.0,-2.0000000000000018,4.0,1.113460655133952,1.4235827639751175,1.1383948051357118,3.841542199039849,-1.8399203499980477,2.6741840993042,-7.115914571958582,-4.000000000000014,112.47619843350589,False
0,-4,9,0.0,-2.0000000000000018,4.5,1.2418033810770723,1.6001460245194887,1.3815277622306665,4.460708917949008,-1.8399203499980477,2.6741840993042,-7.849344945289416,-4.500000000000015,151.26616135410745,False
0,-4,10,0.0,-2.0000000000000018,5.0,1.3714970830827373,1.7785678457011678,1.627220013610825,5.07946298116575,-1.8399203499980477,2.6741840993042,-8.58277531862024,-5.000000000000004,196.82406388995716,False
0,-4,11,0.0,-2.0000000000000018,5.5,1.5025632052154485,1.9588777284826553,1.875512182995015,5.698186423982321,-1.8399203499980477,2.6741840993042,-9.316205691951074,-5.500000000000005,249.27247430532938,False
0,-4,12,0.0,-2.0000000000000018,6.0,1.6350236477963798,2.141105801506499,2.1264457584364793,6.3172077070686505,-1.8399203499980477,2.6741840993042,-10.049636065281897,-6.000000000000005,308.7428645085272,False
0,-3,0,0.0,-1.5000000000000013,0.0,-0.05303921268301204,-0.14675085808220079,-0.9666299463119143,-0.9248727124502754,-1.3796583329326428,1.997513625337466,-0.9325607025919336,-2.220446049250313e-14,33.255293775923995,False
0,-3,1,0.0,-1.5000000000000013,0.5,0.06428219830852955,0.01482325820884589,-0.7438491922732771,-0.254665051796521,-1.3796583329326428,1.997513625337466,-1.6659910759227237,-0.5000000000000004,18.31454951317217,False
0,-3,2,0.0,-1.5000000000000013,1.0,0.18278867405756571,0.1780294362806134,-0.518818127587789,0.3930137069780404,-1.3796583329326428,1.997513625337466,-2.3994214492535804,-1.000000000000012,9.91737943541455,False
0,-3,3,0.0,-1.5000000000000013,1.5,0.30249826123552315,0.3428925298657848,-0.2915024835653979,1.0306250842956333,-1.3796583329326428,1.997513625337466,-3.132851822584426,-1.5000000000000235,7.803813642152891,False
0,-3,4,0.0,-1.5000000000000013,2.0,0.4234293748132528,0.5094378999161264,-0.06186729215501563,1.6618978917644078,-1.3796583329326428,1.997513625337466,-3.8662821959152494,-2.000000000000013,11.929981945908647,False
0,-3,5,0.0,-1.5000000000000013,2.5,0.5456008075045982,0.677691427608007,0.17012313198778162,2.288843386474082,-1.3796583329326428,1.997513625337466,-4.599712569246073,-2.5000000000000133,22.313868906069352,False
0,-3,6,0.0,-1.5000000000000013,3.0,0.6690317395020517,0.8476795277503224,0.40450520998772665,2.912758317713582,-1.3796583329326428,1.997513625337466,-5.333142942576908,-3.0000000000000138,39.00638890088717,False
0,-3,7,0.0,-1.5000000000000013,3.5000000000000004,0.7937417485150117,1.0194291626091312,0.6413161178114801,3.534564488476777,-1.3796583329326428,1.997513625337466,-6.066573315907742,-3.500000000000014,62.080034017836105,False
0,-3,8,0.0,-1.5000000000000013,4.0,0.9197508201218563,1.1929678561643786,0.8805938059250895,4.154959874369957,-1.3796583329326428,1.997513625337466,-6.800003689238587,-4.000000000000026,91.62323161416764,False
0,-3,9,0.0,-1.5000000000000013,4.5,1.0470793584471116,1.3683237088144562,1.1223770195686822,4.774497197913918,-1.3796583329326428,1.997513625337466,-7.533434062569411,-4.500000000000015,127.7371535837617,False
0,-3,10,0.0,-1.5000000000000013,5.0,1.175748197175777,1.5455254125450568,1.3667053196716739,5.393629213032258,-1.3796583329326428,1.997513625337466,-8.266864435900223,-5.000000000000004,170.53376265408934,False
0,-3,11,0.0,-1.5000000000000013,5.5,1.3057786109174463,1.7246022665796834,1.613619104431846,6.0127368064092135,-1.3796583329326428,1.997513625337466,-9.000294809231079,-5.500000000000016,220.13455425704927,False
0,-3,12,0.0,-1.5000000000000013,6.0,1.4371923269329623,1.9055841935295803,1.8631596315830778,6.63214744027496,-1.3796583329326428,1.997513625337466,-9.733725182561903,-6.000000000000016,276.6697217425434,False
0,-2,0,0.0,-1.0000000000000009,0.0,-0.2371661939993941,-0.366310344009807,-1.2125984548031488,-0.6152092352465055,-0.9195852023539008,1.3262905718266715,-0.6191930066533624,-2.220446049250313e-14,37.71302781137146,False
0,-2,1,0.0,-1.0000000000000009,0.5,-0.12077004422049731,-0.20583954171840002,-0.9910537234202488,0.0551717211386471,-0.9195852023539008,1.3262905718266715,-1.352623379984197,-0.5000000000000226,20.901293725817894,False
0,-2,2,0.0,-1.0000000000000009,1.0,-0.003198175756960464,-0.043747822232120814,-0.7672711664678256,0.7030984742043778,-0.9195852023539008,1.3262905718266715,-2.086053753315009,-1.000000000000012,10.506875322954503,False
0,-2,3,0.0,-1.0000000000000009,1.5,0.1155673157366588,0.11998949846719897,-0.5412167053839123,1.3409940523015917,-0.9195852023539008,1.3262905718266715,-2.8194841266458437,-1.5000000000000124,6.300015645287347,False
0,-2,4,0.0,-1.0000000000000009,2.0,0.23554470000061722,0.285397608153265,-0.31285556612566934,1.972575977694846,-0.9195852023539008,1.3262905718266715,-3.552914499976678,-2.000000000000013,8.244810388794573,False
0,-2,5,0.0,-1.0000000000000009,2.5,0.3567526215390804,0.45250221127199897,-0.0821522613365655,2.599849495395068,-0.9195852023539008,1.3262905718266715,-4.286344873307524,-2.5000000000000244,16.362755451381133,False
0,-2,6,0.0,-1.0000000000000009,3.0,0.4792101092789769,0.6213295422579423,0.15092942803799358,3.224107514284613,-0.9195852023539008,1.3262905718266715,-5.019775246638359,-3.000000000000025,30.706382647174724,False
0,-2,7,0.0,-1.0000000000000009,3.5000000000000004,0.6029365865291236,0.7919063792644621,0.3864264717065691,3.846269124091073,-0.9195852023539008,1.3262905718266715,-5.753205619969181,-3.500000000000014,51.34877721804578,False
0,-2,8,0.0,-1.0000000000000009,4.0,0.7279518812506269,0.9642600583231242,0.6243766095800518,4.467030252089477,-0.9195852023539008,1.3262905718266715,-6.486635993300016,-4.000000000000014,78.3783228771011,False
0,-2,9,0.0,-1.0000000000000009,4.5,0.8542762366498563,1.138418487947851,0.8648183719338787,5.0869419982984665,-0.9195852023539008,1.3262905718266715,-7.220066366630862,-4.500000000000027,111.89571229620854,False
0,-2,10,0.0,-1.0000000000000009,5.0,0.9819303221059034,1.3144101642002082,1.1077911002072116,5.7064557827647855,-0.9195852023539008,1.3262905718266715,-7.953496739961674,-5.000000000000016,152.0121088513718,False
0,-2,11,0.0,-1.0000000000000009,5.5,1.1109352444450855,1.492264186233011,1.3533349684622775,6.325951362074411,-0.9195852023539008,1.3262905718266715,-8.68692711329253,-5.500000000000027,198.84795950449416,False
0,-2,12,0.0,-1.0000000000000009,6.0,1.2413125595751113,1.6720102723299934,1.6014910055285714,6.945755216583693,-0.9195852023539008,1.3262905718266715,-9.420357486623343,-6.000000000000016,252.5322059442638,False
0,-1,0,0.0,-0.5000000000000004,0.0,-0.41947958132383945,-0.5840548162740489,-1.457052959862476,-0.30692085981072204,-0.4596995520614766,0.6604681845255422,-0.3083466697738735,0.0,49.080048646122385,False
0,-1,1,0.0,-0.5000000000000004,0.5,-0.3039995792199407,-0.4246782073106026,-1.2367366430778626,0.3636391882472001,-0.4596995520614766,0.6604681845255422,-1.041777043104719,-0.5000000000000115,30.462874407546092,False
0,-1,2,0.0,-0.5000000000000004,1.0,-0.1873531124483213,-0.2636917336101441,-1.014194908951993,1.0118187670115741,-0.4596995520614766,0.6604681845255422,-1.7752074164355647,-1.000000000000023,18.13866855683149,False
0,-1,3,0.0,-0.5000000000000004,1.5,-0.06952241758765298,-0.10107087946604199,-0.7893938678806889,1.6500029587377618,-0.4596995520614766,0.6604681845255422,-2.508637789766388,-1.5000000000000124,11.907573775822051,False
0,-1,4,0.0,-0.5000000000000004,2.0,0.04951063130220201,0.06320937114893677,-0.5622989386351807,2.2818981565324137,-0.4596995520614766,0.6604681845255422,-3.2420681630972004,-2.0000000000000018,11.741577216952782,False
0,-1,5,0.0,-0.5000000000000004,2.5,0.1697645319755442,0.22917454741123722,-0.33287483062818257,2.909503679142067,-0.4596995520614766,0.6604681845255422,-3.975498536428068,-2.5000000000000244,17.66565966486474,False
0,-1,6,0.0,-0.5000000000000004,3.0,0.2912581635836714,0.3968507048721259,-0.10108552563141138,3.5341086504246055,-0.4596995520614766,0.6604681845255422,-4.70892890975888,-3.0000000000000138,29.733964445904483,False
0,-1,7,0.0,-0.5000000000000004,3.5000000000000004,0.4140107965556056,0.5662644390942606,0.13310574107514572,4.156629486533703,-0.4596995520614766,0.6604681845255422,-5.442359283089715,-3.500000000000014,48.02017525270443,False
0,-1,8,0.0,-0.5000000000000004,4.0,0.5380421027876614,0.7374428997145355,0.3697365001432529,4.777760096925254,-0.4596995520614766,0.6604681845255422,-6.17578965642055,-4.000000000000014,72.61264453209472,False
0,-1,9,0.0,-0.5000000000000004,4.5,0.6633721661530534,0.9104138049486454,0.6088450682068314,5.398049983811748,-0.4596995520614766,0.6604681845255422,-6.909220029751372,-4.5000000000000036,103.61160305120137,False
0,-1,10,0.0,-0.5000000000000004,5.0,0.7900214933433292,1.085205456553634,0.8504705685658198,6.017949254171384,-0.4596995520614766,0.6604681845255422,-7.642650403082197,-5.000000000000004,141.12743586817078,False
0,-1,11,0.0,-0.5000000000000004,5.5,0.9180110250541357,1.261846755265561,1.094652952526487,6.637836552606191,-0.4596995520614766,0.6604681845255422,-8.376080776413053,-5.500000000000016,185.27956547794804,False
0,-1,12,0.0,-0.5000000000000004,6.0,1.0473621475278279,1.4403672167297377,1.3414330214229053,7.258037393801597,-0.4596995520614766,0.6604681845255422,-9.109511149743888,-6.000000000000016,236.1957084023751,False
0,0,0,0.0,0.0,0.0,-0.6000000000014716,-0.8000000000001117,-1.6999999999983584,0.0,0.0,0.0,0.0,0.0,67.2399999999418,False
0,0,1,0.0,0.0,0.5,-0.4854271356798695,-0.6417085427136815,-1.4809045226114148,0.6707448043475672,0.0,0.0,-0.7334303733308456,-0.5000000000000115,46.88175694244883,False
0,0,2,0.0,0.0,1.0,-0.369696969698452,-0.4818181818182887,-1.2595959595942952,1.319181926638291,0.0,0.0,-1.4668607466617023,-1.000000000000023,32.69401386774889,False
0,0,3,0.0,0.0,1.5,-0.25279187817407733,-0.3203045685280348,-1.0360406091353913,1.9576590385277148,0.0,0.0,-2.2002911199925146,-1.5000000000000124,24.50650564138876,False
0,0,4,0.0,0.0,2.0,-0.13469387755252193,-0.15714285714296672,-0.8102040816309775,2.5898715610827905,0.0,0.0,-2.933721493323349,-2.000000000000013,22.299037876442263,False
0,0,5,0.0,0.0,2.5,-0.01538461538612701,0.007692307692197531,-0.5820512820496004,3.217812970950762,0.0,0.0,-3.6671518666541836,-2.5000000000000133,26.100050343250484,False
0,0,6,0.0,0.0,3.0,0.10515463917374346,0.17422680412360614,-0.3515463917508732,3.842768661274909,0.0,0.0,-4.400582239984995,-3.0000000000000027,35.965292133594055,False
0,0,7,0.0,0.0,3.5000000000000004,0.22694300517982213,0.34248704663201734,-0.11865284973923695,4.465652413548771,0.0,0.0,-5.134012613315853,-3.500000000000014,51.96905066153788,False
0,0,8,0.0,0.0,4.0,0.3499999999984654,0.512499999999888,0.11666666666838021,5.08715614931412,0.0,0.0,-5.867442986646676,-4.000000000000014,74.19965933327006,False
0,0,9,0.0,0.0,4.5,0.47434554973668497,0.6842931937171615,0.35445026178183014,5.707827797171783,0.0,0.0,-6.600873359977511,-4.500000000000015,102.75690408889069,False
0,0,10,0.0,0.0,5.0,0.5999999999984545,0.8578947368419909,0.5947368421069965,6.328116171408538,0.0,0.0,-7.334303733308345,-5.000000000000016,137.75041239784048,False
0,0,11,0.0,0.0,5.5,0.7269841269825689,1.033333333333214,0.8375661375678856,6.948398822372126,0.0,0.0,-8.067734106639179,-5.500000000000016,179.29860593539277,False
0,0,12,0.0,0.0,6.0,0.8553191489346051,1.210638297872224,1.082978723406014,7.569000314927576,0.0,0.0,-8.801164479970014,-6.000000000000016,227.52800215262306,False
0,1,0,0.0,0.49999999999998934,0.0,-0.7787478362460881,-1.0141615315285901,-1.941446200435687,0.3055608866342485,0.4595148122225501,-0.6551601504755866,0.30586855703398363,-1.1102230246251565e-14,92.07861988701148,False
0,1,1,0.0,0.49999999999998934,0.5,-0.6650732022573741,-0.856946262842806,-1.7235640205383818,0.9764959834970721,0.4595148122225501,-0.6551601504755866,-0.42756181629685086,-0.5000000000000115,70.04251956915395,False
0,1,2,0.0,0.49999999999998934,1.0,-0.5502503396425107,-0.6981429611399859,-1.5034810105410967,1.625195256077605,0.4595148122225501,-0.6551601504755866,-1.1609921896276743,-1.000000000000012,54.056298004764606,False
0,1,3,0.0,0.49999999999998934,1.5,-0.4342617626863804,-0.5377274431762391,-1.281163655264661,2.2639694907026886,0.4595148122225501,-0.6551601504755866,-1.8944225629585087,-1.5000000000000124,43.97898048516588,False
0,1,4,0.0,0.49999999999998934,2.0,-0.31708962882253944,-0.37567503217202924,-1.0565777555466227,2.8965032905246657,0.4595148122225501,-0.6551601504755866,-2.6278529362893654,-2.000000000000024,39.7981194797048,False
0,1,5,0.0,0.49999999999998934,2.5,-0.1987157294831704,-0.2119605451575246,-0.829688410703272,3.5247843726480266,0.4595148122225501,-0.6551601504755866,-3.3612833096201777,-2.5000000000000133,41.54558837621386,False
0,1,6,0.0,0.49999999999998934,3.0,-0.07912148066606672,-0.04655827992637307,-0.6004600004491545,4.1500944527649075,0.4595148122225501,-0.6551601504755866,-4.094713682951012,-3.0000000000000138,49.278736453209135,False
0,1,7,0.0,0.49999999999998934,3.5000000000000004,0.04171208679161764,0.12055799841597659,-0.36885616625460527,4.773344715864192,0.4595148122225501,-0.6551601504755866,-4.828144056281857,-3.5000000000000253,63.072460087268745,False
0,1,8,0.0,0.49999999999998934,4.0,0.16380433724365318,0.2894150713243837,-0.13483979212050579,5.395225124886172,0.4595148122225501,-0.6551601504755866,-5.561574429612659,-4.0000000000000036,83.01508571639867,False
0,1,9,0.0,0.49999999999998934,4.5,0.28717504058001775,0.46004028112189843,0.10162701525059381,6.016282058526801,0.4595148122225501,-0.6551601504755866,-6.295004802943516,-4.500000000000015,109.20597129293893,False
0,1,10,0.0,0.49999999999998934,5.0,0.41184438289885716,0.6324615457593774,0.3405829469098065,6.63696305833843,0.4595148122225501,-0.6551601504755866,-7.028435176274361,-5.000000000000027,141.75400712483366,False
0,1,11,0.0,0.49999999999998934,5.5,0.5378329775173663,0.8067073740438191,0.582067512766471,7.257644597770407,0.4595148122225501,-0.6551601504755866,-7.7618655496051625,-5.500000000000005,180.77663736287883,False
0,1,12,0.0,0.49999999999998934,6.0,0.6651618763339473,0.9828068813525659,0.8261210633662974,7.878650307375135,0.4595148122225501,-0.6551601504755866,-8.495295922935997,-6.000000000000005,226.39920608969828,False
0,2,0,0.0,1.0000000000000009,0.0,-0.9557432390396942,-1.2265549565571743,-2.181398268827839,0.6097692988895842,0.9188462198150171,-1.305058137425319,0.609280416475233,-2.220446049250313e-14,123.48370810501237,False
0,2,1,0.0,1.0000000000000009,0.5,-0.8429580291856226,-1.0704069915147496,-1.9647218782189335,1.280900098958515,0.9188462198150171,-1.305058137425319,-0.12414995685555708,-0.49999999999998934,99.83182064758188,False
0,2,2,0.0,1.0000000000000009,1.0,-0.7290335747875687,-0.9126817743001725,-1.7458568371998384,1.9298660199790207,0.9188462198150171,-1.305058137425319,-0.8575803301864249,-1.000000000000023,82.11100676725476,False
0,2,3,0.0,1.0000000000000009,1.5,-0.6139525269438506,-0.7533552858448478,-1.5247698160688772,2.5689414782426256,0.9188462198150171,-1.305058137425319,-1.5910107035172705,-1.5000000000000346,70.20928597526735,False
0,2,4,0.0,1.0000000000000009,2.0,-0.49769718269356833,-0.5924030168950711,-1.30142680492637,3.2018004101924458,0.9188462198150171,-1.305058137425319,-2.3244410768480717,-2.0000000000000018,64.12188734592165,False
0,2,5,0.0,1.0000000000000009,2.5,-0.38024947593815195,-0.42979995544324967,-1.0757930962336848,3.8304248543770125,0.9188462198150171,-1.305058137425319,-3.057871450178906,-2.5000000000000133,63.88409303190305,False
0,2,6,0.0,1.0000000000000009,3.0,-0.26159096808215654,-0.2655205737702726,-0.8478332668328203,4.45609290128004,0.9188462198150171,-1.305058137425319,-3.7913018235097518,-3.000000000000025,69.55484707946046,False
0,2,7,0.0,1.0000000000000009,3.5000000000000004,-0.1417028383831037,-0.09953881508514284,-0.617511159407097,5.0797131768016035,0.9188462198150171,-1.305058137425319,-4.524732196840575,-3.500000000000014,81.20966003551486,False
0,2,8,0.0,1.0000000000000009,4.0,-0.02056587399968668,0.06817192025294627,-0.3847898633623337,5.701973714016284,0.9188462198150171,-1.305058137425319,-5.258162570171421,-4.000000000000026,98.93686328842578,False
0,2,9,0.0,1.0000000000000009,4.5,0.10183954027257747,0.23763878894537127,-0.1496316951076826,6.32341936494647,0.9188462198150171,-1.305058137425319,-5.991592943502255,-4.500000000000015,122.83540340476418,False
0,2,10,0.0,1.0000000000000009,5.0,0.2255334325897973,0.40888951941350227,0.08800182228648756,6.9444964179585345,0.9188462198150171,-1.305058137425319,-6.725023316833056,-5.000000000000004,153.0134536588638,False
0,2,11,0.0,1.0000000000000009,5.5,0.35053625498444874,0.5819524269236265,0.3281499800763643,7.565580286595597,0.9188462198150171,-1.305058137425319,-7.458453690163902,-5.500000000000016,189.58750362382335,False
0,2,12,0.0,1.0000000000000009,6.0,0.47686889463862125,0.7568564291944968,0.5708529055023059,8.186993682272071,0.9188462198150171,-1.305058137425319,-8.191884063494737,-6.000000000000005,232.68174932692537,False
0,3,0,0.0,1.4999999999999902,0.0,-1.1310061220291239,-1.4371957283706438,-2.4198629910669123,0.9126326919082439,1.3779955352953177,-1.949739529850103,0.9102568527015853,0.0,161.34509399244118,False
0,3,1,0.0,1.4999999999999902,0.5,-1.0191016301800249,-1.2821062596689914,-2.204384915645136,1.5839644831212807,1.3779955352953177,-1.949739529850103,0.1768264793707397,-0.5000000000000115,136.13836619321393,False
0,3,2,0.0,1.4999999999999902,1.0,-0.9060667899284058,-1.1254502306774161,-1.9867302940069775,2.2332014445057613,1.3779955352953177,-1.949739529850103,-0.5566038939600948,-1.0000000000000009,116.74569230397005,False
0,3,3,0.0,1.4999999999999902,1.5,-0.7918843878468224,-0.9672037851478632,-1.7668659807785925,2.8725821278752894,1.3779955352953177,-1.949739529850103,-1.2900342672909404,-1.5000000000000124,103.08379526094978,False
0,3,4,0.0,1.4999999999999902,2.0,-0.6765368592133919,-0.807342579970044,-1.5447581541499111,3.50576995131866,1.3779955352953177,-1.949739529850103,-2.0234646406217527,-2.0000000000000018,95.15551180799704,False
0,3,5,0.0,1.4999999999999902,2.5,-0.5600062790042326,-0.6458417726878385,-1.3203722985301647,4.134741354283511,1.3779955352953177,-1.949739529850103,-2.7568950139526094,-2.5000000000000133,92.99950850895453,False
0,3,6,0.0,1.4999999999999902,3.0,-0.4422743526073414,-0.4826760086295234,-1.0936731866669103,4.76077085329234,1.3779955352953177,-1.949739529850103,-3.490325387283444,-3.000000000000025,96.67631891048816,False
0,3,7,0.0,1.4999999999999902,3.5000000000000004,-0.3233224062477974,-0.3178194076379648,-0.86462486120924,5.384764551851018,1.3779955352953177,-1.949739529850103,-4.2237557606142895,-3.5000000000000364,106.26207290102258,False
0,3,8,0.0,1.4999999999999902,4.0,-0.20313137711367446,-0.15124555038608656,-0.6331906156946954,6.007408581341456,1.3779955352953177,-1.949739529850103,-4.957186133945091,-4.0000000000000036,121.84511858326104,False
0,3,9,0.0,1.4999999999999902,4.5,-0.08168180317185136,0.017072535737544525,-0.3993329749391705,6.629246289881197,1.3779955352953177,-1.949739529850103,-5.690616507275925,-4.500000000000015,143.52400750403638,False
0,3,10,0.0,1.4999999999999902,5.0,0.04104618733776766,0.18716239118879985,-0.16301367480726636,7.250722731800896,1.3779955352953177,-1.949739529850103,-6.42404688060677,-5.000000000000027,171.40621573528074,False
0,3,11,0.0,1.4999999999999902,5.5,0.16507288674166565,0.3590521392903223,0.07580635865935825,7.872212277375468,1.3779955352953177,-1.949739529850103,-7.157477253937595,-5.500000000000016,205.60730087446703,False
0,3,12,0.0,1.4999999999999902,6.0,0.29041901911795176,0.5327705017333595,0.3171670307798913,8.494036733732768,1.3779955352953177,-1.949739529850103,-7.890907627268417,-6.000000000000005,246.25033582204307,False
0,4,0,0.0,2.0000000000000018,0.0,-1.3045561655050082,-1.6460992062244606,-2.6568472271944032,1.2141584772544123,1.836964048930012,-2.5892495922453684,1.208818997929062,-2.220446049250313e-14,205.55460446693343,False
0,4,1,0.0,2.0000000000000018,0.5,-1.1935237844271445,-1.492059503743176,-2.4425600273310586,1.8856964275065335,1.836964048930012,-2.5892495922453684,0.4753886245982386,-0.5000000000000115,178.85287769186277,False
0,4,2,0.0,2.0000000000000018,1.0,-1.0813698641464697,-1.3364638446711652,-2.2261083102973753,2.5352087172798132,1.836964048930012,-2.5892495922453684,-0.2580417487325848,-1.0000000000000009,157.8499406923719,False
0,4,3,0.0,2.0000000000000018,1.5,-0.968077325385791,-1.1792885342380321,-2.0074591139029483,3.1748985299640653,1.836964048930012,-2.5892495922453684,-0.9914721220634304,-1.5000000000000124,142.49093430897926,False
0,4,4,0.0,2.0000000000000018,2.0,-0.8536287403112325,-1.020509394106589,-1.7865788032595975,3.808418910866873,1.836964048930012,-2.5892495922453684,-1.7249024953942649,-2.000000000000013,132.7862352996503,False
0,4,5,0.0,2.0000000000000018,2.5,-0.7380063235948836,-0.8601017499738017,-1.56343305353272,4.437740778295152,1.836964048930012,-2.5892495922453684,-2.4583328687250994,-2.5000000000000133,128.7778707686217,False
0,4,6,0.0,2.0000000000000018,3.0,-0.6211919232010366,-0.6980404187880929,-1.3379868321591715,5.064135125086056,1.836964048930012,-2.5892495922453684,-3.1917632420559117,-3.0000000000000027,130.5279586396927,False
0,4,7,0.0,2.0000000000000018,3.5000000000000004,-0.5031670108860187,-0.5342996955693791,-1.1102043805123418,5.688505568342217,1.836964048930012,-2.5892495922453684,-3.9251936153867573,-3.500000000000014,138.11325327408204,False
0,4,8,0.0,2.0000000000000018,4.0,-0.3839126724010544,-0.3688533398171434,-0.8800491949941702,6.311536365377934,1.836964048930012,-2.5892495922453684,-4.658623988717581,-4.0000000000000036,151.62213109784267,False
0,4,9,0.0,2.0000000000000018,4.5,-0.2634095973874373,-0.20167456149157714,-0.6474840075334054,6.9337693827227875,1.836964048930012,-2.5892495922453684,-5.392054362048427,-4.500000000000015,171.15276476948128,False
0,4,10,0.0,2.0000000000000018,5.0,-0.14163806895263753,-0.03273600655205877,-0.41247076546778727,7.555648459434772,1.836964048930012,-2.5892495922453684,-6.125484735379249,-5.000000000000004,196.81195269579848,False
0,4,11,0.0,2.0000000000000018,5.5,-0.018577952915352358,0.13799025796353837,-0.17497061078772247,8.177546938814917,1.836964048930012,-2.5892495922453684,-6.858915108710095,-5.500000000000016,228.7143427597997,False
0,4,12,0.0,2.0000000000000018,6.0,0.10579131329254421,0.31053275933568547,0.0650561412825601,8.799785738240274,1.836964048930012,-2.5892495922453684,-7.5923454820409075,-6.000000000000005,266.9819092835089,False
0,5,0,0.0,2.499999999999991,0.0,-1.4764128183694436,-1.853280653818279,-2.8923579074742967,1.5143540229443309,2.295753029218095,-3.22363328184484,1.5049878409254758,0.0,256.00603235707354,False
0,5,1,0.0,2.499999999999991,0.5,-1.366244038562256,-1.7002820641389749,-2.679254178366125,2.186103182727517,2.295753029218095,-3.22363328184484,0.771557467594608,-0.5000000000000115,227.86806020714496,False
0,5,2,0.0,2.499999999999991,1.0,-1.2549624427974164,-1.5457380341598714,-2.463997886337671,2.835894987282539,2.295753029218095,-3.22363328184484,0.03812709426380678,-1.0000000000000009,205.3153398101571,False
0,5,3,0.0,2.499999999999991,1.5,-1.1425510846390263,-1.3896250292571355,-2.246556251242943,3.4758977383533063,2.295753029218095,-3.22363328184484,-0.6953032790670277,-1.5000000000000124,188.321149531804,False
0,5,4,0.0,2.499999999999991,2.0,-1.0289926718055564,-1.231919034508444,-2.0268958239533674,4.109754251323605,2.295753029218095,-3.22363328184484,-1.4287336523978622,-2.0000000000000018,176.90333973400325,False
0,5,5,0.0,2.499999999999991,2.5,-0.9142695573019971,-1.072595542377719,-1.804982469204408,4.7394299998609,2.295753029218095,-3.22363328184484,-2.1621640257286967,-2.5000000000000133,171.10727465813514,False
0,5,6,0.0,2.499999999999991,3.0,-0.7983637302777763,-0.9116295400188323,-1.5807813479116362,5.366192502444922,2.295753029218095,-3.22363328184484,-2.895594399059531,-3.0000000000000027,170.9966516185668,False
0,5,7,0.0,2.499999999999991,3.5000000000000004,-0.681256806600461,-0.7489954961847345,-1.3542568989371007,5.9909429250794455,2.295753029218095,-3.22363328184484,-3.6290247723903657,-3.500000000000014,176.6488545377422,False
0,5,8,0.0,2.499999999999991,4.0,-0.5629300191348413,-0.584667347727369,-1.125372820285725,6.614363678101798,2.295753029218095,-3.22363328184484,-4.362455145721212,-4.000000000000026,188.1522996187565,False
0,5,9,0.0,2.499999999999991,4.5,-0.44336420771668994,-0.4186184856735886,-0.8940920497113036,7.236995168330584,2.295753029218095,-3.22363328184484,-5.095885519052046,-4.500000000000015,205.60479653006658,False
0,5,10,0.0,2.499999999999991,5.0,-0.32253980880993793,-0.25082174086134557,-0.6603767447097786,7.859280037937455,2.295753029218095,-3.22363328184484,-5.82931589238288,-5.000000000000027,229.1124852594673,False
0,5,11,0.0,2.499999999999991,5.5,-0.2004368448353916,-0.08124936911986791,-0.4241882618775561,8.481590619207747,2.295753029218095,-3.22363328184484,-6.562746265713725,-5.500000000000038,258.78912589943235,False
0,5,12,0.0,2.499999999999991,6.0,-0.07703491315898536,0.09012696402310727,-0.18548713561094554,9.104246953998096,2.295753029218095,-3.22363328184484,-7.296176639044527,-6.000000000000005,294.7556183665437,False
0,6,0,0.0,3.0000000000000027,0.0,-1.646595300160436,-2.0587552378678433,-3.1264020285121816,1.8132266535138442,2.7543637233189644,-3.852935246068634,1.7987842258186282,-1.1102230246251565e-14,312.59510502806,False
0,6,1,0.0,3.0000000000000027,0.5,-1.5372817087039552,-1.9067891837867779,-2.914474400514755,2.4851919584890414,2.7543637233189644,-3.852935246068634,1.0653538524878048,-0.5000000000000115,283.0785707821054,False
0,6,2,0.0,3.0000000000000027,1.0,-1.4268639395559946,-1.7532881190584215,-2.7004060894062376,3.1352673647968343,2.7543637233189644,-3.852935246068634,0.3319234791569592,-1.000000000000012,259.0354475015069,False
0,6,3,0.0,3.0000000000000027,1.5,-1.315325177827853,-1.5982286678861368,-2.4841644959514575,3.7755867702569557,2.7543637233189644,-3.852935246068634,-0.4015068941738864,-1.5000000000000235,240.46687571114728,False
0,6,4,0.0,3.0000000000000027,2.0,-1.2026482654698327,-1.4415869774161594,-2.265716355624675,4.409782900535708,2.7543637233189644,-3.852935246068634,-1.134937267504721,-2.000000000000024,227.39811417837853,False
0,6,5,0.0,3.0000000000000027,2.5,-1.0888156924722474,-1.2833387055054768,-2.045027721550957,5.039815859737717,2.7543637233189644,-3.852935246068634,-1.8683676408355332,-2.5000000000000133,219.87784133111853,False
0,6,6,0.0,3.0000000000000027,3.0,-0.973809587794261,-1.1234590081111662,-1.8220639469197664,5.66694974038795,2.7543637233189644,-3.852935246068634,-2.601798014166379,-3.000000000000025,217.97132901746238,False
0,6,7,0.0,3.0000000000000027,3.5000000000000004,-0.8576117100108166,-0.9619225262879061,-1.5967896668520054,6.292083292026529,2.7543637233189644,-3.852935246068634,-3.335228387497202,-3.500000000000014,221.75659576389324,False
0,6,8,0.0,3.0000000000000027,4.0,-0.7402034376671252,-0.7987033727789972,-1.3691687797001861,6.915897104582491,2.7543637233189644,-3.852935246068634,-4.068658760828036,-4.000000000000014,231.32210884870346,False
0,6,9,0.0,3.0000000000000027,4.5,-0.6215657593302948,-0.6337751181862195,-1.139164427761441,7.538930146612777,2.7543637233189644,-3.852935246068634,-4.8020891341588605,-4.500000000000015,246.76533061703714,False
0,6,10,0.0,3.0000000000000027,5.0,-0.5016792633267736,-0.46711077670298917,-0.9067389773812384,8.161623881420365,2.7543637233189644,-3.852935246068634,-5.535519507489683,-5.000000000000004,268.19176159540444,False
0,6,11,0.0,3.0000000000000027,5.5,-0.3805241271539028,-0.2986827913945389,-0.6718539984255811,8.784349645907863,2.7543637233189644,-3.852935246068634,-6.268949880820529,-5.500000000000016,295.714295676352,False
0,6,12,0.0,3.0000000000000027,6.0,-0.258080106553657,-0.12846301900834023,-0.43447024309805626,9.407426620343617,2.7543637233189644,-3.852935246068634,-7.002380254151364,-6.000000000000016,329.4527821730946,False
1,-6,0,0.49999999999998934,-3.0000000000000027,0.0,0.6953211087930039,0.7420182401751518,0.023706484566460295,-1.6772607910067294,-2.7218308374482136,4.713112755576709,-2.2003673401691515,0.0,64.97102262113143,False
1,-6,1,0.49999999999998934,-3.0000000000000027,0.5,0.8164031244150771,0.9080585328393453,0.25146380358438414,-1.004332647449302,-2.7218308374482136,4.713112755576709,-2.9337977135000193,-0.5000000000000115,60.684621009550554,False
1,-6,2,0.49999999999998934,-3.0000000000000027,1.0,0.938708190700005,1.0757760001769257,0.48152170158228813,-0.35435363034053147,-2.7218308374482136,4.713112755576709,-3.6672280868308316,-1.0000000000000009,63.40850760802793,False
1,-6,3,0.49999999999998934,-3.0000000000000027,1.5,1.0622549327847786,1.245196182918934,0.7139152127578263,0.28535909599383125,-2.7218308374482136,4.713112755576709,-4.400658460161666,-1.5000000000000124,72.80615968267482,False
1,-6,4,0.49999999999998934,-3.0000000000000027,2.0,1.187062355911228,1.4163451430358742,0.9486800862923028,0.9185996230089533,-2.7218308374482136,4.713112755576709,-5.134088833492523,-2.000000000000024,88.81494528084681,False
1,-6,5,0.49999999999998934,-3.0000000000000027,2.5,1.3131498551723075,1.5892494771027221,1.1858528046835515,1.5474141050727308,-2.7218308374482136,4.713112755576709,-5.867519206823313,-2.499999999999991,111.44595096245241,False
1,-6,6,0.49999999999998934,-3.0000000000000027,3.0,1.4405372255597988,1.7639363300774868,1.4254706026458452,2.173121649200649,-2.7218308374482136,4.713112755576709,-6.60094958015417,-3.0000000000000027,140.74835171700857,False
1,-6,7,0.49999999999998934,-3.0000000000000027,3.5000000000000004,1.5692446723243547,1.9404334095079412,1.6675714865973634,2.796659888454678,-2.7218308374482136,4.713112755576709,-7.334379953485016,-3.500000000000014,176.79576124031962,False
1,-6,8,0.49999999999998934,-3.0000000000000027,4.0,1.6992928216593761,2.118769000182452,1.9121942547567328,3.4187387652924617,-2.7218308374482136,4.713112755576709,-8.067810326815838,-4.0000000000000036,219.67955854468755,False
1,-6,9,0.49999999999998934,-3.0000000000000027,4.5,1.8307027317204294,2.2989719792409993,2.159378517870647,4.039920486168702,-2.7218308374482136,4.713112755576709,-8.801240700146662,-4.500000000000015,269.5051591171384,False
1,-6,10,0.49999999999998934,-3.0000000000000027,5.0,1.9634959039926347,2.4810718317633205,2.4091647205962796,4.660665599039504,-2.7218308374482136,4.713112755576709,-9.534671073477519,-5.000000000000027,326.3897515982044,False
1,-6,11,0.49999999999998934,-3.0000000000000027,5.5,2.097694295019048,2.6650986668520114,2.6615941635624027,5.281361585616651,-2.7218308374482136,4.713112755576709,-10.26810144680833,-5.500000000000016,390.46084920285944,False
1,-6,12,0.49999999999998934,-3.0000000000000027,6.0,2.233320328503191,2.851083234228885,2.91670902613454,5.9023416258043415,-2.7218308374482136,4.713112755576709,-11.001531820139165,-6.000000000000005,461.85533220678053,False
1,-5,0,0.49999999999998934,-2.500000000000002,0.0,0.5047432859380779,0.5162297026417406,-0.22707773644671247,-1.362065760740283,-2.2609997481322197,4.02344649990547,-1.8783892370991428,0.0,43.887070107595825,False
1,-5,1,0.49999999999998934,-2.500000000000002,0.5,0.62486762405837,0.6811353795394381,-0.0005806396449370421,-0.6889886721929028,-2.2609997481322197,4.02344649990547,-2.6118196104299773,-0.5000000000000115,37.48569603085609,False
1,-5,2,0.49999999999998934,-2.500000000000002,1.0,0.7462053393313961,0.8477067703451968,0.22820430661948388,-0.038782001104065156,-2.2609997481322197,4.02344649990547,-3.3452499837607896,-1.0000000000000009,37.96085475488519,False
1,-5,3,0.49999999999998934,-2.500000000000002,1.5,0.8687749095818098,1.0159692412606502,0.45931194269368536,0.6011963213230276,-2.2609997481322197,4.02344649990547,-4.078680357091624,-1.4999999999999902,45.00755080271483,False
1,-5,4,0.49999999999998934,-2.500000000000002,2.0,0.992595189732734,1.185948676165044,0.6927778199523282,1.2347284298684036,-2.2609997481322197,4.02344649990547,-4.81211073042247,-2.0000000000000018,58.57143949077824,False
1,-5,5,0.49999999999998934,-2.500000000000002,2.5,1.117685421474948,1.3576714898889675,0.9286382190290099,1.8638541092547811,-2.2609997481322197,4.02344649990547,-5.545541103753305,-2.5000000000000133,78.66724042281376,False
1,-5,6,0.49999999999998934,-2.500000000000002,3.0,1.2440652432351347,1.5311646418987135,1.1669301686116407,2.489888395232942,-2.2609997481322197,4.02344649990547,-6.278971477084127,-3.0000000000000027,105.34578230776617,False
1,-5,7,0.49999999999998934,-2.500000000000002,3.5000000000000004,1.371754700453967,1.706455650405958,1.4076914648220473,3.1137660420419877,-2.2609997481322197,4.02344649990547,-7.012401850414973,-3.500000000000014,138.6812616560914,False
1,-5,8,0.49999999999998934,-2.500000000000002,4.0,1.5007742561854942,1.8835726069184822,1.650960691201342,3.7361948164363668,-2.2609997481322197,4.02344649990547,-7.745832223745808,-4.0000000000000036,178.7649741449371,False
1,-5,9,0.49999999999998934,-2.500000000000002,4.5,1.631144802029405,2.0625441912479,1.8967772393228166,4.3577351991731295,-2.2609997481322197,4.02344649990547,-8.47926259707662,-4.499999999999993,225.70179594916922,False
1,-5,10,0.49999999999998934,-2.500000000000002,5.0,1.7628876694085083,2.2433996869913098,2.1451813300560953,4.978846317279295,-2.2609997481322197,4.02344649990547,-9.212692970407478,-5.000000000000004,279.60804098765914,False
1,-5,11,0.49999999999998934,-2.500000000000002,5.5,1.8960246412043136,2.426168997504491,2.396214035506128,5.599914446487819,-2.2609997481322197,4.02344649990547,-9.9461233437383,-5.500000000000016,340.6100864871156,False
1,-5,12,0.49999999999998934,-2.500000000000002,6.0,2.030577963763913,2.6108826623848334,2.649917301652438,6.22127171685849,-2.2609997481322197,4.02344649990547,-10.679553717069135,-6.000000000000005,408.8434634049487,False
1,-4,0,0.49999999999998934,-2.0000000000000018,0.0,0.3160444998243278,0.2923008017894746,-0.4763382152012441,-1.04826938791992,-1.8003609080621819,3.339312741318512,-1.5589940397487845,-1.1102230246251565e-14,30.140935584537964,False
1,-4,1,0.49999999999998934,-2.0000000000000018,0.5,0.43522060283851804,0.45608120782861805,-0.2510936836193356,-0.37503703811211375,-1.8003609080621819,3.339312741318512,-2.292424413079608,-0.5000000000000004,21.694262657154724,False
1,-4,2,0.49999999999998934,-2.0000000000000018,1.0,0.5556005048730606,0.6215159614035126,-0.02357395474872903,0.2754025690455242,-1.8003609080621819,3.339312741318512,-3.0258547864104535,-1.000000000000012,19.992395594840954,False
1,-4,3,0.49999999999998934,-2.0000000000000018,1.5,0.677202537892721,0.7886302556238289,0.20625561908502732,0.9156513227971619,-1.8003609080621819,3.339312741318512,-3.759285159741277,-1.5000000000000013,24.76153016733342,False
1,-4,4,0.49999999999998934,-2.0000000000000018,2.0,0.8000454079840069,0.9574497977443641,0.4384303926517896,1.5494795735315536,-1.8003609080621819,3.339312741318512,-4.492715533072101,-2.0000000000000018,35.955528839584034,False
1,-4,5,0.49999999999998934,-2.0000000000000018,2.5,0.9241482049480249,1.1280008223481852,0.6729864459474433,2.178920828648856,-1.8003609080621819,3.339312741318512,-5.226145906402957,-2.5000000000000133,53.592715507446584,False
1,-4,6,0.49999999999998934,-2.0000000000000018,3.0,1.0495304121900306,1.3003101049376131,0.9099606028853235,2.8052861122563444,-1.8003609080621819,3.339312741318512,-5.9595762797338026,-3.000000000000025,77.72556581597674,False
1,-4,7,0.49999999999998934,-2.0000000000000018,3.5000000000000004,1.1762119169164005,1.4744049759476519,1.1493904505686547,3.4295073425425704,-1.8003609080621819,3.339312741318512,-6.693006653064604,-3.500000000000003,108.42886430599847,False
1,-4,8,0.49999999999998934,-2.0000000000000018,4.0,1.3042130206503355,1.650313335197373,1.3913143591653743,4.052290143482029,-1.8003609080621819,3.339312741318512,-7.426437026395449,-4.000000000000014,145.79383610219787,False
1,-4,9,0.49999999999998934,-2.0000000000000018,4.5,1.433554450077834,1.8280636667952654,1.6357715024070796,4.6741932968243916,-1.8003609080621819,3.339312741318512,-8.159867399726306,-4.500000000000027,189.9248361230948,False
1,-4,10,0.49999999999998934,-2.0000000000000018,5.0,1.5642573682361354,2.0076850545152403,1.8828018787355405,5.29567453119788,-1.8003609080621819,3.339312741318512,-8.893297773057085,-4.999999999999993,240.9373255851935,False
1,-4,11,0.49999999999998934,-2.0000000000000018,5.5,1.6963433860574861,2.18920719766082,2.132446333120386,5.91711893601119,-1.8003609080621819,3.339312741318512,-9.626728146387975,-5.500000000000027,298.9565709099764,False
1,-4,12,0.49999999999998934,-2.0000000000000018,6.0,1.8298345742811972,2.3726604274356133,2.3847465795731546,6.538857609099757,-1.8003609080621819,3.339312741318512,-10.360158519718787,-6.000000000000016,364.1167815714289,False
1,-3,0,0.49999999999998934,-1.5000000000000013,0.0,0.12920347816129385,0.07021571924861747,-0.7240810093243344,-0.7358639899667896,-1.3399128509167357,2.660664593375306,-1.2421598586794702,-1.1102230246251565e-14,23.609383060197583,False
1,-3,1,0.49999999999998934,-1.5000000000000013,0.5,0.24744068156914156,0.23288011984785584,-0.5000814164063672,-0.062470204987208344,-1.3399128509167357,2.660664593375306,-1.9755902320103047,-0.5000000000000115,13.185849560894578,False
1,-3,2,0.49999999999998934,-1.5000000000000013,1.0,0.36687220016292654,0.39718759520063207,-0.27381920133771054,0.5882074973051488,-1.3399128509167357,2.660664593375306,-2.7090206053411503,-1.000000000000023,9.37738908252098,False
1,-3,3,0.49999999999998934,-1.5000000000000013,1.5,0.4875162214835499,0.5631631667498638,-0.04525990794349011,1.228731402466532,-1.3399128509167357,2.660664593375306,-3.4424509786719626,-1.5000000000000124,11.941059052203713,False
1,-3,4,0.49999999999998934,-1.5000000000000013,2.0,0.6093913042462179,0.7308323665802308,0.1856316231384325,1.8628602454250798,-1.3399128509167357,2.660664593375306,-4.175881352002797,-2.000000000000013,20.838850548939252,False
1,-3,5,0.49999999999998934,-1.5000000000000013,2.5,0.7325163878577345,0.9002212505114071,0.41889127248785907,2.4926213467769243,-1.3399128509167357,2.660664593375306,-4.9093117253336205,-2.500000000000002,36.092663632260354,False
1,-3,6,0.49999999999998934,-1.5000000000000013,3.0,0.8569108022281419,1.0713564115965246,0.6545556604903857,3.11932177743246,-1.3399128509167357,2.660664593375306,-5.642742098664466,-3.0000000000000138,57.75661431492648,False
1,-3,7,0.49999999999998934,-1.5000000000000013,3.5000000000000004,0.9825942778873525,1.2442649940400285,0.8926621665032719,3.7438906614485123,-1.3399128509167357,2.660664593375306,-6.3761724719953,-3.500000000000014,85.90608037786518,False
1,-3,8,0.49999999999998934,-1.5000000000000013,4.0,1.1095869564180099,1.4189747075506465,1.1332489486204855,4.36703151227531,-1.3399128509167357,2.660664593375306,-7.109602845326135,-4.000000000000014,120.63222903229394,False
1,-3,9,0.49999999999998934,-1.5000000000000013,4.5,1.2379094012160223,1.595513842145152,1.3763549640582906,4.989301438792837,-1.3399128509167357,2.660664593375306,-7.8430332186569585,-4.500000000000015,162.0389117576978,False
1,-3,10,0.49999999999998934,-1.5000000000000013,5.0,1.3675826085908394,1.7739112834195991,1.6220199901849142,5.611156793284744,-1.3399128509167357,2.660664593375306,-8.576463591987793,-5.000000000000016,210.2407587787319,False
1,-3,11,0.49999999999998934,-1.5000000000000013,5.5,1.498628019218301,1.9541965283054186,1.8702846462176403,6.23298149806335,-1.3399128509167357,2.660664593375306,-9.309893965318627,-5.500000000000016,265.3619505305067,False
1,-3,12,0.49999999999998934,-1.5000000000000013,6.0,1.631067529958824,2.1363997013283176,2.1211904156124173,6.855105635968495,-1.3399128509167357,2.660664593375306,-10.043324338649462,-6.000000000000016,327.5354024284634,False
1,-2,0,0.49999999999998934,-1.0000000000000009,0.0,-0.0558008100648516,-0.15004128486055257,-0.9703122794566033,-0.4248419272736115,-0.8796541356795529,1.9874554417988355,-0.92786493151501,-1.1102230246251565e-14,24.171359717513763,False
1,-2,1,0.49999999999998934,-1.0000000000000009,0.5,0.061506723552914866,0.011516296622560152,-0.7475500296046267,0.24871932764574112,-0.8796541356795529,1.9874554417988355,-1.6612953048458667,-0.5000000000000226,11.83818762783849,False
1,-2,2,0.49999999999998934,-1.0000000000000009,1.0,0.1799991817526797,0.17470577286813338,-0.5225376560167694,0.8996401638692086,-0.8796541356795529,1.9874554417988355,-2.39472567817669,-1.000000000000023,5.992316069156521,False
1,-2,3,0.49999999999998934,-1.0000000000000009,1.5,0.2996946090712216,0.3395519950654291,-0.2952408928493466,1.5404438279541743,-0.8796541356795529,1.9874554417988355,-3.1281560515075135,-1.5000000000000124,6.421340789565317,False
1,-2,4,0.49999999999998934,-1.0000000000000009,2.0,0.42061141830117277,0.5060803215708731,-0.06562477495571928,2.1748776050279917,-0.8796541356795529,1.9874554417988355,-3.861586424838359,-2.000000000000024,13.095304488933053,False
1,-2,5,0.49999999999998934,-1.0000000000000009,2.5,0.5427683999334826,0.6743166309122584,0.16634638004450752,2.8049627176423453,-0.8796541356795529,1.9874554417988355,-4.5950167981691825,-2.5000000000000133,26.03965586479169,False
1,-2,6,0.49999999999998934,-1.0000000000000009,3.0,0.6661847318919084,0.8442873351953206,0.4007089902509309,3.4320023408121125,-0.8796541356795529,1.9874554417988355,-5.328447171500006,-3.0000000000000138,45.31014493373722,False
1,-2,7,0.49999999999998934,-1.0000000000000009,3.5000000000000004,0.7908799895701035,1.0160193939269035,0.6375002285423703,4.056922845549993,-0.8796541356795529,1.9874554417988355,-6.061877544830841,-3.500000000000014,70.9827479156094,False
1,-2,8,0.49999999999998934,-1.0000000000000009,4.0,0.9168741561824428,1.189540328270261,0.8767580422327059,4.680425666386823,-0.8796541356795529,1.9874554417988355,-6.795307918161675,-4.000000000000014,103.14858660177093,False
1,-2,9,0.49999999999998934,-1.0000000000000009,4.5,1.0441876334399525,1.3648782357481182,1.1185211733438727,5.303066264933554,-0.8796541356795529,1.9874554417988355,-7.528738291492509,-4.500000000000015,141.91102661205323,False
1,-2,10,0.49999999999998934,-1.0000000000000009,5.0,1.172841252563317,1.54206180540995,1.3628291795193703,5.925299638719328,-0.8796541356795529,1.9874554417988355,-8.26216866482332,-5.000000000000004,187.38388858311612,False
1,-2,11,0.49999999999998934,-1.0000000000000009,5.5,1.3028562856456594,1.7211203334809022,1.6097224556014866,6.547508561774618,-0.8796541356795529,1.9874554417988355,-8.995599038154156,-5.500000000000005,239.69029142177303,False
1,-2,12,0.49999999999998934,-1.0000000000000009,6.0,1.4342544573778175,1.902083739510052,1.8592422558972366,7.170022118791164,-0.8796541356795529,1.9874554417988355,-9.729029411485012,-6.000000000000016,298.9618835041316,False
1,-1,0,0.49999999999998934,-0.5000000000000004,0.0,-0.23898915623240813,-0.3684858695952864,-1.2150382845756424,-0.11519560325010669,-0.4195833461126064,1.3196389490991889,-0.6160876251002478,0.0,31.70796326088474,False
1,-1,1,0.49999999999998934,-0.5000000000000004,0.5,-0.12260216706774796,-0.20802599959325319,-0.9935058136438635,0.5585390203636686,-0.4195833461126064,1.3196389490991889,-1.3495179984311156,-0.5000000000000115,17.53117709298582,False
1,-1,2,0.49999999999998934,-0.5000000000000004,1.0,-0.005039551749902449,-0.045945322823515156,-0.7697356409854972,1.2097079117264986,-0.4195833461126064,1.3196389490991889,-2.082948371761928,-1.0000000000000009,9.715846214245355,False
1,-1,3,0.49999999999998934,-0.5000000000000004,1.5,0.11371659265745626,0.11778084305046899,-0.5436936899245126,1.8507958321849483,-0.4195833461126064,1.3196389490991889,-2.8163787450927624,-1.5000000000000013,8.079787447527425,False
1,-1,4,0.49999999999998934,-0.5000000000000004,2.0,0.23368453445672677,0.2831776840864497,-0.31534518834249736,2.4855387795355677,-0.4195833461126064,1.3196389490991889,-3.549809118423597,-2.0000000000000018,12.601019618419274,False
1,-1,5,0.49999999999998934,-0.5000000000000004,2.5,0.35488291668470673,0.4502709029791996,-0.084654650846816,3.1159519653296996,-0.4195833461126064,1.3196389490991889,-4.283239491754431,-2.500000000000002,23.308513119769767,False
1,-1,6,0.49999999999998934,-0.5000000000000004,3.0,0.4773307667707172,0.6190867323760063,0.14841413961274585,3.7433347248715387,-0.4195833461126064,1.3196389490991889,-5.0166698650853,-3.000000000000025,40.25964580278439,False
1,-1,7,0.49999999999998934,-0.5000000000000004,3.5000000000000004,0.6010475064949145,0.7896519486059295,0.38389815069880817,4.3686107164063515,-0.4195833461126064,1.3196389490991889,-5.7501002384161115,-3.500000000000014,63.53099750941439,False
1,-1,8,0.49999999999998934,-0.5000000000000004,4.0,0.7260529622579032,0.9619938858382471,0.6218351202337047,4.992479326517363,-0.4195833461126064,1.3196389490991889,-6.4835306117469464,-4.000000000000014,93.21365695795932,False
1,-1,9,0.49999999999998934,-0.5000000000000004,4.5,0.8523673756728772,1.1361404506855688,0.862263576360589,5.61549439462381,-0.4195833461126064,1.3196389490991889,-7.2169609850777805,-4.500000000000015,129.41052125072306,False
1,-1,10,0.49999999999998934,-0.5000000000000004,5.0,0.9800114144922045,1.3121201372681246,1.1052228583414314,6.2381095846397505,-0.4195833461126064,1.3196389490991889,-7.9503913584086146,-5.000000000000016,172.23462253582804,False
1,-1,11,0.49999999999998934,-0.5000000000000004,5.5,1.1090061838810477,1.4899620427563154,1.3507531380151983,6.860706540725214,-0.4195833461126064,1.3196389490991889,-8.683821731739428,-5.500000000000005,221.8080422924691,False
1,-1,12,0.49999999999998934,-0.5000000000000004,6.0,1.2393732380506284,1.6696958834092723,1.598895441940812,7.4836133659019755,-0.4195833461126064,1.3196389490991889,-9.417252105070261,-6.000000000000005,278.261188475366,False
1,0,0,0.49999999999998934,0.0,0.0,-0.4203821137903352,-0.5851336109913841,-1.4582653774057541,0.1930825356668775,0.04030090972804157,0.6571690589118662,-0.30680643752656334,-2.220446049250313e-14,46.10240947314687,False
1,0,1,0.49999999999998934,0.0,0.5,-0.304906647025463,-0.4257624231069179,-1.2379551531716104,0.8669962937636111,0.04030090972804157,0.6571690589118662,-1.040236810857409,-0.5000000000000338,30.14685488521154,False
1,0,2,0.49999999999998934,0.0,1.0,-0.18826476140437753,-0.2647814252438152,-1.0154195731371218,1.5184180464971275,0.04030090972804157,0.6571690589118662,-1.7736671841882323,-1.000000000000023,20.428805104759675,False
1,0,3,0.49999999999998934,0.0,1.5,-0.07043869420338411,-0.1021661025293219,-0.790624748635288,2.159794613157584,0.04030090972804157,0.6571690589118662,-2.5070975575190446,-1.5000000000000124,16.79598671587675,False
1,0,4,0.49999999999998934,0.0,2.0,0.048589679805779995,0.06210856021288125,-0.56353609939363,2.7948508635686986,0.04030090972804157,0.6571690589118662,-3.240527930849879,-2.0000000000000018,19.23432063090713,False
1,0,5,0.49999999999998934,0.0,2.5,0.16883885765093254,0.228068091290895,-0.334118335800776,3.4255960836520716,0.04030090972804157,0.6571690589118662,-3.9739583041807136,-2.5000000000000133,27.77627255930445,False
1,0,6,0.49999999999998934,0.0,3.0,0.2903277177419228,0.3957385453697171,-0.10233544062448474,4.053325824097276,0.04030090972804157,0.6571690589118662,-4.70738867751156,-3.000000000000025,42.48084220282312,False
1,0,7,0.49999999999998934,0.0,3.5000000000000004,0.4130755297509475,0.5651465171073844,0.13184934983858643,4.678961069869181,0.04030090972804157,0.6571690589118662,-5.440819050842382,-3.500000000000014,63.42521818875161,False
1,0,8,0.49999999999998934,0.0,4.0,0.5371019648017283,0.7363191552173132,0.368473565202343,5.303199189957675,0.04030090972804157,0.6571690589118662,-6.174249424173228,-4.000000000000026,90.70046836100917,False
1,0,9,0.49999999999998934,0.0,4.5,0.6624271059787107,0.9092841769723747,0.6075755210410982,5.9265924261581615,0.04030090972804157,0.6571690589118662,-6.9076797975040405,-4.500000000000015,124.40903841006396,False
1,0,10,0.49999999999998934,0.0,5.0,0.7890714591680698,1.084069883166966,0.8491943395728951,6.549593129470166,0.04030090972804157,0.6571690589118662,-7.641110170834864,-5.000000000000004,164.66319279287626,False
1,0,11,0.49999999999998934,0.0,5.5,0.9170559642430298,1.2607051735540942,1.0933699709992084,7.172581832203706,0.04030090972804157,0.6571690589118662,-8.37454054416571,-5.500000000000016,211.58399930781815,False
1,0,12,0.49999999999998934,0.0,6.0,1.0464020066060231,1.4392195627751292,1.340143215525802,7.795885671829272,0.04030090972804157,0.6571690589118662,-9.107970917496555,-6.0000000000000275,265.3006517092867,False
1,1,0,0.49999999999998934,0.49999999999998934,0.0,-0.6000000000014716,-0.8000000000001117,-1.6999999999983584,0.49999999999996714,0.5000000000000115,0.0,0.0,0.0,67.23999999994203,False
1,1,1,0.49999999999998934,0.49999999999998934,0.5,-0.4854271356798695,-0.6417085427136815,-1.4809045226114148,1.1740985283692273,0.5000000000000115,0.0,-0.7334303733308456,-0.5000000000000115,49.56936219731376,False
1,1,2,0.49999999999998934,0.49999999999998934,1.0,-0.369696969698452,-0.4818181818182887,-1.2595959595942952,1.8257778362714028,0.5000000000000115,0.0,-1.4668607466617023,-1.000000000000023,38.01414159808718,False
1,1,3,0.49999999999998934,0.49999999999998934,1.5,-0.25279187817407733,-0.3203045685280348,-1.0360406091353913,2.4674473337203295,0.5000000000000115,0.0,-2.2002911199925146,-1.5000000000000124,32.45166901406516,False
1,1,4,0.49999999999998934,0.49999999999998934,2.0,-0.13469387755252193,-0.15714285714296672,-0.8102040816309775,3.1028209188881606,0.5000000000000115,0.0,-2.933721493323349,-2.000000000000013,32.87569482113763,False
1,1,5,0.49999999999998934,0.49999999999998934,2.5,-0.01538461538612701,0.007692307692197531,-0.5820512820496004,3.7339020358054587,0.5000000000000115,0.0,-3.6671518666541836,-2.5000000000000133,39.322154212305726,False
1,1,6,0.49999999999998934,0.49999999999998934,3.0,0.10515463917374346,0.17422680412360614,-0.3515463917508732,4.361982504581219,0.5000000000000115,0.0,-4.400582239984995,-3.0000000000000027,51.85166293192802,False
1,1,7,0.49999999999998934,0.49999999999998934,3.5000000000000004,0.22694300517982213,0.34248704663201734,-0.11865284973923695,4.987980675616455,0.5000000000000115,0.0,-5.134012613315853,-3.500000000000014,70.54202353175339,False
1,1,8,0.49999999999998934,0.49999999999998934,4.0,0.3499999999984654,0.512499999999888,0.11666666666838021,5.612591930060673,0.5000000000000115,0.0,-5.867442986646676,-4.000000000000014,95.48429503080862,False
1,1,9,0.49999999999998934,0.49999999999998934,4.5,0.47434554973668497,0.6842931937171615,0.35445026178183014,6.236366936157589,0.5000000000000115,0.0,-6.600873359977511,-4.500000000000015,126.78048857793516,False
1,1,10,0.49999999999998934,0.49999999999998934,5.0,0.5999999999984545,0.8578947368419909,0.5947368421069965,6.859756752265511,0.5000000000000115,0.0,-7.334303733308345,-5.000000000000016,164.54212143662488,False
1,1,11,0.49999999999998934,0.49999999999998934,5.5,0.7269841269825689,1.033333333333214,0.8375661375678856,7.483140816483935,0.5000000000000115,0.0,-8.067734106639179,-5.500000000000016,208.88927112084042,False
1,1,12,0.49999999999998934,0.49999999999998934,6.0,0.8553191489346051,1.210638297872224,1.082978723406014,8.10684531650212,0.5000000000000115,0.0,-8.801164479970014,-6.000000000000016,259.94994301330127,False
1,2,0,0.49999999999998934,1.0000000000000009,0.0,-0.7778628977374774,-1.0131004405168287,-1.9402486794072193,0.8055642572295518,0.9595152695554443,-0.6519137099842531,0.3043529214022067,-2.220446049250313e-14,95.00809037162314,False
1,2,1,0.49999999999998934,1.0000000000000009,0.5,-0.6641838168215841,-0.8558798397154066,-1.7223604818162985,1.4798530645512509,0.9595152695554443,-0.6519137099842531,-0.4290774519286167,-0.5000000000000115,75.6849122926018,False
1,2,2,0.49999999999998934,1.0000000000000009,1.0,-0.5493564623610836,-0.697071152037193,-1.5022713933406207,2.1317945114643244,0.9595152695554443,-0.6519137099842531,-1.1625078252594623,-1.000000000000023,62.35689540082371,False
1,2,3,0.49999999999998934,1.0000000000000009,1.5,-0.43336334795682774,-0.5366501934181034,-1.2799478978753553,2.7737611213637603,0.9595152695554443,-0.6519137099842531,-1.8959381985902857,-1.5000000000000124,54.93067483448577,False
1,2,4,0.49999999999998934,1.0000000000000009,2.0,-0.31618663034436445,-0.37459228624165397,-1.0553557953134896,3.4094559741288943,0.9595152695554443,-0.6519137099842531,-2.6293685719211313,-2.000000000000024,53.40775918647634,False
1,2,5,0.49999999999998934,1.0000000000000009,2.5,-0.1978081002435711,-0.21087224668392412,-0.8284601840074068,4.04087675404452,0.9595152695554443,-0.6519137099842531,-3.3627989452519436,-2.5000000000000133,57.82752782828068,False
1,2,6,0.49999999999998934,1.0000000000000009,3.0,-0.078209172925231,-0.04546437166682016,-0.5992254426878452,4.6693116036377935,0.9595152695554443,-0.6519137099842531,-4.096229318582778,-3.0000000000000027,68.25220690638825,False
1,2,7,0.49999999999998934,1.0000000000000009,3.5000000000000004,0.04262912151556664,0.12165757459396964,-0.3676152118209597,5.295676276711303,0.9595152695554443,-0.6519137099842531,-4.829659691913612,-3.500000000000014,84.76021800817426,False
1,2,8,0.49999999999998934,1.0000000000000009,4.0,0.1647261481901252,0.29052037446163914,-0.13359237438251848,5.920664195741199,0.9595152695554443,-0.6519137099842531,-5.563090065244447,-4.0000000000000036,107.44262322714825,False
1,2,9,0.49999999999998934,1.0000000000000009,4.5,0.2881016777618095,0.4611513711865689,0.10288096397150226,6.544824479008193,0.9595152695554443,-0.6519137099842531,-6.296520438575293,-4.500000000000015,136.40101580628198,False
1,2,10,0.49999999999998934,1.0000000000000009,5.0,0.41277589711844753,0.633578483666497,0.34184349536082737,7.168606912087072,0.9595152695554443,-0.6519137099842531,-7.029950811906128,-5.000000000000027,171.74618601609697,False
1,2,11,0.49999999999998934,1.0000000000000009,5.5,0.5387694203836224,0.8078302216753153,0.583334730786017,7.792389856136461,0.9595152695554443,-0.6519137099842531,-7.763381185236962,-5.500000000000016,213.597244135783,False
1,2,12,0.49999999999998934,1.0000000000000009,6.0,0.6661033002792777,0.9839357015778427,0.8273950219072235,8.416498564494956,0.9595152695554443,-0.6519137099842531,-8.496811558567796,-6.0000000000000275,262.0810326170335,False
1,3,0,0.49999999999998934,1.4999999999999902,0.0,-0.9539906573162699,-1.2244502475951047,-2.1790180234778687,1.1097827318285791,1.4188480404090598,-1.2986172610682467,0.6062734241300216,-1.1102230246251565e-14,129.29605827713917,False
1,3,1,0.49999999999998934,1.4999999999999902,0.5,-0.8411966405188626,-1.0682917061257347,-1.9623296718370542,1.7842672024868778,1.4188480404090598,-1.2986172610682467,-0.12715694920077958,-0.5000000000000004,108.38175856222311,False
1,3,2,0.49999999999998934,1.4999999999999902,1.0,-0.7272632902184495,-0.9105558056516139,-1.743452548967539,2.436475264711846,1.4188480404090598,-1.2986172610682467,-0.8605873225316363,-1.000000000000012,93.34416489734876,False
1,3,3,0.49999999999998934,1.4999999999999902,1.5,-0.6121732561586463,-0.7512185254772652,-1.5223533233277908,3.078743068058243,1.4188480404090598,-1.2986172610682467,-1.5940176958624486,-1.5000000000000013,84.1189223347001,False
1,3,4,0.49999999999998934,1.4999999999999902,2.0,-0.495908833996192,-0.5902553546888789,-1.2989979831406873,3.7147630245793595,1.4188480404090598,-1.2986172610682467,-2.327448069193283,-2.0000000000000018,80.71522777646672,False
1,3,5,0.49999999999998934,1.4999999999999902,2.5,-0.3784519562218175,-0.4276412795847173,-1.0733518189516622,4.3465271394061755,1.4188480404090598,-1.2986172610682467,-3.0608784425241176,-2.500000000000002,83.17587997857214,False
1,3,6,0.49999999999998934,1.4999999999999902,3.0,-0.25978418280027393,-0.26335077071659163,-0.8453794056472785,4.975319929471511,1.4188480404090598,-1.2986172610682467,-3.79430881585493,-2.9999999999999916,91.56471000834468,False
1,3,7,0.49999999999998934,1.4999999999999902,3.5000000000000004,-0.1398866915194502,-0.09735776952859432,-0.6150445839148977,5.602054589213168,1.4188480404090598,-1.2986172610682467,-4.527739189185764,-3.499999999999992,105.96076356839691,False
1,3,8,0.49999999999998934,1.4999999999999902,4.0,-0.018740268037784058,0.07036432542176785,-0.38231044112277957,6.227422611029221,1.4188480404090598,-1.2986172610682467,-5.261169562516621,-4.0000000000000036,126.45511757519989,False
1,3,9,0.49999999999998934,1.4999999999999902,4.5,0.10367470438087667,0.23984267267528336,-0.14713929159985706,6.8519715863554875,1.4188480404090598,-1.2986172610682467,-5.994599935847433,-4.499999999999993,153.1489637683265,False
1,3,10,0.49999999999998934,1.4999999999999902,5.0,0.22737825545656176,0.41110500253147,0.09050734370751323,7.476150047436647,1.4188480404090598,-1.2986172610682467,-6.728030309178279,-5.000000000000004,186.15238533119526,False
1,3,11,0.49999999999998934,1.4999999999999902,5.5,0.3523908388187613,0.5841796321744919,0.3306687582244838,8.10033529539953,1.4188480404090598,-1.2986172610682467,-7.461460682509136,-5.500000000000016,225.5835480146583,False
1,3,12,0.49999999999998934,1.4999999999999902,6.0,0.47873334328056294,0.7590954812818074,0.57338508140653,8.724851664333011,1.4188480404090598,-1.2986172610682467,-8.194891055839948,-6.000000000000005,271.5681563965306,False
1,4,0,0.49999999999998934,2.0000000000000018,0.0,-1.1284028983656325,-1.434064645708788,-2.41631471675694,1.4126628052686385,1.8779996122105125,-1.9401555477223331,0.9057824676494297,0.0,169.99527209855015,False
1,4,1,0.49999999999998934,2.0000000000000018,0.5,-1.0164853249905876,-1.2789594429234052,-2.2008188108109894,2.0873482020931533,1.8779996122105125,-1.9401555477223331,0.1723520943185619,-0.5000000000000115,147.5501628424129,False
1,4,2,0.49999999999998934,2.0000000000000018,1.0,-0.9034372710763933,-1.122287520917964,-1.983146178542361,2.7398272507420884,1.8779996122105125,-1.9401555477223331,-0.5610782790122615,-1.000000000000012,130.86507523791758,False
1,4,3,0.49999999999998934,2.0000000000000018,1.5,-0.7892415211833814,-0.9640250210241563,-1.7632636718344585,3.382400230066862,1.8779996122105125,-1.9401555477223331,-1.2945086523430738,-1.5000000000000013,119.90437518888987,False
1,4,4,0.49999999999998934,2.0000000000000018,2.0,-0.6738805085363619,-0.8041475976620249,-1.5411374660785127,4.018749031939839,1.8779996122105125,-1.9401555477223331,-2.0279390256739083,-2.0000000000000018,114.68487930143195,False
1,4,5,0.49999999999998934,2.0000000000000018,2.5,-0.5573363060160375,-0.6426304058551657,-1.316733042827628,4.650860061412576,1.8779996122105125,-1.9401555477223331,-2.761369399004765,-2.5000000000000133,115.25278141647965,False
1,4,6,0.49999999999998934,2.0000000000000018,3.0,-0.439590616871785,-0.47944808835956865,-1.0900151719143603,5.280014260825805,1.8779996122105125,-1.9401555477223331,-3.4947997723356106,-3.000000000000025,121.6735121922121,False
1,4,7,0.49999999999998934,2.0000000000000018,3.5000000000000004,-0.32062476514573557,-0.3145747623925166,-0.860947893012376,5.9071223017712615,1.8779996122105125,-1.9401555477223331,-4.228230145666445,-3.5000000000000253,134.02674649112117,False
1,4,8,0.49999999999998934,2.0000000000000018,4.0,-0.20041968579753988,-0.14798400594665528,-0.6294944966218075,6.53287377460765,1.8779996122105125,-1.9401555477223331,-4.961660518997258,-4.000000000000014,152.4035876496314,False
1,4,9,0.49999999999998934,2.0000000000000018,4.5,-0.07895591451898276,0.020351156325876252,-0.39561750445752386,7.1578147665856795,1.8779996122105125,-1.9401555477223331,-5.695090892328114,-4.500000000000027,176.90484207436845,False
1,4,10,0.49999999999998934,2.0000000000000018,5.0,0.043786422773020583,0.19045826767495888,-0.15927864921782553,7.782392575678609,1.8779996122105125,-1.9401555477223331,-6.428521265658926,-5.000000000000016,207.63990547544122,False
1,4,11,0.49999999999998934,2.0000000000000018,5.5,0.16782762077710567,0.3623654542764143,0.07956114628895894,8.406983459540584,1.8779996122105125,-1.9401555477223331,-7.161951638989761,-5.500000000000016,244.72602144228406,False
1,4,12,0.49999999999998934,2.0000000000000018,6.0,0.29318840599400486,0.5361014407353315,0.320941790684115,9.031910847791202,1.8779996122105125,-1.9401555477223331,-7.895382012320596,-6.000000000000016,288.2877813569627,False
1,5,0,0.49999999999998934,2.499999999999991,0.0,-1.3011190117424882,-1.6419587671752944,-2.6521455165428973,1.7142118160867525,2.336971262698029,-2.5765731659759594,1.2029008720959355,0.0,216.999059722292,False
1,5,1,0.49999999999998934,2.499999999999991,0.5,-1.1900693585351645,-1.4878982584676292,-2.437834689992857,2.3891032830225756,2.336971262698029,-2.5765731659759594,0.46947049876511215,-0.5000000000000115,193.08236400764014,False
1,5,2,0.49999999999998934,2.499999999999991,1.0,-1.077897991659077,-1.3322815830053403,-2.2213591076190866,3.041857586311214,2.336971262698029,-2.5765731659759594,-0.26395987456572234,-1.0000000000000009,174.81074670204686,False
1,5,3,0.49999999999998934,2.499999999999991,1.5,-0.9645878291801885,-1.1750850428175585,-2.0026858035968544,3.6847396278263167,2.336971262698029,-2.5765731659759594,-0.9973902478965568,-1.5000000000000124,162.17701071413327,False
1,5,4,0.49999999999998934,2.499999999999991,2.0,-0.8501214405535584,-1.016284456301314,-1.7817811393294858,4.321420924148667,2.336971262698029,-2.5765731659759594,-1.7308206212273802,-2.0000000000000018,155.20552501544884,False
1,5,5,0.49999999999998934,2.499999999999991,2.5,-0.7344810376846062,-0.8558551458208052,-1.5586107861978449,4.953882357844841,2.336971262698029,-2.5765731659759594,-2.4642509945582147,-2.499999999999991,153.94585471138004,False
1,5,6,0.49999999999998934,2.499999999999991,3.0,-0.617648465713902,-0.6937719249229701,-1.3331397077761764,5.583401346703409,2.336971262698029,-2.5765731659759594,-3.197681367889038,-3.0000000000000027,158.46502486470206,False
1,5,7,0.49999999999998934,2.499999999999991,3.5000000000000004,-0.49960519351553156,-0.5300090851557304,-1.1053321414952355,6.210886075292232,2.336971262698029,-2.5765731659759594,-3.931111741219895,-3.500000000000014,168.84334450431973,False
1,5,8,0.49999999999998934,2.499999999999991,4.0,-0.38033230389842854,-0.3645403824742599,-0.8751515797321807,6.837024259426294,2.336971262698029,-2.5765731659759594,-4.66454211455074,-4.000000000000026,185.17195483163644,False
1,5,9,0.49999999999998934,2.499999999999991,4.5,-0.2598104834999809,-0.19733902322019992,-0.6425607503066921,7.462360504383514,2.336971262698029,-2.5765731659759594,-5.397972487881542,-4.499999999999993,207.5512928600687,False
1,5,10,0.49999999999998934,2.499999999999991,5.0,-0.13802001236051242,-0.02837764965820111,-0.407521596360938,8.087340892541617,2.336971262698029,-2.5765731659759594,-6.131402861212387,-5.000000000000004,236.0900861508712,False
1,5,11,0.49999999999998934,2.499999999999991,5.5,-0.014940753166656218,0.14237167494678404,-0.16999525560094098,8.712340654299645,2.336971262698029,-2.5765731659759594,-6.864833234543244,-5.500000000000016,270.90467816309683,False
1,5,12,0.49999999999998934,2.499999999999991,6.0,0.1094478598484161,0.31493748172841673,0.07005796112458662,9.337682329276365,2.336971262698029,-2.5765731659759594,-7.5982636078740455,-6.000000000000005,312.11857138664357,False
1,6,0,0.49999999999998934,3.0000000000000027,0.0,-1.4721581614556474,-1.8481476506525873,-2.8865172489957294,2.0144370599098904,2.7957642481480915,-3.2079144106619273,1.4976493169883254,0.0,270.2026776268075,False
1,6,1,0.49999999999998934,3.0000000000000027,0.5,-1.3619680014629627,-1.695123266987525,-2.67338416984495,2.68953962461973,2.7957642481480915,-3.2079144106619273,0.7642189436574798,-0.5000000000000115,244.8725468400301,False
1,6,2,0.49999999999998934,3.0000000000000027,1.0,-1.2506648095511552,-1.5405531824773555,-2.458098231308814,3.342573350102107,2.7957642481480915,-3.2079144106619273,0.030788570326656384,-1.000000000000023,225.07426333838714,False
1,6,3,0.49999999999998934,3.0000000000000027,1.5,-1.138231635995579,-1.3844138585305477,-2.240626648726635,3.985768245790644,2.7957642481480915,-3.2079144106619273,-0.7026418030042003,-1.5000000000000346,210.8287882734766,False
1,6,4,0.49999999999998934,3.0000000000000027,2.0,-1.024651185158823,-1.226681276176106,-2.0209359683629913,4.622785595174195,2.7957642481480915,-3.2079144106619273,-1.4360721763350126,-2.000000000000024,202.1679768765581,False
1,6,5,0.49999999999998934,3.0000000000000027,2.5,-0.9099058066211807,-1.0673309237462403,-1.7989920502520296,5.25560083448362,2.7957642481480915,-3.2079144106619273,-2.169502549665847,-2.5000000000000133,199.1447421605625,False
1,6,6,0.49999999999998934,3.0000000000000027,3.0,-0.7939774860367482,-0.9063377841779185,-1.5747600505110537,5.885487906056075,2.7957642481480915,-3.2079144106619273,-2.9029329229966705,-3.0000000000000027,201.82769854312292,False
1,6,7,0.49999999999998934,3.0000000000000027,3.5000000000000004,-0.6768478357053354,-0.7436763219197728,-1.3482044031043916,6.513352542578121,2.7957642481480915,-3.2079144106619273,-3.636363296327516,-3.500000000000014,210.29779418502616,False
1,6,8,0.49999999999998934,3.0000000000000027,4.0,-0.5584980848496374,-0.5793204694297782,-1.119288801037216,7.139880612286942,2.7957642481480915,-3.2079144106619273,-4.369793669658351,-4.000000000000026,224.646219445367,False
1,6,9,0.49999999999998934,3.0000000000000027,4.5,-0.43890906958705955,-0.41324361324878156,-0.8879761769588768,7.765615260265046,2.7957642481480915,-3.2079144106619273,-5.103224042989163,-4.500000000000015,244.97305765486072,False
1,6,10,0.49999999999998934,3.0000000000000027,5.0,-0.31806122258488945,-0.24541857963429892,-0.6542286831533961,8.391001371595785,2.7957642481480915,-3.2079144106619273,-5.836654416319997,-5.000000000000004,271.3863872636483,False
1,6,11,0.49999999999998934,3.0000000000000027,5.5,-0.19593456238692908,-0.07581761973818879,-0.4180076708949432,9.016413165309523,2.7957642481480915,-3.2079144106619273,-6.570084789650831,-5.500000000000016,304.0016732993165,False
1,6,12,0.49999999999998934,3.0000000000000027,6.0,-0.0725086823996246,0.09558760568873503,-0.17927366914438636,9.642172305189156,2.7957642481480915,-3.2079144106619273,-7.303515162981644,-6.000000000000005,342.9413532931285,False
2,-6,0,1.0000000000000009,-3.0000000000000027,0.0,0.8801401637850675,0.9606300434211124,0.2659986031970818,-1.4936414514139185,-2.6828253644389677,5.380717469824647,-2.5120457755377967,0.0,72.22328976152974,False
2,-6,1,1.0000000000000009,-3.0000000000000027,0.5,1.0021509183769512,1.1277688878604142,0.494973470549831,-0.8175030529581129,-2.6828253644389677,5.380717469824647,-3.2454761488686534,-0.5000000000000115,72.61086150344593,False
2,-6,2,1.0000000000000009,-3.0000000000000027,1.0,1.1253941048334049,1.29659600345568,0.7262612153505876,-0.16450492048187826,-2.6828253644389677,5.380717469824647,-3.978906522199488,-1.000000000000023,80.08524817055503,False
2,-6,3,1.0000000000000009,-3.0000000000000027,1.5,1.2498884911523567,1.467137099919913,0.9598970590833256,0.47813879412414995,-2.6828253644389677,5.380717469824647,-4.7123368955303,-1.5000000000000124,94.32610074835875,False
2,-6,4,1.0000000000000009,-3.0000000000000027,2.0,1.3756532283521083,1.6394184116542032,1.1959169420378335,1.1142527648666078,-2.6828253644389677,5.380717469824647,-5.445767268861146,-2.000000000000024,115.27643091006297,False
2,-6,5,1.0000000000000009,-3.0000000000000027,2.5,1.5027078602923738,1.8134667112011504,1.434357541740594,1.7458995628717666,-2.6828253644389677,5.380717469824647,-6.179197642191969,-2.5000000000000133,142.95115465519876,False
2,-6,6,1.0000000000000009,-3.0000000000000027,3.0,1.631072333799044,1.989309323114563,1.6752562919557623,2.3744088448863776,-2.6828253644389677,5.380717469824647,-6.912628015522804,-3.0000000000000027,177.4026199358009,False
2,-6,7,1.0000000000000009,-3.0000000000000027,3.5000000000000004,1.7607670091036975,2.166974138260236,1.918651402276761,3.000725728661746,-2.6828253644389677,5.380717469824647,-7.64605838885365,-3.500000000000014,218.7073293269928,False
2,-6,8,1.0000000000000009,-3.0000000000000027,4.0,1.8918126706094385,2.346489628563664,2.164581878330296,3.625565820427412,-2.6828253644389677,5.380717469824647,-8.379488762184451,-4.0000000000000036,266.95942524623786,False
2,-6,9,1.0000000000000009,-3.0000000000000027,4.5,2.024230537994842,2.527884862221069,2.4130875426147447,4.249495815063753,-2.6828253644389677,5.380717469824647,-9.112919135515284,-4.499999999999993,322.26704066973645,False
2,-6,10,1.0000000000000009,-3.0000000000000027,5.0,2.1580422776684927,2.7111895193906497,2.6642090559969303,4.872979945027112,-2.6828253644389677,5.380717469824647,-9.846349508846153,-5.000000000000027,384.7500805259112,False
2,-6,11,1.0000000000000009,-3.0000000000000027,5.5,2.293270014587373,2.8964339083821344,2.917987939891098,5.496408802781971,-2.6828253644389677,5.380717469824647,-10.579779882176954,-5.499999999999994,454.5388005779935,False
2,-6,12,1.0000000000000009,-3.0000000000000027,6.0,2.4299363444521993,3.0836489823628908,3.1744665991458367,6.120118256173468,-2.6828253644389677,5.380717469824647,-11.3132102555078,-6.000000000000005,531.7728680931149,False
2,-5,0,1.0000000000000009,-2.500000000000002,0.0,0.6886852624143847,0.7341626061148909,0.014990390171798484,-1.1770923971854752,-2.2218077547079718,4.689120375726308,-2.189166239798024,-1.1102230246251565e-14,47.03352235512812,False
2,-5,1,1.0000000000000009,-2.500000000000002,0.5,0.8097339320747576,0.9001634232310429,0.24270390972040423,-0.5008112730453651,-2.2218077547079718,4.689120375726308,-2.9225966131288583,-0.5000000000000115,45.26612035900779,False
2,-5,2,1.0000000000000009,-2.500000000000002,1.0,0.9320053155700891,1.0678410162776708,0.4727175658300997,0.15240930859765633,-2.2218077547079718,4.689120375726308,-3.656026986459693,-1.000000000000012,50.45021155874028,False
2,-5,3,1.0000000000000009,-2.500000000000002,1.5,1.0555180329080067,1.2372209199135897,0.7050663859612116,0.7953138523595804,-2.2218077547079718,4.689120375726308,-4.389457359790539,-1.5000000000000235,62.297313950085076,False
2,-5,4,1.0000000000000009,-2.500000000000002,2.0,1.1802910840963103,1.4083291899131545,0.9397861124201989,1.4317149064371648,-2.2218077547079718,4.689120375726308,-5.122887733121361,-2.000000000000013,80.75881621775513,False
2,-5,5,1.0000000000000009,-2.500000000000002,2.5,1.306343858886544,1.5811924165280933,1.1769132206890243,2.063668581670197,-2.2218077547079718,4.689120375726308,-5.856318106452196,-2.5000000000000133,105.85330661952557,False
2,-5,6,1.0000000000000009,-2.500000000000002,3.0,1.433696146818955,1.7558377382627832,1.4164849383214495,2.6925004049949353,-2.2218077547079718,4.689120375726308,-6.589748479783008,-3.0000000000000027,137.634804420367,False
2,-5,7,1.0000000000000009,-2.500000000000002,3.5000000000000004,1.5623681475796736,1.9322928560776165,1.6585392644267283,3.319152573328399,-2.2218077547079718,4.689120375726308,-7.323178853113854,-3.500000000000014,176.18040084003752,False
2,-5,8,1.0000000000000009,-2.500000000000002,4.0,1.692380481681649,2.1105860480363448,1.9031149897622945,3.944338484848542,-2.2218077547079718,4.689120375726308,-8.056609226444689,-4.000000000000014,221.58415343334084,False
2,-5,9,1.0000000000000009,-2.500000000000002,4.5,1.823754201481037,2.2907461844135,2.1502517174573854,4.56862308250332,-2.2218077547079718,4.689120375726308,-8.790039599775524,-4.500000000000015,273.9536492726429,False
2,-5,10,1.0000000000000009,-2.500000000000002,5.0,1.9565108025414613,2.4728027432788346,2.3999898843913736,5.1924691556630265,-2.2218077547079718,4.689120375726308,-9.523469973106335,-5.000000000000004,333.4079082263883,False
2,-5,11,1.0000000000000009,-2.500000000000002,5.5,2.0906722353591367,2.656785826576602,2.6523707832505847,5.816266071474785,-2.2218077547079718,4.689120375726308,-10.256900346437192,-5.500000000000016,400.076036795106,False
2,-5,12,1.0000000000000009,-2.500000000000002,6.0,2.2262609174621084,2.842726176717969,2.907436585289158,6.440348630591886,-2.2218077547079718,4.689120375726308,-10.990330719768027,-6.000000000000016,474.0963372405368,False
2,-4,0,1.0000000000000009,-2.0000000000000018,0.0,0.49911139972259877,0.5095516295621549,-0.23450344100299225,-0.8619424964673383,-1.760982875339967,4.003046202526672,-1.8688651390327604,-1.1102230246251565e-14,29.24758135004259,False
2,-4,1,1.0000000000000009,-2.0000000000000018,0.5,0.6192074369071349,0.6744237483036708,-0.008043659299489248,-0.18551222178082583,-1.760982875339967,4.003046202526672,-2.6022955123635727,-0.5000000000000004,25.39534724200149,False
2,-4,2,1.0000000000000009,-2.0000000000000018,1.0,0.7405165653763646,0.8409612419819801,0.2207035949464753,0.46793618580662777,-1.760982875339967,4.003046202526672,-3.3357258856944183,-1.000000000000012,28.36132959205828,False
2,-4,3,1.0000000000000009,-2.0000000000000018,1.5,0.8630572586016266,1.0091894716367011,0.45177315634213344,1.1111064831186734,-1.760982875339967,4.003046202526672,-4.0691562590252754,-1.5000000000000235,37.888573147225046,False
2,-4,4,1.0000000000000009,-2.0000000000000018,2.0,0.986848367063875,1.179134315879754,0.685200570405109,1.7477992672753073,-1.760982875339967,4.003046202526672,-4.8025866323561095,-2.000000000000024,53.93676232247797,False
2,-4,5,1.0000000000000009,-2.0000000000000018,2.5,1.11190912792061,1.350822184166317,0.9210221117918027,2.3800642824712837,-1.760982875339967,4.003046202526672,-5.536017005686922,-2.5000000000000133,76.52812834098992,False
2,-4,6,1.0000000000000009,-2.0000000000000018,3.0,1.2382591749717538,1.5242800304764603,1.1592748030897049,3.009222986315696,-1.760982875339967,4.003046202526672,-6.269447379017756,-3.0000000000000138,105.71835471919559,False
2,-4,7,1.0000000000000009,-2.0000000000000018,3.5000000000000004,1.3659185489353354,1.6995353674219338,1.3999964341937843,3.6362146982928722,-1.760982875339967,4.003046202526672,-7.00287775234859,-3.500000000000014,141.585126400767,False
2,-4,8,1.0000000000000009,-2.0000000000000018,4.0,1.4949077080443685,1.8766162807939135,1.6432255822885544,4.2617506419479145,-1.760982875339967,4.003046202526672,-7.736308125679425,-4.000000000000014,184.22242881177402,False
2,-4,9,1.0000000000000009,-2.0000000000000018,4.5,1.6252475389765486,2.0555514445677048,1.8890016324576042,4.8863940353989666,-1.760982875339967,4.003046202526672,-8.46973849901026,-4.500000000000015,233.73732118740043,False
2,-4,10,1.0000000000000009,-2.0000000000000018,5.0,1.7569593681290518,2.236370136381216,2.1373647989442244,5.510606247820005,-1.760982875339967,4.003046202526672,-9.203168872341083,-5.000000000000016,290.24796040981505,False
2,-4,11,1.0000000000000009,-2.0000000000000018,5.5,1.8900649732514263,2.4191022535049287,2.38835614708679,6.134775441018592,-1.760982875339967,4.003046202526672,-9.936599245671918,-5.500000000000016,353.882328987982,False
2,-4,12,1.0000000000000009,-2.0000000000000018,6.0,2.0245865954495734,2.603778329321443,2.642017615954273,6.75923536637697,-1.760982875339967,4.003046202526672,-10.67002961900274,-6.000000000000005,424.77739212860394,False
2,-3,0,1.0000000000000009,-1.5000000000000013,0.0,0.3113973862360786,0.28678145664163823,-0.48248875568126515,-0.5481841014330135,-1.3003492497601021,3.322448501830988,-1.5511207883097455,0.0,18.741849100278294,False
2,-3,1,1.0000000000000009,-1.5000000000000013,0.5,0.4305501369206821,0.45053412727802944,-0.2572751313379529,0.12840160454457017,-1.3003492497601021,3.322448501830988,-2.28455116164058,-0.5000000000000115,12.873689353401026,False
2,-3,2,1.0000000000000009,-1.5000000000000013,1.0,0.5509064507435157,0.6159408652945897,-0.029786621900262933,0.7820830903374931,-1.3003492497601021,3.322448501830988,-3.017981534971381,-0.9999999999999787,13.69247976211198,False
2,-3,3,1.0000000000000009,-1.5000000000000013,1.5,0.6724846560772407,0.7830268595346579,0.20001141555201496,1.4255239490517546,-1.3003492497601021,3.322448501830988,-3.75141190830226,-1.5000000000000124,20.972458079443104,False
2,-3,4,1.0000000000000009,-1.5000000000000013,2.0,0.7953034553429356,0.9518178128996357,0.43215433093748423,2.0625129980607726,-1.3003492497601021,3.322448501830988,-4.4848422816330835,-2.0000000000000018,34.681524783062336,False
2,-3,5,1.0000000000000009,-1.5000000000000013,2.5,0.9193819346011017,1.1223399555298885,0.6666781993012683,2.6950937067259817,-1.3003492497601021,3.322448501830988,-5.218272654963895,-2.499999999999991,54.8455254066668,False
2,-3,6,1.0000000000000009,-1.5000000000000013,3.0,1.04473957343926,1.294620058393453,0.9036198395038608,3.3245835226201947,-1.3003492497601021,3.322448501830988,-5.951703028294741,-3.0000000000000027,81.52180088091066,False
2,-3,7,1.0000000000000009,-1.5000000000000013,3.5000000000000004,1.1713962551669206,1.4686854472970468,1.1430168334909119,3.9519189303300672,-1.3003492497601021,3.322448501830988,-6.685133401625598,-3.500000000000014,114.7886349531671,False
2,-3,8,1.0000000000000009,-1.5000000000000013,4.0,1.2993722773292444,1.6445640173350429,1.3849075461653537,4.577809011507972,-1.3003492497601021,3.322448501830988,-7.418563774956399,-4.0000000000000036,154.73995351576806,False
2,-3,9,1.0000000000000009,-1.5000000000000013,4.5,1.4286883625508728,1.822284247792294,1.6293311458835003,5.202815285983964,-1.3003492497601021,3.322448501830988,-8.151994148287233,-4.499999999999993,201.4823057985483,False
2,-3,10,1.0000000000000009,-1.5000000000000013,5.0,1.5593656697221903,2.001875217517518,1.8763276255986783,5.827397725140004,-1.3003492497601021,3.322448501830988,-8.885424521618058,-5.000000000000004,255.13300746517325,False
2,-3,11,1.0000000000000009,-1.5000000000000013,5.5,1.691425805540825,2.1833666207848044,2.1259378246759164,6.451943304988772,-1.3003492497601021,3.322448501830988,-9.618854894948893,-5.499999999999994,315.818941942325,False
2,-3,12,1.0000000000000009,-1.5000000000000013,6.0,1.8248908364213612,2.366788783661322,2.3782034514029213,7.0767847451626675,-1.3003492497601021,3.322448501830988,-10.352285268279749,-6.000000000000005,383.67576492388446,False
2,-2,0,1.0000000000000009,-1.0000000000000009,0.0,0.12552227052022857,0.06583650483331649,-0.7289715248035344,-0.23580960653799554,-0.8399054268214301,2.6472810873281682,-1.235911625053332,0.0,15.394880647010789,False
2,-2,1,1.0000000000000009,-1.0000000000000009,0.5,0.2437409753972164,0.22847889932996468,-0.5049965073402329,0.4409376706100865,-0.8399054268214301,2.6472810873281682,-1.9693419983841665,-0.5000000000000004,7.57848543654138,False
2,-2,2,1.0000000000000009,-1.0000000000000009,1.0,0.3631538086062952,0.39276414629628165,-0.27875911596316194,1.0948573651373472,-0.8399054268214301,2.6472810873281682,-2.7027723717150343,-1.000000000000023,6.319750604472525,False
2,-2,3,1.0000000000000009,-1.0000000000000009,1.5,0.4837789548428756,0.558717263790165,-0.050224898277700936,1.7385734791667717,-0.8399054268214301,2.6472810873281682,-3.4362027450458466,-1.5000000000000124,11.4237795078533,False
2,-2,4,1.0000000000000009,-1.0000000000000009,2.0,0.6056349699186003,0.726363780442163,0.18064130122087962,2.3758632183384476,-0.8399054268214301,2.6472810873281682,-4.1696331183766695,-2.0000000000000018,22.866610587570076,False
2,-2,5,1.0000000000000009,-1.0000000000000009,2.5,0.7287407902771548,0.8957297485469917,0.4138753591758637,3.0087638672066763,-0.8399054268214301,2.6472810873281682,-4.903063491707515,-2.5000000000000133,40.67767564997159,False
2,-2,6,1.0000000000000009,-1.0000000000000009,3.0,0.853115742804364,1.0668417575601274,0.649513891955128,3.6385889214366474,-0.8399054268214301,2.6472810873281682,-5.63649386503835,-3.0000000000000138,64.91596641624061,False
2,-2,7,1.0000000000000009,-1.0000000000000009,3.5000000000000004,0.9787795549432432,1.2397269480138084,0.8875942748149845,4.26627207240815,-0.8399054268214301,2.6472810873281682,-6.369924238369162,-3.500000000000003,95.66037051255819,False
2,-2,8,1.0000000000000009,-1.0000000000000009,4.0,1.1057523651252343,1.4144130258680387,1.128154661662989,4.892520291960656,-0.8399054268214301,2.6472810873281682,-7.103354611700031,-4.000000000000026,133.00476675174713,False
2,-2,9,1.0000000000000009,-1.0000000000000009,4.5,1.2340547335290415,1.5909282773123756,1.3712340054413297,5.517893427630627,-0.8399054268214301,2.6472810873281682,-7.836784985030865,-4.500000000000027,177.05521195566234,False
2,-2,10,1.0000000000000009,-1.0000000000000009,5.0,1.3637076531791914,1.7693015840350712,1.6168720791541802,6.1428500749417525,-0.8399054268214301,2.6472810873281682,-8.570215358361688,-5.000000000000016,227.92820203335413,False
2,-2,11,1.0000000000000009,-1.0000000000000009,5.5,1.4947325613970663,1.9495624389770538,1.865109497562406,6.7677760432341305,-0.8399054268214301,2.6472810873281682,-9.303645731692512,-5.500000000000016,285.7495458798454,False
2,-2,12,1.0000000000000009,-1.0000000000000009,6.0,1.627151351617262,2.131740962588635,2.115987739570718,7.393003037524037,-0.8399054268214301,2.6472810873281682,-10.037076105023345,-6.000000000000016,350.6536168144857,False
2,-1,0,1.0000000000000009,-0.5000000000000004,0.0,-0.05853466236170335,-0.15329873139774963,-0.9739578201859167,0.07518855142478742,-0.3796499802886766,1.9774980396210173,-0.9232162112994491,0.0,19.087371662597363,False
2,-1,1,1.0000000000000009,-0.5000000000000004,0.5,0.058759133304819855,0.00824248100728675,-0.7512138896340892,0.7521034019237538,-0.3796499802886766,1.9774980396210173,-1.6566465846302947,-0.5000000000000115,9.389233517834231,False
2,-1,2,1.0000000000000009,-0.5000000000000004,1.0,0.17723771478616035,0.171415422830562,-0.5262200203898115,1.4062663166923839,-0.3796499802886766,1.9774980396210173,-2.390076957961129,-1.000000000000012,6.121409222666919,False
2,-1,3,1.0000000000000009,-0.5000000000000004,1.5,0.2969191245058872,0.3362449427434022,-0.29894194942733376,2.0502622685465433,-0.3796499802886766,1.9774980396210173,-3.1235073312919415,-1.5000000000000013,9.119546514232525,False
2,-1,4,1.0000000000000009,-0.5000000000000004,2.0,0.417821773100302,0.5027563965329163,-0.06934471447542778,2.6878570161690707,-0.3796499802886766,1.9774980396210173,-3.856937704622776,-2.0000000000000018,18.367745221216644,False
2,-1,5,1.0000000000000009,-0.5000000000000004,2.5,0.5399644488597866,0.6709756601048777,0.16260736391187636,3.3210817475930243,-0.3796499802886766,1.9774980396210173,-4.590368077953633,-2.5000000000000133,33.89899598156,False
2,-1,6,1.0000000000000009,-0.5000000000000004,3.0,0.6633663274621643,0.8409291428889298,0.39695070083926587,3.9512460635715785,-0.3796499802886766,1.9774980396210173,-5.323798451284456,-3.0000000000000138,55.77393488664236,False
2,-1,7,1.0000000000000009,-0.5000000000000004,3.5000000000000004,0.7880469820085972,1.012643801660379,0.6337224661285723,4.5792809031453,-0.3796499802886766,1.9774980396210173,-6.05722882461529,-3.500000000000014,84.07205850698256,False
2,-1,8,1.0000000000000009,-0.5000000000000004,4.0,0.9140263933732212,1.186147154794015,0.8729606039730053,5.205891159776566,-0.3796499802886766,1.9774980396210173,-6.790659197946147,-4.000000000000026,118.88721088768807,False
2,-1,9,1.0000000000000009,-0.5000000000000004,4.5,1.0413249608778041,1.3614672969657127,1.1147038532084652,5.8316350341719,-0.3796499802886766,1.9774980396210173,-7.524089571276948,-4.5000000000000036,160.32497380612062,False
2,-1,10,1.0000000000000009,-0.5000000000000004,5.0,1.1699635133034736,1.5386329143181665,1.3589917682253538,6.456969767470966,-0.3796499802886766,1.9774980396210173,-8.257519944607793,-5.000000000000016,208.5010445787689,False
2,-1,11,1.0000000000000009,-0.5000000000000004,5.5,1.2999633202521648,1.7176733001082078,1.6058647405440107,7.082280021054355,-0.3796499802886766,1.9774980396210173,-8.99095031793864,-5.500000000000027,263.5401817642961,False
2,-1,12,1.0000000000000009,-0.5000000000000004,6.0,1.431346103870526,1.898618370853461,1.8553640210788203,7.707896502079037,-0.3796499802886766,1.9774980396210173,-9.724380691269442,-6.000000000000005,325.5755030461364,False
2,0,0,1.0000000000000009,0.0,0.0,-0.24079389245119653,-0.3706396782992172,-1.2174538099429866,0.3848178932786217,0.08041849166195991,1.3130537107728824,-0.6130132358182938,0.0,29.70212658543302,False
2,0,1,1.0000000000000009,0.0,0.5,-0.1244159723127608,-0.2101906314564972,-0.9959334773296358,1.061906184691841,0.08041849166195991,1.3130537107728824,-1.3464436091491394,-0.5000000000000115,18.187558836417157,False
2,0,2,1.0000000000000009,0.0,1.0,-0.006862517627467812,-0.048120887170916005,-0.7721755655989759,1.7163172148275674,0.08041849166195991,1.3130537107728824,-2.079873982479985,-1.000000000000023,12.977868999500297,False
2,0,3,1.0000000000000009,0.0,1.5,0.11188437314599564,0.11559423522922163,-0.5461459999421214,2.3605974780818384,0.08041849166195991,1.3130537107728824,-2.8133043558108084,-1.5000000000000124,13.938933986107704,False
2,0,4,1.0000000000000009,0.0,2.0,0.2318429668865335,0.28097992010284734,-0.31781001014590804,2.9985014477989402,0.08041849166195991,1.3130537107728824,-3.5467347291416207,-2.0000000000000018,21.06283991878554,False
2,0,5,1.0000000000000009,0.0,2.5,0.35303190517825545,0.4480618684110649,-0.08713211276203947,3.6320543020791574,0.08041849166195991,1.3130537107728824,-4.280165102472456,-2.499999999999991,34.386109403381056,False
2,0,6,1.0000000000000009,0.0,3.0,0.4754702139678407,0.6168663110317496,0.14592390727528048,4.2625618026538525,0.08041849166195991,1.3130537107728824,-5.01359547580329,-3.0000000000000027,53.97101667473285,False
2,0,7,1.0000000000000009,0.0,3.5000000000000004,0.5991773135220757,0.7874200224878725,0.3813950156031143,4.890952176290031,0.08041849166195991,1.3130537107728824,-5.747025849134124,-3.499999999999992,79.89767229905682,False
2,0,8,1.0000000000000009,0.0,4.0,0.7241730286966647,0.9597503351049863,0.6193189479760552,5.517928268882044,0.08041849166195991,1.3130537107728824,-6.480456222464969,-4.0000000000000036,112.25989772167462,False
2,0,9,1.0000000000000009,0.0,4.5,0.8504775995275493,1.1338851536133898,0.8597342304261957,6.144046659252056,0.08041849166195991,1.3130537107728824,-7.213886595795782,-4.499999999999993,151.16281680569395,False
2,0,10,1.0000000000000009,0.0,5.0,0.9781116921566357,1.309852970211356,1.1026802000600189,6.769763255183658,0.08041849166195991,1.3130537107728824,-7.947316969126639,-5.000000000000004,196.7213491374736,False
2,0,11,1.0000000000000009,0.0,5.5,1.1070964101045522,1.4876828801066555,1.348197026515363,7.395461588412622,0.08041849166195991,1.3130537107728824,-8.680747342457472,-5.500000000000016,249.05922678263676,False
2,0,12,1.0000000000000009,0.0,6.0,1.2374533059029802,1.6674045975540286,1.59632573410321,8.021471384627787,0.08041849166195991,1.3130537107728824,-9.414177715788307,-6.000000000000005,308.3083381319548,False
2,1,0,1.0000000000000009,0.49999999999998934,0.0,-0.421275666567969,-0.5862016807038795,-1.4594657540513367,0.693085897461776,0.5403013669352363,0.6539027284716337,-0.3052815160583977,-2.220446049250313e-14,47.12402696075229,False
2,1,1,1.0000000000000009,0.49999999999998934,0.5,-0.30580469001806054,-0.42683586000389906,-1.2391615618606355,1.370353365736876,0.5403013669352363,0.6539027284716337,-1.0387118893892322,-0.5000000000000115,33.85718197768301,False
2,1,2,1.0000000000000009,0.49999999999998934,1.0,-0.18916733996764412,-0.2658602835392654,-1.0166320747993285,2.0250172925557086,0.5403013669352363,0.6539027284716337,-1.7721422627200667,-1.000000000000023,26.771657510499033,False
2,1,3,1.0000000000000009,0.49999999999998934,1.5,-0.07134585438372254,-0.10325043726281957,-0.7918434051282619,2.669586234256527,0.5403013669352363,0.6539027284716337,-2.50557263605089,-1.5000000000000124,25.763250302310084,False
2,1,4,1.0000000000000009,0.49999999999998934,2.0,0.04767789125717237,0.06101869315931485,-0.5647609735217718,3.30780353738378,0.5403013669352363,0.6539027284716337,-3.2390030093817135,-2.0000000000000018,30.83195911591941,False
2,1,5,1.0000000000000009,0.49999999999998934,2.5,0.16792239326361702,0.22697263517551525,-0.33534949133470215,3.9416884550365294,0.5403013669352363,0.6539027284716337,-3.972433382712548,-2.5000000000000133,42.01781222003157,False
2,1,6,1.0000000000000009,0.49999999999998934,3.0,0.2894065293113729,0.3946374425733312,-0.10357294232095637,4.57254296473717,0.5403013669352363,0.6539027284716337,-4.7058637560433825,-3.0000000000000027,59.38471595047977,False
2,1,7,1.0000000000000009,0.49999999999998934,3.5000000000000004,0.41214956832334726,0.5640397091151661,0.13060543621622456,5.201292620262787,0.5403013669352363,0.6539027284716337,-5.439294129374206,-3.500000000000014,83.01339990204067,False
2,1,8,1.0000000000000009,0.49999999999998934,4.0,0.5361711806583597,0.7352065826001286,0.36722317286319583,5.8286382501377965,0.5403013669352363,0.6539027284716337,-6.172724502705062,-4.000000000000026,112.99767494304211,False
2,1,9,1.0000000000000009,0.49999999999998934,4.5,0.661491448619933,0.9081657793676701,0.6063185821452044,6.455134835741516,0.5403013669352363,0.6539027284716337,-6.906154876035897,-4.500000000000015,149.44222392013344,False
2,1,10,1.0000000000000009,0.49999999999998934,5.0,0.7881308772968776,1.0829455992590775,0.8479307852091278,7.0812369720950175,0.5403013669352363,0.6539027284716337,-7.6395852493667205,-5.000000000000027,192.46120925463023,False
2,1,11,1.0000000000000009,0.49999999999998934,5.5,0.91611040574818,1.259574941054098,1.0920997311626157,7.7073270792166415,0.5403013669352363,0.6539027284716337,-8.373015622697555,-5.500000000000016,242.17736001387243,False
2,1,12,1.0000000000000009,0.49999999999998934,6.0,1.0454514185447128,1.4380833184001296,1.3388662190943312,8.333733917362519,0.5403013669352363,0.6539027284716337,-9.106445996028379,-6.000000000000005,298.7213612481602,False
2,2,0,1.0000000000000009,1.0000000000000009,0.0,-0.6000000000014716,-0.8000000000001117,-1.6999999999983584,1.0000000000000897,1.0000000000000009,0.0,0.0,0.0,71.23999999994182,False
2,2,1,1.0000000000000009,1.0000000000000009,0.5,-0.4854271356798695,-0.6417085427136815,-1.4809045226114148,1.6774522523911317,1.0000000000000009,0.0,-0.7334303733308456,-0.5000000000000115,56.28388722407162,False
2,2,2,1.0000000000000009,1.0000000000000009,1.0,-0.369696969698452,-0.4818181818182887,-1.2595959595942952,2.3323737459047145,1.0000000000000009,0.0,-1.4668607466617023,-1.000000000000023,47.38738465368343,False
2,2,3,1.0000000000000009,1.0000000000000009,1.5,-0.25279187817407733,-0.3203045685280348,-1.0360406091353913,2.9772356289130553,1.0000000000000009,0.0,-2.2002911199925146,-1.5000000000000124,44.47590523406629,False
2,2,4,1.0000000000000009,1.0000000000000009,2.0,-0.13469387755252193,-0.15714285714296672,-0.8102040816309775,3.6157702766937083,1.0000000000000009,0.0,-2.933721493323349,-2.000000000000013,47.557288115220075,False
2,2,5,1.0000000000000009,1.0000000000000009,2.5,-0.01538461538612701,0.007692307692197531,-0.5820512820496004,4.249991100660355,1.0000000000000009,0.0,-3.6671518666541836,-2.5000000000000133,56.67504146426674,False
2,2,6,1.0000000000000009,1.0000000000000009,3.0,0.10515463917374346,0.17422680412360614,-0.3515463917508732,4.881196347887706,1.0000000000000009,0.0,-4.400582239984995,-3.0000000000000027,71.8946978509146,False
2,2,7,1.0000000000000009,1.0000000000000009,3.5000000000000004,0.22694300517982213,0.34248704663201734,-0.11865284973923695,5.510308937684316,1.0000000000000009,0.0,-5.134012613315853,-3.500000000000014,93.29761090881232,False
2,2,8,1.0000000000000009,1.0000000000000009,4.0,0.3499999999984654,0.512499999999888,0.11666666666838021,6.138027710807359,1.0000000000000009,0.0,-5.867442986646676,-4.000000000000014,120.97759280586239,False
2,2,9,1.0000000000000009,1.0000000000000009,4.5,0.47434554973668497,0.6842931937171615,0.35445026178183014,6.764906075143595,1.0000000000000009,0.0,-6.600873359977511,-4.500000000000015,155.03890203850753,False
2,2,10,1.0000000000000009,1.0000000000000009,5.0,0.5999999999984545,0.8578947368419909,0.5947368421069965,7.3913973331226845,1.0000000000000009,0.0,-7.334303733308345,-5.000000000000016,195.59496413313084,False
2,2,11,1.0000000000000009,1.0000000000000009,5.5,0.7269841269825689,1.033333333333214,0.8375661375678856,8.017882810595921,1.0000000000000009,0.0,-8.067734106639179,-5.500000000000016,242.76752830843122,False
2,2,12,1.0000000000000009,1.0000000000000009,6.0,0.8553191489346051,1.210638297872224,1.082978723406014,8.644690318076886,1.0000000000000009,0.0,-8.801164479970014,-6.000000000000016,296.68610183974266,False
2,3,0,1.0000000000000009,1.4999999999999902,0.0,-0.7769866782611545,-1.0120498122393629,-1.9390629785863533,1.3055675945147227,1.459515722370508,-0.6486992841440609,0.3028522321543825,0.0,101.93898737331033,False
2,3,1,1.0000000000000009,1.4999999999999902,0.5,-0.6633031942323175,-0.8548239318988571,-1.7211688226998534,1.9832101124286128,1.459515722370508,-0.6486992841440609,-0.4305781411764742,-0.5000000000000115,85.35549113775348,False
2,3,2,1.0000000000000009,1.4999999999999902,1.0,-0.5484713921829809,-0.6960099113528906,-1.5010737157437892,2.638393733785005,1.459515722370508,-0.6486992841440609,-1.1640085145072865,-1.0000000000000009,74.71171100995613,False
2,3,3,1.0000000000000009,1.4999999999999902,1.5,-0.4324737850367022,-0.535583565725245,-1.2787441406968136,3.283552719059868,1.459515722370508,-0.6486992841440609,-1.897438887838121,-1.5000000000000124,69.96237807553767,False
2,3,4,1.0000000000000009,1.4999999999999902,2.0,-0.3152925288379127,-0.3735202165707774,-1.054145896516695,3.9224086248630607,1.459515722370508,-0.6486992841440609,-2.6308692611689777,-2.000000000000024,71.12310098070205,False
2,3,5,1.0000000000000009,1.4999999999999902,2.5,-0.1969094136011873,-0.20979467921985462,-0.8272440806013914,4.556969102661901,1.459515722370508,-0.6486992841440609,-3.364299634499812,-2.5000000000000133,78.24084254977475,False
2,3,6,1.0000000000000009,1.4999999999999902,3.0,-0.0773058538774768,-0.04438124973129565,-0.5980030707075756,5.18852872181963,1.459515722370508,-0.6486992841440609,-4.097730007830636,-3.000000000000025,91.38275588605482,False
2,3,7,1.0000000000000009,1.4999999999999902,3.5000000000000004,0.04353712097289464,0.12274630856025648,-0.3663865063071092,5.818007804953695,1.459515722370508,-0.6486992841440609,-4.831160381161492,-3.5000000000000364,110.6308236459951,False
2,3,8,1.0000000000000009,1.4999999999999902,4.0,0.16563887681129152,0.2916147789173318,-0.1323572693607833,6.44610323407655,1.459515722370508,-0.6486992841440609,-5.564590754492304,-4.000000000000026,136.07887102649636,False
2,3,9,1.0000000000000009,1.4999999999999902,4.5,0.28901918506686053,0.4622515055085208,0.10412253551167483,7.073366867054376,1.459515722370508,-0.6486992841440609,-6.298021127823128,-4.500000000000015,167.83074860953215,False
2,3,10,1.0000000000000009,1.4999999999999902,5.0,0.41369823340931255,0.634684408169095,0.3430916014880492,7.70025073348497,1.459515722370508,-0.6486992841440609,-7.031451501153974,-5.000000000000027,205.99916500410157,False
2,3,11,1.0000000000000009,1.4999999999999902,5.5,0.5396966367606809,0.8089419976303025,0.5845894406493635,8.327135082236502,1.459515722370508,-0.6486992841440609,-7.764881874484786,-5.500000000000016,250.7049123883066,False
2,3,12,1.0000000000000009,1.4999999999999902,6.0,0.6670354486583457,0.9850533912347192,0.8286564057592039,8.954346789434208,1.459515722370508,-0.6486992841440609,-8.498312247815642,-6.0000000000000275,302.076345445688,False
2,4,0,1.0000000000000009,2.0000000000000018,0.0,-0.9522552588771299,-1.2223662063662877,-2.176661199822866,1.6097960322536187,1.918849843061099,-1.2922396468837305,0.6032959664099335,0.0,139.11191424635228,False
2,4,1,1.0000000000000009,2.0000000000000018,0.5,-0.8394525214845544,-1.0661971923279279,-1.9599610048470995,2.2876341740224015,1.918849843061099,-1.2922396468837305,-0.13013440692090095,-0.5000000000000115,120.96181138596397,False
2,4,2,1.0000000000000009,2.0000000000000018,1.0,-0.7255103625021492,-0.9084507135012965,-1.741071919012993,2.943084377884686,1.918849843061099,-1.2922396468837305,-0.8635647802517576,-1.000000000000023,108.63331644557849,False
2,4,3,1.0000000000000009,2.0000000000000018,1.5,-0.6104114303321084,-0.7491027475799883,-1.519960608957227,3.5885445267080707,1.918849843061099,-1.2922396468837305,-1.5969951535825588,-1.5000000000000013,102.1101860160057,False
2,4,4,1.0000000000000009,2.0000000000000018,2.0,-0.4941380192623773,-0.5881287820064085,-1.2965930610437437,4.22772550817101,1.918849843061099,-1.2922396468837305,-2.3304255269134155,-2.000000000000024,101.41572867352478,False
2,4,5,1.0000000000000009,2.0000000000000018,2.5,-0.376672060386804,-0.42550380140131683,-1.070934563920889,4.862629293994436,1.918849843061099,-1.2922396468837305,-3.063855900244239,-2.5000000000000133,106.60033716493761,False
2,4,6,1.0000000000000009,2.0000000000000018,3.0,-0.2579951122444607,-0.2612022746044107,-0.8429496905390299,5.494546827565605,1.918849843061099,-1.2922396468837305,-3.7972862735750734,-3.0000000000000138,117.73277958551333,False
2,4,7,1.0000000000000009,2.0000000000000018,3.5000000000000004,-0.13808835116801144,-0.09519814131220272,-0.6126022796091923,6.124395871863486,1.918849843061099,-1.2922396468837305,-4.530716646905908,-3.500000000000014,134.8956725685126,False
2,4,8,1.0000000000000009,2.0000000000000018,4.0,-0.016932561330348928,0.07253520170178995,-0.37985541648214993,6.7528713786123795,1.918849843061099,-1.2922396468837305,-5.264147020236731,-4.000000000000014,158.18286592133606,False
2,4,9,1.0000000000000009,2.0000000000000018,4.5,0.10549187552133521,0.24202491479970445,-0.14467141342708323,7.380523678663953,1.918849843061099,-1.2922396468837305,-5.997577393567566,-4.500000000000015,187.6978185178372,False
2,4,10,1.0000000000000009,2.0000000000000018,5.0,0.22920499065565425,0.41329873014075424,0.09298821071277996,8.007803548142833,1.918849843061099,-1.2922396468837305,-6.731007766898389,-5.000000000000004,223.5525417371037,False
2,4,11,1.0000000000000009,2.0000000000000018,5.5,0.35422723928345834,0.5863849668081622,0.333162751510202,8.635090175761384,1.918849843061099,-1.2922396468837305,-7.464438140229223,-5.500000000000005,265.8668931866242,False
2,4,12,1.0000000000000009,2.0000000000000018,6.0,0.48057951183283765,0.7613125464188464,0.5758923406139815,9.262709518284428,1.918849843061099,-1.2922396468837305,-8.197868513560069,-6.000000000000016,314.76809976339655,False
2,5,0,1.0000000000000009,2.499999999999991,0.0,-1.125825073217951,-1.4309641825354213,-2.412801248935165,1.9126926221058271,2.378003649047078,-1.9306653214213987,0.9013518535125886,0.0,182.65165857027586,False
2,5,1,1.0000000000000009,2.499999999999991,0.5,-1.0138945459476911,-1.2758433995330887,-2.1972876873720235,2.5907316256877033,2.378003649047078,-1.9306653214213987,0.16792148018172082,-0.5000000000000115,162.99463581974646,False
2,5,2,1.0000000000000009,2.499999999999991,1.0,-0.9008334072908575,-1.119155739934763,-1.9795972211466284,3.246452762551799,2.378003649047078,-1.9306653214213987,-0.5655088931490915,-1.0000000000000009,149.0428689674858,False
2,5,3,1.0000000000000009,2.499999999999991,1.5,-0.7866244398151756,-0.9608773426755535,-1.7596966994265661,3.892218038697637,2.378003649047078,-1.9306653214213987,-1.2989392664799149,-1.4999999999999902,140.80885276445755,False
2,5,4,1.0000000000000009,2.499999999999991,2.0,-0.6712500747121958,-0.8009838597300145,-1.537552294831801,4.531727819812992,2.378003649047078,-1.9306653214213987,-2.0323696398107494,-2.0000000000000018,138.32352743974383,False
2,5,5,1.0000000000000009,2.499999999999991,2.5,-0.5546923827876471,-0.6394504436260662,-1.31312948608735,5.166978476570971,2.378003649047078,-1.9306653214213987,-2.765800013141595,-2.5000000000000133,141.64069141826792,False
2,5,6,1.0000000000000009,2.499999999999991,3.0,-0.4369330651731451,-0.47625173457258585,-1.0863930401393385,5.799257377141576,2.378003649047078,-1.9306653214213987,-3.4992303864724073,-3.0000000000000027,150.83072239651557,False
2,5,7,1.0000000000000009,2.499999999999991,3.5000000000000004,-0.3179534437491749,-0.3113618471869528,-0.8573069937152011,6.4294797612103105,2.378003649047078,-1.9306653214213987,-4.2326607598032755,-3.500000000000014,165.97687590526067,False
2,5,8,1.0000000000000009,2.499999999999991,4.0,-0.19773445126870515,-0.14475435680772475,-0.6258346343074594,7.058338678118892,2.378003649047078,-1.9306653214213987,-4.966091133134077,-4.0000000000000036,187.1730377953923,False
2,5,9,1.0000000000000009,2.499999999999991,4.5,-0.0762566211706256,0.02359771462259741,-0.3919384805603776,7.686382954256099,2.378003649047078,-1.9306653214213987,-5.699521506464899,-4.499999999999993,214.52229121080723,False
2,5,10,1.0000000000000009,2.499999999999991,5.0,0.04649992292847516,0.1937219131206147,-0.15558026203700837,8.314062131242084,2.378003649047078,-1.9306653214213987,-6.432951879795756,-5.000000000000004,248.13596970064668,False
2,5,11,1.0000000000000009,2.499999999999991,5.5,0.17055547807623972,0.3656463676873889,0.08327910165591978,8.941754354113618,2.378003649047078,-1.9306653214213987,-7.16638225312659,-5.500000000000016,288.13301843728226,False
2,5,12,1.0000000000000009,2.499999999999991,6.0,0.2959307731723898,0.5393998058133842,0.3246795224094101,9.56978467498535,2.378003649047078,-1.9306653214213987,-7.899812626457425,-6.000000000000005,334.63956096287103,False
2,6,0,1.0000000000000009,3.0000000000000027,0.0,-1.297715228353552,-1.6378586505752635,-2.647489782492085,2.2142646306522185,2.836978405710444,-2.5640202483901975,1.1970404076190766,0.0,232.4530206387619,False
2,6,1,1.0000000000000009,3.0000000000000027,0.5,-1.1866484707070883,-1.4837775382665952,-2.4331555602935486,2.8925096162628616,2.836978405710444,-2.5640202483901975,0.463610034288231,-0.5000000000000004,211.34769181823467,False
2,6,2,1.0000000000000009,3.0000000000000027,1.0,-1.0744598266197474,-1.3281400510861185,-2.2166563459515953,3.5485059347172943,2.836978405710444,-2.5640202483901975,-0.2698203390426035,-1.000000000000012,195.83299384372842,False
2,6,3,1.0000000000000009,3.0000000000000027,1.5,-0.961132211526447,-1.1709224878936664,-1.997959170042729,4.1945802065649795,2.836978405710444,-2.5640202483901975,-1.003250712373438,-1.5000000000000124,185.94987743896453,False
2,6,4,1.0000000000000009,3.0000000000000027,2.0,-0.8466481921975022,-1.0121006638523,-1.7770303902980455,4.834422419716078,2.836978405710444,-2.5640202483901975,-1.7366810857042725,-2.000000000000013,181.73684746262668,False
2,6,5,1.0000000000000009,3.0000000000000027,2.5,-0.7309899777985185,-0.8516498980259024,-1.5538356743508563,5.470023421027204,2.836978405710444,-2.5640202483901975,-2.470111459035096,-2.500000000000002,183.25108424819487,False
2,6,6,1.0000000000000009,3.0000000000000027,3.0,-0.6141394106737641,-0.6895450005930448,-1.3283399819505937,6.102667053257571,2.836978405710444,-2.5640202483901975,-3.2035418323659526,-3.000000000000025,190.56456984605782,False
2,6,7,1.0000000000000009,3.0000000000000027,3.5000000000000004,-0.49607795684306066,-0.5257602596634714,-1.10050754662393,6.73326606845428,2.836978405710444,-2.5640202483901975,-3.936972205696787,-3.5000000000000253,203.76120356879937,False
2,6,8,1.0000000000000009,3.0000000000000027,4.0,-0.37678669620162253,-0.360269427682558,-0.8703018567625842,7.362511640943703,2.836978405710444,-2.5640202483901975,-4.670402579027622,-4.000000000000026,222.93491859475427,False
2,6,9,1.0000000000000009,3.0000000000000027,4.5,-0.2562463124120923,-0.19304570740864557,-0.6376856361173633,7.990951114760936,2.836978405710444,-2.5640202483901975,-5.403832952358467,-4.500000000000037,248.18843808916563,False
2,6,10,1.0000000000000009,3.0000000000000027,5.0,-0.13443708247742048,-0.024061737447639286,-0.4026208236758755,8.619032815610073,2.836978405710444,-2.5640202483901975,-6.137263325689268,-5.000000000000016,279.63243688626756,False
2,6,11,1.0000000000000009,3.0000000000000027,5.5,-0.011338865982596369,0.14671042267168644,-0.16506855290167044,9.247133860995094,2.836978405710444,-2.5640202483901975,-6.870693699020103,-5.500000000000016,317.3849695279479,False
2,6,12,1.0000000000000009,3.0000000000000027,6.0,0.11306890600685793,0.3192993078986628,0.07501086968927928,9.875578412781817,2.836978405710444,-2.5640202483901975,-7.6041240723509596,-6.0000000000000275,361.57108026409276,False
3,-6,0,1.4999999999999902,-3.0000000000000027,0.0,1.0648844370746313,1.1788063591741615,0.5072988329222705,-1.3113197378351593,-2.6439990439814154,6.0468566823848935,-2.8230400256943122,-2.220446049250313e-14,84.25036976659837,False
3,-6,1,1.4999999999999902,-3.0000000000000027,0.5,1.187823554848877,1.347041567009205,0.7374862642434865,-0.6319650227387896,-2.6439990439814154,6.0468566823848935,-3.5564703990251467,-0.5000000000000115,89.34947527458019,False
3,-6,2,1.4999999999999902,-3.0000000000000027,1.0,1.312004481893572,1.5169761203779497,0.9699988211336052,0.024057301649094143,-2.6439990439814154,6.0468566823848935,-4.2899007723559475,-1.0000000000000009,101.61230457713212,False
3,-6,3,1.4999999999999902,-3.0000000000000027,1.5,1.437446129009781,1.6886358976387406,1.2048719115962059,0.6696366562990663,-2.6439990439814154,6.0468566823848935,-5.023331145686805,-1.5000000000000124,120.73482962906427,False
3,-6,4,1.4999999999999902,-3.0000000000000027,2.0,1.5641677929332964,1.8620473052797626,1.4421416662472097,1.30862846214721,-2.6439990439814154,6.0468566823848935,-5.756761519017628,-2.0000000000000018,146.66575190617385,False
3,-6,5,1.4999999999999902,-3.0000000000000027,2.5,1.69218916623039,2.037237291460686,1.681844956843348,1.943111795177721,-2.6439990439814154,6.0468566823848935,-6.49019189234844,-2.499999999999991,179.4238456733459,False
3,-6,6,1.4999999999999902,-3.0000000000000027,3.0,1.8215303474996225,2.214233359973372,1.9240194153837875,2.5744269187814917,-2.6439990439814154,6.0468566823848935,-7.2236222656793085,-3.000000000000025,219.0646543335854,False
3,-6,7,1.4999999999999902,-3.0000000000000027,3.5000000000000004,1.9522118518908116,2.393063584636451,2.168703453805454,3.203526476249663,-2.6439990439814154,6.0468566823848935,-7.95705263901011,-3.499999999999992,265.6675890136854,False
3,-6,8,1.4999999999999902,-3.0000000000000027,4.0,2.084254621952736,2.573756624139756,2.415936284294029,3.8311317690492563,-2.6439990439814154,6.0468566823848935,-8.690483012340945,-4.0000000000000036,319.32957388450166,False
3,-6,9,1.4999999999999902,-3.0000000000000027,4.5,2.2176800388216122,2.756341737355145,2.6657579402327434,4.457814006015348,-2.6439990439814154,6.0468566823848935,-9.423913385671812,-4.500000000000015,380.1614771805601,False
3,-6,10,1.4999999999999902,-3.0000000000000027,5.0,2.352509933762775,2.940848799130702,2.9182092978129184,5.084041125675909,-2.6439990439814154,6.0468566823848935,-10.157343759002636,-5.000000000000027,448.2859377255062,False
3,-6,11,1.4999999999999902,-3.0000000000000027,5.5,2.488766600078973,3.127308316586419,3.1733320983304503,5.7102068500860526,-2.6439990439814154,6.0468566823848935,-10.890774132333437,-5.499999999999994,523.8359715320204,False
3,-6,12,1.4999999999999902,-3.0000000000000027,6.0,2.626472805398544,3.3157514459299597,3.4311689711939097,6.3366497519394605,-2.6439990439814154,6.0468566823848935,-11.624204505664304,-6.0000000000000275,606.9540508229724,False
3,-5,0,1.4999999999999902,-2.500000000000002,0.0,0.8725592746174321,0.9516698850521144,0.2560779182866679,-0.9934229052587229,-2.1827953653813736,5.353357297682093,-2.499272385142537,0.0,54.94391901295723,False
3,-5,1,1.4999999999999902,-2.500000000000002,0.5,0.9945319342888753,1.1187637035699638,0.4850029329514227,-0.31393175853962063,-2.1827953653813736,5.353357297682093,-3.2327027584733714,-0.5000000000000115,57.84812903487118,False
3,-5,2,1.4999999999999902,-2.500000000000002,1.0,1.1177366410277112,1.2875453384364854,0.7162403215016877,0.34230774397783215,-2.1827953653813736,5.353357297682093,-3.966133131804206,-1.0000000000000009,67.77917170744664,False
3,-5,3,1.4999999999999902,-2.500000000000002,1.5,1.2421921569720162,1.4580404924386947,0.9498252977529542,0.9881430978360362,-2.1827953653813736,5.353357297682093,-4.6995635051350515,-1.5000000000000124,84.46522777047423,False
3,-5,4,1.4999999999999902,-2.500000000000002,2.0,1.3679176271606446,1.6302753929103242,1.1857937941700647,1.6274174274745201,-2.1827953653813736,5.353357297682093,-5.432993878465863,-2.0000000000000018,107.86346609967842,False
3,-5,5,1.4999999999999902,-2.500000000000002,2.5,1.4949325893512082,1.8042768051816593,1.4241824802940117,2.262203257110551,-2.1827953653813736,5.353357297682093,-6.166424251796698,-2.5000000000000133,137.99637279359402,False
3,-5,6,1.4999999999999902,-2.500000000000002,3.0,1.6232569841416855,1.9800720464454913,1.6650287817388365,2.8938366612274002,-2.1827953653813736,5.353357297682093,-6.8998546251275545,-3.000000000000025,174.92118039980488,False
3,-5,7,1.4999999999999902,-2.500000000000002,3.5000000000000004,1.752911165406662,2.157689000054014,1.9083708997789217,3.5232673198639874,-2.1827953653813736,5.353357297682093,-7.6332849984583895,-3.500000000000014,218.71789469112161,False
3,-5,8,1.4999999999999902,-2.500000000000002,4.0,1.8839159110598191,2.337156130262624,2.154247831548611,4.151214293763172,-2.1827953653813736,5.353357297682093,-8.366715371789201,-4.0000000000000036,269.48335357827193,False
3,-5,9,1.4999999999999902,-2.500000000000002,4.5,2.0162924341543875,2.518502497436775,2.402699390876095,4.778247013319303,-2.1827953653813736,5.353357297682093,-9.100145745120036,-4.500000000000015,327.32787290225883,False
3,-5,10,1.4999999999999902,-2.500000000000002,5.0,2.15006239433414,2.7017577737390717,2.653766229775445,5.404831951575861,-2.1827953653813736,5.353357297682093,-9.833576118450882,-5.000000000000027,392.3731961700656,False
3,-5,11,1.4999999999999902,-2.500000000000002,5.5,2.285247909648075,2.8869522593144126,2.9074898606208155,6.031361585710315,-2.1827953653813736,5.353357297682093,-10.567006491781704,-5.500000000000016,464.75117692323124,False
3,-5,12,1.4999999999999902,-2.500000000000002,6.0,2.4218715687419454,3.0741168989916137,3.1639126790283747,6.65817340366901,-2.1827953653813736,5.353357297682093,-11.300436865112552,-6.0000000000000275,544.6029067455518,False
3,-4,0,1.4999999999999902,-2.0000000000000018,0.0,0.6821170416060313,0.7263865858911756,0.0063619782916357615,-0.6769256835928439,-1.7217849034154686,4.66537097374593,-2.1780785762566923,0.0,33.10673808010566,False
3,-4,1,1.4999999999999902,-2.0000000000000018,0.5,0.80313270513169,0.8923483275288191,0.23403213898657294,0.002708428845221711,-1.7217849034154686,4.66537097374593,-2.911508949587538,-0.5000000000000115,33.88665486082937,False
3,-4,2,1.4999999999999902,-2.0000000000000018,1.0,0.9253707490970042,1.059986450395134,0.4640019982743826,0.6591705814791737,-1.7217849034154686,4.66537097374593,-3.64493932291835,-1.0000000000000009,41.5585746143047,False
3,-4,3,1.4999999999999902,-2.0000000000000018,1.5,1.048849788432521,1.2293264831382489,0.696306576945821,1.30526694858204,-1.7217849034154686,4.66537097374593,-4.378369696249173,-1.4999999999999902,55.88254231945024,False
3,-4,4,1.4999999999999902,-2.0000000000000018,2.0,1.1735888179653375,1.4003944753991637,0.9309816105016688,1.9448285353021566,-1.7217849034154686,4.66537097374593,-5.111800069580042,-2.000000000000024,76.82411179692559,False
3,-4,5,1.4999999999999902,-2.0000000000000018,2.5,1.299607222160029,1.5732170111704413,1.1680635674786,2.5799214090634903,-1.7217849034154686,4.66537097374593,-5.845230442910854,-2.5000000000000133,104.40945113688281,False
3,-4,6,1.4999999999999902,-2.0000000000000018,3.0,1.4269247851608602,1.7478212225682355,1.407589668341902,3.211877516795747,-1.7217849034154686,4.66537097374593,-6.578660816241689,-3.0000000000000027,138.69747468590833,False
3,-4,7,1.4999999999999902,-2.0000000000000018,3.5000000000000004,1.5555617011461464,1.9242348040323154,1.6495979049654164,3.8416436193230874,-1.7217849034154686,4.66537097374593,-7.312091189572534,-3.500000000000014,179.76878780082654,False
3,-4,8,1.4999999999999902,-2.0000000000000018,4.0,1.6855385850062798,2.10248602696998,1.8941270607204574,4.46993657058401,-1.7217849034154686,4.66537097374593,-8.045521562903357,-4.0000000000000036,227.72015481320113,False
3,-4,9,1.4999999999999902,-2.0000000000000018,4.5,1.816876483357105,2.282603754859874,2.141216731195433,5.09732405005221,-1.7217849034154686,4.66537097374593,-8.778951936234202,-4.500000000000015,282.66135724424447,False
3,-4,10,1.4999999999999902,-2.0000000000000018,5.0,1.9495968859010893,2.4646174588328185,2.390907345570148,5.724271088539656,-1.7217849034154686,4.66537097374593,-9.512382309565037,-5.000000000000027,344.71326540890334,False
3,-4,11,1.4999999999999902,-2.0000000000000018,5.5,2.083721737149241,2.6485572337472787,2.6432401886684054,6.351168938652685,-1.7217849034154686,4.66537097374593,-10.24581268289585,-5.500000000000016,414.0065957335822,False
3,-4,12,1.4999999999999902,-2.0000000000000018,6.0,2.2192734485170504,2.8344538147778486,2.8982574237145178,6.978354021815303,-1.7217849034154686,4.66537097374593,-10.979243056226684,-6.000000000000005,490.68108722576096,False
3,-3,0,1.4999999999999902,-1.5000000000000013,0.0,0.49353663289706806,0.5029409664190798,-0.24185466150944412,-0.3618204599033059,-1.26096617128586,3.982851701311474,-1.859437119116969,-1.1102230246251565e-14,18.614845131535347,False
3,-3,1,1.4999999999999902,-1.5000000000000013,0.5,0.6136046561779601,0.6677798657478196,-0.01543182061250481,0.3179630064636507,-1.26096617128586,3.982851701311474,-2.5928674924478035,-0.5000000000000115,17.339836125876094,False
3,-3,2,1.4999999999999902,-1.5000000000000013,1.0,0.7348854877748195,0.8342838044637257,0.21327811968743227,0.9746531551833915,-1.26096617128586,3.982851701311474,-3.326297865778638,-1.000000000000012,22.82402715145302,False
3,-3,3,1.4999999999999902,-1.5000000000000013,1.5,0.8573975968498182,1.0024781384965264,0.4443099883152779,1.6210154316221193,-1.26096617128586,3.982851701311474,-4.0597282391094724,-1.5000000000000124,34.858989488041495,False
3,-3,4,1.4999999999999902,-1.5000000000000013,2.0,0.9811598294868051,1.1723887412439626,0.6776993249903607,2.2608688953908107,-1.26096617128586,3.982851701311474,-4.7931586124403065,-2.000000000000013,53.418581087807134,False
3,-3,5,1.4999999999999902,-1.5000000000000013,2.5,1.1061914183559645,1.3440420168400857,0.9134823984518481,2.896273250237247,-1.26096617128586,3.982851701311474,-5.526588985771152,-2.5000000000000244,78.53262284334376,False
3,-3,6,1.4999999999999902,-1.5000000000000013,3.0,1.232511992677393,1.5174649138341156,1.151696225248,3.528556375681169,-1.26096617128586,3.982851701311474,-6.260019359101987,-3.000000000000025,110.26170378834412,False
3,-3,7,1.4999999999999902,-1.5000000000000013,3.5000000000000004,1.3601415884943706,1.6926849392943921,1.3923785891093776,4.158662156489634,-1.26096617128586,3.982851701311474,-6.993449732432766,-3.499999999999992,148.68703380874516,False
3,-3,8,1.4999999999999902,-1.5000000000000013,4.0,1.4891006592677751,1.8697301733532123,1.6355680609276613,4.787305273027309,-1.26096617128586,3.982851701311474,-7.726880105763634,-4.000000000000014,193.9053162038609,False
3,-3,9,1.4999999999999902,-1.5000000000000013,4.5,1.619410086803219,2.048629284208464,1.8813040193618402,5.4150516807968785,-1.26096617128586,3.982851701311474,-8.460310479094469,-4.500000000000015,246.02581601777132,False
3,-3,10,1.4999999999999902,-1.5000000000000013,5.0,1.7510911925232353,2.229411543599036,2.129626672095325,6.04236499113886,-1.26096617128586,3.982851701311474,-9.19374085242528,-5.000000000000004,305.16855219505527,False
3,-3,11,1.4999999999999902,-1.5000000000000013,5.5,1.8841657490974273,2.412106842771516,2.380577077767787,6.669635251952877,-1.26096617128586,3.982851701311474,-9.927171225756148,-5.500000000000027,371.4631290434802,False
3,-3,12,1.4999999999999902,-1.5000000000000013,6.0,2.0186559924436906,2.5967457089564716,2.634197168606983,7.2971978359590794,-1.26096617128586,3.982851701311474,-10.660601599086982,-6.0000000000000275,445.0479606507521,False
3,-2,0,1.4999999999999902,-1.0000000000000009,0.0,0.3067971781510165,0.281317602081671,-0.48857778362149107,-0.0480996628616559,-0.8003377077496099,3.3057537232269008,-1.5433266515052946,0.0,11.346420206522371,False
3,-2,1,1.4999999999999902,-1.0000000000000009,0.5,0.42592681221207684,0.4450428161624831,-0.26339475740853047,0.6318394030474961,-0.8003377077496099,3.3057537232269008,-2.27675702483614,-0.5000000000000115,8.084636748327242,False
3,-2,2,1.4999999999999902,-1.0000000000000009,1.0,0.5462597759101212,0.610421820284518,-0.03593715517322127,1.288762770619134,-0.8003377077496099,3.3057537232269008,-3.0101873981669636,-1.0000000000000009,11.451243034828265,False
3,-2,3,1.4999999999999902,-1.0000000000000009,1.5,0.6678143940619496,0.7774797990676818,0.1938296612979784,1.935395737171719,-0.8003377077496099,3.3057537232269008,-3.7436177714978203,-1.5000000000000346,21.269005142837912,False
3,-2,4,1.4999999999999902,-1.0000000000000009,2.0,0.7906093654602209,0.9462424511037515,0.4259410371209249,2.57554558716675,-0.8003377077496099,3.3057537232269008,-4.477048144828643,-2.000000000000024,37.520005937794,False
3,-2,5,1.4999999999999902,-1.0000000000000009,2.5,0.9146637724625789,1.1167360021350492,0.6604330424394955,3.2112657519816956,-0.8003377077496099,3.3057537232269008,-5.210478518159478,-2.5000000000000133,60.237690556988845,False
3,-2,6,1.4999999999999902,-1.0000000000000009,3.0,1.03999709087734,1.288987218640908,0.8973424911118744,3.8438801026906333,-0.8003377077496099,3.3057537232269008,-5.9439088914903015,-3.000000000000025,89.48431583202901,False
3,-2,7,1.4999999999999902,-1.0000000000000009,3.5000000000000004,1.1666292001564937,1.463023421846299,1.1367069599777235,4.474329690303924,-0.8003377077496099,3.3057537232269008,-6.677339264821136,-3.500000000000014,125.34170112474152,False
3,-2,8,1.4999999999999902,-1.0000000000000009,4.0,1.2945803939073048,1.6388725021684092,1.378564808727617,5.103327054171647,-0.8003377077496099,3.3057537232269008,-7.4107696381519705,-4.000000000000026,167.90650111301537,False
3,-2,9,1.4999999999999902,-1.0000000000000009,4.5,1.423871390734055,1.8165629341169331,1.6229552003963477,5.73143645221974,-0.8003377077496099,3.3057537232269008,-8.144200011482805,-4.500000000000015,217.2874819755921,False
3,-2,10,1.4999999999999902,-1.0000000000000009,5.0,1.5545233454221263,1.9961237916649166,1.8699181225036998,6.359120098597693,-0.8003377077496099,3.3057537232269008,-8.877630384813617,-5.000000000000004,273.60383280725426,False
3,-2,11,1.4999999999999902,-1.0000000000000009,5.5,1.6865578604772669,2.1775847641075874,2.1194944088661574,6.98676685593369,-0.8003377077496099,3.3057537232269008,-9.611060758144452,-5.500000000000016,336.9840704372267,False
3,-2,12,1.4999999999999902,-1.0000000000000009,6.0,1.8199969980329966,2.3609761724273093,2.371725762104804,7.614711065667601,-0.8003377077496099,3.3057537232269008,-10.344491131475287,-6.000000000000005,407.5653112878506,False
3,-1,0,1.4999999999999902,-0.5000000000000004,0.0,0.12187804037613603,0.06150114153069541,-0.7338132739421688,0.26424423719044743,-0.3398980765922932,2.6340315394372427,-1.229725931232073,-2.220446049250313e-14,11.181773763932938,False
3,-1,1,1.4999999999999902,-0.5000000000000004,0.5,0.24007843253882888,0.224121750282108,-0.5098625868765527,0.9443450088605143,-0.3398980765922932,2.6340315394372427,-1.9631563045628964,-0.5000000000000115,6.000169539130605,False
3,-1,2,1.4999999999999902,-0.5000000000000004,1.0,0.3594727680567067,0.3883849914451565,-0.28364977165875604,1.6015066975877401,-0.3398980765922932,2.6340315394372427,-2.696586677893742,-1.000000000000023,7.318103980747338,False
3,-1,3,1.4999999999999902,-0.5000000000000004,1.5,0.4800792288082639,0.5543158797265968,-0.05514037963672558,2.2484150222820354,-0.3398980765922932,2.6340315394372427,-3.4300170512245765,-1.5000000000000235,14.98921272562026,False
3,-1,4,1.4999999999999902,-0.5000000000000004,2.0,0.601916367730751,0.7219399403374516,0.17570074087533416,2.8888656593600626,-0.3398980765922932,2.6340315394372427,-4.163447424555377,-2.0000000000000018,29.003725884606524,False
3,-1,5,1.4999999999999902,-0.5000000000000004,2.5,0.725003118334494,0.8912832220827727,0.40890946262341354,3.524905857368865,-0.3398980765922932,2.6340315394372427,-4.896877797886223,-2.5000000000000133,49.398684892761146,False
3,-1,6,1.4999999999999902,-0.5000000000000004,3.0,0.8493588045114825,1.062372310856402,0.644522397997771,4.157855536750987,-0.3398980765922932,2.6340315394372427,-5.630308171217068,-3.000000000000025,76.23800770261234,False
3,-1,7,1.4999999999999902,-0.5000000000000004,3.5000000000000004,0.9750031506488455,1.235234343555136,0.882576918194633,4.788652956224904,-0.3398980765922932,2.6340315394372427,-6.36373854454787,-3.500000000000003,109.60412809521337,False
3,-1,8,1.4999999999999902,-0.5000000000000004,4.0,1.1019562920584702,1.409897022427814,1.1231111729769094,5.418008546031761,-0.3398980765922932,2.6340315394372427,-7.097168917878727,-4.000000000000014,149.5936643999323,False
3,-1,9,1.4999999999999902,-0.5000000000000004,4.5,1.2302387857341808,1.5863886298750796,1.3661641110553235,6.046484892374604,-0.3398980765922932,2.6340315394372427,-7.830599291209561,-4.500000000000015,196.31490131149147,False
3,-1,10,1.4999999999999902,-0.5000000000000004,5.0,1.3598716214485662,1.7647380437165294,1.6117755011135104,6.674542834025465,-0.3398980765922932,2.6340315394372427,-8.564029664540374,-5.000000000000004,249.88621929629528,False
3,-1,11,1.4999999999999902,-0.5000000000000004,5.5,1.4908762332022596,1.944974752942541,1.8599859535003538,7.302570067359637,-0.3398980765922932,2.6340315394372427,-9.297460037871241,-5.500000000000027,310.435071991904,False
3,-1,12,1.4999999999999902,-0.5000000000000004,6.0,1.6232745110384417,2.127128873968831,2.1108369426147187,7.930899919576295,-0.3398980765922932,2.6340315394372427,-10.030890411202076,-6.0000000000000275,378.097305011703,False
3,0,0,1.4999999999999902,0.0,0.0,-0.06124118558893665,-0.15652369104713904,-0.9775671171518618,0.5752187282030752,0.12035413385862448,1.9676399116958398,-0.9186138383356246,-1.1102230246251565e-14,18.00331539638696,False
3,0,1,1.4999999999999902,0.0,0.5,0.056039009458355715,0.005001315530511752,-0.7548413237707163,1.2554871755757535,0.12035413385862448,1.9676399116958398,-1.652044211666459,-0.5000000000000115,10.96766471807723,False
3,0,2,1.4999999999999902,0.0,1.0,0.17450385294047188,0.16815788783117736,-0.5298657749008673,1.9128921699691936,0.12035413385862448,1.9676399116958398,-2.3854745849973047,-1.000000000000023,10.304628011021537,False
3,0,3,1.4999999999999902,0.0,1.5,0.29417138518889885,0.3329708720333613,-0.3026062103064664,2.5600804105793573,0.12035413385862448,1.9676399116958398,-3.118904958328106,-1.5000000000000013,15.898391339518225,False
3,0,4,1.4999999999999902,0.0,2.0,0.4150600147051653,0.4994656213804738,-0.07302767056313053,3.2008361296799404,0.12035413385862448,1.9676399116958398,-3.8523353316589515,-2.000000000000013,27.747255899054846,False
3,0,5,1.4999999999999902,0.0,2.5,0.5371885276010874,0.6676680091824261,0.1589055208698842,3.8372004808046034,0.12035413385862448,1.9676399116958398,-4.585765704989775,-2.500000000000002,45.891832066449865,False
3,0,6,1.4999999999999902,0.0,3.0,0.6605760973309949,0.8376044422194528,0.3932297761321091,4.47048949045723,0.12035413385862448,1.9676399116958398,-5.319196078320642,-3.000000000000025,70.39769244032175,False
3,0,7,1.4999999999999902,0.0,3.5000000000000004,0.7852422947264903,1.0093018745625626,0.6299822620187856,5.101638665714958,0.12035413385862448,1.9676399116958398,-6.052626451651455,-3.500000000000014,101.34789015603198,False
3,0,8,1.4999999999999902,0.0,4.0,0.9112070983448545,1.182787821825898,0.8692009196334782,5.731356358978523,0.12035413385862448,1.9676399116958398,-6.786056824982289,-4.000000000000014,138.83901932777414,False
3,0,9,1.4999999999999902,0.0,4.5,1.0384909051424807,1.3580903758668716,1.1109244846577382,6.360203510055773,0.12035413385862448,1.9676399116958398,-7.519487198313135,-4.500000000000027,182.97890031760573,False
3,0,10,1.4999999999999902,0.0,5.0,1.1671145414853312,1.53523821995038,1.3551925082611993,6.988639603700997,0.12035413385862448,1.9676399116958398,-8.25291757164397,-5.000000000000027,233.8851258878894,False
3,0,11,1.4999999999999902,0.0,5.5,1.2970992745090615,1.7142606443945663,1.602045378675282,7.617051188649371,0.12035413385862448,1.9676399116958398,-8.986347944974781,-5.500000000000016,291.68411042139553,False
3,0,12,1.4999999999999902,0.0,6.0,1.4284668238415565,1.895187562715811,1.851524343455474,8.245770594526691,0.12035413385862448,1.9676399116958398,-9.719778318305616,-6.000000000000016,356.51045518516315,False
3,1,0,1.4999999999999902,0.49999999999998934,0.0,-0.24258067463279465,-0.37277209367793107,-1.219845392267055,0.8848312563553673,0.5804203112424133,1.3065338679944638,-0.6099693771506542,0.0,31.695522730879265,False
3,1,1,1.4999999999999902,0.49999999999998934,0.5,-0.1262117332992918,-0.21233376249038538,-0.9983370776553313,1.5652732161303362,0.5804203112424133,1.3065338679944638,-1.3433997504814998,-0.5000000000000115,22.870438614271897,False
3,1,2,1.4999999999999902,0.49999999999998934,1.0,-0.00866734811393044,-0.050274842098912975,-0.7745913053202547,2.2229263855076065,0.5804203112424133,1.3065338679944638,-2.0768301238123232,-1.0000000000000009,20.292937940449566,False
3,1,3,1.4999999999999902,0.49999999999998934,1.5,0.11007038108346023,0.11342934651986658,-0.5485740023015828,2.8703989919858452,0.5804203112424133,1.3065338679944638,-2.8102604971431466,-1.5000000000000124,23.877444015786622,False
3,1,4,1.4999999999999902,0.49999999999998934,2.0,0.23001971976245594,0.27880398604293033,-0.3202504002725093,3.511463984472596,0.5804203112424133,1.3065338679944638,-3.5436908704740033,-2.000000000000024,33.63025442479613,False
3,1,5,1.4999999999999902,0.49999999999998934,2.5,0.3511993080689252,0.44587477571494394,-0.08958501770980343,4.148156507625123,0.5804203112424133,1.3065338679944638,-4.277121243804805,-2.499999999999991,49.595521701870396,False
3,1,6,1.4999999999999902,0.49999999999998934,3.0,0.4736281704816575,0.6146679446619396,0.14345835848758037,4.781788749607574,0.5804203112424133,1.3065338679944638,-5.010551617135639,-3.0000000000000027,71.84046680943325,False
3,1,7,1.4999999999999902,0.49999999999998934,3.5000000000000004,0.5973257257691239,0.7852102656187354,0.378916691951231,5.413293505712491,0.5804203112424133,1.3065338679944638,-5.743981990466496,-3.500000000000014,100.44876715944352,False
3,1,8,1.4999999999999902,0.49999999999998934,4.0,0.7223117972575022,0.9575290690854943,0.616827716388485,6.04337708114826,0.5804203112424133,1.3065338679944638,-6.477412363797297,-4.0000000000000036,135.51700464328485,False
3,1,9,1.4999999999999902,0.49999999999998934,4.5,0.8486066234211637,1.1316522579288724,0.8572299557413066,6.672598794142637,0.5804203112424133,1.3065338679944638,-7.210842737128164,-4.500000000000015,177.152552212375,False
3,1,10,1.4999999999999902,0.49999999999998934,5.0,0.9762308688075871,1.307608322444287,1.1001627449820528,7.301416796350368,0.5804203112424133,1.3065338679944638,-7.9442731104589885,-5.000000000000004,225.47223555444398,False
3,1,11,1.4999999999999902,0.49999999999998934,5.5,1.1052056353092117,1.4854263558963687,1.3456662515692608,7.930216507084942,0.5804203112424133,1.3065338679944638,-8.677703483789811,-5.500000000000016,280.60145338764335,False
3,1,12,1.4999999999999902,0.49999999999998934,6.0,1.2355524737948986,1.6651360705553953,1.593781497588248,8.55932927470382,0.5804203112424133,1.3065338679944638,-9.411133857120646,-6.000000000000005,342.67358870567733,False
3,2,0,1.4999999999999902,1.0000000000000009,0.0,-0.4221603730161255,-0.5872591845461461,-1.4606542682903845,1.193089226078925,1.0403018196247338,0.6506687066132555,-0.30377167819888307,-2.220446049250313e-14,52.14491052872949,False
3,2,1,1.4999999999999902,1.0000000000000009,0.5,-0.3066938422272597,-0.4278986779358285,-1.2403560485330478,1.8737104046697262,1.0403018196247338,0.6506687066132555,-1.0372020515296954,-0.5000000000000115,41.59386256421946,False
3,2,2,1.4999999999999902,1.0000000000000009,1.0,-0.19006098284456707,-0.2669284692385254,-1.0178325942327093,2.531616505688361,1.0403018196247338,0.6506687066132555,-1.7706324248605187,-1.0000000000000009,37.1672300605028,False
3,2,3,1.4999999999999902,1.0000000000000009,1.5,-0.07224403351890618,-0.10432404522451866,-0.7930500185689249,3.1793778225339686,1.0403018196247338,0.6506687066132555,-2.5040627981913754,-1.5000000000000235,38.80936617546084,False
3,2,4,1.4999999999999902,1.0000000000000009,2.0,0.04677512957538266,0.05993960760597439,-0.5659737431534584,3.820756178475726,1.0403018196247338,0.6506687066132555,-3.2374931715221766,-2.0000000000000018,46.53449161172721,False
3,2,5,1.4999999999999902,1.0000000000000009,2.5,0.16701500203473996,0.22588801585010643,-0.33656848029783304,4.45778079379211,1.0403018196247338,0.6506687066132555,-3.970923544853011,-2.500000000000002,60.390274830457116,False
3,2,6,1.4999999999999902,1.0000000000000009,3.0,0.28849446080812247,0.3935472324266609,-0.10479821473234896,5.091760072839557,1.0403018196247338,0.6506687066132555,-4.704353918183868,-3.0000000000000138,80.44557905895284,False
3,2,7,1.4999999999999902,1.0000000000000009,3.5000000000000004,0.4112327740765559,0.562943850211256,0.12937381524311675,5.723624138208372,1.0403018196247338,0.6506687066132555,-5.43778429151468,-3.500000000000003,106.78471089099114,False
3,2,8,1.4999999999999902,1.0000000000000009,4.0,0.5352496114415323,0.7341050160977636,0.36598513719751646,6.354077277958292,1.0403018196247338,0.6506687066132555,-6.171214664845525,-4.000000000000014,139.50425184527725,False
3,2,9,1.4999999999999902,1.0000000000000009,4.5,0.6605650544333846,0.9070584455014186,0.6050740646174002,6.983677213053108,1.0403018196247338,0.6506687066132555,-6.904645038176382,-4.500000000000027,178.7111441560675,False
3,2,10,1.4999999999999902,1.0000000000000009,5.0,0.787199607351452,1.0818324373198462,0.8466797175890717,7.61288078253588,1.0403018196247338,0.6506687066132555,-7.638075411507195,-5.000000000000016,224.5214667731407,False
3,2,11,1.4999999999999902,1.0000000000000009,5.5,0.9151742084485437,1.2584558893691589,1.0908420441371636,8.242072294133763,1.0403018196247338,0.6506687066132555,-8.371505784838028,-5.500000000000016,277.0596259968715,False
3,2,12,1.4999999999999902,1.0000000000000009,6.0,1.0445102414722074,1.4369583143126086,1.3376018422442792,8.871582130888967,1.0403018196247338,0.6506687066132555,-9.104936158168863,-6.000000000000016,336.4578122352831,False
3,3,0,1.4999999999999902,1.4999999999999902,0.0,-0.6000000000014716,-0.8000000000001117,-1.6999999999983584,1.5000000000000568,1.5000000000000124,0.0,0.0,0.0,79.23999999994223,False
3,3,1,1.4999999999999902,1.4999999999999902,0.5,-0.4854271356798695,-0.6417085427136815,-1.4809045226114148,2.180805976412814,1.5000000000000124,0.0,-0.7334303733308456,-0.5000000000000115,67.02533202272141,False
3,3,2,1.4999999999999902,1.4999999999999902,1.0,-0.369696969698452,-0.4818181818182887,-1.2595959595942952,2.8389696555378707,1.5000000000000124,0.0,-1.4668607466617023,-1.000000000000023,60.813743034535264,False
3,3,3,1.4999999999999902,1.4999999999999902,1.5,-0.25279187817407733,-0.3203045685280348,-1.0360406091353913,3.487023924105692,1.5000000000000124,0.0,-2.2002911199925146,-1.5000000000000124,60.57921430138995,False
3,3,4,1.4999999999999902,1.4999999999999902,2.0,-0.13469387755252193,-0.15714285714296672,-0.8102040816309775,4.128719634499078,1.5000000000000124,0.0,-2.933721493323349,-2.000000000000013,66.34381775868334,False
3,3,5,1.4999999999999902,1.4999999999999902,2.5,-0.01538461538612701,0.007692307692197531,-0.5820512820496004,4.76608016551503,1.5000000000000124,0.0,-3.6671518666541836,-2.5000000000000133,78.15871209912376,False
3,3,6,1.4999999999999902,1.4999999999999902,3.0,0.10515463917374346,0.17422680412360614,-0.3515463917508732,5.4004101911940605,1.5000000000000124,0.0,-4.400582239984995,-3.0000000000000027,96.0943968905455,False
3,3,7,1.4999999999999902,1.4999999999999902,3.5000000000000004,0.22694300517982213,0.34248704663201734,-0.11865284973923695,6.032637199752022,1.5000000000000124,0.0,-5.134012613315853,-3.500000000000014,120.23581279270391,False
3,3,8,1.4999999999999902,1.4999999999999902,4.0,0.3499999999984654,0.512499999999888,0.11666666666838021,6.663463491553845,1.5000000000000124,0.0,-5.867442986646676,-4.000000000000014,150.6795526584184,False
3,3,9,1.4999999999999902,1.4999999999999902,4.5,0.47434554973668497,0.6842931937171615,0.35445026178183014,7.293445214129424,1.5000000000000124,0.0,-6.600873359977511,-4.500000000000015,187.5321444705918,False
3,3,10,1.4999999999999902,1.4999999999999902,5.0,0.5999999999984545,0.8578947368419909,0.5947368421069965,7.92303791397968,1.5000000000000124,0.0,-7.334303733308345,-5.000000000000016,230.90894048734046,False
3,3,11,1.4999999999999902,1.4999999999999902,5.5,0.7269841269825689,1.033333333333214,0.8375661375678856,8.552624804707754,1.5000000000000124,0.0,-8.067734106639179,-5.500000000000016,280.93337749814805,False
3,3,12,1.4999999999999902,1.4999999999999902,6.0,0.8553191489346051,1.210638297872224,1.082978723406014,9.182535319651475,1.5000000000000124,0.0,-8.801164479970014,-6.000000000000016,337.73647863192434,False
3,4,0,1.4999999999999902,2.0000000000000018,0.0,-0.776119049587734,-1.0110094927054891,-1.9378889238284402,1.8055708989769714,1.9595161707378406,-0.6455164017122872,0.30136626928576327,0.0,112.87128834272643,False
3,4,1,1.4999999999999902,2.0000000000000018,0.5,-0.6624312056158127,-0.853778384628634,-1.7199888681692865,2.486567127614303,1.9595161707378406,-0.6455164017122872,-0.43206410404509343,-0.5000000000000115,99.05423589784088,False
3,4,2,1.4999999999999902,2.0000000000000018,1.0,-0.5475949995835644,-0.6949590835408914,-1.4998878018469108,3.1449929235232155,1.9595161707378406,-0.6455164017122872,-1.165494477375939,-1.000000000000023,91.12072701624764,False
3,4,3,1.4999999999999902,2.0000000000000018,1.5,-0.4315929437438887,-0.5345274037619197,-1.2775522069324308,3.7933442842730036,1.9595161707378406,-0.6455164017122872,-1.8989248507067624,-1.5000000000000124,89.07407483280473,False
3,4,4,1.4999999999999902,2.0000000000000018,2.0,-0.31440719345686985,-0.3724586660260043,-1.0529478814575999,4.435361243207758,1.9595161707378406,-0.6455164017122872,-2.632355224037586,-2.0000000000000018,92.94413197800104,False
3,4,5,1.4999999999999902,2.0000000000000018,2.5,-0.1960195380387053,-0.20872768482613768,-0.8260399218753267,5.073061418979341,1.9595161707378406,-0.6455164017122872,-3.3657855973684425,-2.5000000000000133,102.78552219939705,False
3,4,6,1.4999999999999902,2.0000000000000018,3.0,-0.0764113913275577,-0.043308755366472385,-0.5967927049777666,5.7077458077883,1.9595161707378406,-0.6455164017122872,-4.099215970699255,-3.0000000000000027,118.67037564716796,False
3,4,7,1.4999999999999902,2.0000000000000018,3.5000000000000004,0.04443621804380016,0.12382435989069518,-0.3651698692522798,6.340339301067854,1.9595161707378406,-0.6455164017122872,-4.832646344030089,-3.500000000000014,140.68427190638099,False
3,4,8,1.4999999999999902,2.0000000000000018,4.0,0.16654265667944146,0.29269844509844933,-0.13113429565462797,6.971542240367556,1.9595161707378406,-0.6455164017122872,-5.566076717360935,-4.000000000000026,168.92382672651934,False
3,4,9,1.4999999999999902,2.0000000000000018,4.5,0.28992769676677854,0.46334084533457,0.10535191222152962,7.601909223139525,1.9595161707378406,-0.6455164017122872,-6.299507090691758,-4.500000000000015,203.4951700782478,False
3,4,10,1.4999999999999902,2.0000000000000018,5.0,0.41461152674975854,0.6357794813626472,0.34432744860164455,8.231894523004968,1.9595161707378406,-0.6455164017122872,-7.032937464022593,-5.000000000000004,244.51294728629736,False
3,4,11,1.4999999999999902,2.0000000000000018,5.5,0.5406147623410212,0.8100428648619151,0.5858318266365736,8.861880276542111,1.9595161707378406,-0.6455164017122872,-7.766367837353439,-5.500000000000016,292.0996481996125,False
3,4,12,1.4999999999999902,2.0000000000000018,6.0,0.6679584578853898,0.9861601141430976,0.8299054001825179,9.492194982663204,1.9595161707378406,-0.6455164017122872,-8.49979821068425,-6.000000000000005,346.38515359779547,False
3,5,0,1.4999999999999902,2.499999999999991,0.0,-0.9505367922482078,-1.2203025299327097,-2.1743274538656268,2.1098092021152537,2.418851628037877,-1.2859243674086418,0.6003476103188188,-1.1102230246251565e-14,152.93121852017964,False
3,5,1,1.4999999999999902,2.499999999999991,0.5,-0.8377254193449313,-1.0641231456610112,-1.9576155315232435,2.791001015507888,2.418851628037877,-1.2859243674086418,-0.1330827630120046,-0.5000000000000004,137.57192612194513,False
3,5,2,1.4999999999999902,2.499999999999991,1.0,-0.7237745376244498,-0.9063661918512156,-1.7387145998642717,3.449693361433881,2.418851628037877,-1.2859243674086418,-0.8665131363428502,-1.000000000000012,127.97841300341894,False
3,5,3,1.4999999999999902,2.499999999999991,1.5,-0.6086667941606144,-0.7470076446017326,-1.5175913237214567,4.098345856122965,2.418851628037877,-1.2859243674086418,-1.5999435096736736,-1.5000000000000013,124.18303329448415,False
3,5,4,1.4999999999999902,2.499999999999991,2.0,-0.4923844818859269,-0.5860229897272473,-1.294211687617991,4.740687862892634,2.418851628037877,-1.2859243674086418,-2.333373883004519,-2.000000000000013,126.22335109409359,False
3,5,5,1.4999999999999902,2.499999999999991,2.5,-0.3749095305109862,-0.423387210187387,-1.0685409783237232,5.378731320062036,2.418851628037877,-1.2859243674086418,-3.0668042563353537,-2.5000000000000133,134.15743052997027,False
3,5,6,1.4999999999999902,2.499999999999991,3.0,-0.25622349716309667,-0.2590747731264942,-0.8405437668717763,6.013773597477479,2.418851628037877,-1.2859243674086418,-3.800234629666188,-3.0000000000000138,148.05902673458291,False
3,5,7,1.4999999999999902,2.499999999999991,3.5000000000000004,-0.1363075567338945,-0.09305961651056571,-0.6101838900162027,6.646737026662608,2.418851628037877,-1.2859243674086418,-4.533665002997001,-3.500000000000003,168.01436304925795,False
3,5,8,1.4999999999999902,2.499999999999991,4.0,-0.015142491925221324,0.07468486465343482,-0.37742443111002943,7.278320018671125,2.418851628037877,-1.2859243674086418,-5.267095376327857,-4.000000000000014,194.1200895376836,False
3,5,9,1.4999999999999902,2.499999999999991,4.5,0.10729131701759098,0.2441858325311963,-0.14222770038285204,7.909075643772345,2.418851628037877,-1.2859243674086418,-6.000525749658669,-4.5000000000000036,226.48195417183075,False
3,5,10,1.4999999999999902,2.499999999999991,5.0,0.23101390289662627,0.41547102112347023,0.0954447854046081,8.539456921972866,2.418851628037877,-1.2859243674086418,-6.733956122989482,-4.999999999999993,265.2139148157092,False
3,5,11,1.4999999999999902,2.499999999999991,5.5,0.35604572248866817,0.5885687513939641,0.3356323239517234,9.169844929572267,2.418851628037877,-1.2859243674086418,-7.46738649632035,-5.500000000000016,310.4375366150468,False
3,5,12,1.4999999999999902,2.499999999999991,6.0,0.4824076678210554,0.7635079468800987,0.5783750490791273,9.800567246012504,2.418851628037877,-1.2859243674086418,-8.200816869651174,-6.000000000000005,362.28158255745217,False
3,6,0,1.4999999999999902,3.0000000000000027,0.0,-1.1232722767055643,-1.427893891904708,-2.409322077970477,2.4127221467788784,2.8780076463894577,-1.9212674819362063,0.8969643711535191,0.0,199.31414928506152,False
3,6,1,1.4999999999999902,3.0000000000000027,0.5,-1.0113289213121242,-1.2727576803062413,-2.193791033136161,3.0941147582473905,2.8780076463894577,-1.9212674819362063,0.16353399782265132,-0.5000000000000226,182.47168746997258,False
3,6,2,1.4999999999999902,3.0000000000000027,1.0,-0.8982548249551109,-1.1160544362673774,-1.976082907040888,3.7530779842637862,2.8780076463894577,-1.9212674819362063,-0.569896375508161,-1.000000000000012,171.27898243827673,False
3,6,3,1.4999999999999902,3.0000000000000027,1.5,-0.7840327682289955,-0.9577602963499576,-1.7561645461629305,4.402035558083828,2.8780076463894577,-1.9212674819362063,-1.3033267488389955,-1.5000000000000124,165.79714367206284,False
3,6,4,1.4999999999999902,3.0000000000000027,2.0,-0.6686451803117999,-0.7978509101068398,-1.5340021203780418,5.044706319242831,2.8780076463894577,-1.9212674819362063,-2.03675712216983,-2.000000000000013,166.07137878774358,False
3,6,5,1.4999999999999902,3.0000000000000027,2.5,-0.5520741299544274,-0.6363014275945655,-1.3095611056107515,5.683096604052129,2.8780076463894577,-1.9212674819362063,-2.7701874955006534,-2.500000000000002,172.1631681046373,False
3,6,6,1.4999999999999902,3.0000000000000027,3.0,-0.43430131619129897,-0.4730864864996853,-1.0828062659489435,6.318500206522248,2.8780076463894577,-1.9212674819362063,-3.503617868831499,-3.0000000000000138,184.14788628788986,False
3,6,7,1.4999999999999902,3.0000000000000027,3.5000000000000004,-0.31530805876224255,-0.3081801988649713,-0.853701635202575,6.951836934440214,2.8780076463894577,-1.9212674819362063,-4.237048242162311,-3.500000000000003,202.11240523437598,False
3,6,8,1.4999999999999902,3.0000000000000027,4.0,-0.19507528823496656,-0.14155613740073347,-0.6222104978859166,7.583803296136837,2.8780076463894577,-1.9212674819362063,-4.970478615493146,-4.0000000000000036,226.1534205938751,False
3,6,9,1.4999999999999902,3.0000000000000027,4.5,-0.07358353581733701,0.026812678633819642,-0.3882953696025926,8.21495085714381,2.8780076463894577,-1.9212674819362063,-5.703908988824002,-4.500000000000015,256.37631412880285,False
3,6,10,1.4999999999999902,3.0000000000000027,5.0,0.04918707715204085,0.19695379799504753,-0.15191797681102792,8.845731402732149,2.8780076463894577,-1.9212674819362063,-6.437339362154814,-5.000000000000004,292.8943754320407,False
3,6,11,1.4999999999999902,3.0000000000000027,5.5,0.17325685004702107,0.36889535248179617,0.08696076405240727,9.476524965325073,2.8780076463894577,-1.9212674819362063,-7.17076973548566,-5.500000000000016,335.82826685386686,False
3,6,12,1.4999999999999902,3.0000000000000027,6.0,0.2986465141430167,0.5426660724418053,0.3283807681165207,10.107658219535299,2.8780076463894577,-1.9212674819362063,-7.904200108816517,-6.0000000000000275,385.30565777906594,False
4,-6,0,2.0000000000000018,-3.0000000000000027,0.0,1.2495481081315791,1.3965420320457722,0.7476061960227154,-1.1302832824939602,-2.6053505688859335,6.71151751810537,-3.1333440797355228,0.0,101.01227386452302,False
4,-6,1,2.0000000000000018,-3.0000000000000027,0.5,1.3734151840518378,1.565871388990725,0.9790012020328809,-0.44770614717877244,-2.6053505688859335,6.71151751810537,-3.8667744530663906,-0.5000000000000338,110.86006967756148,False
4,-6,2,2.0000000000000018,-3.0000000000000027,1.0,1.498533442557154,1.736911143480585,1.2127335313360799,0.2113454841250917,-2.6053505688859335,6.71151751810537,-4.6002048263972135,-1.000000000000023,127.94887452265056,False
4,-6,3,2.0000000000000018,-3.0000000000000027,1.5,1.624921937189422,1.9096873421784455,1.448838777688033,0.8598651680498781,-2.6053505688859335,6.71151751810537,-5.333635199728038,-1.5000000000000124,151.99112876523287,False
4,-6,4,2.0000000000000018,-3.0000000000000027,2.0,1.7526001103383482,2.084226563312014,1.687353261247665,1.5017392375277883,-2.6053505688859335,6.71151751810537,-6.067065573058872,-2.000000000000024,182.94126979699763,False
4,-6,5,2.0000000000000018,-3.0000000000000027,2.5,1.8815878032118705,2.2605559303033598,1.9283140472027838,2.139063361875815,-2.6053505688859335,6.71151751810537,-6.800495946389706,-2.5000000000000133,220.82195887894366,False
4,-6,6,2.0000000000000018,-3.0000000000000027,3.0,2.0119052661150327,2.438703125820396,2.1717589649718763,2.7731884682949293,-2.6053505688859335,6.71151751810537,-7.53392631972053,-3.000000000000025,265.6919572503024,False
4,-6,7,2.0000000000000018,-3.0000000000000027,3.5000000000000004,2.1435731690482687,2.618696406265059,2.417726628002803,3.4050747666584114,-2.6053505688859335,6.71151751810537,-8.267356693051365,-3.500000000000014,317.633604156549,False
4,-6,8,2.0000000000000018,-3.0000000000000027,4.0,2.2766126126370576,2.800564616714346,2.66625645419033,4.035449285294201,-2.6053505688859335,6.71151751810537,-9.000787066382198,-4.000000000000026,376.7466237647591,False
4,-6,9,2.0000000000000018,-3.0000000000000027,4.5,2.4110451394047994,2.984337206330656,2.9173886869347854,4.664887772660475,-2.6053505688859335,6.71151751810537,-9.734217439713033,-4.500000000000015,443.1446372322911,False
4,-6,10,2.0000000000000018,-3.0000000000000027,5.0,2.546892745401663,3.1700442442587073,3.1711644168660182,5.293861895056362,-2.6053505688859335,6.71151751810537,-10.467647813043845,-5.000000000000004,516.9530347818545,False
4,-6,11,2.0000000000000018,-3.0000000000000027,5.5,2.684177892202727,3.3577164360272747,3.4276256042568454,5.922768523087063,-2.6053505688859335,6.71151751810537,-11.201078186374701,-5.500000000000016,598.3076102746553,False
4,-6,12,2.0000000000000018,-3.0000000000000027,6.0,2.8229235192889113,3.547385140474224,3.6868151021518303,6.551948951321651,-2.6053505688859335,6.71151751810537,-11.934508559705515,-6.000000000000005,687.3536587530257,False
4,-5,0,2.0000000000000018,-2.500000000000002,0.0,1.0563595081349937,1.1687463432829726,0.4961837470517483,-0.8110448926321845,-2.1439612636731775,6.016144239870336,-2.808701591850149,0.0,67.57895673759354,False
4,-5,1,2.0000000000000018,-2.500000000000002,0.5,1.1792557870703462,1.3369309982743438,0.7263153236701014,-0.12833769439598575,-2.1439612636731775,6.016144239870336,-3.54213196518095,-0.49999999999998934,75.19202083435087,False
4,-5,2,2.0000000000000018,-2.500000000000002,1.0,1.303393442560602,1.5068144881646262,0.9587714616684395,0.5309257779259502,-2.1439612636731775,6.016144239870336,-4.275562338511818,-1.0000000000000009,89.90763038609134,False
4,-5,3,2.0000000000000018,-2.500000000000002,1.5,1.4287913788172568,1.6784226835360128,1.1935875604586255,1.1796965682579819,-2.1439612636731775,6.016144239870336,-5.00899271184263,-1.4999999999999902,111.47077834476356,False
4,-5,4,2.0000000000000018,-2.500000000000002,2.0,1.555468885852035,1.8517819829418136,1.430799741889538,1.8218485407892837,-2.1439612636731775,6.016144239870336,-5.742423085173442,-1.9999999999999796,139.8444605393072,False
4,-5,5,2.0000000000000018,-2.500000000000002,2.5,1.6834456493692196,2.026919326444082,1.670444868771026,2.459470720746615,-2.1439612636731775,6.016144239870336,-6.475853458504332,-2.5000000000000133,175.05509000303636,False
4,-5,6,2.0000000000000018,-2.500000000000002,3.0,1.8127417609639151,2.2038622095700844,1.9125605639708831,3.093909786771376,-2.1439612636731775,6.016144239870336,-7.209283831835145,-3.0000000000000027,217.16313519150444,False
4,-5,7,2.0000000000000018,-2.500000000000002,3.5000000000000004,1.9433777286372966,2.3826386977025713,2.1571852301054353,3.726122942657617,-2.1439612636731775,6.016144239870336,-7.942714205165958,-3.499999999999992,266.25153617078143,False
4,-5,8,2.0000000000000018,-2.500000000000002,4.0,2.0753744876406133,2.5632774409197703,2.404358069845575,4.3568349430106235,-2.1439612636731775,6.016144239870336,-8.676144578496814,-4.0000000000000036,322.41992958204867,False
4,-5,9,2.0000000000000018,-2.500000000000002,4.5,2.2087534116596865,2.745807689301544,2.6541191068604753,4.986619731063713,-2.1439612636731775,6.016144239870336,-9.40957495182766,-4.500000000000015,385.78137780301984,False
4,-5,10,2.0000000000000018,-2.500000000000002,5.0,2.3435363243526295,2.9302593087189246,2.9065092074229026,5.6159474849890145,-2.1439612636731775,6.016144239870336,-10.143005325158484,-5.000000000000004,456.4603655661893,False
4,-5,11,2.0000000000000018,-2.500000000000002,5.5,2.4797455112539613,3.1166627971248415,3.161570102700273,6.245213810730932,-2.1439612636731775,6.016144239870336,-10.876435698489306,-5.500000000000016,534.5915111206325,False
4,-5,12,2.0000000000000018,-2.500000000000002,6.0,2.617403732058504,3.305049301364865,3.4193444117571916,6.874758900344724,-2.1439612636731775,6.016144239870336,-11.609866071820141,-6.000000000000005,620.3187132907307,False
4,-4,0,2.0000000000000018,-2.0000000000000018,0.0,0.8650556179040453,0.9428004354208486,0.2462568209242011,-0.49320653283305704,-1.6827656664049062,5.326273882848698,-2.486628201871277,-1.1102230246251565e-14,41.67978236446681,False
4,-4,1,2.0000000000000018,-2.0000000000000018,0.5,0.9869905707578341,1.1098496838400473,0.4751324833409065,0.189637372297069,-1.6827656664049062,5.326273882848698,-3.2200585752021005,-0.5000000000000004,47.129170187382165,False
4,-4,2,2.0000000000000018,-2.0000000000000018,1.0,1.110157189802069,1.2785862984049046,0.7063200211355591,0.8491182533538311,-1.6827656664049062,5.326273882848698,-3.953488948532946,-1.000000000000012,59.54471778510768,False
4,-4,3,2.0000000000000018,-2.0000000000000018,1.5,1.2345742313746688,1.4490359750465476,0.9398546405321784,1.4981452542512264,-1.6827656664049062,5.326273882848698,-4.686919321863781,-1.5000000000000124,78.70362182517022,False
4,-4,4,2.0000000000000018,-2.0000000000000018,2.0,1.3602608345959637,1.6212249341029106,1.175772266249181,2.140579950136745,-1.6827656664049062,5.326273882848698,-5.420349695194615,-2.000000000000013,104.5773529318956,False
4,-4,5,2.0000000000000018,-2.0000000000000018,2.5,1.4872365311836333,1.7951799337649788,1.4141095599222553,2.7785048184660432,-1.6827656664049062,5.326273882848698,-6.15378006852545,-2.5000000000000133,137.1960455116219,False
4,-4,6,2.0000000000000018,-2.0000000000000018,3.0,1.615521255571184,1.970928283939033,1.6549039390971243,3.4132623515542804,-1.6827656664049062,5.326273882848698,-6.887210441856273,-3.0000000000000138,176.6218676005795,False
4,-4,7,2.0000000000000018,-2.0000000000000018,3.5000000000000004,1.7451353553409765,2.1484978605397496,1.8981935968126362,4.045806791796491,-1.6827656664049062,5.326273882848698,-7.620640815187107,-3.500000000000014,222.9383648772867,False
4,-4,8,2.0000000000000018,-2.0000000000000018,4.0,1.8760996019833776,2.3279171202300555,2.144017521796049,4.676860654501369,-1.6827656664049062,5.326273882848698,-8.354071188517942,-4.000000000000014,276.24509908083957,False
4,-4,9,2.0000000000000018,-2.0000000000000018,4.5,2.008435201993769,2.5092151156239306,2.3924155192923626,5.306996105620132,-1.6827656664049062,5.326273882848698,-9.087501561848764,-4.5000000000000036,336.65459188636186,False
4,-4,10,2.0000000000000018,-2.0000000000000018,5.0,2.1421638083200523,2.692421510969317,2.6434282325517975,5.936681858819282,-1.6827656664049062,5.326273882848698,-9.820931935179589,-5.000000000000004,404.29044470822237,False
4,-4,11,2.0000000000000018,-2.0000000000000018,5.5,2.277307532173589,2.8775665983289453,2.897097164999163,6.566312276021069,-1.6827656664049062,5.326273882848698,-10.554362308510445,-5.500000000000016,479.28612562098306,False
4,-4,12,2.0000000000000018,-2.0000000000000018,6.0,2.4138889552170695,3.064681314277501,3.1534647031108642,7.1962264653011365,-1.6827656664049062,5.326273882848698,-11.287792681841257,-6.000000000000005,561.7841654031653,False
4,-3,0,2.0000000000000018,-1.5000000000000013,0.0,0.6756154181249197,0.7186889756039372,-0.002180067241364103,-0.17676062520778357,-1.2217622801034445,4.641860877966253,-2.1671026353869305,-2.220446049250313e-14,23.19042206497292,False
4,-3,1,2.0000000000000018,-1.5000000000000013,0.5,0.7965984101757972,0.8846120357828557,0.2254471686016446,0.5062264831240615,-1.2217622801034445,4.641860877966253,-2.9005330087177428,-0.5000000000000115,26.545954808224536,False
4,-3,2,2.0000000000000018,-1.5000000000000013,1.0,0.9188034526514371,1.0522110864686296,0.45537366945317403,1.1659302131055371,-1.2217622801034445,4.641860877966253,-3.6339633820485773,-1.000000000000012,36.7333046411726,False
4,-3,3,2.0000000000000018,-1.5000000000000013,1.5,1.0422491554567732,1.2215116503593304,0.687634449501151,1.8152184093710222,-1.2217622801034445,4.641860877966253,-4.367393755379412,-1.5000000000000124,53.56152977830511,False
4,-3,4,2.0000000000000018,-1.5000000000000013,2.0,1.1669545082907322,1.3925397710244314,0.9222652375088125,2.457940534226921,-1.2217622801034445,4.641860877966253,-5.100824128710258,-2.000000000000024,77.01049366724044,False
4,-3,5,2.0000000000000018,-1.5000000000000013,2.5,1.2929388903845291,1.5653220262604572,1.15930249513706,3.0961726117922694,-1.2217622801034445,4.641860877966253,-5.834254502041092,-2.5000000000000244,107.11402235596753,False
4,-3,6,2.0000000000000018,-1.5000000000000013,3.0,1.4202220805411558,1.7398855418597425,1.398783435833656,3.7312530090616747,-1.2217622801034445,4.641860877966253,-6.567684875371905,-3.0000000000000138,143.93597606902352,False
4,-3,7,2.0000000000000018,-1.5000000000000013,3.5000000000000004,1.5488242674869617,1.9162580058072032,1.6407460443094601,4.364133050817776,-1.2217622801034445,4.641860877966253,-7.301115248702761,-3.5000000000000253,187.56051090304035,False
4,-3,8,2.0000000000000018,-1.5000000000000013,4.0,1.678766060546788,2.0944676829207753,1.8852290966235807,4.995533046798939,-1.2217622801034445,4.641860877966253,-8.034545622033573,-4.000000000000014,238.0871261897616,False
4,-3,9,2.0000000000000018,-1.5000000000000013,4.5,1.8100685006543715,2.274543429951775,2.1322721808990974,5.6260234130368625,-1.2217622801034445,4.641860877966253,-8.767975995364408,-4.500000000000015,295.62782075152774,False
4,-3,10,2.0000000000000018,-1.5000000000000013,5.0,1.9427530717104458,2.4565147111620442,2.381915718693306,6.256071421812215,-1.2217622801034445,4.641860877966253,-9.501406368695243,-5.000000000000016,360.3053345567514,False
4,-3,11,2.0000000000000018,-1.5000000000000013,5.5,2.0768417123015026,2.6404116143957044,2.6342009870461816,6.886070211214257,-1.2217622801034445,4.641860877966253,-10.234836742026076,-5.500000000000016,432.25201058603585,False
4,-3,12,2.0000000000000018,-1.5000000000000013,6.0,2.2123568277924663,2.8262648676637694,2.8891701412326,7.516357823458719,-1.2217622801034445,4.641860877966253,-10.968267115356923,-6.0000000000000275,511.6090393398943,False
4,-2,0,2.0000000000000018,-1.0000000000000009,0.0,0.4880181210374396,0.4963966978403511,-0.24913251285297866,0.13830036720692274,-0.7609496334524235,3.9628598983009633,-1.8501037310363788,-1.1102230246251565e-14,11.988697906189232,False
4,-2,1,2.0000000000000018,-1.0000000000000009,0.5,0.6080584131029521,0.6612027113973351,-0.022746244073340582,0.8214370307103369,-0.7609496334524235,3.9628598983009633,-2.5835341043672133,-0.5000000000000115,13.318980995584573,False
4,-2,2,2.0000000000000018,-1.0000000000000009,1.0,0.7293112333711521,0.8276734321619739,0.2059267546939636,1.4813689251249151,-0.7609496334524235,3.9628598983009633,-3.3169644776980256,-1.0000000000000009,21.34874723273021,False
4,-2,3,2.0000000000000018,-1.0000000000000009,1.5,0.8517950467385182,0.9958342110054308,0.4369213067482447,2.130923184866651,-0.7609496334524235,3.9628598983009633,-4.0503948510288375,-1.4999999999999902,35.91858073703437,False
4,-2,4,2.0000000000000018,-1.0000000000000009,2.0,0.9755286949361619,1.1657109161636259,0.6702729460683898,2.77393733218656,-0.7609496334524235,3.9628598983009633,-4.783825224359706,-2.000000000000013,57.01665742990594,False
4,-2,5,2.0000000000000018,-1.0000000000000009,2.5,1.10053140619224,1.3373299465029298,0.9060179355354081,3.4124810304650754,-0.7609496334524235,3.9628598983009633,-5.517255597690562,-2.5000000000000244,84.6804659156646,False
4,-2,6,2.0000000000000018,-1.0000000000000009,3.0,1.2268228051932395,1.5107182451962464,1.1441932857185866,4.047888581184145,-0.7609496334524235,3.9628598983009633,-6.250685971021397,-3.000000000000025,118.97555144675908,False
4,-2,7,2.0000000000000018,-1.0000000000000009,3.5000000000000004,1.3544229233548588,1.6859033138242108,1.3848367742456125,4.681108434430481,-0.7609496334524235,3.9628598983009633,-6.984116344352209,-3.500000000000014,159.98668535174585,False
4,-2,8,2.0000000000000018,-1.0000000000000009,4.0,1.4833522094139933,1.8629132269170345,1.6279869657781498,5.312858727416825,-0.7609496334524235,3.9628598983009633,-7.717546717683044,-4.000000000000014,207.81331691844747,False
4,-2,9,2.0000000000000018,-1.0000000000000009,4.5,1.613631540353344,2.041776646953253,1.8736832326146868,5.943708153053273,-0.7609496334524235,3.9628598983009633,-8.450977091013879,-4.500000000000015,262.56693973902856,False
4,-2,10,2.0000000000000018,-1.0000000000000009,5.0,1.7452822326709916,2.222522839831953,2.12196577594424,6.574122564866647,-0.7609496334524235,3.9628598983009633,-9.184407464344712,-5.000000000000016,324.3694539099038,False
4,-2,11,2.0000000000000018,-1.0000000000000009,5.5,1.8783260540078728,2.4051816908363497,2.372875647774636,7.204493896865305,-0.7609496334524235,3.9628598983009633,-9.917837837675537,-5.500000000000016,393.3521020441685,False
4,-2,12,2.0000000000000018,-1.0000000000000009,6.0,2.0127852351462083,2.589783721106759,2.6264547735606714,7.8351591431227385,-0.7609496334524235,3.9628598983009633,-10.651268211006371,-6.000000000000016,469.65476173192184,False
4,-1,0,2.0000000000000018,-0.5000000000000004,0.0,0.3022431690676064,0.27590840555632434,-0.49460621711714947,0.4519839403777759,-0.30032628029698083,3.289225864299583,-1.5356104429457784,0.0,7.95455184802523,False
4,-1,1,2.0000000000000018,-0.5000000000000004,0.5,0.4213499186609099,0.43960643774504926,-0.2694534845398444,1.1352763699228108,-0.30032628029698083,3.289225864299583,-2.269040816276602,-0.5000000000000115,7.326993232687915,False
4,-1,2,2.0000000000000018,-0.5000000000000004,1.0,0.5416597667349587,0.6049579854104314,-0.04202648193651348,1.7954416223683989,-0.30032628029698083,3.289225864299583,-3.002471189607425,-1.0000000000000009,13.268558950867288,False
4,-1,3,2.0000000000000018,-0.5000000000000004,1.5,0.663191034586405,0.7719882289911884,0.18770942424654602,2.44526669959122,-0.30032628029698083,3.289225864299583,-3.7359015629382597,-1.4999999999999902,25.65102974127267,False
4,-1,4,2.0000000000000018,-0.5000000000000004,2.0,0.7859624174159224,0.9407228628125819,0.4197895743702551,3.0885773532420613,-0.30032628029698083,3.289225864299583,-4.4693319362691275,-2.000000000000024,44.470815226599264,False
4,-1,5,2.0000000000000018,-0.5000000000000004,2.5,0.9099929939154899,1.1111881082629005,0.6542500337260004,3.7274369767687165,-0.30032628029698083,3.289225864299583,-5.202762309599917,-2.499999999999991,69.76903810715139,False
4,-1,6,2.0000000000000018,-0.5000000000000004,3.0,1.0353022361521746,1.2834107273776652,0.8911276112194444,4.363175864781743,-0.30032628029698083,3.289225864299583,-5.936192682930774,-3.0000000000000027,101.6129217240808,False
4,-1,7,2.0000000000000018,-0.5000000000000004,3.5000000000000004,1.161910019759177,1.4574180368459422,1.1304598786350706,4.996739634740344,-0.30032628029698083,3.289225864299583,-6.66962305626162,-3.500000000000014,140.08785745448597,False
4,-1,8,2.0000000000000018,-0.5000000000000004,4.0,1.2898366344454182,1.6332379224545057,1.3722851905029698,5.6288442837113095,-0.30032628029698083,3.289225864299583,-7.403053429592421,-4.0000000000000036,185.29325677234388,False
4,-1,9,2.0000000000000018,-0.5000000000000004,4.5,1.4191027948351946,1.8108988539856818,1.6166427045893772,6.260056807732672,-0.30032628029698083,3.289225864299583,-8.136483802923266,-4.500000000000015,237.34012543530386,False
4,-1,10,2.0000000000000018,-0.5000000000000004,5.0,1.549729651650114,1.9904299005856052,1.8635724030345857,6.890841663734348,-0.30032628029698083,3.289225864299583,-8.869914176254124,-5.000000000000027,296.34954494532855,False
4,-1,11,2.0000000000000018,-0.5000000000000004,5.5,1.6817388032461411,2.1718607466204523,2.113115114161751,7.521589600971756,-0.30032628029698083,3.289225864299583,-9.603344549584936,-5.500000000000016,362.45168192342544,False
4,-1,12,2.0000000000000018,-0.5000000000000004,6.0,1.8151523075187304,2.355221708038646,2.3653125349817614,8.152636582702488,-0.30032628029698083,3.289225864299583,-10.33677492291577,-6.000000000000005,435.7851280205982,False
4,0,0,2.0000000000000018,0.0,0.0,0.11827023340442999,0.05720897401825242,-0.7386069824871611,0.7642975492163417,0.1601092008670868,2.6209139486321975,-1.223601842994404,0.0,10.970015039844009,False
4,0,1,2.0000000000000018,0.0,0.5,0.23645249588384876,0.219808014088696,-0.5146803844092107,1.4477518177263393,0.1601092008670868,2.6209139486321975,-1.9570322163252718,-0.5000000000000338,8.450843292793394,False
4,0,2,2.0000000000000018,0.0,1.0,0.35582851859033704,0.38404946870531087,-0.2884919015021803,2.108155502588782,0.1601092008670868,2.6209139486321975,-2.690462589656084,-1.000000000000023,12.372379200546625,False
4,0,3,2.0000000000000018,0.0,1.5,0.47641648061363673,0.549958349257107,-0.060007088819458154,2.7582560397174882,0.1601092008670868,2.6209139486321975,-3.4238929629868964,-1.5000000000000124,22.63727702711319,False
4,0,4,2.0000000000000018,0.0,2.0,0.5982349320453356,0.7175601775696483,0.17080920154370904,3.401867576369555,0.1601092008670868,2.6209139486321975,-4.157323336317765,-2.000000000000024,39.25010285690013,False
4,0,5,2.0000000000000018,0.0,2.5,0.721302803491719,0.8868809989930837,0.4039928384747038,4.041047325118496,0.1601092008670868,2.6209139486321975,-4.890753709648587,-2.5000000000000133,62.25558563054029,False
4,0,6,2.0000000000000018,0.0,3.0,0.8456394158808583,1.0579473958951147,0.6395804304256125,4.677121631206371,0.1601092008670868,2.6209139486321975,-5.624184082979433,-3.000000000000025,91.72262004951652,False
4,0,7,2.0000000000000018,0.0,3.5000000000000004,0.9712644905745388,1.2307865015733277,0.8776093445728772,5.311033320706238,0.1601092008670868,2.6209139486321975,-6.357614456310268,-3.5000000000000364,127.73722235383956,False
4,0,8,2.0000000000000018,0.0,4.0,1.0981981597962764,1.4054260146023512,1.1181177265758735,5.943496282272909,0.1601092008670868,2.6209139486321975,-7.091044829641069,-4.0000000000000036,170.39877829860865,False
4,0,9,2.0000000000000018,0.0,4.5,1.2264609773868425,1.5818942136316794,1.3611445209558537,6.575075840785916,0.1601092008670868,2.6209139486321975,-7.8244752029719145,-4.500000000000015,219.81782297597218,False
4,0,10,2.0000000000000018,0.0,5.0,1.3560739298994013,1.760219972650795,1.6067294921187802,7.206235078273893,0.1601092008670868,2.6209139486321975,-8.557905576302737,-5.000000000000004,276.11464027652045,False
4,0,11,2.0000000000000018,0.0,5.5,1.4870584480470157,1.940432776738893,1.8549132460453366,7.8373635781545214,0.1601092008670868,2.6209139486321975,-9.291335949633584,-5.500000000000016,339.4183448566544,False
4,0,12,2.0000000000000018,0.0,6.0,1.619436418515352,2.1225627383172907,2.10573725267324,8.46879628981647,0.1601092008670868,2.6209139486321975,-10.024766322964396,-6.000000000000005,409.8662690074254,False
4,1,0,2.0000000000000018,0.49999999999998934,0.0,-0.06392078748141683,-0.15971664736573188,-0.9811407081641577,1.0752486075217282,0.6203582073778469,1.9578795808143923,-0.9140571229726668,-2.220446049250313e-14,20.919177282849187,False
4,1,1,2.0000000000000018,0.49999999999998934,0.5,0.05334594222972944,0.0017923142052900243,-0.758432872526793,1.7588706530428988,0.6203582073778469,1.9578795808143923,-1.6474874963035013,-0.5000000000000226,16.573459508703927,False
4,1,2,2.0000000000000018,0.49999999999998934,1.0,0.17179718436220737,0.16493267942855883,-0.5334754627920768,2.419517728124587,0.6203582073778469,1.9578795808143923,-2.3809178696343136,-1.000000000000012,18.541942464387354,False
4,1,3,2.0000000000000018,0.49999999999998934,1.5,0.2914509771762275,0.3297292920144801,-0.3062342214864622,3.0698982584625334,0.6203582073778469,1.9578795808143923,-3.114348242965148,-1.5000000000000124,26.75783687720081,False
4,1,4,2.0000000000000018,0.49999999999998934,2.0,0.41232572705977855,0.49620750268803415,-0.07667419200424463,3.7138149499565287,0.6203582073778469,1.9578795808143923,-3.8477786162959715,-2.0000000000000018,41.23378954400622,False
4,1,5,2.0000000000000018,0.49999999999998934,2.5,0.5344402179677715,0.6643931821889937,0.15524029931880956,4.353318921659599,0.6203582073778469,1.9578795808143923,-4.581208989626817,-2.5000000000000133,62.0181083752488,False
4,1,6,2.0000000000000018,0.49999999999998934,3.0,0.6578136211531804,0.8343127346745138,0.3895456616864412,4.989732625838461,0.6203582073778469,1.9578795808143923,-5.314639362957663,-3.000000000000025,89.18135290533031,False
4,1,7,2.0000000000000018,0.49999999999998934,3.5000000000000004,0.7824655052006024,1.0059931115381116,0.6262790588972389,5.623996137615661,0.6203582073778469,1.9578795808143923,-6.048069736288497,-3.5000000000000253,122.81016904456064,False
4,1,8,2.0000000000000018,0.49999999999998934,4.0,0.9084158463735198,1.1794618256606992,0.8654784289956696,6.2568212683366875,0.6203582073778469,1.9578795808143923,-6.781500109619298,-4.0000000000000036,163.00392878734658,False
4,1,9,2.0000000000000018,0.49999999999998934,4.5,1.0356850392864798,1.3547469661091827,1.1071825045401495,6.888771696916263,0.6203582073778469,1.9578795808143923,-7.514930482950167,-4.500000000000027,209.8727135032625,False
4,1,10,2.0000000000000018,0.49999999999998934,5.0,1.1642939079142989,1.531877213299232,1.3514308335114134,7.520309151728122,0.6203582073778469,1.9578795808143923,-8.248360856280978,-5.000000000000016,263.5360301621476,False
4,1,11,2.0000000000000018,0.49999999999998934,5.5,1.2942637169508804,1.71088185463944,1.5982638008844918,8.151822068865734,0.6203582073778469,1.9578795808143923,-8.981791229611801,-5.500000000000005,324.12196513849926,False
4,1,12,2.0000000000000018,0.49999999999998934,6.0,1.4256161835304066,1.891790800674753,1.8477226508891997,8.783644400427315,0.6203582073778469,1.9578795808143923,-9.715221602942648,-6.000000000000016,391.76661755449663,False
4,2,0,2.0000000000000018,1.0000000000000009,0.0,-0.2443497693617902,-0.3748834328973383,-1.2222133857674788,1.3848444879491328,1.080422112895607,1.3000784514724861,-0.6069555965731888,0.0,37.6881566736931,False
4,2,1,2.0000000000000018,1.0000000000000009,0.5,-0.127989717951546,-0.21445571145461417,-1.0007169706205798,2.068640116639786,1.080422112895607,1.3000784514724861,-1.3403859699040122,-0.5000000000000004,31.57981622112287,False
4,2,2,2.0000000000000018,1.0000000000000009,1.0,-0.010454312486651851,-0.052407507977103585,-0.7769832179469471,2.7295354257203863,1.080422112895607,1.3000784514724861,-2.073816343234869,-1.000000000000012,31.661047543214963,False
4,2,3,2.0000000000000018,1.0000000000000009,1.5,0.10827434582559858,0.11128585492655718,-0.5509780566167355,3.3802003758442334,1.080422112895607,1.3000784514724861,-2.8072467165657033,-1.5000000000000124,37.89530664589539,False
4,2,4,2.0000000000000018,1.0000000000000009,2.0,0.2282145210593972,0.2766495582680273,-0.3226667201708999,4.024426391497515,1.080422112895607,1.3000784514724861,-3.540677089896538,-2.000000000000013,50.303246738354154,False
4,2,5,2.0000000000000018,1.0000000000000009,2.5,0.34938485193662383,0.4437092995924763,-0.0920137289922851,4.664258583902936,1.080422112895607,1.3000784514724861,-4.274107463227361,-2.5000000000000133,68.93672799663406,False
4,2,6,2.0000000000000018,1.0000000000000009,3.0,0.47180436148269445,0.6124913062914128,0.14101712807477185,5.301015567662515,1.080422112895607,1.3000784514724861,-5.007537836558196,-3.0000000000000138,93.86796845213266,False
4,2,7,2.0000000000000018,1.0000000000000009,3.5000000000000004,0.5954924669826,0.7830223493291932,0.37646281267618154,5.935634706598103,1.080422112895607,1.3000784514724861,-5.74096820988903,-3.500000000000014,125.18424848138213,False
4,2,8,2.0000000000000018,1.0000000000000009,4.0,0.7204689902481326,0.9553297573986097,0.6143610564922131,6.568825765235009,1.080422112895607,1.3000784514724861,-6.474398583219864,-4.000000000000014,162.98493813813366,False
4,2,9,2.0000000000000018,1.0000000000000009,4.5,0.8467541682075558,1.1294414315211165,0.8547503813953139,7.201150801208955,1.080422112895607,1.3000784514724861,-7.207828956550677,-4.5000000000000036,207.3796817867959,False
4,2,10,2.0000000000000018,1.0000000000000009,5.0,0.9743686638296972,1.305385860108066,1.0976701202447647,7.833070210047999,1.080422112895607,1.3000784514724861,-7.941259329881534,-5.000000000000016,258.4872298767233,False
4,2,11,2.0000000000000018,1.0000000000000009,5.5,1.1033335773949298,1.483192134500172,1.343160438341301,8.464971298644919,1.080422112895607,1.3000784514724861,-8.674689703212346,-5.500000000000005,316.4346638416947,False
4,2,12,2.0000000000000018,1.0000000000000009,6.0,1.2336704581257547,1.662889965002834,1.5912623555665195,9.0971870380274,1.080422112895607,1.3000784514724861,-9.408120076543181,-6.000000000000005,381.3568754421525,False
4,3,0,2.0000000000000018,1.4999999999999902,0.0,-0.423036363849677,-0.5883062785383697,-1.461831095095395,1.6930925220013604,1.5403022678670997,0.6474665163373361,-0.3022767012556993,-2.220446049250313e-14,61.16506944278533,False
4,3,1,2.0000000000000018,1.4999999999999902,0.5,-0.30757423502480175,-0.4289510337069036,-1.2415387890405971,2.3770674110433543,1.5403022678670997,0.6474665163373361,-1.0357070745865338,-0.5000000000000115,53.35690342027239,False
4,3,2,2.0000000000000018,1.4999999999999902,1.0,-0.19094582207037913,-0.267986139937737,-1.0190213081771649,3.0382156863745013,1.5403022678670997,0.6474665163373361,-1.7691374479173683,-1.000000000000023,51.615526988730224,False
4,3,3,2.0000000000000018,1.4999999999999902,1.5,-0.07313336431438999,-0.1053870848105265,-0.7942447665943153,3.689169378467816,1.5403022678670997,0.6474665163373361,-2.5025678212482028,-1.5000000000000124,55.93433597554261,False
4,3,4,2.0000000000000018,1.4999999999999902,2.0,0.04588126137787807,0.05887114434861007,-0.5671745868320421,4.333708787320978,1.5403022678670997,0.6474665163373361,-3.2359981945790373,-2.000000000000024,66.34191711138914,False
4,3,5,2.0000000000000018,1.4999999999999902,2.5,0.16611654989776292,0.2248140732939885,-0.33777548214912745,4.9738731003937,1.5403022678670997,0.6474665163373361,-3.9694285679098718,-2.5000000000000133,82.8936566818578,False
4,3,6,2.0000000000000018,1.4999999999999902,3.0,0.28759137747456087,0.39246775408416923,-0.10601143824267023,5.610977148877883,1.5403022678670997,0.6474665163373361,-4.7028589412406845,-3.0000000000000027,105.66342506186041,False
4,3,7,2.0000000000000018,1.4999999999999902,3.5000000000000004,0.410325011554738,0.5618587787167284,0.12815430560061958,6.245955624178112,1.5403022678670997,0.6474665163373361,-5.4362893145715185,-3.500000000000014,134.7391418743972,False
4,3,8,2.0000000000000018,1.4999999999999902,4.0,0.5343371209899139,0.7330142931892047,0.3647592759422946,6.879516273890052,1.5403022678670997,0.6474665163373361,-6.169719687902364,-4.000000000000026,170.22018691318087,False
4,3,9,2.0000000000000018,1.4999999999999902,4.5,0.6596477865448452,0.9059620120017153,0.6038417852404276,7.512219558562339,1.5403022678670997,0.6474665163373361,-6.903150061233198,-4.500000000000015,212.21578403011887,False
4,3,10,2.0000000000000018,1.4999999999999902,5.0,0.7862775117371823,1.0807302331175106,0.8454409525311679,8.14452456126078,1.5403022678670997,0.6474665163373361,-7.636580434564011,-5.000000000000004,260.8439472661631,False
4,3,11,2.0000000000000018,1.4999999999999902,5.5,0.9142472340215035,1.257347853398555,1.0895967247667837,8.776817477421805,1.5403022678670997,0.6474665163373361,-8.370010807894845,-5.500000000000016,316.23077611733834,False
4,3,12,2.0000000000000018,1.4999999999999902,6.0,1.0435783363301283,1.4358443845336522,1.3363498988346934,9.40943031287389,1.5403022678670997,0.6474665163373361,-9.103441181225701,-6.0000000000000275,378.5099804097016,False
4,4,0,2.0000000000000018,2.0000000000000018,0.0,-0.6000000000014716,-0.8000000000001117,-1.6999999999983584,1.9999999999999796,2.000000000000024,0.0,0.0,0.0,91.23999999994213,False
4,4,1,2.0000000000000018,2.0000000000000018,0.5,-0.4854271356798695,-0.6417085427136815,-1.4809045226114148,2.6841597004345186,2.000000000000024,0.0,-0.7334303733308456,-0.5000000000000115,81.79369659326358,False
4,4,2,2.0000000000000018,2.0000000000000018,1.0,-0.369696969698452,-0.4818181818182887,-1.2595959595942952,3.3455655651710714,2.000000000000024,0.0,-1.4668607466617023,-1.000000000000023,78.2932167406444,False
4,4,3,2.0000000000000018,2.0000000000000018,1.5,-0.25279187817407733,-0.3203045685280348,-1.0360406091353913,3.996812219298307,2.000000000000024,0.0,-2.2002911199925146,-1.5000000000000124,80.76159621603651,False
4,4,4,2.0000000000000018,2.0000000000000018,2.0,-0.13469387755252193,-0.15714285714296672,-0.8102040816309775,4.641668992304471,2.000000000000024,0.0,-2.933721493323349,-2.000000000000013,89.23528375153087,False
4,4,5,2.0000000000000018,2.0000000000000018,2.5,-0.01538461538612701,0.007692307692197531,-0.5820512820496004,5.282169230369771,2.000000000000024,0.0,-3.6671518666541836,-2.5000000000000133,103.77316611688373,False
4,4,6,2.0000000000000018,2.0000000000000018,3.0,0.10515463917374346,0.17422680412360614,-0.3515463917508732,5.91962403450037,2.000000000000024,0.0,-4.400582239984995,-3.0000000000000027,124.4507600508224,False
4,4,7,2.0000000000000018,2.0000000000000018,3.5000000000000004,0.22694300517982213,0.34248704663201734,-0.11865284973923695,6.554965461819773,2.000000000000024,0.0,-5.134012613315853,-3.500000000000014,151.35662918343493,False
4,4,8,2.0000000000000018,2.0000000000000018,4.0,0.3499999999984654,0.512499999999888,0.11666666666838021,7.188899272300442,2.000000000000024,0.0,-5.867442986646676,-4.000000000000014,184.5901745884894,False
4,4,9,2.0000000000000018,2.0000000000000018,4.5,0.47434554973668497,0.6842931937171615,0.35445026178183014,7.82198435311523,2.000000000000024,0.0,-6.600873359977511,-4.500000000000015,224.260215874194,False
4,4,10,2.0000000000000018,2.0000000000000018,5.0,0.5999999999984545,0.8578947368419909,0.5947368421069965,8.454678494836699,2.000000000000024,0.0,-7.334303733308345,-5.000000000000016,270.4840504992633,False
4,4,11,2.0000000000000018,2.0000000000000018,5.5,0.7269841269825689,1.033333333333214,0.8375661375678856,9.087366798819563,2.000000000000024,0.0,-8.067734106639179,-5.500000000000016,323.38681868999674,False
4,4,12,2.0000000000000018,2.0000000000000018,6.0,0.8553191489346051,1.210638297872224,1.082978723406014,9.720380321226108,2.000000000000024,0.0,-8.801164479970014,-6.000000000000016,383.1010733898593,False
4,5,0,2.0000000000000018,2.499999999999991,0.0,-0.7752598859949111,-1.0099793309330085,-1.936726344384604,2.3055741711014655,2.45951661471826,-0.6423646006488926,0.2998948170879645,0.0,127.80497120061213,False
4,5,1,2.0000000000000018,2.499999999999991,0.5,-0.6615677246180007,-0.8527430461638286,-1.7188204466176915,2.9899241105916463,2.45951661471826,-0.6423646006488926,-0.4335355562428811,-0.5000000000000115,116.78112679079825,False
4,5,2,2.0000000000000018,2.499999999999991,1.0,-0.5467271575706117,-0.6939185160939443,-1.4987134791763668,3.651592081160593,2.45951661471826,-0.6423646006488926,-1.1669659295737267,-1.000000000000023,111.58392598215903,False
4,5,3,2.0000000000000018,2.499999999999991,1.5,-0.43072069644153055,-0.533481554246712,-1.276371923233105,4.303135817483428,2.45951661471826,-0.6423646006488926,-1.9003963029045612,-1.5000000000000124,112.2657500618588,False
4,5,4,2.0000000000000018,2.499999999999991,2.0,-0.3135304959131724,-0.37140748054388384,-1.05176157590266,4.948313829642004,2.45951661471826,-0.6423646006488926,-2.6338266762353957,-2.000000000000024,118.87083957681114,False
4,5,5,2.0000000000000018,2.499999999999991,2.5,-0.19513834461016843,-0.20767110864923777,-0.8248475327021609,5.589153703474503,2.45951661471826,-0.6423646006488926,-3.367257049566208,-2.5000000000000133,131.461556669383,False
4,5,6,2.0000000000000018,2.499999999999991,3.0,-0.07552565566485148,-0.04224673292061998,-0.5955941694686551,6.226962862020358,2.45951661471826,-0.6423646006488926,-4.1006874228970425,-3.0000000000000027,150.11505862791196,False
4,5,7,2.0000000000000018,2.499999999999991,3.5000000000000004,0.045326543010454357,0.124891885043521,-0.3639651237146213,6.862670765529089,2.45951661471826,-0.6423646006488926,-4.834117796227877,-3.500000000000014,174.92055782683707,False
4,5,8,2.0000000000000018,2.499999999999991,4.0,0.16743761875529783,0.29377153027811964,-0.12992327540062854,7.496981215088283,2.45951661471826,-0.6423646006488926,-5.5675481695587115,-4.0000000000000036,205.97748801868931,False
4,5,9,2.0000000000000018,2.499999999999991,4.5,0.29082734450795455,0.4644195487612468,0.10656927289570683,8.130451547736438,2.45951661471826,-0.6423646006488926,-6.300978542889524,-4.499999999999993,243.39428061381227,False
4,5,10,2.0000000000000018,2.499999999999991,5.0,0.4155159094790445,0.6368638621757794,0.34555121643726205,8.763538281118777,2.45951661471826,-0.6423646006488926,-7.0344089162203804,-5.000000000000004,287.2875360312712,False
4,5,11,2.0000000000000018,2.499999999999991,5.5,0.5415239301641145,0.811132983139673,0.587062069434291,9.39662543952382,2.45951661471826,-0.6423646006488926,-7.767839289551215,-5.500000000000016,337.7814575641429,False
4,5,12,2.0000000000000018,2.499999999999991,6.0,0.6688724617075426,0.9872560309223344,0.8311421868248958,10.030043144651257,2.45951661471826,-0.6423646006488926,-8.501269662882027,-6.000000000000005,395.0074659537192,False
4,6,0,2.0000000000000018,3.0000000000000027,0.0,-0.9488350108396854,-1.2182589212548445,-2.1720164482959605,2.609822243327886,2.9188533955953,-1.2796705132122277,0.5974279312791708,0.0,170.75391484163276,False
4,6,1,2.0000000000000018,3.0000000000000027,0.5,-0.8360150862710414,-1.0620692675928078,-1.9552929128602625,3.294367728850456,2.9188533955953,-1.2796705132122277,-0.13600244205166367,-0.5000000000000115,158.2120509225672,False
4,6,2,2.0000000000000018,3.0000000000000027,1.0,-0.7220555665047312,-0.9043019406614505,-1.7363802508039983,3.95630221726051,2.9188533955953,-1.2796705132122277,-0.8694328153824982,-1.0000000000000009,151.37940722359872,False
4,6,3,2.0000000000000018,3.0000000000000027,1.5,-0.6069390972991695,-0.7449329149795347,-1.51524512517357,4.608147058198164,2.9188533955953,-1.2796705132122277,-1.6028631887133327,-1.5000000000000124,150.3374214168304,False
4,6,4,2.0000000000000018,3.0000000000000027,2.0,-0.49064797024457873,-0.5839376747498348,-1.2918535186693503,5.253650090634365,2.9188533955953,-1.2796705132122277,-2.336293562044167,-2.0000000000000018,155.13805697484105,False
4,6,5,2.0000000000000018,3.0000000000000027,2.5,-0.3731641136817343,-0.42129120128701625,-1.066170716200987,5.8948332194939335,2.9188533955953,-1.2796705132122277,-3.069723935375024,-2.5000000000000355,165.84712679863955,False
4,6,6,2.0000000000000018,3.0000000000000027,3.0,-0.25446908333988105,-0.2569679600565311,-0.8381612869030441,6.533000241087161,2.9188533955953,-1.2796705132122277,-3.803154308705814,-3.0000000000000027,182.54342306952714,False
4,6,7,2.0000000000000018,3.0000000000000027,3.5000000000000004,-0.13454405268361336,-0.09094188731070818,-0.607789065591674,7.169078055486056,2.9188533955953,-1.2796705132122277,-4.5365846820366595,-3.500000000000014,205.31681161673993,False
4,6,8,2.0000000000000018,3.0000000000000027,4.0,-0.01336980295801038,0.07681362369287292,-0.37501713364162526,7.803768533076139,2.9188533955953,-1.2796705132122277,-5.270015055367516,-4.000000000000026,234.26677012805413,False
4,6,9,2.0000000000000018,3.0000000000000027,4.5,0.10907328707886743,0.24632573690592796,-0.13980779926278109,8.437627483546638,2.9188533955953,-1.2796705132122277,-6.003445428698306,-4.499999999999993,269.50135763994547,False
4,6,10,2.0000000000000018,3.0000000000000027,5.0,0.23280525174770028,0.4176221881527997,0.09787742284636525,9.0711101707881,2.9188533955953,-1.2796705132122277,-6.736875802029141,-5.000000000000004,311.13649679320065,False
4,6,11,2.0000000000000018,3.0000000000000027,5.5,0.3578465493759925,0.5907313002594283,0.3380778324910516,9.704599558688653,2.9188533955953,-1.2796705132122277,-7.470306175359975,-5.499999999999994,359.29547595603833,False
4,6,12,2.0000000000000018,3.0000000000000027,6.0,0.48421807357480195,0.7656819986650631,0.5808335656426022,10.338424849369243,2.9188533955953,-1.2796705132122277,-8.203736548690832,-6.000000000000005,414.10860798089504,False
5,-6,0,2.499999999999991,-3.0000000000000027,0.0,1.434125436743197,1.6138320221083413,0.9869198468619444,-0.9505198624278455,-2.5668786534580934,7.374687436587446,-3.4429520830416283,-1.1102230246251565e-14,122.4689459758038,False
5,-6,1,2.499999999999991,-3.0000000000000027,0.5,1.5589200369278355,1.7842532885510964,1.2195174340321024,-0.26471416199866926,-2.5668786534580934,7.374687436587446,-4.1763824563724405,-0.5000000000000004,137.10218513710262,False
5,-6,2,2.499999999999991,-3.0000000000000027,1.0,1.684975188629495,1.9563959819276222,1.4544644917797445,0.3973719291674893,-2.5668786534580934,7.374687436587446,-4.909812829703297,-1.000000000000012,159.05408915546673,False
5,-6,3,2.499999999999991,-3.0000000000000027,1.5,1.8123100880641618,2.130286316861257,1.691796798844608,1.048836668540698,-2.5668786534580934,7.374687436587446,-5.643243203034121,-1.5000000000000124,188.05371444424028,False
5,-6,4,2.499999999999991,-3.0000000000000027,2.0,1.9409443232073442,2.305951042967702,1.9315508641448376,1.6935974668049747,-2.5668786534580934,7.374687436587446,-6.376673576364955,-2.000000000000013,224.06128036244914,False
5,-6,5,2.499999999999991,-3.0000000000000027,2.5,2.0708978838391734,2.483417458572662,2.1737639454994295,2.333766675461746,-2.5668786534580934,7.374687436587446,-7.110103949695789,-2.5000000000000133,267.10336380415305,False
5,-6,6,2.499999999999991,-3.0000000000000027,3.0,2.2021911719002087,2.6627134248539743,2.418474068929849,2.9707059429406213,-2.5668786534580934,7.374687436587446,-7.843534323026624,-3.0000000000000138,317.24196612791127,False
5,-6,7,2.499999999999991,-3.0000000000000027,3.5000000000000004,2.3348450121691178,2.8438673804231653,2.665720048561593,3.6053830869315906,-2.5668786534580934,7.374687436587446,-8.576964696357459,-3.500000000000014,374.56237416058605,False
5,-6,8,2.499999999999991,-3.0000000000000027,4.0,2.4688806632741587,3.0269083563628616,2.9155415071478616,4.238530894405845,-2.5668786534580934,7.374687436587446,-9.310395069688294,-4.000000000000014,439.1671302039338,False
5,-6,9,2.499999999999991,-3.0000000000000027,4.5,2.604319829050472,3.2118659917364845,3.1679788972376386,4.870729679253127,-2.5668786534580934,7.374687436587446,-10.043825443019127,-4.500000000000015,511.1726258991171,False
5,-6,10,2.499999999999991,-3.0000000000000027,5.0,2.741184670255997,3.3987705495877316,3.4230735230125764,5.50245485737153,-2.5668786534580934,7.374687436587446,-10.777255816349939,-5.000000000000004,590.7070202694144,False
5,-6,11,2.499999999999991,-3.0000000000000027,5.5,2.879497816659465,3.5876529334479823,3.680867562816875,6.134106466998568,-2.5668786534580934,7.374687436587446,-11.510686189680774,-5.500000000000005,677.9089025227407,False
5,-6,12,2.499999999999991,-3.0000000000000027,6.0,3.0192823795140376,3.778544704370579,3.941404092406331,6.766028541725966,-2.5668786534580934,7.374687436587446,-12.244116563011609,-6.000000000000005,772.9264082854091,False
5,-5,0,2.499999999999991,-2.500000000000002,0.0,1.240080228056084,1.385386899343194,0.7353069079843955,-0.6299461117574845,-2.105304154830945,6.677468509725482,-3.1174479342602313,-2.220446049250313e-14,84.89925633607456,False
5,-5,1,2.499999999999991,-2.500000000000002,0.5,1.3638997266895325,1.554660200344915,0.9666401085270337,0.05598320836450732,-2.105304154830945,6.677468509725482,-3.8508783075910435,-0.5000000000000115,97.25801896824392,False
5,-5,2,2.499999999999991,-2.500000000000002,1.0,1.488969927329381,1.7256433326698961,1.2003100080650475,0.7182757375103321,-2.105304154830945,6.677468509725482,-4.584308680921856,-1.0000000000000009,116.79540750301845,False
5,-5,3,2.499999999999991,-2.500000000000002,1.5,1.6153098761990725,1.898362334358572,1.4363521908470955,1.3699866277915973,-2.105304154830945,6.677468509725482,-5.317739054252724,-1.5000000000000235,143.2733767739898,False
5,-5,4,2.499999999999991,-2.500000000000002,2.0,1.7429390082204954,2.07284377484,1.6748029673310127,2.015020647335364,-2.105304154830945,6.677468509725482,-6.051169427583525,-2.0000000000000018,176.66079626654397,False
5,-5,5,2.499999999999991,-2.500000000000002,2.5,1.8718771569805948,2.2491147685571256,1.9156993928045096,2.6554834103822866,-2.105304154830945,6.677468509725482,-6.784599800914382,-2.5000000000000133,216.98803495121933,False
5,-5,6,2.499999999999991,-2.500000000000002,3.0,2.002144565006275,2.4272029890136104,2.1590792865818607,3.2927322565927897,-2.105304154830945,6.677468509725482,-7.518030174245238,-3.000000000000036,264.31881971667593,False
5,-5,7,2.499999999999991,-2.500000000000002,3.5000000000000004,2.1337618943586376,2.607136683257205,2.4049812517972944,3.927731954338909,-2.105304154830945,6.677468509725482,-8.25146054757604,-3.500000000000014,318.73904455987963,False
5,-5,8,2.499999999999991,-2.500000000000002,4.0,2.2667502375584183,2.7889446868158307,2.6534446958170808,4.561212983542484,-2.105304154830945,6.677468509725482,-8.984890920906874,-4.000000000000014,380.3511631242634,False
5,-5,9,2.499999999999991,-2.500000000000002,4.5,2.4011311288545443,2.9726564391028223,2.9045098512925636,5.193753825806424,-2.105304154830945,6.677468509725482,-9.718321294237741,-4.500000000000037,449.27100199032316,False
5,-5,10,2.499999999999991,-2.500000000000002,5.0,2.5369265558485123,3.1583019993086268,3.1582177978783155,5.825828386013332,-2.105304154830945,6.677468509725482,-10.451751667568542,-5.000000000000016,525.6258046021441,False
5,-5,11,2.499999999999991,-2.500000000000002,5.5,2.6741589714879224,3.3459120627970296,3.4146104846395797,6.457835417731528,-2.105304154830945,6.677468509725482,-11.185182040899377,-5.500000000000016,609.5529714833776,False
5,-5,12,2.499999999999991,-2.500000000000002,6.0,2.812851306442643,3.535517978024677,3.6737307531748975,7.090117834059262,-2.105304154830945,6.677468509725482,-11.918612414230212,-6.000000000000016,701.199226519613,False
5,-4,0,2.499999999999991,-2.0000000000000018,0.0,1.0479213997331733,1.158788056758614,0.48517999777313303,-0.31077277246339685,-1.643923860397889,5.985742089633184,-2.7945080212903317,-2.220446049250313e-14,54.92800664958436,False
5,-4,1,2.499999999999991,-2.0000000000000018,0.5,1.170775276113742,1.3269226701091597,0.7152562791689798,0.37528692184407575,-1.643923860397889,5.985742089633184,-3.527938394621144,-0.5000000000000115,65.08379394561838,False
5,-4,2,2.499999999999991,-2.0000000000000018,1.0,1.2948701007405834,1.496755612887496,0.9476565634072065,1.03779155293664,-1.643923860397889,5.985742089633184,-4.2613687679519785,-1.0000000000000009,82.28026247417843,False
5,-4,3,2.499999999999991,-2.0000000000000018,1.5,1.4202247713027165,1.6683127479782844,1.182416241394041,1.6897537888851621,-1.643923860397889,5.985742089633184,-4.994799141282824,-1.5000000000000124,106.31191225469408,False
5,-4,4,2.499999999999991,-2.0000000000000018,2.0,1.546858571156298,1.8416204660802238,1.41957142629911,2.3350659374814953,-1.643923860397889,5.985742089633184,-5.7282295146136475,-2.0000000000000018,137.15617805700595,False
5,-4,5,2.499999999999991,-2.0000000000000018,2.5,1.6747911792135084,2.016705699239607,1.6591589720750088,2.9758269733825005,-1.643923860397889,5.985742089633184,-6.461659887944471,-2.5000000000000133,174.84718996347604,False
5,-4,6,2.499999999999991,-2.0000000000000018,3.0,1.8040426801372966,2.1935959348027056,1.9012164925496289,3.613389990601301,-1.643923860397889,5.985742089633184,-7.195090261275327,-3.000000000000025,219.45039246117278,False
5,-4,7,2.499999999999991,-2.0000000000000018,3.5000000000000004,1.9346335748530286,2.3723192298016835,2.145782381112049,4.248716753521675,-1.643923860397889,5.985742089633184,-7.92852063460614,-3.500000000000014,271.0522913580218,False
5,-4,8,2.499999999999991,-2.0000000000000018,4.0,2.0665847913887148,2.5529042257902255,2.3928958310136803,4.882535469954163,-1.643923860397889,5.985742089633184,-8.661951007936974,-4.0000000000000036,329.7552642015893,False
5,-4,9,2.499999999999991,-2.0000000000000018,4.5,2.1999176960556865,2.7353801641451456,2.64259685630695,5.515422817584992,-1.643923860397889,5.985742089633184,-9.395381381267843,-4.500000000000037,395.67459058831616,False
5,-4,10,2.499999999999991,-2.0000000000000018,5.0,2.334654104982292,2.919776901851173,2.8949263134454064,6.14785121427599,-1.643923860397889,5.985742089633184,-10.128811754598644,-5.000000000000004,468.9366205992082,False
5,-4,11,2.499999999999991,-2.0000000000000018,5.5,2.470816296013939,3.1061249277868965,3.149925923569458,6.780218149901351,-1.643923860397889,5.985742089633184,-10.86224212792949,-5.500000000000016,549.67759158962,False
5,-4,12,2.499999999999991,-2.0000000000000018,6.0,2.608427020992737,3.294455379530442,3.4076382955033404,7.412865435913907,-1.643923860397889,5.985742089633184,-11.595672501260335,-6.0000000000000275,638.042843982796,False
5,-3,0,2.499999999999991,-1.5000000000000013,0.0,0.8576280197721914,0.9340203244454781,0.23653381952294383,0.00700769813726243,-1.1827362630294158,5.2994630483861105,-2.4741112756754613,-1.1102230246251565e-14,32.43053861851563,False
5,-3,1,2.499999999999991,-1.5000000000000013,0.5,0.9795256480122527,1.1010254517039963,0.46536062263612954,0.6932043716687986,-1.1827362630294158,5.2994630483861105,-3.207541649006296,-0.5000000000000115,40.45361824189962,False
5,-3,2,2.499999999999991,-1.5000000000000013,1.0,1.1026545654264586,1.2697174994398819,0.6964988075989387,1.3559266396309777,-1.1827362630294158,5.2994630483861105,-3.940972022337108,-1.0000000000000009,55.38149363904024,False
5,-3,3,2.499999999999991,-1.5000000000000013,1.5,1.227033522611365,1.4401221567974354,0.9299835731197359,2.008145295233388,-1.1827362630294158,5.2994630483861105,-4.674402395667943,-1.5000000000000013,77.0408635787624,False
5,-3,4,2.499999999999991,-1.5000000000000013,2.0,1.3526816528287662,1.6122656371892696,1.1658508362479003,2.6537403646025304,-1.1827362630294158,5.2994630483861105,-5.407832768998788,-2.000000000000013,105.41764497173733,False
5,-3,5,2.499999999999991,-1.5000000000000013,2.5,1.4796184818176294,1.7861746917389565,1.404137250792764,3.294804278577401,-1.1827362630294158,5.2994630483861105,-6.141263142329622,-2.5000000000000133,140.54969873067287,False
5,-3,6,2.499999999999991,-1.5000000000000013,3.0,1.6078639379094817,1.96187662313968,1.644880226312323,3.9326859473991727,-1.1827362630294158,5.2994630483861105,-6.8746935156604465,-3.0000000000000027,182.50417926235212,False
5,-3,7,2.499999999999991,-1.5000000000000013,3.5000000000000004,1.7374383624582268,2.139399299943512,1.888117947692164,4.5683441758860965,-1.1827362630294158,5.2994630483861105,-7.608123888991269,-3.500000000000003,231.3682088471437,False
5,-3,8,2.499999999999991,-1.5000000000000013,4.0,1.8683625205960286,2.3187711712973735,2.1338893953364027,5.202504933964658,-1.1827362630294158,5.2994630483861105,-8.341554262322104,-4.0000000000000036,287.244101375201,False
5,-3,9,2.499999999999991,-1.5000000000000013,4.5,2.0006576123269113,2.500021282141862,2.3822343659926193,5.835743123185022,-1.1827362630294158,5.2994630483861105,-9.07498463565296,-4.500000000000015,350.24660731218825,False
5,-3,10,2.499999999999991,-1.5000000000000013,5.0,2.134345283970729,2.683179288889981,2.633193494234687,6.468529697872283,-1.1827362630294158,5.2994630483861105,-9.808415008983784,-5.000000000000016,420.5012052953238,False
5,-3,11,2.499999999999991,-1.5000000000000013,5.5,2.269447639970573,2.8682754756036823,2.8868082746274615,7.101260904724427,-1.1827362630294158,5.2994630483861105,-10.541845382314607,-5.500000000000005,498.1429946730982,False
5,-3,12,2.499999999999991,-1.5000000000000013,6.0,2.4059872550767967,3.0553407706866818,3.1431210845988877,7.73427747197446,-1.1827362630294158,5.2994630483861105,-11.275275755645453,-6.000000000000016,583.31596028259,False
5,-2,0,2.499999999999991,-1.0000000000000009,0.0,0.6691793844555316,0.7110685955160123,-0.010637036390365173,0.3234028024981628,-0.7217398813770703,4.618586490313348,-2.156236737389172,0.0,17.284333253082924,False
5,-2,1,2.499999999999991,-1.0000000000000009,0.5,0.7901300346286749,0.8769533623276482,0.2169477021202404,1.0097429142027936,-0.7217398813770703,4.618586490313348,-2.8896671107200067,-0.5000000000000115,23.243757625886417,False
5,-2,2,2.499999999999991,-1.0000000000000009,1.0,0.9123024085409437,1.0445137328444598,0.4468312763733717,1.67268822779032,-0.7217398813770703,4.618586490313348,-3.623097484050841,-1.0000000000000009,35.974117103614894,False
5,-2,3,2.499999999999991,-1.0000000000000009,1.5,1.0357151111223706,1.2137752238741195,0.6790486940199292,2.32516825895015,-0.7217398813770703,4.618586490313348,-4.356527857381664,-1.5000000000000124,55.33396938765739,False
5,-2,4,2.499999999999991,-1.0000000000000009,2.0,1.160387126995438,1.3847638729755252,0.9136356771526855,2.9710509273501717,-0.7217398813770703,4.618586490313348,-5.089958230712499,-2.0000000000000018,81.31763203618276,False
5,-2,5,2.499999999999991,-1.0000000000000009,2.5,1.2863378302107957,1.557506251811297,1.1506286806252652,3.6124222139136686,-0.7217398813770703,4.618586490313348,-5.8233886040433,-2.499999999999991,113.96666717161295,False
5,-2,6,2.499999999999991,-1.0000000000000009,3.0,1.413586994284055,1.7320294799134273,1.3900649109377772,4.250626905770494,-0.7217398813770703,4.618586490313348,-6.55681897737419,-3.000000000000025,153.3499316831472,False
5,-2,7,2.499999999999991,-1.0000000000000009,3.5000000000000004,1.5421548025445904,1.9083612388767046,1.6319823457094595,4.886620891712079,-0.7217398813770703,4.618586490313348,-7.290249350705002,-3.500000000000014,199.55516899979528,False
5,-2,8,2.499999999999991,-1.0000000000000009,4.0,1.6720618588078384,2.08652978699585,1.876419753760039,5.521127937316028,-0.7217398813770703,4.618586490313348,-8.023679724035816,-4.0000000000000036,252.6846416663185,False
5,-2,9,2.499999999999991,-1.0000000000000009,4.5,1.8033291983827637,2.2665639743623176,2.1234167158216133,6.15472119520315,-0.7217398813770703,4.618586490313348,-8.757110097366649,-4.499999999999993,312.85258864744,False
5,-2,10,2.499999999999991,-1.0000000000000009,5.0,1.935978299426877,2.4484932584379115,2.3730136459048867,6.787870179149724,-0.7217398813770703,4.618586490313348,-9.490540470697507,-5.000000000000004,380.1836387606309,False
5,-2,11,2.499999999999991,-1.0000000000000009,5.5,2.0700310946619336,2.6323477201227687,2.625251813343538,7.420969912750897,-0.7217398813770703,4.618586490313348,-10.22397084402833,-5.500000000000016,454.81177815724317,False
5,-2,12,2.499999999999991,-1.0000000000000009,6.0,2.2055099834633274,2.818158080336186,2.880173365542177,8.054360059035304,-0.7217398813770703,4.618586490313348,-10.957401217359164,-6.000000000000005,536.8796635660082,False
5,-1,0,2.499999999999991,-0.5000000000000004,0.0,0.4825550170727416,0.4899178287496808,-0.25633808777815736,0.6384200027510945,-0.260933259371543,3.9430677574123107,-1.8408635573630483,0.0,9.368980622335135,False
5,-1,1,2.499999999999991,-0.5000000000000004,0.5,0.6025678563545134,0.6546912851755571,-0.029988027917743354,1.3249098687635907,-0.260933259371543,3.9430677574123107,-2.574293930693905,-0.5000000000000115,13.332605032617012,False
5,-1,2,2.499999999999991,-0.5000000000000004,1.0,0.7237929465381238,0.8211291199491766,0.19864839618368157,1.9880835133657015,-0.260933259371543,3.9430677574123107,-3.3077243040247173,-1.0000000000000009,23.93529488573045,False
5,-1,3,2.499999999999991,-0.5000000000000004,1.5,0.8462487482972014,0.989256678933681,0.429606002255678,2.6408297605229336,-0.260933259371543,3.9430677574123107,-4.041154677355552,-1.5000000000000124,41.06713344570715,False
5,-1,4,2.499999999999991,-0.5000000000000004,2.0,0.9699540990538158,1.159099825254778,0.6629203185937182,3.2870045952727134,-0.260933259371543,3.9430677574123107,-4.774585050686387,-2.0000000000000018,64.73075902879452,False
5,-1,5,2.499999999999991,-0.5000000000000004,2.5,1.0949282226387052,1.3306849525637765,0.898627602278812,3.928687640706907,-0.260933259371543,3.9430677574123107,-5.508015424017221,-2.5000000000000133,94.9714059858209,False
5,-1,6,2.499999999999991,-0.5000000000000004,3.0,1.2211907392502497,1.5040389987110214,1.1367648579606704,4.567219620320273,-0.260933259371543,3.9430677574123107,-6.241445797348066,-3.000000000000025,131.85962648138758,False
5,-1,7,2.499999999999991,-0.5000000000000004,3.5000000000000004,1.3487616757230452,1.679189459844238,1.3773698572247028,5.203553549555684,-0.260933259371543,3.9430677574123107,-6.97487617067889,-3.500000000000014,175.48378977850632,False
5,-1,8,2.499999999999991,-0.5000000000000004,4.0,1.4776614761174338,1.8561644049475856,1.620481158564424,5.838411022501777,-0.260933259371543,3.9430677574123107,-7.708306544009713,-4.0000000000000036,225.94611925989804,False
5,-1,9,2.499999999999991,-0.5000000000000004,4.5,1.6079110126416218,2.034992490837362,1.866138127980993,6.472363469499021,-0.260933259371543,3.9430677574123107,-8.44173691734057,-4.500000000000015,283.36035979581726,False
5,-1,10,2.499999999999991,-0.5000000000000004,5.0,1.7395315969186753,2.2157029776312456,2.1143809602335253,7.105878986279435,-0.260933259371543,3.9430677574123107,-9.175167290671382,-5.000000000000004,347.85031171442114,False
5,-1,11,2.499999999999991,-0.5000000000000004,5.5,1.8725449916113635,2.3983257447086572,2.3652507007638657,7.739351392977145,-0.260933259371543,3.9430677574123107,-9.908597664002217,-5.500000000000016,419.54887243087234,False
5,-1,12,2.499999999999991,-0.5000000000000004,6.0,2.006973422417807,2.5828913071805126,2.61878926832112,8.373119305033661,-0.260933259371543,3.9430677574123107,-10.642028037333052,-6.000000000000005,498.5973976489226,False
5,0,0,2.499999999999991,0.0,0.0,0.29773466660043824,0.2705530510813847,-0.5005749560754613,0.9520667206226019,0.19968503429137474,3.2728624344034785,-1.5279709998465507,-2.220446049250313e-14,8.566149734653903,False
5,0,1,2.499999999999991,0.0,0.5,0.4168187604024487,0.43422417194108887,-0.275452217161265,1.638712517451646,0.19968503429137474,3.2728624344034785,-2.261401373177385,-0.5000000000000115,10.600650260009603,False
5,0,2,2.499999999999991,0.0,1.0,0.5371057238388294,0.5995485364458486,-0.048055511187328204,2.3021196578195013,0.19968503429137474,3.2728624344034785,-2.9948317465081975,-1.0000000000000009,19.144304414609465,False
5,0,3,2.499999999999991,0.0,1.5,0.6586138747212589,0.7665513208948038,0.18164979078633126,2.955136848501372,0.19968503429137474,3.2728624344034785,-3.728262119839032,-1.5000000000000124,34.11839393485498,False
5,0,4,2.499999999999991,0.0,2.0,0.7813619046943249,0.9352582153891731,0.4136990244127947,3.6016083084370987,0.19968503429137474,3.2728624344034785,-4.461692493169878,-2.000000000000024,55.53379956473037,False
5,0,5,2.499999999999991,0.0,2.5,0.9053688888209566,1.1056954370065541,0.6481282501790142,4.243607393198623,0.19968503429137474,3.2728624344034785,-5.1951228665007125,-2.5000000000000133,83.43939952077027,False
5,0,6,2.499999999999991,0.0,3.0,1.0306542954643727,1.2778897433828817,0.8849742720871634,4.882470820967089,0.19968503429137474,3.2728624344034785,-5.928553239831535,-3.0000000000000027,117.90743425562529,False
5,0,7,2.499999999999991,0.0,3.5000000000000004,1.1572379964771367,1.4518684467164755,1.1242746569166129,5.5191487756754976,0.19968503429137474,3.2728624344034785,-6.661983613162381,-3.500000000000014,159.0269035555434,False
5,0,8,2.499999999999991,0.0,4.0,1.285140277708785,1.6276594282097823,1.3660677540880628,6.154360712126672,0.19968503429137474,3.2728624344034785,-7.395413986493193,-4.0000000000000036,206.90000369392618,False
5,0,9,2.499999999999991,0.0,4.5,1.4143818498433962,1.8052911529648052,1.6103927161513543,6.788676364485768,0.19968503429137474,3.2728624344034785,-8.12884435982405,-4.500000000000015,261.64000262983416,False
5,0,10,2.499999999999991,0.0,5.0,1.54498385957941,1.9847926853488296,1.8572895199205741,7.422562432476387,0.19968503429137474,3.2728624344034785,-8.862274733154884,-5.000000000000027,323.3698932407838,False
5,0,11,2.499999999999991,0.0,5.5,1.6769679011644834,2.1661937048480295,2.1067989882799454,8.05641155199246,0.19968503429137474,3.2728624344034785,-9.595705106485697,-5.500000000000016,392.22150832084213,False
5,0,12,2.499999999999991,0.0,6.0,1.8103560282983377,2.34952452242701,2.3589628126856885,8.690561308119559,0.19968503429137474,3.2728624344034785,-10.329135479816532,-6.000000000000005,468.33492924168337,False
5,1,0,2.499999999999991,0.49999999999998934,0.0,0.11469830630565503,0.052959359971499476,-0.7433533618469768,1.2643503373732434,0.6601164066318166,2.6079263535152997,-1.2175384446407977,0.0,14.75955856477753,False
5,1,1,2.499999999999991,0.49999999999998934,0.5,0.2328626194026684,0.21553704519748917,-0.5194506149215794,1.9511581050061233,0.6601164066318166,2.6079263535152997,-1.9509688179716433,-0.5000000000000115,14.930449809979727,False
5,1,2,2.499999999999991,0.49999999999998934,1.0,0.3522205114198568,0.3797569292641467,-0.293286224087852,2.6148037879098807,0.6601164066318166,2.6079263535152997,-2.6843991913024556,-1.0000000000000009,21.48250817319702,False
5,1,3,2.499999999999991,0.49999999999998934,1.5,0.4727901586859484,0.5456440202756319,-0.06482574806799812,3.2680965392159367,0.6601164066318166,2.6079263535152997,-3.4178295646333123,-1.5000000000000124,34.36789289056513,False
5,1,4,2.499999999999991,0.49999999999998934,2.0,0.5945901084751598,0.7132238367056176,0.16596595729900243,3.914868977084174,0.6601164066318166,2.6079263535152997,-4.151259937964125,-2.0000000000000018,53.60565031919636,False
5,1,5,2.499999999999991,0.49999999999998934,2.5,0.7176392885186178,0.8825224204835946,0.39912475708002715,4.557188278148772,0.6601164066318166,2.6079263535152997,-4.88469031129497,-2.5000000000000133,79.24827477727611,False
5,1,6,2.499999999999991,0.49999999999998934,3.0,0.8419570168099577,1.053566350486096,0.6346872558278704,5.196387212472531,0.6601164066318166,2.6079263535152997,-5.618120684625804,-3.000000000000025,111.36968822763602,False
5,1,7,2.499999999999991,0.49999999999998934,3.5000000000000004,0.9675630117157052,1.2263827564471586,0.8726908167388803,5.833413173498814,0.6601164066318166,2.6079263535152997,-6.3515510579566286,-3.500000000000014,150.0595256678995,False
5,1,8,2.499999999999991,0.49999999999998934,4.0,1.0944774024017194,1.4009993333036486,1.1131735814094046,6.468983508308024,0.6601164066318166,2.6079263535152997,-7.084981431287474,-4.000000000000026,195.41996818245582,False
5,1,9,2.499999999999991,0.49999999999998934,4.5,1.2227207395870798,1.5774443559911033,1.3561744902125972,7.103666280465726,0.6601164066318166,2.6079263535152997,-7.818411804618275,-4.499999999999993,247.5638237796099,False
5,1,10,2.499999999999991,0.49999999999998934,5.0,1.3523140066375339,1.7557466947068445,1.6017333033189807,7.737926815265661,0.6601164066318166,2.6079263535152997,-8.551842177949121,-5.000000000000004,306.61329863498077,False
5,1,11,2.499999999999991,0.49999999999998934,5.5,1.4832786310112756,1.9359358306576757,1.8498906223841594,8.37215658317465,0.6601164066318166,2.6079263535152997,-9.285272551279956,-5.500000000000016,372.69918469390683,False
5,1,12,2.499999999999991,0.49999999999998934,6.0,1.6156364960698444,2.1180418723101058,2.100687912928756,9.00669215577743,0.6601164066318166,2.6079263535152997,-10.018702924610778,-6.000000000000005,445.960315302364,False
5,2,0,2.499999999999991,1.0000000000000009,0.0,-0.06657386770331786,-0.16287807437100899,-0.9846791204340843,1.575278193757379,1.1203622408671343,1.948215598932923,-0.9095453891757366,0.0,27.834944242412917,False
5,2,1,2.499999999999991,1.0000000000000009,0.5,0.050679529946415225,-0.0013849993678483052,-0.7619890657628969,2.262253838682593,1.1203622408671343,1.948215598932923,-1.6429757625065822,-0.5000000000000115,26.206596888724427,False
5,2,2,2.499999999999991,1.0000000000000009,1.0,0.16911730535018876,0.16173931881716674,-0.5370496166000827,2.9261429955000917,1.1203622408671343,1.948215598932923,-2.3764061358374167,-1.000000000000023,30.833323497538444,False
5,2,3,2.499999999999991,1.0000000000000009,1.5,0.28875749471744816,0.32651972145075203,-0.30982651820719576,3.579715816523099,1.1203622408671343,1.948215598932923,-3.109836509168229,-1.5000000000000124,41.697845792768284,False
5,2,4,2.499999999999991,1.0000000000000009,2.0,0.40961850234355335,0.49298155676428257,-0.08028481676947696,4.226793481312208,1.1203622408671343,1.948215598932923,-3.8432668824990968,-2.000000000000024,58.82730040387759,False
5,2,5,2.499999999999991,1.0000000000000009,2.5,0.5317191100478763,0.6611506929528166,0.1516111585291413,4.869437074458194,1.1203622408671343,1.948215598932923,-4.57669725582992,-2.5000000000000133,82.27777056604049,False
5,2,6,2.499999999999991,1.0000000000000009,3.0,0.6550784869037984,0.8310535315762868,0.3858978139854863,5.50897547400262,1.1203622408671343,1.948215598932923,-5.310127629160732,-3.0000000000000027,112.12485317415428,False
5,2,7,2.499999999999991,1.0000000000000009,3.5000000000000004,0.7797161992711743,1.002717021377203,0.6226123104309922,6.146353323121989,1.1203622408671343,1.948215598932923,-6.043558002491578,-3.500000000000014,148.4588231195976,False
5,2,8,2.499999999999991,1.0000000000000009,4.0,0.9056522211423723,1.1761686725302034,0.8617925828811657,6.782285892113538,1.1203622408671343,1.948215598932923,-6.7769883758224125,-4.000000000000026,191.38185808402187,False
5,2,9,2.499999999999991,1.0000000000000009,4.5,1.032906944813286,1.3514365713392595,1.1034773608020076,7.417339599003592,1.1203622408671343,1.948215598932923,-7.510418749153236,-4.500000000000015,241.00632286305887,False
5,2,10,2.499999999999991,1.0000000000000009,5.0,1.1615011918912481,1.528549395398937,1.3477061890167563,8.051978415790217,1.1203622408671343,1.948215598932923,-8.243849122484082,-5.000000000000027,297.45365739124924,False
5,2,11,2.499999999999991,1.0000000000000009,5.5,1.2914562246525736,1.7075364292370276,1.594519449276105,8.686592665928927,1.1203622408671343,1.948215598932923,-8.977279495814916,-5.500000000000016,360.85363619792435,False
5,2,12,2.499999999999991,1.0000000000000009,6.0,1.422793757762428,1.8884275804563755,1.843958382516936,9.321517923993916,1.1203622408671343,1.948215598932923,-9.710709869145727,-6.000000000000005,431.3438705272883,False
5,3,0,2.499999999999991,1.4999999999999902,0.0,-0.24610143797431094,-0.3769740068744476,-1.2245581377249737,1.8848575899915954,1.5804238968855078,1.2936865109679951,-0.6039714504566418,0.0,47.68003341799935,False
5,3,1,2.499999999999991,1.4999999999999902,0.5,-0.12975018891890622,-0.21655679082858703,-1.0030735052512285,2.572006888143541,1.5804238968855078,1.2936865109679951,-1.3374018237874763,-0.5000000000000004,44.31569158225936,False
5,3,2,2.499999999999991,1.4999999999999902,1.0,-0.012223674721523192,-0.054519198863067775,-0.779351654267646,3.2361443373823295,1.5804238968855078,1.2936865109679951,-2.070832197118322,-1.000000000000012,47.08219254980671,False
5,3,3,2.499999999999991,1.4999999999999902,1.5,0.10649600205653864,0.1091634447975165,-0.553358515456831,3.8900016315672303,1.5804238968855078,1.2936865109679951,-2.804262570449123,-1.4999999999999902,55.99251132897693,False
5,3,4,2.499999999999991,1.4999999999999902,2.0,0.22642710410784583,0.2745163195158773,-0.3250593242091593,4.537388670778197,1.5804238968855078,1.2936865109679951,-3.537692943779991,-2.000000000000013,71.08180091409727,False
5,3,5,2.499999999999991,1.4999999999999902,2.5,0.34758826874429216,0.44156512115441915,-0.09441860279484349,5.180360532811368,1.5804238968855078,1.2936865109679951,-4.271123317110826,-2.5000000000000133,92.40970683355692,False
5,3,6,2.499999999999991,1.4999999999999902,3.0,0.46999851755225863,0.61033607538718,0.1385998580154979,5.82024225871185,1.5804238968855078,1.2936865109679951,-5.0045536904416155,-2.9999999999999916,120.05349452661137,False
5,3,7,2.499999999999991,1.4999999999999902,3.5000000000000004,0.593677266347864,0.7808559514254576,0.37403301790157606,6.457975780834535,1.5804238968855078,1.2936865109679951,-5.737984063772473,-3.500000000000003,154.10408345060077,False
5,3,8,2.499999999999991,1.4999999999999902,4.0,0.7186443354434219,0.9531520761724588,0.6119186065364879,7.094274323024785,1.5804238968855078,1.2936865109679951,-6.471414437103307,-4.0000000000000036,194.66365953528344,False
5,3,9,2.499999999999991,1.4999999999999902,4.5,0.8449199602363289,1.1272523488225716,0.8522951437434867,7.729702682328332,1.5804238968855078,1.2936865109679951,-7.204844810434141,-4.5000000000000036,241.84416087996564,False
5,3,10,2.499999999999991,1.4999999999999902,5.0,0.9725248021323046,1.3031852559216406,1.0952019602895102,8.364723498148475,1.5804238968855078,1.2936865109679951,-7.938275183764965,-5.000000000000004,295.76628135302667,False
5,3,11,2.499999999999991,1.4999999999999902,5.5,1.1014799598155407,1.4809798869053536,1.3406792193386585,8.999725964959238,1.5804238968855078,1.2936865109679951,-8.671705557095821,-5.500000000000016,356.5588011640604,False
5,3,12,2.499999999999991,1.4999999999999902,6.0,1.2318069808783916,1.6606659501335719,1.588767938590463,9.63504467645977,1.5804238968855078,1.2936865109679951,-9.405135930426633,-6.000000000000005,424.3581350010223,False
5,4,0,2.499999999999991,2.0000000000000018,0.0,-0.423903767232528,-0.5893431156306139,-1.4629964060182854,2.1930957857120514,2.040302711724684,0.6442956899814334,-0.3007963668956726,-3.3306690738754696e-14,74.18451281771934,False
5,4,1,2.499999999999991,2.0000000000000018,0.5,-0.3084459972186204,-0.4299930810357955,-1.242709955797272,2.880424385338487,2.040302711724684,0.6442956899814334,-1.034226740226496,-0.5000000000000226,69.1463112195097,False
5,4,2,2.499999999999991,2.0000000000000018,1.0,-0.19182198710356035,-0.26903345013192803,-1.0201983899174594,3.5448148350932573,2.040302711724684,0.6442956899814334,-1.7676571135573083,-1.000000000000012,70.1165524774888,False
5,4,3,2.499999999999991,2.0000000000000018,1.5,-0.07401397688581168,-0.10643971130011587,-0.7954278233688217,4.198960902535753,2.040302711724684,0.6442956899814334,-2.501087486888176,-1.5000000000000346,77.13816134227845,False
5,4,4,2.499999999999991,2.0000000000000018,2.0,0.04499615588517414,0.05781314731570508,-0.5683636796105007,4.8466613643956435,2.040302711724684,0.6442956899814334,-3.2345178602189883,-2.000000000000024,90.25423465967779,False
5,4,5,2.499999999999991,2.0000000000000018,2.5,0.16522690540253238,0.22375065063527377,-0.33897067283927274,5.4899653753161415,2.040302711724684,0.6442956899814334,-3.9679482335498117,-2.5000000000000133,109.52795417051385,False
5,4,6,2.499999999999991,2.0000000000000018,3.0,0.2866971471829627,0.3913988498653598,-0.10721278970956538,6.1301941933259,2.040302711724684,0.6442956899814334,-4.701378606880658,-3.000000000000025,135.03824765221958,False
5,4,7,2.499999999999991,2.0000000000000018,3.5000000000000004,0.40942614794556575,0.5607843361340903,0.12694672951472086,6.768287078644364,2.040302711724684,0.6442956899814334,-5.434808980211492,-3.5000000000000253,166.87668378595535,False
5,4,8,2.499999999999991,2.0000000000000018,4.0,0.5334335757994468,0.7319342545514473,0.3635454103976199,7.40495523840401,2.040302711724684,0.6442956899814334,-6.168239353542305,-4.000000000000014,205.14546826377324,False
5,4,9,2.499999999999991,2.0000000000000018,4.5,0.6587395107512856,0.9048763187114006,0.602621564378758,8.040761872739122,2.040302711724684,0.6442956899814334,-6.901669726873139,-4.500000000000015,249.9561287839522,False
5,4,10,2.499999999999991,2.0000000000000018,5.0,0.7853644555447098,1.0796388256519907,0.8442143094544385,8.676168308738518,2.040302711724684,0.6442956899814334,-7.635100100203984,-5.000000000000027,301.42863303992345,False
5,4,11,2.499999999999991,2.0000000000000018,5.5,0.9133293468438858,1.2562506712903598,1.0883635915150458,9.31156262954822,2.040302711724684,0.6442956899814334,-8.368530473534818,-5.500000000000027,359.6907896845418,False
5,4,12,2.499999999999991,2.0000000000000018,6.0,1.0426555667739064,1.4347413663504116,1.3351102063635323,9.947278463783427,2.040302711724684,0.6442956899814334,-9.101960846865676,-6.000000000000039,424.8778420207577,False
5,5,0,2.499999999999991,2.499999999999991,0.0,-0.6000000000014716,-0.8000000000001117,-1.6999999999983584,2.4999999999999467,2.5000000000000133,0.0,0.0,0.0,107.23999999994149,False
5,5,1,2.499999999999991,2.499999999999991,0.5,-0.4854271356798695,-0.6417085427136815,-1.4809045226114148,3.187513424456223,2.5000000000000133,0.0,-0.7334303733308456,-0.5000000000000115,100.58898093569744,False
5,5,2,2.499999999999991,2.499999999999991,1.0,-0.369696969698452,-0.4818181818182887,-1.2595959595942952,3.8521614748041832,2.5000000000000133,0.0,-1.4668607466617023,-1.000000000000023,99.82580577200778,False
5,5,3,2.499999999999991,2.499999999999991,1.5,-0.25279187817407733,-0.3203045685280348,-1.0360406091353913,4.506600514490922,2.5000000000000133,0.0,-2.2002911199925146,-1.5000000000000124,105.02305097800576,False
5,5,4,2.499999999999991,2.499999999999991,2.0,-0.13469387755252193,-0.15714285714296672,-0.8102040816309775,5.154618350109841,2.5000000000000133,0.0,-2.933721493323349,-2.000000000000013,116.23168609376094,False
5,5,5,2.499999999999991,2.499999999999991,2.5,-0.01538461538612701,0.007692307692197531,-0.5820512820496004,5.79825829522449,2.5000000000000133,0.0,-3.6671518666541836,-2.5000000000000133,133.51840351754353,False
5,5,6,2.499999999999991,2.499999999999991,3.0,0.10515463917374346,0.17422680412360614,-0.3515463917508732,6.438837877806725,2.5000000000000133,0.0,-4.400582239984995,-3.0000000000000027,156.96378733174805,False
5,5,7,2.499999999999991,2.499999999999991,3.5000000000000004,0.22694300517982213,0.34248704663201734,-0.11865284973923695,7.0772937238874345,2.5000000000000133,0.0,-5.134012613315853,-3.500000000000014,186.66006008099893,False
5,5,8,2.499999999999991,2.499999999999991,4.0,0.3499999999984654,0.512499999999888,0.11666666666838021,7.714335053046972,2.5000000000000133,0.0,-5.867442986646676,-4.000000000000014,222.7094585960666,False
5,5,9,2.499999999999991,2.499999999999991,4.5,0.47434554973668497,0.6842931937171615,0.35445026178183014,8.350523492101058,2.5000000000000133,0.0,-6.600873359977511,-4.500000000000015,265.22311624931586,False
5,5,10,2.499999999999991,2.499999999999991,5.0,0.5999999999984545,0.8578947368419909,0.5947368421069965,8.986319075693716,2.5000000000000133,0.0,-7.334303733308345,-5.000000000000016,314.3202941688975,False
5,5,11,2.499999999999991,2.499999999999991,5.5,0.7269841269825689,1.033333333333214,0.8375661375678856,9.622108792931417,2.5000000000000133,0.0,-8.067734106639179,-5.500000000000016,370.12785188398175,False
5,5,12,2.499999999999991,2.499999999999991,6.0,0.8553191489346051,1.210638297872224,1.082978723406014,10.258225322800696,2.5000000000000133,0.0,-8.801164479970014,-6.000000000000016,432.77988611354124,False
5,6,0,2.499999999999991,3.0000000000000027,0.0,-0.7744090641998103,-1.0089591788771946,-1.9355750728346777,2.8055774113616927,2.9595170543770033,-0.6392434279013259,0.29843766404860084,0.0,146.7400143267291,False
5,6,1,2.499999999999991,3.0000000000000027,0.5,-0.6607126273364933,-0.8517177677157706,-1.7176633897835913,3.4932810618321986,2.9595170543770033,-0.6392434279013259,-0.43499270928227807,-0.5000000000000115,138.5361444491455,False
5,6,2,2.499999999999991,3.0000000000000027,1.0,-0.5458677416159685,-0.6928880594719078,-1.497550578620882,4.158191207167228,2.9595170543770033,-0.6392434279013259,-1.1684230826130904,-1.0000000000000009,136.10129083938938,False
5,6,3,2.499999999999991,3.0000000000000027,1.5,-0.42985691796934844,-0.5324458668803989,-1.2752031196291203,4.8129273191597655,2.9595170543770033,-0.6392434279013259,-1.9018534559439249,-1.5000000000000013,139.53738904121633,False
5,6,4,2.499999999999991,3.0000000000000027,2.0,-0.3126623104079712,-0.37036650905835633,-1.0505868090149806,5.461266384633023,2.9595170543770033,-0.6392434279013259,-2.6352838292747705,-2.000000000000013,148.90321145125583,False
5,6,5,2.499999999999991,3.0000000000000027,2.5,-0.19426570687160472,-0.20662479884839824,-0.8236667413689003,6.105245956613459,2.9595170543770033,-0.6392434279013259,-3.368714202605605,-2.5000000000000133,164.26893607941727,False
5,6,6,2.499999999999991,3.0000000000000027,3.0,-0.07464851979361586,-0.041195029770291214,-0.594407291582133,6.746179884980408,2.9595170543770033,-0.6392434279013259,-4.102144575936406,-2.9999999999999916,185.7167974446537,False
5,6,7,2.499999999999991,3.0000000000000027,3.5000000000000004,0.04620822362713939,0.1259490374329708,-0.36277209620174666,7.3850021988009384,2.9595170543770033,-0.6392434279013259,-4.835574949267263,-3.500000000000003,213.33967657277145,False
5,6,8,2.499999999999991,3.0000000000000027,4.0,0.16832389145852722,0.294834188669596,-0.12872403420278733,8.022420158700982,2.9595170543770033,-0.6392434279013259,-5.569005322598075,-3.9999999999999925,247.23985267103131,False
5,6,9,2.499999999999991,3.0000000000000027,4.5,0.2917182573824034,0.4654877708092253,0.10777479284327374,8.658993841306328,2.9595170543770033,-0.6392434279013259,-6.302435695928921,-4.5000000000000036,287.52808064174366,False
5,6,10,2.499999999999991,3.0000000000000027,5.0,0.4164115113686223,0.6379377064450631,0.34676308122665866,9.295182008286318,2.9595170543770033,-0.6392434279013259,-7.035866069259777,-5.000000000000016,334.32293437819334,False
5,6,11,2.499999999999991,3.0000000000000027,5.5,0.54242427068803,0.8122125091246657,0.5882803462066988,9.931370571640286,2.9595170543770033,-0.6392434279013259,-7.76929644259059,-5.500000000000005,387.75034639223946,False
5,6,12,2.499999999999991,3.0000000000000027,6.0,0.6697775912767961,0.9883412990668194,0.832366943792906,10.567891275855935,2.9595170543770033,-0.6392434279013259,-8.502726815921424,-6.000000000000005,447.9432912538902,False
6,-6,0,3.0000000000000027,-3.0000000000000027,0.0,1.618610762254974,1.8306714033168414,1.2252390690004278,-0.7720173974308908,-2.5285820329316366,8.036354226962029,-3.751858334837155,-2.220446049250313e-14,148.58027268955865,False
6,-6,1,3.0000000000000027,-3.0000000000000027,0.5,1.7443324243768599,2.002182314891293,1.4590342402014345,-0.08297694618484286,-2.5285820329316366,8.036354226962029,-4.4852887081679675,-0.5000000000000115,168.035305207221,False
6,-6,2,3.0000000000000027,-3.0000000000000027,1.0,1.8713240022777522,2.1754256599160025,1.6951909787883135,0.5821487952229143,-2.5285820329316366,8.036354226962029,-5.218719081498813,-1.000000000000023,194.88702322086013,False
6,-6,3,3.0000000000000027,-3.0000000000000027,1.5,1.9996048347766249,2.350427820626233,1.9337452477161676,1.2365633526544073,-2.5285820329316366,8.036354226962029,-5.952149454829614,-1.5000000000000013,228.88124702941977,False
6,-6,4,3.0000000000000027,-3.0000000000000027,2.0,2.129194655362215,2.5272157176702503,2.174733743877982,1.8842153809911721,-2.5285820329316366,8.036354226962029,-6.685579828160471,-2.000000000000013,269.98402395044366,False
6,-6,5,3.0000000000000027,-3.0000000000000027,2.5,2.2601136023127912,2.705816823914714,2.418193916923511,2.527234003147094,-2.5285820329316366,8.036354226962029,-7.419010201491282,-2.500000000000002,318.2258750553683,False
6,-6,6,3.0000000000000027,-3.0000000000000027,3.0,2.392382229128842,2.886259178677164,2.6641639886602455,3.166991646452444,-2.5285820329316366,8.036354226962029,-8.152440574822128,-3.0000000000000138,373.67206400409066,False
6,-6,7,3.0000000000000027,-3.0000000000000027,3.5000000000000004,2.526021515290128,3.0685714024008828,2.9126829730574286,3.804463777841094,-2.5285820329316366,8.036354226962029,-8.885870948152952,-3.500000000000003,436.41084456430025,False
6,-6,8,3.0000000000000027,-3.0000000000000027,4.0,2.661052877348924,3.2527827117883765,3.163790696875446,4.4403889748700465,-2.5285820329316366,8.036354226962029,-9.619301321483798,-4.000000000000014,506.5475952076329,False
6,-6,9,3.0000000000000027,-3.0000000000000027,4.5,2.7974981803717047,3.4389229354103046,3.417527820942862,5.075352142808787,-2.5285820329316366,8.036354226962029,-10.352731694814633,-4.500000000000015,584.2014955175968,False
6,-6,10,3.0000000000000027,-3.0000000000000027,5.0,2.9353797497420784,3.6270225298072,3.6739358621057203,5.7098324691119196,-2.5285820329316366,8.036354226962029,-11.086162068145466,-5.000000000000016,669.503490618398,False
6,-6,11,3.0000000000000027,-3.0000000000000027,5.5,3.0747203833385974,3.8171125961024788,3.9330572158734753,6.344233178855085,-2.5285820329316366,8.036354226962029,-11.819592441476301,-5.500000000000016,762.5949824632579,False
6,-6,12,3.0000000000000027,-3.0000000000000027,6.0,3.2155433641010367,4.009224897145574,4.194935179787695,6.978901061920562,-2.5285820329316366,8.036354226962029,-12.553022814807136,-6.000000000000016,863.6269649290967,False
6,-5,0,3.0000000000000027,-2.500000000000002,0.0,1.4237157781972376,1.6015865849373034,0.9734465621158372,-0.45011445778498915,-2.0668227652834936,7.337317742848759,-3.4255056399202566,0.0,106.86537272089535,False
6,-5,1,3.0000000000000027,-2.500000000000002,0.5,1.5484580685399374,1.7719463165199012,1.2059764443375254,0.23904309551061598,-2.0668227652834936,7.337317742848759,-4.158936013251068,-0.49999999999998934,124.00628112043248,False
6,-5,2,3.0000000000000027,-2.500000000000002,1.0,1.674460382017412,1.9440268534720306,1.4408551132483238,0.9043698060783534,-2.0668227652834936,7.337317742848759,-4.892366386581926,-1.0000000000000009,148.40225781264203,False
6,-5,3,3.0000000000000027,-2.500000000000002,1.5,1.8017419067992257,2.1178544009515745,1.6781183371734343,1.5590254963735228,-2.0668227652834936,7.337317742848759,-5.625796759912771,-1.5000000000000124,179.83236938809222,False
6,-5,4,3.0000000000000027,-2.500000000000002,2.0,1.9303222226502437,2.2934556989156194,1.9178026144039129,2.206946003332,-2.0668227652834936,7.337317742848759,-6.359227133243605,-2.000000000000024,218.2714056344451,False
6,-5,5,3.0000000000000027,-2.500000000000002,2.5,2.0602213109715217,2.4708580358331345,2.1599451919136756,2.850253618584575,-2.0668227652834936,7.337317742848759,-7.092657506574451,-2.5000000000000355,263.753720371478,False
6,-5,6,3.0000000000000027,-2.500000000000002,3.0,2.191459565151793,2.650089262821975,2.404584084655509,3.490316399922011,-2.0668227652834936,7.337317742848759,-7.826087879905252,-3.0000000000000027,316.3463213468954,False
6,-5,7,3.0000000000000027,-2.500000000000002,3.5000000000000004,2.3240578012406585,2.8311778082251937,2.6517580954568185,4.1281067213079,-2.0668227652834936,7.337317742848759,-8.559518253236087,-3.500000000000014,376.13807602465147,False
6,-5,8,3.0000000000000027,-2.500000000000002,4.0,2.4580372689554486,3.0141526926430293,2.901506835537332,4.764360819591884,-2.0668227652834936,7.337317742848759,-9.292948626566933,-4.000000000000026,443.23427322053305,False
6,-5,9,3.0000000000000027,-2.500000000000002,4.5,2.593419663033764,3.199043544436969,3.1538707456710338,5.39966174041473,-2.0668227652834936,7.337317742848759,-10.026378999897755,-4.500000000000015,517.7535212829362,False
6,-5,10,3.0000000000000027,-2.500000000000002,5.0,2.730227134944463,3.38588061572348,3.408891118016677,6.03448713707988,-2.0668227652834936,7.337317742848759,-10.75980937322859,-5.000000000000004,599.8258397539263,False
6,-5,11,3.0000000000000027,-2.500000000000002,5.5,2.868482304970621,3.574694798875455,3.6666101186411004,6.669238929756882,-2.0668227652834936,7.337317742848759,-11.493239746559425,-5.500000000000016,689.5914289004559,False
6,-5,12,3.0000000000000027,-2.500000000000002,6.0,3.0082082746779095,3.765517643550326,3.927070810761535,7.304262769640224,-2.0668227652834936,7.337317742848759,-12.226670119890237,-6.000000000000005,787.1998553933649,False
6,-4,0,3.0000000000000027,-2.0000000000000018,0.0,1.2307087361358215,1.3743444409580197,0.7231305495089158,-0.12961227342318526,-1.605258202897386,6.643763080691922,-3.1017121924950652,-2.220446049250313e-14,72.81262916898197,False
6,-4,1,3.0000000000000027,-2.0000000000000018,0.5,1.3544811418450486,1.5435622522191161,0.9544025623205166,0.5596692475779763,-1.605258202897386,6.643763080691922,-3.8351425658258997,-0.5000000000000226,87.71135292325937,False
6,-4,2,3.0000000000000027,-2.0000000000000018,1.0,1.4795037738745713,1.7144893343010337,1.1880106560696158,1.2252026880431144,-1.605258202897386,6.643763080691922,-4.5685729391567005,-1.0000000000000009,109.72563839551215,False
6,-4,3,3.0000000000000027,-2.0000000000000018,1.5,1.6057956712038857,1.887151716708646,1.423990405592801,1.8801047970416818,-1.605258202897386,6.643763080691922,-5.302003312487546,-1.5000000000000124,138.667440831453,False
6,-4,4,3.0000000000000027,-2.0000000000000018,2.0,1.7333762613630843,2.0615759601612496,1.6623781117437897,2.5282987783294963,-1.605258202897386,6.643763080691922,-6.035433685818381,-2.000000000000013,174.52020643368863,False
6,-4,5,3.0000000000000027,-2.0000000000000018,2.5,1.8622653703957104,2.2377891702133557,1.9032108200091435,3.1719001913027345,-1.605258202897386,6.643763080691922,-6.768864059149182,-2.499999999999991,217.3220902321973,False
6,-4,6,3.0000000000000027,-2.0000000000000018,3.0,1.992483233129716,2.415819011296938,2.146526339699922,3.812272788231863,-1.605258202897386,6.643763080691922,-7.502294432480062,-3.000000000000025,267.1418358287624,False
6,-4,7,3.0000000000000027,-2.0000000000000018,3.5000000000000004,2.1240505037676884,2.595693721200032,2.3923632637397994,4.450385896095477,-1.605258202897386,6.643763080691922,-8.235724805810863,-3.500000000000003,324.0689288685827,False
6,-4,8,3.0000000000000027,-2.0000000000000018,4.0,2.2569882668081407,2.777442125997942,2.6407609890717887,5.086973446492515,-1.605258202897386,6.643763080691922,-8.969155179141685,-3.9999999999999925,388.20858100852337,False
6,-4,9,3.0000000000000027,-2.0000000000000018,4.5,2.3913180483097705,2.9610936554534284,2.891759737705674,5.722616654237744,-1.605258202897386,6.643763080691922,-9.702585552472542,-4.500000000000015,459.6788474342896,False
6,-4,10,3.0000000000000027,-2.0000000000000018,5.0,2.527061827511395,3.1466783589031824,3.145400578430441,6.357791662855039,-1.605258202897386,6.643763080691922,-10.436015925803366,-5.000000000000004,538.6088443624502,False
6,-4,11,3.0000000000000027,-2.0000000000000018,5.5,2.664242048820975,3.3342269216486975,3.4017254492157867,6.992899108925066,-1.605258202897386,6.643763080691922,-11.169446299134211,-5.500000000000016,625.1375959648285,False
6,-4,12,3.0000000000000027,-2.0000000000000018,6.0,2.8028816341870435,3.5237706818702366,3.6607771803286395,7.628283524120438,-1.605258202897386,6.643763080691922,-11.902876672465068,-6.0000000000000275,719.4132700877723,False
6,-3,0,3.0000000000000027,-1.5000000000000013,0.0,1.0395687928227315,1.1489299649004858,0.47428592124187374,0.18949666299841184,-1.1438868285370996,5.955645554566535,-2.7804571304571923,-2.220446049250313e-14,46.29707121854344,False
6,-3,1,3.0000000000000027,-1.5000000000000013,0.5,1.1623806963042522,1.317015040100994,0.7043074585345477,0.8789088661076416,-1.1438868285370996,5.955645554566535,-3.5138875037879935,-0.5000000000000004,59.0243171649296,False
6,-3,2,3.0000000000000027,-1.5000000000000013,1.0,1.2864331240633686,1.4867979443439316,0.9366524456988656,1.544654666638845,-1.1438868285370996,5.955645554566535,-4.247317877118862,-1.000000000000023,78.72969363984326,False
6,-3,3,3.0000000000000027,-1.5000000000000013,1.5,1.411744967332726,1.658304532893895,1.1713562652201692,2.199808357983346,-1.1438868285370996,5.955645554566535,-4.980748250449674,-1.5000000000000124,105.25769380222121,False
6,-3,4,3.0000000000000027,-1.5000000000000013,2.0,1.5383355028803365,1.831561188673969,1.4084550216753755,2.8482806918803005,-1.1438868285370996,5.955645554566535,-5.714178623780509,-2.000000000000013,138.60033594154808,False
6,-3,5,3.0000000000000027,-1.5000000000000013,2.5,1.6662244028951056,2.0065948357953776,1.647985560248072,3.492180592601102,-1.1438868285370996,5.955645554566535,-6.447608997111365,-2.5000000000000244,178.7995454584843,False
6,-3,6,3.0000000000000027,-1.5000000000000013,3.0,1.7954317451780777,2.1834329535056707,1.88998548581637,4.132867569649701,-1.1438868285370996,5.955645554566535,-7.181039370442188,-3.000000000000025,225.9257938380133,False
6,-3,7,3.0000000000000027,-1.5000000000000013,3.5000000000000004,1.9259780236504986,2.3621035905704635,2.1344931826340563,4.771307948085468,-1.1438868285370996,5.955645554566535,-7.914469743772989,-3.500000000000003,280.06918941913386,False
6,-3,8,3.0000000000000027,-1.5000000000000013,4.0,2.057884159190343,2.54263538010468,2.3815478346269514,5.408233388990169,-1.1438868285370996,5.955645554566535,-8.647900117103847,-4.000000000000014,341.3348790778522,False
6,-3,9,3.0000000000000027,-1.5000000000000013,4.5,2.1911715108091476,2.7250575548696254,2.6311894463265704,6.044223304556118,-1.1438868285370996,5.955645554566535,-9.381330490434658,-4.5000000000000036,409.8403826902662,False
6,-3,10,3.0000000000000027,-1.5000000000000013,5.0,2.3258618871818237,2.9093999630531497,2.8834588644651324,6.6797523523806746,-1.1438868285370996,5.955645554566535,-10.114760863765493,-5.000000000000004,485.7139351104889,False
6,-3,11,3.0000000000000027,-1.5000000000000013,5.5,2.461977558542572,3.095693084550782,3.1383978002559543,7.3152199063069245,-1.1438868285370996,5.955645554566535,-10.848191237096339,-5.500000000000016,569.0934096543823,False
6,-3,12,3.0000000000000027,-1.5000000000000013,6.0,2.599541268960354,3.2839680477664777,3.3960488523849808,7.950969397220864,-1.1438868285370996,5.955645554566535,-11.581621610427161,-6.000000000000005,660.1256033252905,False
6,-2,0,3.0000000000000027,-1.0000000000000009,0.0,0.8502753300163202,0.9253282094976167,0.22690745212560204,0.5072198192809241,-0.6827071508590299,5.272920700979067,-2.461719695546838,0.0,27.19585562124315,False
6,-2,1,3.0000000000000027,-1.0000000000000009,0.5,0.9721360100666543,1.0922896577865493,0.4556858815332687,1.1967692710499467,-0.6827071508590299,5.272920700979067,-3.1951500688776724,-0.5000000000000115,37.82111605529058,False
6,-2,2,3.0000000000000027,-1.0000000000000009,1.0,1.0952276060770956,1.260937585351135,0.6867752041672781,1.8627329341546206,-0.6827071508590299,5.272920700979067,-3.928580442208518,-1.000000000000023,55.289116623776636,False
6,-2,3,3.0000000000000027,-1.0000000000000009,1.5,1.2195688629607349,1.4312976746168715,0.9202106112950248,2.5181432520092084,-0.6827071508590299,5.272920700979067,-4.662010815539341,-1.5000000000000124,79.47654437049594,False
6,-2,4,3.0000000000000027,-1.0000000000000009,2.0,1.34517890817992,1.6033961321404333,1.1560280123730615,3.166898701986276,-0.6827071508590299,5.272920700979067,-5.395441188870176,-2.0000000000000018,110.38390702203907,False
6,-2,5,3.0000000000000027,-1.0000000000000009,2.5,1.4720772615551962,1.7772597020488445,1.3942640534621575,3.8111016684513777,-0.6827071508590299,5.272920700979067,-6.128871562201022,-2.5000000000000133,148.05687018604166,False
6,-2,6,3.0000000000000027,-1.0000000000000009,3.0,1.6002838453776536,1.9529156798944625,1.634956136211968,4.452107479663758,-0.6827071508590299,5.272920700979067,-6.862301935531834,-3.0000000000000027,192.56762551076608,False
6,-2,7,3.0000000000000027,-1.0000000000000009,3.5000000000000004,1.7298189948355636,2.1303919269405447,1.878142437435848,5.0908795029313225,-0.6827071508590299,5.272920700979067,-7.595732308862669,-3.500000000000014,244.00690856295193,False
6,-2,8,3.0000000000000027,-1.0000000000000009,4.0,1.8607034687669999,2.3097168848933536,2.1238619292975045,5.728147162849551,-0.6827071508590299,5.272920700979067,-8.329162682193525,-4.000000000000026,302.47981369434626,False
6,-2,9,3.0000000000000027,-1.0000000000000009,4.5,1.9929584607500828,2.490919591096985,2.3721544001315262,6.3644880966087,-0.6827071508590299,5.272920700979067,-9.062593055524337,-4.500000000000015,368.10334310491737,False
6,-2,10,3.0000000000000027,-1.0000000000000009,5.0,2.126605610543497,2.674029694208019,2.6230604759216902,7.00037549922774,-0.6827071508590299,5.272920700979067,-9.796023428855172,-5.000000000000004,441.0048719571317,False
6,-2,11,3.0000000000000027,-1.0000000000000009,5.5,2.261667015890284,2.8590774703678545,2.8766216424609636,7.636207502210923,-0.6827071508590299,5.272920700979067,-10.52945380218604,-5.500000000000038,521.3211476007972,False
6,-2,12,3.0000000000000027,-1.0000000000000009,6.0,2.398165244698214,3.046093839891084,3.1328802682187353,8.272326453975731,-0.6827071508590299,5.272920700979067,-11.262884175516842,-6.000000000000005,609.1976237814034,False
6,-1,0,3.0000000000000027,-0.5000000000000004,0.0,0.6628079533020442,0.7035242894249838,-0.019010193555468735,0.823564623569939,-0.22171770390909673,4.595544284474462,-2.1454792359665187,-2.220446049250313e-14,15.388237053180804,False
6,-1,1,3.0000000000000027,-0.5000000000000004,0.5,0.7837265862332105,0.869371145150738,0.20853246878847487,1.5132577460115648,-0.22171770390909673,4.595544284474462,-2.87890960929732,-0.5000000000000004,23.979807649089725,False
6,-1,2,3.0000000000000027,-0.5000000000000004,1.0,0.9058666194970172,1.036893221641405,0.43837354186316846,2.1794446493676567,-0.22171770390909673,4.595544284474462,-3.6123399826281544,-1.0000000000000009,39.28073483072656,False
6,-1,3,3.0000000000000027,-0.5000000000000004,1.5,1.029246653098523,1.2061160298730778,0.6705480268472397,2.8351165210655838,-0.22171770390909673,4.595544284474462,-4.3457703559590115,-1.5000000000000124,61.19956203666243,False
6,-1,4,3.0000000000000027,-0.5000000000000004,2.0,1.153885666634738,1.3770656014540694,0.9050916392291108,3.484159738335113,-0.22171770390909673,4.595544284474462,-5.079200729289823,-2.0000000000000018,89.74520541194066,False
6,-1,5,3.0000000000000027,-0.5000000000000004,2.5,1.2798030290277318,1.5497685019743468,1.142040827122598,4.128670239010912,-0.22171770390909673,4.595544284474462,-5.812631102620658,-2.500000000000002,124.96704126132467,False
6,-1,6,3.0000000000000027,-0.5000000000000004,3.0,1.4070185085588105,1.7242518447680377,1.381432790149012,4.769999230427513,-0.22171770390909673,4.595544284474462,-6.546061475951525,-3.000000000000025,166.93897391595746,False
6,-1,7,3.0000000000000027,-0.5000000000000004,3.5000000000000004,1.535552283214553,1.9005433051036247,1.6233054989062468,5.4091071654351675,-0.22171770390909673,4.595544284474462,-7.279491849282326,-3.500000000000003,215.75237071985975,False
6,-1,8,3.0000000000000027,-0.5000000000000004,4.0,1.6654249513562924,2.0786711348176947,1.8676977150463903,6.046721265488619,-0.22171770390909673,4.595544284474462,-8.01292222261315,-4.0000000000000036,271.5122856332331,False
6,-1,9,3.0000000000000027,-0.5000000000000004,4.5,1.7966575427246612,2.258664177408365,2.1146490119838104,6.683417419829274,-0.22171770390909673,4.595544284474462,-8.746352595944018,-4.500000000000027,334.33522059368715,False
6,-1,10,3.0000000000000027,-0.5000000000000004,5.0,1.9292715297916263,2.440551883605252,2.3641997962574104,7.31966738375478,-0.22171770390909673,4.595544284474462,-9.479782969274842,-5.000000000000016,404.34771245216234,False
6,-1,11,3.0000000000000027,-0.5000000000000004,5.5,2.06328883947306,2.624364327433848,2.616391329570944,7.955868066389571,-0.22171770390909673,4.595544284474462,-10.213213342605677,-5.500000000000016,481.68540713582985,False
6,-1,12,3.0000000000000027,-0.5000000000000004,6.0,2.1987318652149366,2.8101322227925385,2.8712657515367446,8.592360751595397,-0.22171770390909673,4.595544284474462,-10.9466437159365,-6.000000000000016,566.4924423249171,False
6,0,0,3.0000000000000027,0.0,0.0,0.4771464908551515,0.48350338383887914,-0.26347245745432235,1.1385384642693674,0.23908295338139762,3.9234723028653162,-1.8317152088220379,2.220446049250313e-14,10.75553858034116,False
6,0,1,3.0000000000000027,0.0,0.5,0.5971321516132194,0.6482446068732439,-0.03715824869781059,1.828381538081847,0.23908295338139762,3.9234723028653162,-2.5651455821528946,-0.5000000000000115,17.380536134883545,False
6,0,2,3.0000000000000027,0.0,1.0,0.7183297887425805,0.8146498826655413,0.19144196216735465,2.4947969372957512,0.23908295338139762,3.9234723028653162,-3.2985759554837513,-1.000000000000023,30.58348024851775,False
6,0,3,3.0000000000000027,0.0,1.5,0.8407578587361991,0.9827445521206846,0.42236298735601197,3.15073517591804,0.23908295338139762,3.9234723028653162,-4.0320063288145525,-1.4999999999999902,50.30443963304643,False
6,0,4,3.0000000000000027,0.0,2.0,0.9644351947501545,1.1525544733049842,0.6556403495364016,3.8000707019172575,0.23908295338139762,3.9234723028653162,-4.7654367021453865,-2.0000000000000018,76.5606594188305,False
6,0,5,3.0000000000000027,0.0,2.5,1.0893810162616924,1.3241060347065459,0.8913103000468436,4.444893098173774,0.23908295338139762,3.9234723028653162,-5.498867075476244,-2.5000000000000133,109.40519773061301,False
6,0,6,3.0000000000000027,0.0,3.0,1.215614939025933,1.4974261689060742,1.1294098376759654,5.086549510245297,0.23908295338139762,3.9234723028653162,-6.232297448807067,-3.0000000000000027,148.9136643306121,False
6,0,7,3.0000000000000027,0.0,3.5000000000000004,1.3431569853421255,1.6725423666724248,1.3699767280266006,5.72599751896663,0.23908295338139762,3.9234723028653162,-6.965727822137902,-3.500000000000014,195.17806289978304,False
6,0,8,3.0000000000000027,0.0,4.0,1.472027594640779,1.8494826914988327,1.6130495234850828,6.363962175329907,0.23908295338139762,3.9234723028653162,-7.699158195468736,-4.0000000000000036,248.30341901344585,False
6,0,9,3.0000000000000027,0.0,4.5,1.6022476344033088,2.028275794595685,1.8586675838174638,7.00101764712826,0.23908295338139762,3.9234723028653162,-8.43258856879956,-4.500000000000015,308.4057515409367,False
6,0,10,3.0000000000000027,0.0,5.0,1.7338384114264804,2.2089509303567176,2.1068710974165072,7.637634272317961,0.23908295338139762,3.9234723028653162,-9.166018942130382,-5.000000000000004,375.6107801127678,False
6,0,11,3.0000000000000027,0.0,5.5,1.8668216834446028,2.391537972316277,2.3577011032229422,8.274207757175112,0.23908295338139762,3.9234723028653162,-9.89944931546123,-5.500000000000016,450.0530734332745,False
6,0,12,3.0000000000000027,0.0,6.0,2.0012196711225005,2.57606742961583,2.611199513346474,8.911078338524225,0.23908295338139762,3.9234723028653162,-10.632879688792052,-6.000000000000005,531.8754799212411,False
6,1,0,3.0000000000000027,0.49999999999998934,0.0,0.2932709921354998,0.2652507388391623,-0.5064848826846657,1.452148689959376,0.6996962376840665,3.2566609921965917,-1.5204071824408416,-2.220446049250313e-14,13.18112225291652,False
6,1,1,3.0000000000000027,0.49999999999998934,0.5,0.4123326554125617,0.4288952149137326,-0.28139184189413524,2.1421478576654884,0.6996962376840665,3.2566609921965917,-2.2538375557716983,-0.5000000000000338,17.905502250413402,False
6,1,2,3.0000000000000027,0.49999999999998934,1.0,0.5325969617530318,0.5941926654941088,-0.05402513402491538,2.808796888957832,0.6996962376840665,3.2566609921965917,-2.9872679291025106,-1.000000000000023,29.07835959289877,False
6,1,3,3.0000000000000027,0.49999999999998934,1.5,0.6540822255182765,0.7611682627808758,0.1756498652947469,3.465006195845377,0.6996962376840665,3.2566609921965917,-3.720698302433345,-1.5000000000000124,46.67096334798738,False
6,1,4,3.0000000000000027,0.49999999999998934,2.0,0.7768071348321415,0.929847692693031,0.4076684870564562,4.114638464655274,0.6996962376840665,3.2566609921965917,-4.454128675764157,-2.0000000000000018,70.70880973963904,False
6,1,5,3.0000000000000027,0.49999999999998934,2.5,0.9007907611646104,1.1002571680401751,0.6420667869900809,4.759777013136324,0.6996962376840665,3.2566609921965917,-5.1875590490950145,-2.5000000000000133,101.24861044775152,False
6,1,6,3.0000000000000027,0.49999999999998934,3.0,1.0260525692118576,1.272423442102244,0.8788815642426173,5.401764983074564,0.6996962376840665,3.2566609921965917,-5.920989422425881,-3.000000000000047,138.3676736319489,False
6,1,7,3.0000000000000027,0.49999999999998934,3.5000000000000004,1.1526124270834188,1.4463738226312695,1.1181503806376392,6.04155712490082,0.6996962376840665,3.2566609921965917,-6.654419795756683,-3.500000000000014,182.15864387468957,False
6,1,8,3.0000000000000027,0.49999999999998934,4.0,1.2804906168078083,1.6221361862908013,1.3599115805368045,6.679876351172864,0.6996962376840665,3.2566609921965917,-7.387850169087495,-4.0000000000000036,232.72653024506454,False
6,1,9,3.0000000000000027,0.49999999999998934,4.5,1.4097078451680678,1.7997389935488661,1.6042043113249582,7.317295134198298,0.6996962376840665,3.2566609921965917,-8.121280542418363,-4.500000000000037,290.18688551875147,False
6,1,10,3.0000000000000027,0.49999999999998934,5.0,1.5402852548794754,1.9792113040412285,1.8510685445424613,7.954282416507064,0.6996962376840665,3.2566609921965917,-8.854710915749164,-5.000000000000004,354.66463290962264,False
6,1,11,3.0000000000000027,0.49999999999998934,5.5,1.6722444361222222,2.1605827924223995,2.100545097688189,8.591232720642994,0.6996962376840665,3.2566609921965917,-9.58814128908001,-5.500000000000016,426.2932877583027,False
6,1,12,3.0000000000000027,0.49999999999998934,6.0,1.8056074384420195,2.3438837647225155,2.3526756567184446,9.228485253529461,0.6996962376840665,3.2566609921965917,-10.321571662410856,-6.0000000000000275,505.2144356411006,False
6,2,0,3.0000000000000027,1.0000000000000009,0.0,0.1111617265312087,0.04875166973400957,-0.7480531094614551,1.7644026093458498,1.1601235417560307,2.5950668313555747,-1.2115348385235758,0.0,22.5503598414246,False
6,2,1,3.0000000000000027,1.0000000000000009,0.5,0.22930826787056213,0.21130821078794715,-0.5241739793582445,2.4545638783502355,1.1601235417560307,2.5950668313555747,-1.9449652118544325,-0.5000000000000115,25.438933837118796,False
6,2,2,3.0000000000000027,1.0000000000000009,1.0,0.3486482086173859,0.37550673710506355,-0.2980334439004584,3.1214515611728277,1.1601235417560307,2.5950668313555747,-2.678395585185267,-1.000000000000012,34.648424667846,False
6,2,3,3.0000000000000027,1.0000000000000009,1.5,0.4691997223667116,0.5413722535370591,-0.06959706544310551,3.7779365283728827,1.1601235417560307,2.5950668313555747,-3.4118259585160904,-1.5000000000000124,50.18098288443724,False
6,2,4,3.0000000000000027,1.0000000000000009,2.0,0.5909813536032732,0.7089302752387894,0.1611702964678996,4.427869869075085,1.1601235417560307,2.5950668313555747,-4.145256331846891,-1.9999999999999907,72.07027941154897,False
6,2,5,3.0000000000000027,1.0000000000000009,2.5,0.7140120272114914,0.8782068407528321,0.39430450311645493,5.073328724006965,1.1601235417560307,2.5950668313555747,-4.878686705177748,-2.500000000000002,100.37665181206155,False
6,2,6,3.0000000000000027,1.0000000000000009,3.0,0.8383110582796005,1.0492285254989853,0.6298421551943822,5.7156522880738025,1.1601235417560307,2.5950668313555747,-5.612117078508582,-3.0000000000000027,135.17909981746578,False
6,2,7,3.0000000000000027,1.0000000000000009,3.5000000000000004,0.9638981622085069,1.2220224556829196,0.867820611957032,6.35579252210432,1.1601235417560307,2.5950668313555747,-6.345547451839395,-3.499999999999992,176.5709134763202,False
6,2,8,3.0000000000000027,1.0000000000000009,4.0,1.090793465136672,1.3966163226395933,1.1082780109776535,6.994470231616456,1.1601235417560307,2.5950668313555747,-7.078977825170263,-4.000000000000014,224.65709710035048,False
6,2,9,3.0000000000000027,1.0000000000000009,4.5,1.219017514692372,1.5730383976272355,1.3512532885220363,7.632256218871314,1.1601235417560307,2.5950668313555747,-7.812408198501098,-4.500000000000015,279.552754127048,False
6,2,10,3.0000000000000027,1.0000000000000009,5.0,1.3485912910854854,1.7513175470884323,1.596786200566891,8.269618052435623,1.1601235417560307,2.5950668313555747,-8.54583857183191,-5.000000000000004,341.3820318719989,False
6,2,11,3.0000000000000027,1.0000000000000009,5.5,1.4795362185515415,1.9314832483957767,1.8449173444852363,8.906949089832628,1.1601235417560307,2.5950668313555747,-9.279268945162745,-5.500000000000005,410.27741583353844,False
6,2,12,3.0000000000000027,1.0000000000000009,6.0,1.6118741771608602,2.1135656061000097,2.095688181423988,9.54458752484928,1.1601235417560307,2.5950668313555747,-10.01269931849359,-6.000000000000016,486.3792547835635,False
6,3,0,3.0000000000000027,1.4999999999999902,0.0,-0.06920081805807943,-0.16600843675431132,-0.9881828708484919,2.0753074912095215,1.6203662349074666,1.9386465464459324,-0.9050779741868187,-1.1102230246251565e-14,38.750603731658074,False
6,3,1,3.0000000000000027,1.4999999999999902,0.5,0.0480393788361011,-0.004531092215387389,-0.7655104229633058,2.7656367367757673,1.6203662349074666,1.9386465464459324,-1.6385083475176532,-0.5000000000000115,39.8670565516487,False
6,3,2,3.0000000000000027,1.4999999999999902,1.0,0.16646382014335603,0.15857733661180928,-0.540588758432814,3.432767976360984,1.6203662349074666,1.9386465464459324,-2.3719387208484877,-1.000000000000012,47.17874288133347,False
6,3,3,3.0000000000000027,1.4999999999999902,1.5,0.2860905400425634,0.32334168857430234,-0.31338362522689844,4.089533089012143,1.6203662349074666,1.9386465464459324,-3.105369094179322,-1.5000000000000124,60.718381772662795,False
6,3,4,3.0000000000000027,1.4999999999999902,2.0,0.4069379407570628,0.48978730943438076,-0.08386007229437831,4.739771727984565,1.6203662349074666,1.9386465464459324,-3.8387994675101678,-2.000000000000024,80.5277439156459,False
6,3,5,3.0000000000000027,1.4999999999999902,2.5,0.5290248019917093,0.6579400648673739,0.14801756836052005,5.38555494342523,1.6203662349074666,1.9386465464459324,-4.57222984084098,-2.5000000000000133,106.67076565772317,False
6,3,6,3.0000000000000027,1.4999999999999902,3.0,0.6523702906617773,0.8278263538615438,0.3822857001562041,6.028218039162159,1.6203662349074666,1.9386465464459324,-5.305660214171814,-3.0000000000000138,139.22813167524163,False
6,3,7,3.0000000000000027,1.4999999999999902,3.5000000000000004,0.7769939709242696,0.9994731225344,0.6189814809860139,6.6687102264342935,1.6203662349074666,1.9386465464459324,-6.039090587502638,-3.500000000000003,178.2937820428651,False
6,3,8,3.0000000000000027,1.4999999999999902,4.0,0.9029158145228311,1.17290787838093,0.8581428428661608,7.30775023449699,1.6203662349074666,1.9386465464459324,-6.772520960833484,-4.000000000000014,223.97272793246438,False
6,3,9,3.0000000000000027,1.4999999999999902,4.5,1.030156211457514,1.34815870496931,1.0998085122005397,7.94590722049382,1.6203662349074666,1.9386465464459324,-7.505951334164296,-4.5000000000000036,276.37963998014,False
6,3,10,3.0000000000000027,1.4999999999999902,5.0,1.1587359809914988,1.5252542771007294,1.3440180306858063,8.58364740005122,1.6203662349074666,1.9386465464459324,-8.239381707495152,-5.000000000000016,335.6379098380284,False
6,3,11,3.0000000000000027,1.4999999999999902,5.5,1.288676383007323,1.704223876450467,1.5908117768799135,9.221362983990833,1.6203662349074666,1.9386465464459324,-8.972812080825964,-5.500000000000005,401.8790163489936,False
6,3,12,3.0000000000000027,1.4999999999999902,6.0,1.4199991297254466,1.8850974077081806,1.8402309884590629,9.859391169366205,1.6203662349074666,1.9386465464459324,-9.706242454156799,-6.000000000000005,475.24209714158457,False
6,4,0,3.0000000000000027,2.0000000000000018,0.0,-0.24783593667364323,-0.37904412045021707,-1.2268799886300696,2.3848705643673807,2.080425663476171,1.287357114847909,-0.6010165038581539,-3.3306690738754696e-14,61.671157991201866,False
6,4,1,3.0000000000000027,2.0000000000000018,0.5,-0.13149340369210394,-0.21863730698514217,-1.0054070237488166,3.075373532518144,2.080425663476171,1.287357114847909,-1.334446877188955,-0.5000000000000115,61.078064746792364,False
6,4,2,3.0000000000000027,2.0000000000000018,1.0,-0.013975693609735718,-0.05661022267697824,-0.7816969582121913,3.7427531223631405,2.080425663476171,1.287357114847909,-2.0678772505197895,-1.000000000000012,66.55636792866241,False
6,4,3,3.0000000000000027,2.0000000000000018,1.5,0.10473508967143164,0.10706180664952769,-0.5557157244975408,4.399802761018412,2.080425663476171,1.287357114847909,-2.801307623850624,-1.5000000000000124,78.16904784870535,False
6,4,4,3.0000000000000027,2.0000000000000018,2.0,0.2246572074758757,0.2724039587242766,-0.3274285598266091,5.050350824172312,2.080425663476171,1.287357114847909,-3.5347379971814474,-2.000000000000013,95.96590144463333,False
6,4,5,3.0000000000000027,2.0000000000000018,2.5,0.3458092957193376,0.43944192774337254,-0.0967999883385362,5.69646235620247,2.080425663476171,1.287357114847909,-4.268168370512271,-2.500000000000002,120.01443730552606,False
6,4,6,3.0000000000000027,2.0000000000000018,3.0,0.46821037456325765,0.6082019376802028,0.1362061972885964,6.339468824602279,2.080425663476171,1.287357114847909,-5.001598743843106,-3.0000000000000027,150.39701861492733,False
6,4,7,3.0000000000000027,2.0000000000000018,3.5000000000000004,0.5918798583692819,0.7787107560101536,0.3716269547874851,6.980316730263358,2.080425663476171,1.287357114847909,-5.73502911717394,-3.500000000000003,187.20824002467728,False
6,4,8,3.0000000000000027,2.0000000000000018,4.0,0.7168375659649534,0.950995707864366,0.6095000118436777,7.619722756353764,2.080425663476171,1.287357114847909,-6.468459490504797,-4.000000000000026,230.55313105153644,False
6,4,9,3.0000000000000027,2.0000000000000018,4.5,0.8431037312317952,1.1250846906280532,0.8498638862512398,8.25825443933159,2.080425663476171,1.287357114847909,-7.2018898638356195,-4.500000000000015,280.54594584891925,False
6,4,10,3.0000000000000027,2.0000000000000018,5.0,0.9706990140277483,1.301006188999776,1.092757906705194,8.896376662477534,2.080425663476171,1.287357114847909,-7.935320237166432,-5.000000000000004,337.30934035885525,False
6,4,11,3.0000000000000027,2.0000000000000018,5.5,1.099644511456463,1.4787892905288758,1.3382222342538996,9.534480507848176,2.080425663476171,1.287357114847909,-8.66875061049729,-5.500000000000016,400.9738096240391,False
6,4,12,3.0000000000000027,2.0000000000000018,6.0,1.229961769496124,1.6584637016487103,1.5862978844360998,10.172902191816036,2.080425663476171,1.287357114847909,-9.402180983828112,-6.000000000000016,471.6773054177966,False
6,5,0,3.0000000000000027,2.499999999999991,0.0,-0.42476270882144396,-0.5903698457948914,-1.4641503692693014,2.693099017677225,2.5403031512634344,0.6411557690051861,-0.29933046104421157,-1.1102230246251565e-14,91.20324962033816,False
6,5,1,3.0000000000000027,2.499999999999991,0.5,-0.30930925509692897,-0.43102497064813616,-1.2438697178585922,3.383781328019686,2.5403031512634344,0.6411557690051861,-1.0327608343750572,-0.5000000000000226,88.96209253545399,False
6,5,2,3.0000000000000027,2.499999999999991,1.0,-0.19268960487014153,-0.270070551307966,-1.0213640093629295,4.051413952307503,2.5403031512634344,0.6411557690051861,-1.7661912077058806,-1.000000000000012,92.67031065776857,False
6,5,3,3.0000000000000027,2.499999999999991,1.5,-0.07488599880349223,-0.10748207694912804,-0.796599359664274,4.708752395198967,2.5403031512634344,0.6411557690051861,-2.499621581036693,-1.5000000000000013,102.4208439138998,False
6,5,4,3.0000000000000027,2.499999999999991,2.0,0.04411968487607887,0.056765463474606204,-0.569541193131945,5.359613910159733,2.5403031512634344,0.6411557690051861,-3.2330519543675607,-2.000000000000024,118.27144335074179,False
6,5,5,3.0000000000000027,2.499999999999991,2.5,0.16434593967031008,0.22269759405652567,-0.3401542248915923,6.006057619018068,2.5403031512634344,0.6411557690051861,-3.966482327698373,-2.5000000000000133,140.2931637939854,False
6,5,6,3.0000000000000027,2.499999999999991,3.0,0.2858116403902683,0.39034036515991355,-0.10840244254566311,6.649411206640643,2.5403031512634344,0.6411557690051861,-4.699912701029207,-3.0000000000000138,168.5700406772869,False
6,5,7,3.0000000000000027,2.499999999999991,3.5000000000000004,0.40853605303477203,0.5597203670519357,0.1257509126742884,7.290618502063029,2.5403031512634344,0.6411557690051861,-5.433343074360042,-3.500000000000014,203.1973277676867,False
6,5,8,3.0000000000000027,2.499999999999991,4.0,0.5325388449776591,0.7308647439636551,0.36234336534448075,7.930394171954935,2.5403031512634344,0.6411557690051861,-6.166773447690854,-4.0000000000000036,244.280084277611,False
6,5,9,3.0000000000000027,2.499999999999991,4.5,0.6578400954749347,0.9038012085917368,0.6014132258960192,8.569304156036871,2.5403031512634344,0.6411557690051861,-6.9002038210217105,-4.500000000000015,291.9321639791019,False
6,5,10,3.0000000000000027,2.499999999999991,5.0,0.7844603065037453,1.07855805705801,0.8429996112954752,9.20781202542107,2.5403031512634344,0.6411557690051861,-7.633634194352556,-5.000000000000027,346.2755067780207,False
6,5,11,3.0000000000000027,2.499999999999991,5.5,0.9124204139455611,1.255164184344032,1.0871424663816964,9.846307750963712,2.5403031512634344,0.6411557690051861,-8.367064567683368,-5.500000000000016,407.43964644385346,False
6,5,12,3.0000000000000027,2.499999999999991,6.0,1.0417417991261224,1.433649100218204,1.3338825858837278,10.48512658406704,2.5403031512634344,0.6411557690051861,-9.100494941014192,-6.000000000000005,475.5613738138602,False
6,6,0,3.0000000000000027,3.0000000000000027,0.0,-0.6000000000014716,-0.8000000000001117,-1.6999999999983584,2.9999999999999805,3.000000000000025,0.0,0.0,0.0,127.23999999994219,False
6,6,1,3.0000000000000027,3.0000000000000027,0.5,-0.4854271356798695,-0.6417085427136815,-1.4809045226114148,3.690867148477972,3.000000000000025,0.0,-0.7334303733308456,-0.5000000000000115,123.41118505002493,False
6,6,2,3.0000000000000027,3.0000000000000027,1.0,-0.369696969698452,-0.4818181818182887,-1.2595959595942952,4.358757384437384,3.000000000000025,0.0,-1.4668607466617023,-1.000000000000023,125.4115101286301,False
6,6,3,3.0000000000000027,3.0000000000000027,1.5,-0.25279187817407733,-0.3203045685280348,-1.0360406091353913,5.016388809683536,3.000000000000025,0.0,-2.2002911199925146,-1.5000000000000124,133.36357858729866,False
6,6,4,3.0000000000000027,3.0000000000000027,2.0,-0.13469387755252193,-0.15714285714296672,-0.8102040816309775,5.667567707915255,3.000000000000025,0.0,-2.933721493323349,-2.000000000000013,147.33302478537672,False
6,6,5,3.0000000000000027,3.0000000000000027,2.5,-0.01538461538612701,0.007692307692197531,-0.5820512820496004,6.314347360079253,3.000000000000025,0.0,-3.6671518666541836,-2.5000000000000133,167.3944243011067,False
6,6,6,3.0000000000000027,3.0000000000000027,3.0,0.10515463917374346,0.17422680412360614,-0.3515463917508732,6.958051721113101,3.000000000000025,0.0,-4.400582239984995,-3.0000000000000027,193.63347873332293,False
6,6,7,3.0000000000000027,3.0000000000000027,3.5000000000000004,0.22694300517982213,0.34248704663201734,-0.11865284973923695,7.599621985955163,3.000000000000025,0.0,-5.134012613315853,-3.500000000000014,226.14610548540395,False
6,6,8,3.0000000000000027,3.0000000000000027,4.0,0.3499999999984654,0.512499999999888,0.11666666666838021,8.239770833793525,3.000000000000025,0.0,-5.867442986646676,-4.000000000000014,265.0374046811554,False
6,6,9,3.0000000000000027,3.0000000000000027,4.5,0.47434554973668497,0.6842931937171615,0.35445026178183014,8.87906263108691,3.000000000000025,0.0,-6.600873359977511,-4.500000000000015,310.42084559595884,False
6,6,10,3.0000000000000027,3.0000000000000027,5.0,0.5999999999984545,0.8578947368419909,0.5947368421069965,9.517959656550733,3.000000000000025,0.0,-7.334303733308345,-5.000000000000016,362.41767149624405,False
6,6,11,3.0000000000000027,3.0000000000000027,5.5,0.7269841269825689,1.033333333333214,0.8375661375678856,10.156850787043247,3.000000000000025,0.0,-8.067734106639179,-5.500000000000016,421.1564770800992,False
6,6,12,3.0000000000000027,3.0000000000000027,6.0,0.8553191489346051,1.210638297872224,1.082978723406014,10.79607032437535,3.000000000000025,0.0,-8.801164479970014,-6.000000000000016,486.77291680297884,False
7,-6,0,3.499999999999992,-3.0000000000000027,0.0,1.8029985027593065,2.047055361989303,1.4625632723896609,-0.5947639479747413,-2.490459462971306,8.696506002731287,-4.06005728578277,0.0,179.30609300188178,False
7,-6,1,3.499999999999992,-3.0000000000000027,0.5,1.9296467364415149,2.2196536301400007,1.6975510275272943,0.0975174800984524,-2.490459462971306,8.696506002731287,-4.793487659113627,-0.5000000000000115,203.6188663908322,False
7,-6,2,3.499999999999992,-3.0000000000000027,1.0,2.0575742452114243,2.393995315140718,1.9349123963531945,0.7656880990609682,-2.490459462971306,8.696506002731287,-5.526918032444472,-1.000000000000023,235.406704963164,False
7,-6,3,3.499999999999992,-3.0000000000000027,1.5,2.186800510415543,2.570106966486602,2.1746835252686836,1.423057273100592,-2.490459462971306,8.696506002731287,-6.260348405775284,-1.5000000000000124,274.4323409460081,False
7,-6,4,3.499999999999992,-3.0000000000000027,2.0,2.3173454109788825,2.7480156754992935,2.4169012983567937,2.073605068431794,-2.490459462971306,8.696506002731287,-6.993778779106119,-2.000000000000013,320.6676955479535,False
7,-6,5,3.499999999999992,-3.0000000000000027,2.5,2.4492292335992816,2.9277490892198053,2.661603356297082,2.7194774689866863,-2.490459462971306,8.696506002731287,-7.727209152436975,-2.5000000000000244,374.14726247068535,False
7,-6,6,3.499999999999992,-3.0000000000000027,3.0,2.58247268325702,3.109335424731252,2.908828115865636,3.3620577389216866,-2.490459462971306,8.696506002731287,-8.460639525767789,-3.0000000000000138,434.93958975745244,False
7,-6,7,3.499999999999992,-3.0000000000000027,3.5000000000000004,2.7170968940510907,3.2928034839267486,3.158614790041092,4.002329036035479,-2.490459462971306,8.696506002731287,-9.1940698990986,-3.500000000000003,503.1359173740318,False
7,-6,8,3.499999999999992,-3.0000000000000027,4.0,2.8531234403742722,3.4781826687388606,3.4110034087392327,4.641035760572887,-2.490459462971306,8.696506002731287,-9.927500272429457,-4.000000000000014,578.8444778949572,False
7,-6,9,3.499999999999992,-3.0000000000000027,4.5,2.990574348439068,3.665502996847442,3.666034840198601,5.278767435272957,-2.490459462971306,8.696506002731287,-10.660930645760292,-4.500000000000015,662.1872562033664,False
7,-6,10,3.499999999999992,-3.0000000000000027,5.0,3.1294721081676915,3.8547951178834805,3.923750813041754,5.916007041234317,-2.490459462971306,8.696506002731287,-11.394361019091104,-5.000000000000004,753.2980007248484,False
7,-6,11,3.499999999999992,-3.0000000000000027,5.5,3.26983968545958,4.046090330147411,4.1841939390366845,6.553161009701203,-2.490459462971306,8.696506002731287,-12.127791392421939,-5.500000000000005,852.3209434582327,False
7,-6,12,3.499999999999992,-3.0000000000000027,6.0,3.41170053485032,4.239420597860965,4.447407736584752,7.190578904236045,-2.490459462971306,8.696506002731287,-12.861221765752774,-6.000000000000005,959.4099541012126,False
7,-5,0,3.499999999999992,-2.500000000000002,0.0,1.6072605803413298,1.8173405434296797,1.2106019972063564,-0.27153796653237583,-2.028515842110512,7.9956798979432975,-3.73286908722148,-1.1102230246251565e-14,133.4378046325036,False
7,-5,1,3.499999999999992,-2.500000000000002,0.5,1.7329252063731981,1.9887844657584697,1.444323615282772,0.42085397164175475,-2.028515842110512,7.9956798979432975,-4.466299460552314,-0.5000000000000115,155.3969092516124,False
7,-5,2,3.499999999999992,-2.500000000000002,1.0,1.8598591720619506,2.161960144878472,1.6804060577842062,1.08922002530627,-2.028515842110512,7.9956798979432975,-5.199729833883138,-1.0000000000000009,184.68788080173408,False
7,-5,3,3.499999999999992,-2.500000000000002,1.5,1.9880818074531292,2.336893952720487,1.9188852763516284,1.746825251770523,-2.028515842110512,7.9956798979432975,-5.933160207213972,-1.5000000000000013,221.10704771604765,False
7,-5,4,3.499999999999992,-2.500000000000002,2.0,2.117612837082988,2.5136127994180466,2.1597979563330147,2.3976367223322415,-2.028515842110512,7.9956798979432975,-6.666590580544829,-2.000000000000024,264.6351666744922,False
7,-5,5,3.499999999999992,-2.500000000000002,2.5,2.24847239009367,2.692144147107367,2.403181535596266,3.0437934947618706,-2.028515842110512,7.9956798979432975,-7.4000209538756305,-2.500000000000002,315.3106051688361,False
7,-5,6,3.499999999999992,-2.500000000000002,3.0,2.3806810106611676,2.8725160241543204,2.6490742239240914,3.686674402342649,-2.028515842110512,7.9956798979432975,-8.133451327206487,-3.0000000000000138,373.203674133625,False
7,-5,7,3.499999999999992,-2.500000000000002,3.5000000000000004,2.514259668747493,3.0547570398235138,2.8975150230117652,4.327259465833366,-2.028515842110512,7.9956798979432975,-8.866881700537322,-3.500000000000014,438.40623393536924,False
7,-5,8,3.499999999999992,-2.500000000000002,4.0,2.6492297711888826,3.2388963994059217,3.14854374708996,4.966290710781118,-2.028515842110512,7.9956798979432975,-9.600312073868144,-4.000000000000014,511.0264266316845,False
7,-5,9,3.499999999999992,-2.500000000000002,4.5,2.7856131731322895,3.4249639198216606,3.402201044195147,5.604355772672354,-2.028515842110512,7.9956798979432975,-10.33374244719898,-4.500000000000015,591.1856598041898,False
7,-5,10,3.499999999999992,-2.500000000000002,5.0,2.9234321898329805,3.6129900457154585,3.6585284181119615,6.241936075068222,-2.028515842110512,7.9956798979432975,-11.067172820529802,-5.000000000000004,679.016746380713,False
7,-5,11,3.499999999999992,-2.500000000000002,5.5,3.062709608826802,3.8030058660631583,3.917568251012027,6.879436723840415,-2.028515842110512,7.9956798979432975,-11.800603193860649,-5.500000000000016,774.6627037432766,False
7,-5,12,3.499999999999992,-2.500000000000002,6.0,3.203468702490775,3.9950431313081736,4.179363826815285,7.517206125452125,-2.028515842110512,7.9956798979432975,-12.534033567191482,-6.000000000000016,878.2759589767364,False
7,-4,0,3.499999999999992,-2.0000000000000018,0.0,1.4134120533256995,1.5894646900186105,0.9601076438337741,0.05028695272566441,-1.5667674322932368,7.300324664387348,-3.408235023688444,0.0,95.29480364386433,False
7,-4,1,3.499999999999992,-2.0000000000000018,0.5,1.5381025661564824,1.7597635075563889,1.1925704963153538,0.742796378463928,-1.5667674322932368,7.300324664387348,-4.141665397019267,-0.5000000000000004,114.97260975374984,False
7,-4,2,3.499999999999992,-2.0000000000000018,1.0,1.6640525791168703,1.931782515170316,1.427381458417959,1.4113637248588162,-1.5667674322932368,7.300324664387348,-4.875095770350102,-1.0000000000000009,141.84121147202313,False
7,-4,3,3.499999999999992,-2.0000000000000018,1.5,1.791281272411882,2.105547908648331,1.6645762881561166,2.0692103811475127,-1.5667674322932368,7.300324664387348,-5.608526143680958,-1.5000000000000124,175.73017136059624,False
7,-4,4,3.499999999999992,-2.0000000000000018,2.0,1.9198082176792863,2.281086418386341,1.9041914732997711,2.7202906110444847,-1.5667674322932368,7.300324664387348,-6.341956517011793,-2.000000000000013,216.62899428904674,False
7,-4,5,3.499999999999992,-2.0000000000000018,2.5,2.049653388026357,2.458425323096014,2.146264250085922,3.3667366465923276,-1.5667674322932368,7.300324664387348,-7.0753868903426165,-2.5000000000000133,264.57988941945126,False
7,-4,6,3.499999999999992,-2.0000000000000018,3.0,2.1808371683770145,2.637592463936722,2.3908326225090537,4.009922955125544,-1.5667674322932368,7.300324664387348,-7.808817263673474,-3.000000000000025,319.6549220358765,False
7,-4,7,3.499999999999992,-2.0000000000000018,3.5000000000000004,2.3133803661406214,2.818616259086654,2.6379353822111593,4.6508264670123145,-1.5667674322932368,7.300324664387348,-8.542247637004285,-3.500000000000014,381.946577229822,False
7,-4,8,3.499999999999992,-2.0000000000000018,4.0,2.447304222214264,3.001525718769388,2.887612128993522,5.2901868690818254,-1.5667674322932368,7.300324664387348,-9.27567801033512,-4.000000000000014,451.5629189691722,False
7,-4,9,3.499999999999992,-2.0000000000000018,4.5,2.582630422330584,3.186350460752474,3.1399032919725456,5.928589938808271,-1.5667674322932368,7.300324664387348,-10.009108383665954,-4.500000000000015,528.6247955984942,False
7,-4,10,3.499999999999992,-2.0000000000000018,5.0,2.7193811087638964,3.373120726335382,3.394850151403983,6.566515566969522,-1.5667674322932368,7.300324664387348,-10.742538756996789,-5.000000000000016,613.2641068416292,False
7,-4,11,3.499999999999992,-2.0000000000000018,5.5,2.8575788924081467,3.5618673968450922,3.6524948611997674,7.204367555728131,-1.5667674322932368,7.300324664387348,-11.475969130327602,-5.500000000000005,705.6226811268584,False
7,-4,12,3.499999999999992,-2.0000000000000018,6.0,2.997246865240105,3.7526220106580963,3.9128804721635992,7.842493173936171,-1.5667674322932368,7.300324664387348,-12.209399503658446,-6.000000000000016,805.8515314079622,False
7,-3,0,3.499999999999992,-1.5000000000000013,0.0,1.2214321686414036,1.3634129591625355,0.711075287670393,0.3707182816648169,-1.1052127062176287,6.610396058913648,-3.086134439793775,-2.220446049250313e-14,64.75182367583123,False
7,-3,1,3.499999999999992,-1.5000000000000013,0.5,1.3451579584335738,1.5325758383543053,0.9422867212767805,1.0633520193674029,-1.1052127062176287,6.610396058913648,-3.8195648131246207,-0.5000000000000338,82.2194699691268,False
7,-3,2,3.499999999999992,-1.5000000000000013,1.0,1.4701335036781893,1.703447433497518,1.175833623909489,1.7321263844191304,-1.1052127062176287,6.610396058913648,-4.552995186455444,-1.000000000000023,106.73893206519976,False
7,-3,3,3.499999999999992,-1.5000000000000013,1.5,1.5963778361841707,1.8760537656472454,1.4117515610866882,2.3902197243028667,-1.1052127062176287,6.610396058913648,-5.286425559786256,-1.5000000000000124,138.17265156947147,False
7,-3,4,3.499999999999992,-1.5000000000000013,2.0,1.7239103761647,2.0504213869005525,1.6500768241534625,3.041573678830045,-1.1052127062176287,6.610396058913648,-6.019855933117091,-2.0000000000000018,176.51879601568973,False
7,-3,5,3.499999999999992,-1.5000000000000013,2.5,1.8527509421963073,2.226577394012863,1.890846448892708,3.6883137527816467,-1.1052127062176287,6.610396058913648,-6.7532863064479365,-2.5000000000000133,221.82338483070612,False
7,-3,6,3.499999999999992,-1.5000000000000013,3.0,1.982919761485985,2.4045494424356164,2.1340982347117565,4.33181011118533,-1.1052127062176287,6.610396058913648,-7.486716679778771,-3.000000000000025,274.1602293791987,False
7,-3,7,3.499999999999992,-1.5000000000000013,3.5000000000000004,2.114437480457415,2.5843657607902024,2.3798707644252683,4.973036639733031,-1.1052127062176287,6.610396058913648,-8.220147053109583,-3.500000000000014,333.6224438364965,False
7,-3,8,3.499999999999992,-1.5000000000000013,4.0,2.2473251756681245,2.766055165794312,2.628203424656661,5.612730721782322,-1.1052127062176287,6.610396058913648,-8.95357742644044,-4.000000000000026,400.31802639434557,False
7,-3,9,3.499999999999992,-1.5000000000000013,4.5,2.3816043650695393,2.949647077657108,2.879136426879997,6.251476305426529,-1.1052127062176287,6.610396058913648,-9.687007799771251,-4.500000000000015,474.3672840094815,False
7,-3,10,3.499999999999992,-1.5000000000000013,5.0,2.517297019622533,3.135171535960568,3.132710829126734,6.889751772886621,-1.1052127062176287,6.610396058913648,-10.420438173102086,-5.000000000000004,555.9012252051654,False
7,-3,11,3.499999999999992,-1.5000000000000013,5.5,2.65442557528191,3.3226592160450155,3.388968558381378,7.527959643805215,-1.1052127062176287,6.610396058913648,-11.153868546432932,-5.500000000000016,645.0605147697012,False
7,-3,12,3.499999999999992,-1.5000000000000013,6.0,2.7930129453631936,3.5121414459175937,3.6479524336919145,8.166446068473054,-1.1052127062176287,6.610396058913648,-11.887298919763767,-6.0000000000000275,741.9947796096368,False
7,-2,0,3.499999999999992,-1.0000000000000009,0.0,1.031300394935422,1.1391705637072203,0.4634998865925166,0.6897634532872399,-0.6438501625833148,5.92585005106343,-2.7665467794445564,-1.1102230246251565e-14,41.68571389968216,False
7,-2,1,3.499999999999992,-1.0000000000000009,0.5,1.1540707486788175,1.3072065966906743,0.6934672227060457,1.3825281777320786,-0.6438501625833148,5.92585005106343,-3.499977152775391,-0.5000000000000115,57.0131253978225,False
7,-2,2,3.499999999999992,-1.0000000000000009,1.0,1.2780812070054826,1.4769399633406344,0.9257574612045627,2.0515151582045865,-0.6438501625833148,5.92585005106343,-4.233407526106192,-0.9999999999999898,79.25542965266334,False
7,-2,3,3.499999999999992,-1.0000000000000009,1.5,1.403350654756777,1.648396511377892,1.1604059762360508,2.709860314573076,-0.6438501625833148,5.92585005106343,-4.966837899437038,-1.5000000000000013,108.30759903632348,False
7,-2,4,3.499999999999992,-1.0000000000000009,2.0,1.5298983621790025,1.8216026160277843,1.39744886386991,3.3614928428627566,-0.6438501625833148,5.92585005106343,-5.700268272767883,-2.000000000000013,144.1763799278461,False
7,-2,5,3.499999999999992,-1.0000000000000009,2.5,1.6577439948055606,1.9965851935458745,1.6369229606077063,4.008531617141409,-0.6438501625833148,5.92585005106343,-6.433698646098717,-2.5000000000000133,186.91157130430238,False
7,-2,6,3.499999999999992,-1.0000000000000009,3.0,1.7869076236447679,2.173371715162098,1.8788658624665167,4.652342562521428,-0.6438501625833148,5.92585005106343,-7.167129019429552,-3.0000000000000138,236.588722602699,False
7,-2,7,3.499999999999992,-1.0000000000000009,3.5000000000000004,1.9174097356843778,2.351990221458272,2.123315944655446,5.293896564821776,-0.6438501625833148,5.92585005106343,-7.900559392760387,-3.500000000000014,293.3015814692239,False
7,-2,8,3.499999999999992,-1.0000000000000009,4.0,2.0492712447243933,2.5324693371950255,2.3703123818672065,5.933928738460503,-0.6438501625833148,5.92585005106343,-8.633989766091199,-4.0000000000000036,357.1580925166511,False
7,-2,9,3.499999999999992,-1.0000000000000009,4.5,2.1825135025501874,2.7148382866044263,2.619895169206826,6.573021230189013,-0.6438501625833148,5.92585005106343,-9.367420139422055,-4.500000000000015,428.2780389474174,False
7,-2,10,3.499999999999992,-1.0000000000000009,5.0,2.317158310458345,2.8991269091655,2.8721051437816003,7.211650937384295,-0.6438501625833148,5.92585005106343,-10.10085051275288,-5.000000000000016,506.7915597984963,False
7,-2,11,3.499999999999992,-1.0000000000000009,5.5,2.453227931148594,3.085365675880664,3.1269840069762136,7.8502191178974945,-0.6438501625833148,5.92585005106343,-10.834280886083702,-5.500000000000005,592.8381811852171,False
7,-2,12,3.499999999999992,-1.0000000000000009,6.0,2.590745100995129,3.2735857060715134,3.384574347438851,8.489070822082878,-0.6438501625833148,5.92585005106343,-11.567711259414548,-6.000000000000016,686.5661716564673,False
7,-1,0,3.499999999999992,-0.5000000000000004,0.0,0.8429964214938301,0.9167227747077455,0.2173762856760575,1.0074298616148392,-0.182678325590091,5.24664282883418,-2.4494515885365997,0.0,25.97540998187314,False
7,-1,1,3.499999999999992,-0.5000000000000004,0.5,0.9648205241144014,1.0836409796057767,0.44610681977493294,1.7003321013066897,-0.182678325590091,5.24664282883418,-3.182881961867434,-0.5000000000000115,39.23131576601277,False
7,-1,2,3.499999999999992,-0.5000000000000004,1.0,1.0878751732260938,1.2522452269775275,0.6771477633091549,2.369537167663882,-0.182678325590091,5.24664282883418,-3.9163123351982687,-1.0000000000000009,59.267213904481174,False
7,-1,3,3.499999999999992,-0.5000000000000004,1.5,1.2121791081155657,1.4225611925966997,0.9105343001787336,3.028139155201748,-0.182678325590091,5.24664282883418,-4.649742708529081,-1.4999999999999902,86.01026588982658,False
7,-1,4,3.499999999999992,-0.5000000000000004,2.0,1.3377514505039074,1.594615076232403,1.1463023323225074,3.680054992801396,-0.182678325590091,5.24664282883418,-5.383173081859926,-2.0000000000000018,119.47571478613601,False
7,-1,5,3.499999999999992,-0.5000000000000004,2.5,1.4646117143526427,1.7684336150848745,1.3844884981292882,4.327397018495671,-0.182678325590091,5.24664282883418,-6.116603455190761,-2.5000000000000133,159.71710907471174,False
7,-1,6,3.499999999999992,-0.5000000000000004,3.0,1.5927798159730222,1.9440440976368656,1.6251301914186278,4.97152697865304,-0.182678325590091,5.24664282883418,-6.8500338285215845,-3.0000000000000027,206.81172850548717,False
7,-1,7,3.499999999999992,-0.5000000000000004,3.5000000000000004,1.7222760844495644,2.1214743779355008,1.8682655810114523,5.613412803136386,-0.182678325590091,5.24664282883418,-7.58346420185243,-3.500000000000014,260.853958604705,False
7,-1,8,3.499999999999992,-0.5000000000000004,4.0,1.853121272389402,2.300752890320573,2.1139336309125625,6.253787371260144,-0.182678325590091,5.24664282883418,-8.316894575183243,-4.0000000000000036,321.9517024843116,False
7,-1,9,3.499999999999992,-0.5000000000000004,4.5,1.9853365670092549,2.481908664615445,2.362174121126764,6.893231055895832,-0.182678325590091,5.24664282883418,-9.050324948514065,-4.499999999999993,390.22423700999474,False
7,-1,10,3.499999999999992,-0.5000000000000004,5.0,2.118943601572454,2.664971341797634,2.6130276691327,7.532219292790621,-0.182678325590091,5.24664282883418,-9.783755321844945,-5.000000000000027,465.8008531590347,False
7,-1,11,3.499999999999992,-0.5000000000000004,5.5,2.2539644671892347,2.8499711901669333,2.866535752038163,8.171152098284896,-0.182678325590091,5.24664282883418,-10.517185695175757,-5.500000000000016,548.8199629966836,False
7,-1,12,3.499999999999992,-0.5000000000000004,6.0,2.390421724993436,3.036939122029519,3.122740729442625,8.810373441008213,-0.182678325590091,5.24664282883418,-11.25061606850658,-6.000000000000005,639.4285040130892,False
7,0,0,3.499999999999992,0.0,0.0,0.6565001570800033,0.6960549240879244,-0.027300778221295285,1.3237248615832975,0.27830425556485405,4.572730804103786,-2.1348285174867088,-2.220446049250313e-14,17.501905138303606,False
7,0,1,3.499999999999992,0.0,0.5,0.7773870925427168,0.8618642453144976,0.20020022289317096,2.016771002014095,0.27830425556485405,4.572730804103786,-2.8682588908175433,-0.5000000000000115,28.75385591106879,False
7,0,2,3.499999999999992,0.0,1.0,0.8994951081616215,1.0293484081696225,0.42999921391788654,2.686199501207187,0.27830425556485405,4.572730804103786,-3.6016892641483556,-1.0000000000000009,46.65288779205528,False
7,0,3,3.499999999999992,0.0,1.5,1.0228427990659954,1.1985329178557602,0.6621311896230442,3.3450632190007212,0.27830425556485405,4.572730804103786,-4.335119637479212,-1.5000000000000124,71.15801620626763,False
7,0,4,3.499999999999992,0.0,2.0,1.1474491398775544,1.3694438000897202,0.8966318589578581,3.9972669903834968,0.27830425556485405,4.572730804103786,-5.068550010810025,-2.0000000000000018,102.29290035482182,False
7,0,5,3.499999999999992,0.0,2.5,1.2733334944410257,1.5421076144491563,1.1335376633627714,4.644916710207547,0.27830425556485405,4.572730804103786,-5.801980384140871,-2.5000000000000133,140.11480882423257,False
7,0,6,3.499999999999992,0.0,3.0,1.400515625855678,1.7165514681318883,1.3728857956481544,5.289370006080185,0.27830425556485405,4.572730804103786,-6.535410757471705,-3.000000000000025,184.7027441556288,False
7,0,7,3.499999999999992,0.0,3.5000000000000004,1.5290157068186567,1.8928030301429366,1.6147142194597897,5.931591894959576,0.27830425556485405,4.572730804103786,-7.268841130802539,-3.500000000000014,236.1517341809186,False
7,0,8,3.499999999999992,0.0,4.0,1.6588543302916647,2.070890545924925,1.85906168935282,6.572313054215262,0.27830425556485405,4.572730804103786,-8.002271504133374,-4.000000000000026,294.56965246800075,False
7,0,9,3.499999999999992,0.0,4.5,1.7900525205026274,2.250842852448093,2.105967771496031,7.212112109739843,0.27830425556485405,4.572730804103786,-8.73570187746422,-4.500000000000037,360.07528674729804,False
7,0,10,3.499999999999992,0.0,5.0,1.922631744294745,2.4326893937767657,2.3554728650302224,7.851463058378361,0.27830425556485405,4.572730804103786,-9.46913225079502,-5.000000000000004,432.797101076735,False
7,0,11,3.499999999999992,0.0,5.5,2.0566139228359814,2.6164602371300805,2.6076182241044576,8.490764694806918,0.27830425556485405,4.572730804103786,-10.202562624125855,-5.500000000000016,512.8724177530611,False
7,0,12,3.499999999999992,0.0,6.0,2.19202144370213,2.8021860894552386,2.862445980615652,9.130359923740649,0.27830425556485405,4.572730804103786,-10.935992997456722,-6.0000000000000275,600.4468701196595,False
7,1,0,3.499999999999992,0.49999999999998934,0.0,0.471791728726656,0.4771524071113864,-0.27053667197390885,1.6386557689601178,0.7390990071734604,3.9040706177358997,-1.8226573236160615,-1.1102230246251565e-14,16.1482212958539,False
7,1,1,3.499999999999992,0.49999999999998934,0.5,0.5917504811323165,0.6418617156898343,-0.04425796178282315,2.3318520557834344,0.7390990071734604,3.9040706177358997,-2.556087696946918,-0.5000000000000226,25.46260677100799,False
7,1,2,3.499999999999992,0.49999999999998934,1.0,0.7129209381077362,0.8082347546579716,0.184306391945549,3.0015092139662025,0.7390990071734604,3.9040706177358997,-3.2895180702777194,-1.0000000000000009,41.29311839254236,False
7,1,3,3.499999999999992,0.49999999999998934,1.5,0.8353215520067597,0.9762968600115607,0.41519119596556964,3.660639448041958,0.7390990071734604,3.9040706177358997,-4.0229484436085645,-1.5000000000000124,63.630296621384836,False
7,1,4,3.499999999999992,0.49999999999998934,2.0,0.9589711517618948,1.1460738848075414,0.6484319673735583,4.313135669052137,0.7390990071734604,3.9040706177358997,-4.75637881693941,-2.000000000000024,92.50613781507647,False
7,1,5,3.499999999999992,0.49999999999998934,2.5,1.0838889525401574,1.317592212421942,0.8840649518216281,4.961097419741978,0.7390990071734604,3.9040706177358997,-5.489809190270234,-2.5000000000000133,127.98160189246603,False
7,1,6,3.499999999999992,0.49999999999998934,3.0,1.2100945656975863,1.490878770217935,1.1221271422949486,5.605878267781339,0.7390990071734604,3.9040706177358997,-6.2232395636010684,-3.0000000000000138,170.1374068910731,False
7,1,7,3.499999999999992,0.49999999999998934,3.5000000000000004,1.3376080090431675,1.6659610436387529,1.3626562984726254,6.248440359432261,0.7390990071734604,3.9040706177358997,-6.9566699369319025,-3.500000000000014,219.06922738511025,False
7,1,8,3.499999999999992,0.49999999999998934,4.0,1.4664497174235958,1.8428670907410294,1.6056909666938457,6.889512202617576,0.7390990071734604,3.9040706177358997,-7.690100310262727,-4.000000000000014,274.8849192316826,False
7,1,9,3.499999999999992,0.49999999999998934,4.5,1.5966405536404853,2.021625557184703,1.8512705005508834,7.529670702605085,0.7390990071734604,3.9040706177358997,-8.423530683593562,-4.500000000000015,337.70279801137656,False
7,1,10,3.499999999999992,0.49999999999998934,5.0,1.7282018197122717,2.202265691696198,2.099435082132733,8.169388439593806,0.7390990071734604,3.9040706177358997,-9.156961056924384,-5.000000000000004,407.65052171853614,False
7,1,11,3.499999999999992,0.49999999999998934,5.5,1.8611552684938137,2.384817362022634,2.3502257439429575,8.809063006018224,0.7390990071734604,3.9040706177358997,-9.89039143025523,-5.500000000000016,484.86434682438824,False
7,1,12,3.499999999999992,0.49999999999998934,6.0,1.995523115666653,2.5693110713950973,2.603684391517125,9.449036260100208,0.7390990071734604,3.9040706177358997,-10.623821803586065,-6.000000000000016,569.4886290543977,False
7,2,0,3.499999999999992,1.0000000000000009,0.0,0.28885148047340103,0.26000068477015637,-0.5123368618261848,1.9522298602497212,1.199707331508204,3.240619144419088,-1.512917873409625,-2.220446049250313e-14,21.79938037955224,False
7,2,1,3.499999999999992,1.0000000000000009,0.5,0.40789093514914665,0.42361877866347597,-0.28727322796601173,2.6455824023718932,1.199707331508204,3.240619144419088,-2.246348246740437,-0.5000000000000115,29.241446497022245,False
7,2,2,3.499999999999992,1.0000000000000009,1.0,0.5281328085589954,0.5888895805759242,-0.05993622406684773,3.315473327545737,1.199707331508204,3.240619144419088,-2.9797786200712717,-1.000000000000023,43.07060781411694,False
7,2,3,3.499999999999992,1.0000000000000009,1.5,0.6495954116481267,0.7558382586499046,0.16970876971960647,3.9748747533441042,1.199707331508204,3.240619144419088,-3.713208993402106,-1.5000000000000124,63.30860706095493,False
7,2,4,3.499999999999992,1.0000000000000009,2.0,0.7722974290544915,0.9244904946634325,0.40169707976919766,4.627667833578597,1.199707331508204,3.240619144419088,-4.44663936673293,-2.0000000000000018,89.99570029493134,False
7,2,5,3.499999999999992,1.0000000000000009,2.5,0.8962579286906636,1.0948724972001667,0.6360647571013511,5.27594584822646,1.199707331508204,3.240619144419088,-5.180069740063775,-2.5000000000000133,123.19651060047309,False
7,2,6,3.499999999999992,1.0000000000000009,3.0,1.021496371622066,1.2670110152269765,0.8728485960554921,5.921058362712239,1.199707331508204,3.240619144419088,-5.913500113394621,-3.000000000000025,162.99346443328454,False
7,2,7,3.499999999999992,1.0000000000000009,3.5000000000000004,1.148032622252229,1.4409333520934375,1.112086153547992,6.563964693988789,1.199707331508204,3.240619144419088,-6.646930486725422,-3.500000000000014,209.4828875524456,False
7,2,8,3.499999999999992,1.0000000000000009,4.0,1.2758869588264554,1.6166673799689169,1.3538157689310604,7.205391212387058,1.199707331508204,3.240619144419088,-7.380360860056257,-4.0000000000000036,262.77262981205917,False
7,2,9,3.499999999999992,1.0000000000000009,4.5,1.4050800842653477,1.7942415547331503,1.5980765844752054,7.845913128372262,1.199707331508204,3.240619144419088,-8.113791233387103,-4.500000000000015,322.9805514124623,False
7,2,10,3.499999999999992,1.0000000000000009,5.0,1.5356331373404253,1.9736849313370108,1.8449085664987597,8.486001627293248,1.199707331508204,3.240619144419088,-8.847221606717925,-5.000000000000004,390.23352485728424,False
7,2,11,3.499999999999992,1.0000000000000009,5.5,1.6675677042046588,2.155027179650965,2.09435252716807,9.126053118354815,1.199707331508204,3.240619144419088,-9.580651980048794,-5.500000000000038,464.6667643995641,False
7,2,12,3.499999999999992,1.0000000000000009,6.0,1.8009058302908498,2.338298600819322,2.3464501469934285,9.766408430327989,1.199707331508204,3.240619144419088,-10.314082353379629,-6.0000000000000275,546.423374296348,False
7,3,0,3.499999999999992,1.4999999999999902,0.0,0.10765997201979405,0.04458528600938538,-0.752706909136236,2.264454372667224,1.6601306072755673,2.582333497151046,-1.2055901446093586,0.0,34.342375738028174,False
7,3,1,3.499999999999992,1.4999999999999902,0.5,0.2257889166028093,0.20712089046169835,-0.5288511649610417,2.957969145258299,1.6601306072755673,2.582333497151046,-1.939020517940182,-0.49999999999998934,39.976241702000394,False
7,3,2,3.499999999999992,1.4999999999999902,1.0,0.34511108284827896,0.3712982686963573,-0.3027342516527587,3.6280988298491357,1.6601306072755673,2.582333497151046,-2.6724508912710276,-1.0000000000000009,51.87006425521851,False
7,3,3,3.499999999999992,1.4999999999999902,1.5,0.46564464164446373,0.5371424223445553,-0.074321735163696,4.287776014634237,1.6601306072755673,2.582333497151046,-3.4058812646018732,-1.5000000000000124,70.07647160344551,False
7,3,4,3.499999999999992,1.4999999999999902,2.0,0.5874081347140764,0.7046788632748935,0.15642152128955145,4.940870259763885,1.6601306072755673,2.582333497151046,-4.139311637932696,-2.0000000000000018,94.643903529476,False
7,3,5,3.499999999999992,1.4999999999999902,2.5,0.7104204841228617,0.8739336266762987,0.3895313752448837,5.5894686700915575,1.6601306072755673,2.582333497151046,-4.872742011263531,-2.500000000000002,125.64061870331665,False
7,3,6,3.499999999999992,1.4999999999999902,3.0,0.8347010020822637,1.0449332845457737,0.6250444235708974,6.23491686538602,1.6601306072755673,2.582333497151046,-5.6061723845943545,-3.0000000000000027,163.1507451274201,False
7,3,7,3.499999999999992,1.4999999999999902,3.5000000000000004,0.9602694010567819,1.2177049595952338,0.8629980216204758,6.878171373876496,1.6601306072755673,2.582333497151046,-6.339602757925189,-3.500000000000003,207.2712641893934,False
7,3,8,3.499999999999992,1.4999999999999902,4.0,1.0871458041872812,1.3922763395931181,1.1034303029830883,7.519956459529942,1.6601306072755673,2.582333497151046,-7.073033131256046,-4.000000000000014,258.11003132092645,False
7,3,9,3.499999999999992,1.4999999999999902,4.5,1.215350756041675,1.5686756921564293,1.34638019985735,8.160845663312632,1.6601306072755673,2.582333497151046,-7.8064635045868584,-4.5000000000000036,315.78446789615117,False
7,3,10,3.499999999999992,1.4999999999999902,5.0,1.3449052337050489,1.7469318800098832,1.5918874640671266,8.801308797071993,1.6601306072755673,2.582333497151046,-8.539893877917692,-5.000000000000004,380.42068121978497,False
7,3,11,3.499999999999992,1.4999999999999902,5.5,1.475830658222002,1.927074376729515,1.8399926887447293,9.441741105394774,1.6601306072755673,2.582333497151046,-9.273324251248527,-5.500000000000005,452.1528666012739,False
7,3,12,3.499999999999992,1.4999999999999902,6.0,1.6081489064040333,2.1091332829887124,2.0907373307061383,10.08248240427605,1.6601306072755673,2.582333497151046,-10.00675462457934,-5.999999999999995,531.1229026032905,False
7,4,0,3.499999999999992,2.0000000000000018,0.0,-0.07180202265155144,-0.1691081901287972,-0.9916524662256732,2.5753365040751097,2.120370190085308,1.9291710315070487,-0.9006542282074426,0.0,53.66614372378842,False
7,4,1,3.499999999999992,2.0000000000000018,0.5,0.04542510286276169,-0.007646422239998563,-0.7689974534931365,3.2690193515010124,2.120370190085308,1.9291710315070487,-1.6340846015383104,-0.5000000000000338,57.554818861848645,False
7,4,2,3.499999999999992,2.0000000000000018,1.0,0.16383634075601283,0.1554462725971817,-0.5440934002279518,3.9393926748704455,2.120370190085308,1.9291710315070487,-2.3675149748691005,-1.0000000000000009,67.57817321489165,False
7,4,3,3.499999999999992,2.0000000000000018,1.5,0.2834497231963967,0.3201947308337061,-0.316906057081906,4.599350080078746,2.120370190085308,1.9291710315070487,-3.100945348199946,-1.5000000000000124,83.81940949218608,False
7,4,4,3.499999999999992,2.0000000000000018,2.0,0.4042836503555608,0.4866242957869471,-0.08740047574048448,5.252749694109471,2.120370190085308,1.9291710315070487,-3.8343757215307916,-2.000000000000024,106.3350766690176,False
7,4,5,3.499999999999992,2.0000000000000018,2.5,0.52635689984456,0.6547608306371355,0.1444590089993092,5.901672532683677,2.120370190085308,1.9291710315070487,-4.567806094861615,-2.5000000000000133,135.19704198912004,False
7,4,6,3.499999999999992,2.0000000000000018,3.0,0.6496886364417032,0.8246307318259927,0.3787087977055015,6.547460325427701,2.120370190085308,1.9291710315070487,-5.301236468192427,-3.0000000000000027,170.49112832757487,False
7,4,7,3.499999999999992,2.0000000000000018,3.5000000000000004,0.7742984221227434,0.996260942871724,0.615386045361993,7.191066851651184,2.120370190085308,1.9291710315070487,-6.034666841523306,-3.5000000000000364,212.31497714072248,False
7,4,8,3.499999999999992,2.0000000000000018,4.0,0.900206226404629,1.1696789686158393,0.8545286810149266,7.8332142995737986,2.120370190085308,1.9291710315070487,-6.768097214854107,-4.0000000000000036,260.77646088966196,False
7,4,9,3.499999999999992,2.0000000000000018,4.5,1.027432437014089,1.3449128899174934,1.0961754280359504,8.474474565461666,2.120370190085308,1.9291710315070487,-7.501527588184942,-4.500000000000015,315.99257846128,False
7,4,10,3.499999999999992,2.0000000000000018,5.0,1.155997870893108,1.5219913788117934,1.3403658250256134,9.115316108573946,2.120370190085308,1.9291710315070487,-8.234957961515777,-5.000000000000004,378.08869197400463,False
7,4,11,3.499999999999992,2.0000000000000018,5.5,1.2859237855539134,1.7009437141494221,1.5871402473802476,9.756133027102255,2.120370190085308,1.9291710315070487,-8.968388334846622,-5.500000000000016,447.198000738586,False
7,4,12,3.499999999999992,2.0000000000000018,6.0,1.4172318907962222,1.881799797735323,1.8365399295471652,10.397264140582884,2.120370190085308,1.9291710315070487,-9.701818708177445,-6.000000000000005,523.461183025773,False
7,5,0,3.499999999999992,2.499999999999991,0.0,-0.2495535166817886,-0.3810940725270162,-1.2291792723564787,2.884883412943595,2.58042741291602,1.2810893495998066,-0.5980903302944762,0.0,79.66153544084594,False
7,5,1,3.499999999999992,2.499999999999991,0.5,-0.13321961475556698,-0.22069756032865873,-1.007717861664803,3.5787400516229972,2.58042741291602,1.2810893495998066,-1.3315207036253107,-0.5000000000000115,81.86693588209907,False
7,5,2,3.499999999999992,2.499999999999991,1.0,-0.015710622910894423,-0.058680881340411606,-0.7840194670267475,4.249361782515759,2.58042741291602,1.2810893495998066,-2.064951076956145,-1.0000000000000009,90.08356886661856,False
7,5,3,3.499999999999992,2.499999999999991,1.5,0.10299135362255296,0.10498063702841232,-0.5580500226969376,4.909603766044612,2.58042741291602,1.2810893495998066,-2.7983814502869797,-1.5000000000000124,104.42490630932198,False
7,5,4,3.499999999999992,2.499999999999991,2.0,0.22290457481450032,0.2703121708908074,-0.32977476771069436,5.563312853521096,2.58042741291602,1.2810893495998066,-3.531811823617792,-2.0000000000000018,124.95553324739855,False
7,5,5,3.499999999999992,2.499999999999991,2.5,0.3440476751981614,0.43733941279280875,-0.09915822805792729,6.212564055912129,2.58042741291602,1.2810893495998066,-4.265242196948627,-2.499999999999991,151.75089903665125,False
7,5,6,3.499999999999992,2.499999999999991,3.0,0.4664396735239329,0.6060885850237063,0.1338358016943597,6.8586952671644275,2.58042741291602,1.2810893495998066,-4.998672570279461,-3.0000000000000027,184.8985149389306,False
7,5,7,3.499999999999992,2.499999999999991,3.5000000000000004,0.5900999827131714,0.7765864533398892,0.3692442773507887,7.502657556709869,2.58042741291602,1.2810893495998066,-5.732102943610307,-3.500000000000014,224.49668691176845,False
7,5,8,3.499999999999992,2.499999999999991,4.0,0.7150484201231322,0.9488603411176966,0.6071049246286708,8.145171067042135,2.58042741291602,1.2810893495998066,-6.465533316941141,-4.0000000000000036,270.6533157673615,False
7,5,9,3.499999999999992,2.499999999999991,4.5,0.8413052181342584,1.1229381439507746,0.84745625931259,8.78680607403406,2.58042741291602,1.2810893495998066,-7.198963690271953,-4.499999999999993,323.4849940297949,False
7,5,10,3.499999999999992,2.499999999999991,5.0,0.9688910350718033,1.2988483447084087,1.090337608045816,9.428029704845375,2.58042741291602,1.2810893495998066,-7.9323940636028105,-5.000000000000004,383.1163583666157,False
7,5,11,3.499999999999992,2.499999999999991,5.5,1.0978269664742968,1.4766200290719456,1.3357891297815117,10.06923492911711,2.58042741291602,1.2810893495998066,-8.665824436933656,-5.500000000000016,449.6796347081219,False
7,5,12,3.499999999999992,2.499999999999991,6.0,1.2281345567214996,1.6562829015670077,1.5838518379186484,10.710759585896291,2.58042741291602,1.2810893495998066,-9.399254810264457,-6.000000000000005,523.3143260679251,False
7,6,0,3.499999999999992,3.0000000000000027,0.0,-0.42561331184008955,-0.5913866161004533,-1.4652931498004895,3.193102218364574,3.0403035865448125,0.6380463037469752,-0.2978787737720423,0.0,112.22128867271829,False
7,6,1,3.499999999999992,3.0000000000000027,0.5,-0.3101641325026022,-0.43204685035221346,-1.2450182410055133,3.8871382395524456,3.0403035865448125,0.6380463037469752,-1.0313091471028657,-0.5000000000000115,112.80425384358138,False
7,6,2,3.499999999999992,3.0000000000000027,1.0,-0.19354879983847217,-0.27109759202065264,-1.0225183331318055,4.558013038481223,3.0403035865448125,0.6380463037469752,-1.7647395204337002,-1.0000000000000009,119.27680561016106,False
7,6,3,3.499999999999992,3.0000000000000027,1.5,-0.07574955516760074,-0.10851433106645048,-0.7977595429446649,5.218543856920221,3.0403035865448125,0.6380463037469752,-2.4981698937645347,-1.5000000000000124,131.78238532687232,False
7,6,4,3.499999999999992,3.0000000000000027,2.0,0.043251722612153154,0.05572794275464643,-0.5707072957147841,5.872566425074388,3.0403035865448125,0.6380463037469752,-3.2316002670953914,-2.000000000000024,150.39354232657172,False
7,6,5,3.499999999999992,3.0000000000000027,2.5,0.16347352631785328,0.22165475271748725,-0.34132630748768267,6.5221498319592675,3.0403035865448125,0.6380463037469752,-3.9650306404261815,-2.499999999999991,175.18928214831485,False
7,6,6,3.499999999999992,3.0000000000000027,3.0,0.2849347300617644,0.3892921483500622,-0.10958056680461792,7.168628189280857,3.0403035865448125,0.6380463037469752,-4.698461013757016,-3.0000000000000027,206.25879813450751,False
7,6,7,3.499999999999992,3.0000000000000027,3.5000000000000004,0.40765459912943947,0.558666719066897,0.12456668414456695,7.812949894891497,3.0403035865448125,0.6380463037469752,-5.431891387087873,-3.500000000000014,243.7010651645465,False
7,6,8,3.499999999999992,3.0000000000000027,4.0,0.5316528001665682,0.7298056082287008,0.36115296895782856,8.455833074998997,3.0403035865448125,0.6380463037469752,-6.165321760418707,-4.0000000000000036,287.6240235920294,False
7,6,9,3.499999999999992,3.0000000000000027,4.5,0.6569494116857755,0.9027365276435106,0.6002165970675544,9.09784640891045,3.0403035865448125,0.6380463037469752,-6.898752133749553,-4.500000000000015,338.1438754888477,False
7,6,10,3.499999999999992,3.0000000000000027,5.0,0.7835649349051704,1.0774877725258425,0.8417966844205427,9.73945571176218,3.0403035865448125,0.6380463037469752,-7.6321825070803655,-5.000000000000004,395.38455153193155,False
7,6,11,3.499999999999992,3.0000000000000027,5.5,0.911520304931121,1.2540882369307393,1.085933174814302,10.38105284212083,3.0403035865448125,0.6380463037469752,-8.365612880411188,-5.499999999999994,459.47732656581417,False
7,6,12,3.499999999999992,3.0000000000000027,6.0,1.040836902297776,1.4325674296803703,1.3326668619143833,11.022974674176123,3.0403035865448125,0.6380463037469752,-9.099043253742034,-6.000000000000005,530.5605530180814,False
8,-6,0,4.0000000000000036,-3.0000000000000027,0.0,1.9872831543313374,2.2629791952517744,1.6988919905663424,-0.4187477131973094,-2.4525097191419487,9.355131196638578,-4.36754353558052,0.0,214.6062078160566,False
8,-6,1,4.0000000000000036,-3.0000000000000027,0.5,2.114857441539036,2.436662507790727,1.9350673272023555,0.2767809575299873,-2.4525097191419487,9.355131196638578,-5.1009739089113655,-0.5000000000000115,243.81226771833363,False
8,-6,2,4.0000000000000036,-3.0000000000000027,1.0,2.243720357910445,2.6121001972240157,2.1736282732993386,0.9480017178041589,-2.4525097191419487,9.355131196638578,-5.83440428224219,-1.0000000000000009,280.5721257839929,False
8,-6,3,4.0000000000000036,-3.0000000000000027,1.5,2.373891527239941,2.7893189799510387,2.4146111579353704,1.6083303424539341,-2.4525097191419487,9.355131196638578,-6.567834655573035,-1.5000000000000124,324.66557442025834,False
8,-6,4,4.0000000000000036,-3.0000000000000027,2.0,2.5053909738074864,2.968346117603854,2.658053051598308,2.26177847685336,-2.4525097191419487,9.355131196638578,-7.301265028903869,-2.000000000000013,376.07045460223225,False
8,-6,5,4.0000000000000036,-3.0000000000000027,2.5,2.638239132647524,3.1492094310274608,2.903991785196247,2.910509055935462,-2.4525097191419487,9.355131196638578,-8.034695402234682,-2.500000000000002,434.8252610244983,False
8,-6,6,4.0000000000000036,-3.0000000000000027,3.0,2.772456860135403,3.3319373146925626,3.152465969656032,3.5559162388635768,-2.4525097191419487,9.355131196638578,-8.768125775565528,-3.0000000000000138,501.00184809679143,False
8,-6,7,4.0000000000000036,-3.0000000000000027,3.5000000000000004,2.908065444902941,3.5165587515562535,3.4035150161309202,4.198990916115042,-2.4525097191419487,9.355131196638578,-9.50155614889635,-3.500000000000003,574.6944611391465,False
8,-6,8,4.0000000000000036,-3.0000000000000027,4.0,3.0450866190951387,3.7031033283872636,3.6571791568399457,4.840483342885871,-2.4525097191419487,9.355131196638578,-10.234986522227185,-4.0000000000000036,656.0142046609844,False
8,-6,9,4.0000000000000036,-3.0000000000000027,4.5,3.1835425699804687,3.8916012515725407,3.9134994665616207,5.480987685616157,-2.4525097191419487,9.355131196638578,-10.96841689555803,-4.500000000000015,745.0858861023,False
8,-6,10,4.0000000000000036,-3.0000000000000027,5.0,3.3234559519277287,4.082083363422923,4.172517884806681,6.12099074126724,-2.4525097191419487,9.355131196638578,-11.701847268888843,-5.000000000000004,842.0460742918691,False
8,-6,11,4.0000000000000036,-3.0000000000000027,5.5,3.4648498987633225,4.274581158996588,4.43427723869455,6.760902166706995,-2.4525097191419487,9.355131196638578,-12.435277642219699,-5.500000000000016,947.0418484774666,False
8,-6,12,4.0000000000000036,-3.0000000000000027,6.0,3.6077480365227013,4.469126803459334,4.69882126655995,7.40107431669117,-2.4525097191419487,9.355131196638578,-13.168708015550546,-6.0000000000000275,1060.229971652718,False
8,-5,0,4.0000000000000036,-2.500000000000002,0.0,1.7907091334659342,2.0326440283227387,1.4467726249749069,-0.09420481245809853,-1.9903821525258492,8.652543251739498,-4.039532803029456,0.0,164.57700412759522,False
8,-5,1,4.0000000000000036,-2.500000000000002,0.5,1.9172956115235562,2.2051698777112936,1.681681030125537,0.6014277022234227,-1.9903821525258492,8.652543251739498,-4.772963176360268,-0.49999999999998934,191.38995916635898,False
8,-5,2,4.0000000000000036,-2.500000000000002,1.0,2.0451607408746852,2.3794384124472154,1.9189622474494072,1.2728382972446939,-1.9903821525258492,8.652543251739498,-5.506393549691124,-1.0000000000000009,225.6119303365318,False
8,-5,3,4.0000000000000036,-2.500000000000002,1.5,2.174323993366434,2.5554761708860285,2.158652411142037,1.9333978316339984,-1.9903821525258492,8.652543251739498,-6.239823923021959,-1.5000000000000124,267.0566582142602,False
8,-5,4,4.0000000000000036,-2.500000000000002,2.0,2.304805238230545,2.733310232982389,2.4007883928315374,2.587104777287297,-1.9903821525258492,8.652543251739498,-6.973254296352782,-2.0000000000000018,315.7109129075164,False
8,-5,5,4.0000000000000036,-2.500000000000002,2.5,2.4366247522727535,2.912968234177171,2.6454078204870832,3.2361150472377753,-1.9903821525258492,8.652543251739498,-7.706684669683639,-2.5000000000000133,371.61710431472704,False
8,-5,6,4.0000000000000036,-2.500000000000002,3.0,2.5698032303772598,3.0944783797141717,2.8925490979122834,3.881818307874041,-1.9903821525258492,8.652543251739498,-8.440115043014472,-3.000000000000025,434.84886878800654,False
8,-5,7,4.0000000000000036,-2.500000000000002,3.5000000000000004,2.704361796337756,3.2778694594018107,3.1422514248444555,4.525202268145523,-1.9903821525258492,8.652543251739498,-9.173545416345297,-3.500000000000014,505.50107893254057,False
8,-5,8,4.0000000000000036,-2.500000000000002,4.0,2.840322014027014,3.46317086283619,3.3945548176821996,5.167014774224654,-1.9903821525258492,8.652543251739498,-9.906975789676132,-4.000000000000026,583.6847480177119,False
8,-5,9,4.0000000000000036,-2.500000000000002,4.5,2.9777058989172156,3.650412595102348,3.649500130863781,5.807848077390743,-1.9903821525258492,8.652543251739498,-10.640406163006954,-4.500000000000015,669.5241002249977,False
8,-5,10,4.0000000000000036,-2.500000000000002,5.0,3.116535929964148,3.839625292971305,3.9071290789209625,6.44818739342905,-1.9903821525258492,8.652543251739498,-11.37383653633779,-5.000000000000004,763.1547590584631,False
8,-5,11,4.0000000000000036,-2.500000000000002,5.5,3.2568350618687125,4.030840241611367,4.167484259232712,7.088441033136816,-1.9903821525258492,8.652543251739498,-12.107266909668613,-5.500000000000016,864.7225762912209,False
8,-5,12,4.0000000000000036,-2.500000000000002,6.0,3.398626737729721,4.2240893918327025,4.430609175505229,7.728960175539146,-1.9903821525258492,8.652543251739498,-12.84069728299947,-6.0000000000000275,974.3828569570545,False
8,-4,0,4.0000000000000036,-2.0000000000000018,0.0,1.5960258539385652,1.8041440154062671,1.1961105727325338,0.22893675580140105,-1.528450307333129,7.9554149658636275,-3.7140709709664765,0.0,122.3356287563367,False
8,-4,1,4.0000000000000036,-2.0000000000000018,0.5,1.7216340240588601,1.9755216235238848,1.4297593695804356,0.9246802043520352,-1.528450307333129,7.9554149658636275,-4.447501344297344,-0.5000000000000226,146.82827246844974,False
8,-4,2,4.0000000000000036,-2.0000000000000018,1.0,1.8485109635743124,2.1486303185921987,1.665768255285388,1.59628658995985,-1.528450307333129,7.9554149658636275,-5.180931717628157,-1.000000000000012,178.58729346799137,False
8,-4,3,4.0000000000000036,-2.0000000000000018,1.5,1.9766759938462608,2.32349646234139,1.9041731702868325,2.2570825035278963,-1.528450307333129,7.9554149658636275,-5.914362090958958,-1.4999999999999902,217.46001394293853,False
8,-4,4,4.0000000000000036,-2.0000000000000018,2.0,2.1061488305495537,2.5001469544961963,2.1450107885025824,2.911053433400057,-1.528450307333129,7.9554149658636275,-6.647792464289825,-2.000000000000013,263.44204461256425,False
8,-4,5,4.0000000000000036,-2.0000000000000018,2.5,2.2369495937831383,2.6786092465705345,2.3883185361359303,3.5603483725409113,-1.528450307333129,7.9554149658636275,-7.38122283762066,-2.5000000000000133,316.57967786954896,False
8,-4,6,4.0000000000000036,-2.0000000000000018,3.0,2.36909881849337,2.8589113560889503,2.634134611064476,4.206352560404558,-1.528450307333129,7.9554149658636275,-8.114653210951472,-3.0000000000000027,376.94832315256735,False
8,-4,7,4.0000000000000036,-2.0000000000000018,3.5000000000000004,2.502617465221313,3.0410818812500295,2.882498002831629,4.850050571731557,-1.528450307333129,7.9554149658636275,-8.848083584282307,-3.500000000000003,444.64348451059715,False
8,-4,8,4.0000000000000036,-2.0000000000000018,4.0,2.6375269311860015,3.2251500160482003,3.133448513263054,5.4921878801801105,-1.528450307333129,7.9554149658636275,-9.581513957613142,-4.0000000000000036,519.7760963262443,False
8,-4,9,4.0000000000000036,-2.0000000000000018,4.5,2.773849061715783,3.4111455658704437,3.3870267777304064,6.133354851551864,-1.528450307333129,7.9554149658636275,-10.314944330943964,-4.499999999999993,602.4698175752497,False
8,-4,10,4.0000000000000036,-2.0000000000000018,5.0,2.9116061620405977,3.5990989635855506,3.6432742870868786,6.774035145597734,-1.528450307333129,7.9554149658636275,-11.04837470427481,-5.000000000000004,692.8593487644262,False
8,-4,11,4.0000000000000036,-2.0000000000000018,5.5,3.050821009458798,3.7890412861442013,3.902233410298983,7.414635749058052,-1.528450307333129,7.9554149658636275,-11.781805077605645,-5.500000000000005,791.0893399240148,False
8,-4,12,4.0000000000000036,-2.0000000000000018,6.0,3.1915168658920914,3.981004271708799,4.163947417800573,8.055506685042669,-1.528450307333129,7.9554149658636275,-12.51523545093648,-6.000000000000005,897.3136667068688,False
8,-3,0,4.0000000000000036,-1.5000000000000013,0.0,1.4032126542468548,1.5774644782162395,0.9469010931454802,0.5506844278304834,-1.0667126462457488,7.2637025393476495,-3.391137591048088,-1.1102230246251565e-14,87.75653663959778,False
8,-3,1,4.0000000000000036,-1.5000000000000013,0.5,1.5278519138159363,1.7477029931821486,1.1792975810507367,1.2465457452821793,-1.0667126462457488,7.2637025393476495,-4.1245679643789,-0.5000000000000004,110.0004322333421,False
8,-3,2,4.0000000000000036,-1.5000000000000013,1.0,1.6537501558049061,1.9196610891073163,1.4140415082277646,1.918353743673351,-1.0667126462457488,7.2637025393476495,-4.857998337709757,-1.000000000000012,139.37017387731072,False
8,-3,3,4.0000000000000036,-1.5000000000000013,1.5,1.7809265525348839,2.0933649525037956,1.6511686224827182,2.5793913807912405,-1.0667126462457488,7.2637025393476495,-5.591428711040569,-1.5000000000000013,175.7463059047938,False
8,-3,4,4.0000000000000036,-1.5000000000000013,2.0,1.9094006675988318,2.2688413043022884,1.8907154011688576,3.233631347647803,-1.0667126462457488,7.2637025393476495,-6.324859084371404,-2.0000000000000018,219.1331929104726,False
8,-3,5,4.0000000000000036,-1.5000000000000013,2.5,2.0391924658942076,2.446117413555121,2.1327190698928025,3.8832158169754383,-1.0667126462457488,7.2637025393476495,-7.05828945770225,-2.5000000000000133,269.5809778017562,False
8,-3,6,4.0000000000000036,-1.5000000000000013,3.0,2.1703223239658342,2.6252211115631416,2.3772176217994767,4.529525665832068,-1.0667126462457488,7.2637025393476495,-7.791719831033072,-3.0000000000000027,327.1668345310524,False
8,-3,7,4.0000000000000036,-1.5000000000000013,3.5000000000000004,2.302811040670316,2.80618080644171,2.6242498374564494,5.173542381119667,-1.0667126462457488,7.2637025393476495,-8.525150204363918,-3.500000000000014,391.9869027915099,False
8,-3,8,4.0000000000000036,-1.5000000000000013,4.0,2.436679848173806,2.9890254981419173,2.8738553053598794,5.816009099746422,-1.0667126462457488,7.2637025393476495,-9.258580577694763,-4.000000000000026,464.1520503239646,False
8,-3,9,4.0000000000000036,-1.5000000000000013,4.5,2.571950423295144,3.1737847939437067,3.126074443084276,6.457514331100711,-1.0667126462457488,7.2637025393476495,-9.992010951025588,-4.500000000000015,543.7853887401145,False
8,-3,10,4.0000000000000036,-1.5000000000000013,5.0,2.7086448992072185,3.3604889244381484,3.380948519100513,7.098540203503423,-1.0667126462457488,7.2637025393476495,-10.72544132435642,-5.000000000000016,631.0207175899409,False
8,-3,11,4.0000000000000036,-1.5000000000000013,5.5,2.8467858775099,3.549168760017185,3.6385196752862337,7.73949240116989,-1.0667126462457488,7.2637025393476495,-11.458871697687268,-5.500000000000027,726.0015105460345,False
8,-3,12,4.0000000000000036,-1.5000000000000013,6.0,2.986396440688144,3.7398558278896155,3.8988309501547747,8.380719810663372,-1.0667126462457488,7.2637025393476495,-12.19230207101807,-6.000000000000005,828.8802420635668,False
8,-2,0,4.0000000000000036,-1.0000000000000009,0.0,1.2122490913206803,1.3525907901465795,0.6991393257699152,0.8710456016967516,-0.6051676580509757,6.577362375535922,-3.0707123097070466,0.0,60.716285921929526,False
8,-2,1,4.0000000000000036,-1.0000000000000009,0.5,1.335928734995659,1.5216992865794754,0.930290779668258,1.5670315716778571,-0.6051676580509757,6.577362375535922,-3.804142683037881,-0.5000000000000004,80.78178397430733,False
8,-2,2,4.0000000000000036,-1.0000000000000009,1.0,1.4608576680006897,1.6925159496430142,1.1637770967372896,2.2390468743775926,-0.6051676580509757,6.577362375535922,-4.537573056368727,-1.000000000000012,107.83466952230214,False
8,-2,3,4.0000000000000036,-1.0000000000000009,1.5,1.5870549150463793,1.8650667920269814,1.3996338332689429,2.900331457125316,-0.6051676580509757,6.577362375535922,-5.271003429699528,-1.4999999999999902,141.78835648217262,False
8,-2,4,4.0000000000000036,-1.0000000000000009,2.0,1.7145398891027341,2.0393783572924318,1.6378972711937834,3.5548453962084725,-0.6051676580509757,6.577362375535922,-6.004433803030373,-2.0000000000000018,182.65587832332997,False
8,-2,5,4.0000000000000036,-1.0000000000000009,2.5,1.8433324013545416,2.215477733483678,1.8786044366870869,4.2047241420178905,-0.6051676580509757,6.577362375535922,-6.737864176361208,-2.500000000000002,230.49119719470306,False
8,-2,6,4.0000000000000036,-1.0000000000000009,3.0,1.9734526714646206,2.3933925671614342,2.1217931193504347,4.851344272484637,-0.6051676580509757,6.577362375535922,-7.47129454969201,-2.9999999999999805,285.37324326003727,False
8,-2,7,4.0000000000000036,-1.0000000000000009,3.5000000000000004,2.104921338156146,2.5731510778721156,2.367501891989537,5.495684232118014,-0.6051676580509757,6.577362375535922,-8.204724923022855,-3.499999999999992,347.3987960921143,False
8,-2,8,4.0000000000000036,-1.0000000000000009,4.0,2.237759470125705,2.7547820730693564,2.615770131010331,6.138484856115012,-0.6051676580509757,6.577362375535922,-8.938155296353711,-4.0000000000000036,416.67866892373104,False
8,-2,9,4.0000000000000036,-1.0000000000000009,4.5,2.37198857729915,2.938314963504274,2.8666380374554103,6.780332825913016,-0.6051676580509757,6.577362375535922,-9.671585669684546,-4.5000000000000036,493.33544363254146,False
8,-2,10,4.0000000000000036,-1.0000000000000009,5.0,2.5076306224428246,3.1237797791016653,3.120146658705175,7.4217087624852685,-0.6051676580509757,6.577362375535922,-10.405016043015369,-5.000000000000004,577.5020405661841,False
8,-2,11,4.0000000000000036,-1.0000000000000009,5.5,2.6447080331435724,3.3112071853402982,3.3763379108676386,8.063017068584767,-0.6051676580509757,6.577362375535922,-11.138446416346227,-5.500000000000016,669.3207820806452,False
8,-2,12,4.0000000000000036,-1.0000000000000009,6.0,2.7832437141709354,3.5006285001559387,3.6352546018828926,8.704605513163944,-0.6051676580509757,6.577362375535922,-11.871876789677039,-6.000000000000005,768.9427692244933,False
8,-1,0,4.0000000000000036,-0.5000000000000004,0.0,1.0231149395160788,1.1295083791234561,0.4528202951271765,1.1900276371578533,-0.14381385713684303,5.896351086703966,-2.752774870917951,-2.220446049250313e-14,41.09350952740852,False
8,-1,1,4.0000000000000036,-0.5000000000000004,0.5,1.1458441603176661,1.2974958584155316,0.6827339649519371,1.886144895279207,-0.14381385713684303,5.896351086703966,-3.4862052442487856,-0.5000000000000115,59.049765523005284,False
8,-1,2,4.0000000000000036,-0.5000000000000004,1.0,1.2698130702182646,1.4671801809327922,0.9149699950779577,2.558373066034103,-0.14381385713684303,5.896351086703966,-4.219635617579587,-1.0000000000000009,83.85698886142625,False
8,-1,3,4.0000000000000036,-0.5000000000000004,1.5,1.3950405477320627,1.638587186927365,1.1495637513981416,3.2199096969059315,-0.14381385713684303,5.896351086703966,-4.953065990910455,-1.5000000000000124,115.4611172032617,False
8,-1,4,4.0000000000000036,-0.5000000000000004,2.0,1.5215458566490592,1.811743244003533,1.386551321558338,3.8747024285400222,-0.14381385713684303,5.896351086703966,-5.6864963642412665,-2.0000000000000018,153.88376957838315,False
8,-1,5,4.0000000000000036,-0.5000000000000004,2.5,1.6493486559139237,1.9866752606394478,1.625969533463767,4.524880084979621,-0.14381385713684303,5.896351086703966,-6.419926737572101,-2.5000000000000133,199.1826967874829,False
8,-1,6,4.0000000000000036,-0.5000000000000004,3.0,1.7784690098103906,2.1634107001272884,1.8678559743579182,5.1718150070609425,-0.14381385713684303,5.896351086703966,-7.153357110902936,-3.0000000000000027,251.43857716163873,False
8,-1,7,4.0000000000000036,-0.5000000000000004,3.5000000000000004,1.9089273984622568,2.341977594946598,2.1122490104944713,5.81648264144583,-0.14381385713684303,5.896351086703966,-7.88678748423377,-3.500000000000014,310.7488344175326,False
8,-1,8,4.0000000000000036,-0.5000000000000004,4.0,2.040744728662575,2.5224045615869386,2.3591878074241404,6.459621555952499,-0.14381385713684303,5.896351086703966,-8.620217857564604,-4.0000000000000036,377.22423929959416,False
8,-1,9,4.0000000000000036,-0.5000000000000004,4.5,2.1739423450430175,2.7047208158360814,2.6087123509185126,7.101816631943159,-0.14381385713684303,5.896351086703966,-9.35364823089545,-4.500000000000015,450.9868613692703,False
8,-1,10,4.0000000000000036,-0.5000000000000004,5.0,2.3085420415958735,2.8889561885510116,2.860863468554925,7.743547006618523,-0.14381385713684303,5.896351086703966,-10.087078604226285,-5.000000000000027,532.1687632416847,False
8,-1,11,4.0000000000000036,-0.5000000000000004,5.5,2.4445660735619876,3.0751411419295884,3.1156828519864344,8.385215821876102,-0.14381385713684303,5.896351086703966,-10.820508977557097,-5.500000000000016,620.9111406555971,False
8,-1,12,4.0000000000000036,-0.5000000000000004,6.0,2.582037169697954,3.263306786301551,3.3732130799225324,9.027169747572806,-0.14381385713684303,5.896351086703966,-11.553939350887955,-6.0000000000000275,717.3637486554078,False
8,0,0,4.0000000000000036,0.0,0.0,0.8357901895610809,0.9082027303058737,0.20793891531125652,1.5076378555439751,0.31735021699790256,5.220625499680498,-2.4373051188217643,0.0,28.768886803269826,False
8,0,1,4.0000000000000036,0.0,0.5,0.9575780799608857,1.0750781209104276,0.4366220254384545,2.20389289269598,0.31735021699790256,5.220625499680498,-3.170735492152621,-0.5000000000000115,44.68387851131927,False
8,0,2,4.0000000000000036,0.0,1.0,1.0805961510718025,1.2436391215210896,0.6676150659709723,2.8763393702919915,0.31735021699790256,5.220625499680498,-3.9041658654834555,-1.000000000000012,67.31542216054294,False
8,0,3,4.0000000000000036,0.0,1.5,1.2048631366102374,1.4139114013257625,0.9009532135139608,3.5381330348303486,0.31735021699790256,5.220625499680498,-4.637596238814268,-1.5000000000000013,96.64163986613252,False
8,0,4,4.0000000000000036,0.0,2.0,1.330398152613349,1.5859211533733486,1.1366723625625075,4.193209266959608,0.31735021699790256,5.220625499680498,-5.371026612145114,-2.000000000000013,132.6926545434129,False
8,0,5,4.0000000000000036,0.0,2.5,1.4572207072421324,1.759695108006032,1.3748091439089838,4.84369035851866,0.31735021699790256,5.220625499680498,-6.104456985475948,-2.5000000000000133,175.5299757164853,False
8,0,6,4.0000000000000036,0.0,3.0,1.5853507108877174,1.9352605467071016,1.6154009436198602,5.49094447407481,0.31735021699790256,5.220625499680498,-6.837887358806771,-3.0000000000000027,225.23602208661754,False
8,0,7,4.0000000000000036,0.0,3.5000000000000004,1.7148084865917956,2.112645316379158,1.858485922602332,6.135944106109981,0.31735021699790256,5.220625499680498,-7.5713177321376275,-3.5000000000000253,281.9088658015227,False
8,0,8,4.0000000000000036,0.0,4.0,1.845614780792787,2.291877844068624,2.104103036782562,6.779425588707366,0.31735021699790256,5.220625499680498,-8.304748105468462,-4.000000000000026,345.65924702030486,False
8,0,9,4.0000000000000036,0.0,4.5,1.9777907744095158,2.4729871521527502,2.3522920579175546,7.4219720304598,0.31735021699790256,5.220625499680498,-9.038178478799285,-4.500000000000015,416.6087401936414,False
8,0,10,4.0000000000000036,0.0,5.0,2.1113580942748236,2.6560028740061856,2.6030935950644873,8.064061107876519,0.31735021699790256,5.220625499680498,-9.771608852130132,-5.000000000000027,494.8885713906356,False
8,0,11,4.0000000000000036,0.0,5.5,2.246338824932359,2.840955270164952,2.8565491167314994,8.706094722163883,0.31735021699790256,5.220625499680498,-10.505039225460933,-5.500000000000005,580.6388340931704,False
8,0,12,4.0000000000000036,0.0,6.0,2.38275552080966,3.0278752450062507,3.1127009737353886,9.348418462189922,0.31735021699790256,5.220625499680498,-11.238469598791767,-6.000000000000005,674.0079643588612,False
8,1,0,4.0000000000000036,0.49999999999998934,0.0,0.6502550474222879,0.6886593886576697,-0.03551000555135908,1.8238835396574116,0.7783260002416803,4.550142661109002,-2.1242830001824364,0.0,23.62511525170967,False
8,1,1,4.0000000000000036,0.49999999999998934,0.5,0.77111060042441,0.8544315463896224,0.19194974316446567,2.5202827052194676,0.7783260002416803,4.550142661109002,-2.857713373513282,-0.5000000000000115,37.56565993799022,False
8,1,2,4.0000000000000036,0.49999999999998934,1.0,0.8931869165881706,1.02187817036129,0.4217070650996413,3.1929528062258905,0.7783260002416803,4.550142661109002,-3.5911437468441165,-1.0000000000000009,58.0903128813944,False
8,1,3,4.0000000000000036,0.49999999999998934,1.5,1.016502586215523,1.191024760058551,0.6537969486788198,3.8550083755879427,0.7783260002416803,4.550142661109002,-4.324574120174962,-1.5000000000000124,85.20904774159855,False
8,1,4,4.0000000000000036,0.49999999999998934,2.0,1.141076579002334,1.3618973353649755,0.8882550963761615,4.5103727062480115,0.7783260002416803,4.550142661109002,-5.058004493505786,-2.0000000000000018,118.96041123802136,False
8,1,5,4.0000000000000036,0.49999999999998934,2.5,1.2669282537664444,1.5345224499053123,1.1251179430242453,5.1611616501794355,0.7783260002416803,4.550142661109002,-5.79143486683662,-2.5000000000000133,159.409642329995,False
8,1,6,4.0000000000000036,0.49999999999998934,3.0,1.3940773684765873,1.7089272048017357,1.364422674689325,5.808739255329831,0.7783260002416803,4.550142661109002,-6.524865240167466,-3.000000000000025,206.6408925276392,False
8,1,7,4.0000000000000036,0.49999999999998934,3.5000000000000004,1.522544090593042,1.8851392628577046,1.6062072481332956,6.454075102813239,0.7783260002416803,4.550142661109002,-7.258295613498278,-3.500000000000014,260.75288671405923,False
8,1,8,4.0000000000000036,0.49999999999998934,4.0,1.6523490077315461,2.063186863185079,1.8505104108840043,7.0979033259515045,0.7783260002416803,4.550142661109002,-7.991725986829112,-4.0000000000000036,321.85634624715317,False
8,1,9,4.0000000000000036,0.49999999999998934,4.5,1.783513138662085,2.243098836290758,2.0973717219357537,7.740805287318198,0.7783260002416803,4.550142661109002,-8.725156360159946,-4.500000000000015,390.0723674597231,False
8,1,10,4.0000000000000036,0.49999999999998934,5.0,1.9160579446550419,2.424904619639656,2.346831573103836,8.383257225331464,0.7783260002416803,4.550142661109002,-9.458586733490758,-5.000000000000004,465.5313607794922,False
8,1,11,4.0000000000000036,0.49999999999998934,5.5,2.050005341187605,2.608634273711824,2.5989312110567706,9.025659820241172,0.7783260002416803,4.550142661109002,-10.192017106821616,-5.500000000000016,548.3723414554977,False
8,1,12,4.0000000000000036,0.49999999999998934,6.0,2.185377710023706,2.7943184985719958,2.853712760051752,9.66835759763578,0.7783260002416803,4.550142661109002,-10.92544748015245,-6.000000000000005,638.7424531945321,False
8,2,0,4.0000000000000036,1.0000000000000009,0.0,0.466489933130218,0.47086396137061004,-0.27753176090347664,2.138771933681971,1.2391149043393668,3.8848598424651826,-1.8136885667292213,0.0,25.54688236798269,False
8,2,1,4.0000000000000036,1.0000000000000009,0.5,0.5864220433469541,0.6355416697192084,-0.051288201913041176,2.8353214386484415,1.2391149043393668,3.8848598424651826,-2.5471189400600447,-0.5000000000000115,37.57865383908235,False
8,2,2,4.0000000000000036,1.0000000000000009,1.0,0.7075655890204258,0.8018827892632474,0.17724064555204588,3.508220360091596,1.2391149043393668,3.8848598424651826,-3.280549313390879,-1.0000000000000009,56.0640291717835,False
8,2,3,4.0000000000000036,1.0000000000000009,1.5,0.8299390184063171,0.9699126511376721,0.4080895828391051,4.170542593548787,1.2391149043393668,3.8848598424651826,-4.013979686721736,-1.5000000000000124,81.04450687572069,False
8,2,4,4.0000000000000036,1.0000000000000009,2.0,0.9535611562553253,1.1396571034394065,0.641294121527064,4.826199513274476,1.2391149043393668,3.8848598424651826,-4.747410060052548,-2.0000000000000018,112.56697894261362,False
8,2,5,4.0000000000000036,1.0000000000000009,2.5,1.0784512134668855,1.3111425244826835,0.8768905016374562,5.4773006219541065,1.2391149043393668,3.8848598424651826,-5.480840433383383,-2.5000000000000133,150.70038509853603,False
8,2,6,4.0000000000000036,1.0000000000000009,3.0,1.2046287970414653,1.4843958364645582,1.1149157104087926,6.125205909417852,1.2391149043393668,3.8848598424651826,-6.214270806714217,-3.0000000000000027,195.53060232636759,False
8,2,7,4.0000000000000036,1.0000000000000009,3.5000000000000004,1.3321139203421954,1.6594445195550478,1.355407501654421,6.770882087389873,1.2391149043393668,3.8848598424651826,-6.94770118004503,-3.499999999999992,247.15701256087956,False
8,2,8,4.0000000000000036,1.0000000000000009,4.0,1.4609270136773072,1.8363166264277253,1.5984044157255461,7.415061120750455,1.2391149043393668,3.8848598424651826,-7.681131553375886,-4.0000000000000036,305.6903300218043,False
8,2,9,4.0000000000000036,1.0000000000000009,4.5,1.5910889352148931,2.0150407972467144,1.8439458001010767,8.058322652263673,1.2391149043393668,3.8848598424651826,-8.414561926706698,-4.499999999999993,371.2511897044926,False
8,2,10,4.0000000000000036,1.0000000000000009,5.0,1.72262098224234,2.195646275126961,2.0920718306279227,8.701141504389787,1.2391149043393668,3.8848598424651826,-9.147992300037533,-5.000000000000004,443.96920701967855,False
8,2,11,4.0000000000000036,1.0000000000000009,5.5,1.855544902783296,2.378162922085303,2.3428235334354786,9.343917155737437,1.2391149043393668,3.8848598424651826,-9.881422673368379,-5.500000000000016,523.9823426739471,False
8,2,12,4.0000000000000036,1.0000000000000009,6.0,1.9898829075853386,2.5626212355006506,2.596242807549504,9.986993085940288,1.2391149043393668,3.8848598424651826,-10.614853046699213,-6.000000000000005,611.4364742816026,False
8,3,0,4.0000000000000036,1.4999999999999902,0.0,0.28447547951678254,0.25480212018292314,-0.5181317415194953,2.4523102431215804,1.6997183173661057,3.2247345447113718,-1.5055019773296374,-2.220446049250313e-14,34.420837599584,False
8,3,1,4.0000000000000036,1.4999999999999902,0.5,0.40349294423797366,0.4183940906361039,-0.2930972276577848,3.1490161631460234,1.6997183173661057,3.2247345447113718,-2.2389323506604497,-0.5000000000000115,44.60838307671083,False
8,3,2,4.0000000000000036,1.4999999999999902,1.0,0.52371260557251,0.5836385052352844,-0.06578963789847792,3.822148985114082,1.6997183173661057,3.2247345447113718,-2.972362723991284,-1.0000000000000009,61.12093547148386,False
8,3,3,4.0000000000000036,1.4999999999999902,1.5,0.6451527710830324,0.7505605281044936,0.1638256431274132,4.484742532488006,1.6997183173661057,3.2247345447113718,-3.7057930973220965,-1.4999999999999902,84.03119750563914,False
8,3,4,4.0000000000000036,1.4999999999999902,2.0,0.7678321219558998,0.9191858369213601,0.3957839372250027,5.140696426659153,1.6997183173661057,3.2247345447113718,-4.439223470652931,-2.0000000000000018,113.39432941832652,False
8,3,5,4.0000000000000036,1.4999999999999902,2.5,0.891769722581312,1.0895406360850568,0.6301212907492304,5.792113909884433,1.6997183173661057,3.2247345447113718,-5.172653843983799,-2.5000000000000133,149.28294363383705,False
8,3,6,4.0000000000000036,1.4999999999999902,3.0,1.0169850304296761,1.2616516702916858,0.8668744932788797,6.440350971259812,1.6997183173661057,3.2247345447113718,-5.906084217314622,-3.0000000000000027,191.78463548682,False
8,3,7,4.0000000000000036,1.4999999999999902,3.5000000000000004,1.1434979062350081,1.4355462385315376,1.106081096870981,7.086371494283972,1.6997183173661057,3.2247345447113718,-6.639514590645468,-3.500000000000014,240.9994482868532,False
8,3,8,4.0000000000000036,1.4999999999999902,4.0,1.2713286244966455,1.6112522085238834,1.3477794359171957,7.730905307079272,1.6997183173661057,3.2247345447113718,-7.372944963976302,-4.000000000000026,297.0381006555979,False
8,3,9,4.0000000000000036,1.4999999999999902,4.5,1.4004978843107723,1.78879803160516,1.5920086476235662,8.37453035828306,1.6997183173661057,3.2247345447113718,-8.106375337307114,-4.500000000000015,360.02078281904437,False
8,3,10,4.0000000000000036,1.4999999999999902,5.0,1.5310268205439848,1.9682127580872955,1.8388086931373782,9.01772007607593,1.6997183173661057,3.2247345447113718,-8.839805710637949,-5.000000000000004,430.07633551675144,False
8,3,11,4.0000000000000036,1.4999999999999902,5.5,1.6629370153616763,2.149526053103629,2.088220379344452,9.660872756334093,1.6997183173661057,3.2247345447113718,-9.573236083968784,-5.500000000000016,507.3416882725164,False
8,3,12,4.0000000000000036,1.4999999999999902,6.0,1.7962505101242365,2.332768212960562,2.3402853813622446,10.304330849686272,1.6997183173661057,3.2247345447113718,-10.306666457299595,-6.000000000000005,591.9614784925363,False
8,4,0,4.0000000000000036,2.0000000000000018,0.0,0.10419253093397751,0.04045960356388045,-0.7573154313683994,2.7645056347287866,2.1601376042013287,2.5697245027093363,-1.1997035000496759,-1.1102230246251565e-14,50.13556444288936,False
8,4,1,4.0000000000000036,2.0000000000000018,0.5,0.22230405118992824,0.20297447594359586,-0.5334828455963836,3.46137391308885,2.1601376042013287,2.5697245027093363,-1.9331338733804881,-0.5000000000000004,58.542321262971555,False
8,4,2,4.0000000000000036,2.0000000000000018,1.0,0.34160861710503254,0.367130912690794,-0.30738932461454316,4.134745601269829,2.1601376042013287,2.5697245027093363,-2.6665642467113226,-1.0000000000000009,73.14736425139527,False
8,4,3,4.0000000000000036,2.0000000000000018,1.5,0.46212439688728957,0.5329539122475913,-0.07900043793746536,4.797615005305955,2.1601376042013287,2.5697245027093363,-3.3999946200421904,-1.5000000000000235,94.054285606808,False
8,4,4,4.0000000000000036,2.0000000000000018,2.0,0.5838699295244665,0.7004689832284527,0.15171894758326254,5.453870156432727,2.1601376042013287,2.5697245027093363,-4.133424993373003,-2.000000000000013,121.32643825657279,False
8,4,5,4.0000000000000036,2.0000000000000018,2.5,0.7068641342912546,0.8697021575014174,0.3848046857759968,6.10560812366201,2.1601376042013287,2.5697245027093363,-4.866855366703826,-2.500000000000002,155.04007983563972,False
8,4,6,4.0000000000000036,2.0000000000000018,3.0,0.831126320550496,1.0406800036741104,0.6202933697233071,6.754180951646549,2.1601376042013287,2.5697245027093363,-5.600285740034671,-3.0000000000000138,195.28451711481824,False
8,4,7,4.0000000000000036,2.0000000000000018,3.5000000000000004,0.9566761978590438,1.2134296409988476,0.8582223509135678,7.40054973603097,2.1601376042013287,2.5697245027093363,-6.333716113365484,-3.500000000000003,242.16045910376425,False
8,4,8,4.0000000000000036,2.0000000000000018,4.0,1.0835338863895565,1.3879787537123767,1.0986297589912486,8.045442199242903,2.1601376042013287,2.5697245027093363,-7.067146486696318,-4.0000000000000036,295.778640241476,False
8,4,9,4.0000000000000036,2.0000000000000018,4.5,1.2117199276795638,1.5643556058260566,1.3415545221273306,8.689434620962654,2.1601376042013287,2.5697245027093363,-7.800576860027187,-4.500000000000027,356.2588223406677,False
8,4,10,4.0000000000000036,2.0000000000000018,5.0,1.3412552957199786,1.7425890563830315,1.5870363880332639,9.332999056326518,2.1601376042013287,2.5697245027093363,-8.53400723335801,-5.000000000000016,423.7290915387298,False
8,4,11,4.0000000000000036,2.0000000000000018,5.5,1.472161408395742,1.9227085751998718,1.8351159456419075,9.976532636991276,2.1601376042013287,2.5697245027093363,-9.267437606688834,-5.500000000000016,498.3253692084789,False
8,4,12,4.0000000000000036,2.0000000000000018,6.0,1.6044601392914637,2.1047442591105137,2.0858346474804335,10.620376801166564,2.1601376042013287,2.5697245027093363,-10.00086798001969,-6.0000000000000275,580.1910780622579,False
8,5,0,4.0000000000000036,2.499999999999991,0.0,-0.07437785811188757,-0.17217778123417293,-0.9950884035336782,3.0753652364844175,2.620374106956991,1.919787689352992,-0.8962735140832345,-2.220446049250313e-14,72.58155268830646,False
8,5,1,4.0000000000000036,2.499999999999991,0.5,0.042836323505640594,-0.010731438426309081,-0.7724506568177636,3.7724016869705723,2.620374106956991,1.919787689352992,-1.629703887414058,-0.5000000000000115,79.2698648307456,False
8,5,2,4.0000000000000036,2.499999999999991,1.0,0.16123448675567364,0.15234567552104283,-0.5475640439734086,4.44601709512602,2.620374106956991,1.919787689352992,-2.3631342607449035,-1.000000000000023,92.03158789822311,False
8,5,3,4.0000000000000036,2.499999999999991,1.5,0.2808346618153462,0.31707839468611554,-0.3203943183083091,5.109166793806752,2.620374106956991,1.919787689352992,-3.096564634075738,-1.5000000000000124,111.00089458449335,False
8,5,4,4.0000000000000036,2.499999999999991,2.0,0.40165524682460596,0.4834920599651349,-0.09090653421804373,5.765727383757802,2.620374106956991,1.919787689352992,-3.8299950074065503,-2.0000000000000018,136.24925637170008,False
8,5,5,4.0000000000000036,2.499999999999991,2.5,0.5237150173211386,0.6516125320675192,0.1409349707346852,6.41778984629231,2.620374106956991,1.919787689352992,-4.563425380737385,-2.5000000000000133,167.85654918048056,False
8,5,6,4.0000000000000036,2.499999999999991,3.0,0.6470331359671316,0.8214662049132349,0.3751665942951843,7.066702336846009,2.620374106956991,1.919787689352992,-5.2968557540682415,-3.000000000000025,205.91378449830682,False
8,5,7,4.0000000000000036,2.499999999999991,3.5000000000000004,0.771629162578355,0.9930800194464628,0.6118254885661312,7.7134232028074345,2.620374106956991,1.919787689352992,-6.030286127399053,-3.500000000000014,250.522341357833,False
8,5,8,4.0000000000000036,2.499999999999991,4.0,0.897523064466782,1.1664814778810706,0.8509495796524214,8.35867809136721,2.620374106956991,1.919787689352992,-6.763716500729899,-4.000000000000026,301.79298130454293,False
8,5,9,4.0000000000000036,2.499999999999991,4.5,1.0247352271079784,1.3416986583935364,1.092577587922855,9.003041637918873,2.620374106956991,1.919787689352992,-7.497146874060734,-4.500000000000015,359.8450538824014,False
8,5,10,4.0000000000000036,2.499999999999991,5.0,1.1532864651453867,1.5187602302798198,1.3367490489119227,9.646984545358661,2.620374106956991,1.919787689352992,-8.230577247391558,-5.000000000000004,424.805910420702,False
8,5,11,4.0000000000000036,2.499999999999991,5.5,1.2831980337440347,1.6976954695934687,1.5835043348850053,10.290902799251844,2.620374106956991,1.919787689352992,-8.964007620722402,-5.500000000000016,496.81048684817114,False
8,5,12,4.0000000000000036,2.499999999999991,6.0,1.4144916403065033,1.878534275282795,1.8328846770918394,10.93513684162093,2.620374106956991,1.919787689352992,-9.69743799405325,-6.0000000000000275,576.0010163312413,False
8,6,0,4.0000000000000036,3.0000000000000027,0.0,-0.25125442433403256,-0.38312415620703755,-1.2314563163170422,3.384896137538762,3.0804291454529453,1.2748823194348002,-0.5951925115571188,-2.220446049250313e-14,101.65117083084758,False
8,6,1,4.0000000000000036,3.0000000000000027,0.5,-0.13492906968244345,-0.2227378454342066,-1.0100063480573296,4.0821064472687185,3.0804291454529453,1.2748823194348002,-1.3286228848879422,-0.5000000000000115,106.68230526761957,False
8,6,2,4.0000000000000036,3.0000000000000027,1.0,-0.01742871144851388,-0.06073147091619213,-0.7863195114313548,4.755970319644298,3.0804291454529453,1.2748823194348002,-2.0620532582187434,-1.0000000000000009,117.6637907602319,False
8,6,3,4.0000000000000036,3.0000000000000027,1.5,0.10126454382332062,0.10291963836849272,-0.5603617424538521,5.419404648444126,3.0804291454529453,1.2748823194348002,-2.795483631549611,-1.5000000000000124,134.76007712445085,False
8,6,4,4.0000000000000036,3.0000000000000027,2.0,0.2211689547611917,0.26824065693160093,-0.33209828195616686,6.076274760617317,3.0804291454529453,1.2748823194348002,-3.5289140048804346,-2.0000000000000018,158.05068165090913,False
8,6,5,4.0000000000000036,3.0000000000000027,2.5,0.34230315452919435,0.435257275685097,-0.10149365776107033,6.728665633727693,3.0804291454529453,1.2748823194348002,-4.262344378211247,-2.499999999999991,187.61907216589722,False
8,6,6,4.0000000000000036,3.0000000000000027,3.0,0.464686160480382,0.6039957152504882,0.13148833369378,7.377921588180469,3.0804291454529453,1.2748823194348002,-4.9957747515420925,-3.0000000000000027,223.55795834123782,False
8,6,7,4.0000000000000036,3.0000000000000027,3.5000000000000004,0.5883373841098105,0.7744827396818366,0.366884646303578,8.024998261951243,3.0804291454529453,1.2748823194348002,-5.7292051248729265,-3.500000000000014,265.9693935489005,False
8,6,8,4.0000000000000036,3.0000000000000027,4.0,0.7132766413187136,0.9467456706176769,0.6047330038364163,8.670619256862189,3.0804291454529453,1.2748823194348002,-6.4626354982037615,-4.0000000000000036,314.9641776024275,False
8,6,9,4.0000000000000036,3.0000000000000027,4.5,0.8395241630010208,1.1208124018774523,0.8450719200868706,9.315357588202966,3.0804291454529453,1.2748823194348002,-7.196065871534596,-4.500000000000015,370.6612637105211,False
8,6,10,4.0000000000000036,3.0000000000000027,5.0,0.9671006059641801,1.296711414518914,1.087940719666275,9.959682627014255,3.0804291454529453,1.2748823194348002,-7.929496244865442,-5.000000000000027,433.1872879154463,False
8,6,11,4.0000000000000036,3.0000000000000027,5.5,1.0960270641967917,1.4744717923735107,1.3333795594528741,10.603989230523037,3.0804291454529453,1.2748823194348002,-8.662926618196265,-5.500000000000016,502.6762230868253,False
8,6,12,4.0000000000000036,3.0000000000000027,6.0,1.2263250804957104,1.654123238077626,1.581429450726557,11.24861686045271,3.0804291454529453,1.2748823194348002,-9.39635699152711,-6.0000000000000275,579.2691376306822,False
9,-6,0,4.499999999999993,-3.0000000000000027,0.0,2.1714592902722982,2.478438309567438,1.9342248779436855,-0.24395702895039229,-2.414731596411057,10.012218555718878,-4.674311830662714,-2.220446049250313e-14,254.4403892182419,False
9,-6,1,4.499999999999993,-3.0000000000000027,0.5,2.299959085700803,2.6532043312235576,2.171582791903204,0.45482518959274465,-2.414731596411057,10.012218555718878,-5.407742203993515,-0.49999999999998934,288.5748801001694,False
9,-6,2,4.499999999999993,-3.0000000000000027,1.0,2.4297568588609098,2.8297356662297437,2.4113382605491838,1.1291013908981906,-2.414731596411057,10.012218555718878,-6.141172577324349,-1.0000000000000009,330.3422496729498,False
9,-6,3,4.499999999999993,-3.0000000000000027,1.5,2.560872375910966,3.008059197530394,2.6535277948666836,1.792394335134162,-2.414731596411057,10.012218555718878,-6.874602950655195,-1.5000000000000124,379.5394989894881,False
9,-6,4,4.499999999999993,-3.0000000000000027,2.0,2.693325806400304,3.188202356701475,2.8981886509629406,2.4487474153521926,-2.414731596411057,10.012218555718878,-7.60803332398603,-2.0000000000000018,436.1504346114432,False
9,-6,5,4.499999999999993,-3.0000000000000027,2.5,2.827137733612611,3.370193138017891,3.145358849173008,3.1003406078474294,-2.414731596411057,10.012218555718878,-8.341463697316854,-2.499999999999991,500.2175804999522,False
9,-6,6,4.499999999999993,-3.0000000000000027,3.0,2.9623291652291774,3.5540601129561367,3.395077193756385,3.7485790252249407,-2.414731596411057,10.012218555718878,-9.074894070647677,-3.0000000000000027,571.8161193166118,False
9,-6,7,4.499999999999993,-3.0000000000000027,3.5000000000000004,3.098921544323624,3.7398324451476173,3.647383293205886,4.394461332649802,-2.414731596411057,10.012218555718878,-9.808324443978512,-3.499999999999992,651.0433207919473,False
9,-6,8,4.499999999999993,-3.0000000000000027,4.0,3.236936760700304,3.9275399057994207,3.902317581191345,5.038743672693435,-2.414731596411057,10.012218555718878,-10.541754817309368,-4.0000000000000036,738.0131791023838,False
9,-6,9,4.499999999999993,-3.0000000000000027,4.5,3.376397162588801,4.11721288959942,4.159921338160933,5.682024881871017,-2.414731596411057,10.012218555718878,-11.275185190640203,-4.500000000000015,832.8533414031439,False
9,-6,10,4.499999999999993,-3.0000000000000027,5.0,3.5173255687076854,4.308882431123623,4.420236713624936,6.324795595356925,-2.414731596411057,10.012218555718878,-12.008615563971015,-5.000000000000004,935.7032139306444,False
9,-6,11,4.499999999999993,-3.0000000000000027,5.5,3.659745280711424,4.50258022176449,4.683306749146765,6.967468715224223,-2.414731596411057,10.012218555718878,-12.74204593730186,-5.500000000000016,1046.712740289386,False
9,-6,12,4.499999999999993,-3.0000000000000027,6.0,3.8036800960343564,4.698338627199405,4.9491754020677625,7.610399405058943,-2.414731596411057,10.012218555718878,-13.475476310632695,-6.000000000000005,1166.0415941505462,False
9,-5,0,4.499999999999993,-2.500000000000002,0.0,1.974056013001435,2.247492401788309,1.681957978382076,0.08189669329525806,-1.9524204833668346,9.307896394057625,-4.345491460379192,-2.220446049250313e-14,200.24338584284573,False
9,-5,1,4.499999999999993,-2.500000000000002,0.5,2.1015638321622454,2.421097891244534,1.9180482194794735,0.7807760155532417,-1.9524204833668346,9.307896394057625,-5.0789218337100035,-0.5000000000000115,231.94544985367415,False
9,-5,2,4.499999999999993,-2.500000000000002,1.0,2.2303596090923583,2.596456971503347,2.1565232104869434,1.4552363862927686,-1.9524204833668346,9.307896394057625,-5.812352207040838,-1.000000000000012,271.1340240813596,False
9,-5,3,4.499999999999993,-2.500000000000002,1.5,2.360462957361864,2.773596346993207,2.397419267392964,2.1187550354832663,-1.9524204833668346,9.307896394057625,-6.545782580371684,-1.5000000000000235,317.64041176446835,False
9,-5,4,4.499999999999993,-2.500000000000002,2.0,2.491893890817787,2.95254326713093,2.640773447328643,2.7753620025390946,-1.9524204833668346,9.307896394057625,-7.279212953702485,-2.0000000000000018,371.45744292211185,False
9,-5,5,4.499999999999993,-2.500000000000002,2.5,2.624672833847619,3.133325540295706,2.886623567571356,3.4272301452525245,-1.9524204833668346,9.307896394057625,-8.012643327033341,-2.5000000000000133,432.63159850715175,False
9,-5,6,4.499999999999993,-2.500000000000002,3.0,2.758820631960246,3.31597154823538,3.1350082251361657,4.075760020982644,-1.9524204833668346,9.307896394057625,-8.746073700364166,-3.0000000000000138,501.2398624240346,False
9,-5,7,4.499999999999993,-2.500000000000002,3.5000000000000004,2.894358562695787,3.500510260920542,3.3859668169762323,4.721947068456611,-1.9524204833668346,9.307896394057625,-9.479504073694988,-3.500000000000003,577.3801387543785,False
9,-5,8,4.499999999999993,-2.500000000000002,4.0,3.0313083468764876,3.686971251862825,3.639539560814664,5.366544986559085,-1.9524204833668346,9.307896394057625,-10.212934447025834,-4.000000000000014,661.1663298508471,False
9,-5,9,4.499999999999993,-2.500000000000002,4.5,3.1696921602109294,3.875384713914465,3.8957675166304497,6.010150668449654,-1.9524204833668346,9.307896394057625,-10.946364820356669,-4.500000000000015,752.7254937639204,False
9,-5,10,4.499999999999993,-2.500000000000002,5.0,3.309532645264668,4.065781475566643,4.1546926088232405,6.653253144233839,-1.9524204833668346,9.307896394057625,-11.679795193687504,-5.000000000000016,852.1960816682755,False
9,-5,11,4.499999999999993,-2.500000000000002,5.5,3.4508529238110377,4.258193017765411,4.416357649081565,7.296263948981552,-1.9524204833668346,9.307896394057625,-12.413225567018337,-5.500000000000016,959.7267969097537,False
9,-5,12,4.499999999999993,-2.500000000000002,6.0,3.593676609575991,4.4526514912641595,4.680806359980938,7.939537051694767,-1.9524204833668346,9.307896394057625,-13.146655940349172,-6.000000000000016,1075.475839913529,False
9,-4,0,4.499999999999993,-2.0000000000000018,0.0,1.7785447162821488,2.018377736587984,1.431138749796368,0.40634884897916557,-1.4903056066235432,8.60902242214272,-4.019214636028579,0.0,153.89615739907984,False
9,-4,1,4.499999999999993,-2.0000000000000018,0.5,1.905070066615222,2.1908318960683237,1.6659685927601697,1.1053324779635831,-1.4903056066235432,8.60902242214272,-4.7526450093594015,-0.5000000000000115,183.23900382340713,False
9,-4,2,4.499999999999993,-2.0000000000000018,1.0,2.0328734507900514,2.3650280167555437,1.9031704543397698,1.7799830723082444,-1.4903056066235432,8.60902242214272,-5.486075382690236,-1.0000000000000009,219.92415139419063,False
9,-4,3,4.499999999999993,-2.0000000000000018,1.5,2.1619743312509154,2.540992625977645,2.142780456646054,2.4437329884118064,-1.4903056066235432,8.60902242214272,-6.219505756021093,-1.5000000000000124,263.8168344596721,False
9,-4,4,4.499999999999993,-2.0000000000000018,2.0,2.2923925676348436,2.7187527924367236,2.384835458975881,3.1005991045937265,-1.4903056066235432,8.60902242214272,-6.952936129351928,-2.000000000000024,314.91881672161844,False
9,-4,5,4.499999999999993,-2.0000000000000018,2.5,2.4241484269560463,2.8983361400902408,2.62937307671422,3.752747263386036,-1.4903056066235432,8.60902242214272,-7.686366502682751,-2.5000000000000133,373.2805028170177,False
9,-4,6,4.499999999999993,-2.0000000000000018,3.0,2.5572625941053087,3.0797708624618503,2.8764317008210085,4.401573533666481,-1.4903056066235432,8.60902242214272,-8.419796876013585,-3.000000000000025,438.98066871727735,False
9,-4,7,4.499999999999993,-2.0000000000000018,3.5000000000000004,2.6917561826757974,3.263085737396887,3.12605051792369,5.048070175720509,-1.4903056066235432,8.60902242214272,-9.15322724934442,-3.500000000000014,512.117856843269,False
9,-4,8,4.499999999999993,-2.0000000000000018,4.0,2.8276507461272304,3.448310142279154,3.378269531037886,5.692988481790429,-1.4903056066235432,8.60902242214272,-9.886657622675221,-4.0000000000000036,592.8058899990402,False
9,-4,9,4.499999999999993,-2.0000000000000018,4.5,2.9649682893006846,3.6354740697256416,3.63312958093861,6.3369234318118695,-1.4903056066235432,8.60902242214272,-10.620087996006067,-4.500000000000015,681.1712551676874,False
9,-4,10,4.499999999999993,-2.0000000000000018,5.0,3.1037312802970005,3.8246081437768256,3.89067236820671,6.9803624763548955,-1.4903056066235432,8.60902242214272,-11.353518369336923,-5.000000000000027,777.3514708198592,False
9,-4,11,4.499999999999993,-2.0000000000000018,5.5,3.2439626627324305,4.0157436366010435,4.150940475975001,7.623715805855746,-1.4903056066235432,8.60902242214272,-12.086948742667724,-5.499999999999994,881.4940258400758,False
9,-4,12,4.499999999999993,-2.0000000000000018,6.0,3.385685868385263,4.208912485731897,4.413977393400398,8.267336214879585,-1.4903056066235432,8.60902242214272,-12.82037911599857,-6.000000000000005,993.7556760805741,False
9,-3,0,4.499999999999993,-1.5000000000000013,0.0,1.5849048315688203,1.791079800368428,1.1817626339346021,0.7294068385878205,-1.0283854188868458,7.915553284429788,-3.695461116609078,0.0,115.27289682969382,False
9,-3,1,4.499999999999993,-1.5000000000000013,0.5,1.7104571171545957,1.9623917591642503,1.415339330587545,1.42850182059715,-1.0283854188868458,7.915553284429788,-4.428891489939923,-0.5000000000000115,142.32850603288634,False
9,-3,2,4.499999999999993,-1.5000000000000013,1.0,1.8372776076452768,2.1354341417862965,1.651275387812734,2.1033485575264965,-1.0283854188868458,7.915553284429788,-5.162321863270735,-1.0000000000000009,176.58433096687088,False
9,-3,3,4.499999999999993,-1.5000000000000013,1.5,1.9653856158059146,2.310233299866421,1.8896067349589873,2.767335175986463,-1.0283854188868458,7.915553284429788,-5.89575223660157,-1.4999999999999902,217.93917320357892,False
9,-3,4,4.499999999999993,-1.5000000000000013,2.0,2.094800848539613,2.486816122824931,2.130370034627144,3.42446558198648,-1.0283854188868458,7.915553284429788,-6.629182609932438,-2.000000000000024,266.4036421680621,False
9,-3,5,4.499999999999993,-1.5000000000000013,2.5,2.2255434169936583,2.6652100516599333,2.373602701471389,4.076898704017484,-1.0283854188868458,7.915553284429788,-7.362612983263239,-2.499999999999991,322.03203361991046,False
9,-3,6,4.499999999999993,-1.5000000000000013,3.0,2.357633846978169,2.8454430931633414,2.6193429215820743,4.726026187919619,-1.0283854188868458,7.915553284429788,-8.096043356594084,-3.0000000000000027,384.9049067148627,False
9,-3,7,4.499999999999993,-1.5000000000000013,3.5000000000000004,2.491093089708624,3.0275438345786942,2.8676296724710837,5.372837162569399,-1.0283854188868458,7.915553284429788,-8.829473729924908,-3.499999999999992,455.1214462501791,False
9,-3,8,4.499999999999993,-1.5000000000000013,4.0,2.6259425328841846,3.2115414587171154,3.1185027436818835,6.018080549855109,-1.0283854188868458,7.915553284429788,-9.562904103255743,-4.0000000000000036,532.7954076536334,False
9,-3,9,4.499999999999993,-1.5000000000000013,4.5,2.7622040121139557,3.397465759548096,3.3720027580467105,6.6623494459903565,-1.0283854188868458,7.915553284429788,-10.296334476586576,-4.499999999999993,618.0527246714345,False
9,-3,10,4.499999999999993,-1.5000000000000013,5.0,2.899899822704022,3.585347158282559,3.628171193615376,7.306129746997603,-1.0283854188868458,7.915553284429788,-11.0297648499174,-5.000000000000004,711.0300051443061,False
9,-3,11,4.499999999999993,-1.5000000000000013,5.5,3.0390527318188587,3.775216719966595,3.8870504062800126,7.9498303205577825,-1.0283854188868458,7.915553284429788,-11.763195223248236,-5.499999999999994,811.873548948988,False
9,-3,12,4.499999999999993,-1.5000000000000013,6.0,3.1796859910306563,3.967106170604712,4.148683653121926,8.593802806491603,-1.0283854188868458,7.915553284429788,-12.496625596579069,-6.000000000000005,920.7386956444908,False
9,-2,0,4.499999999999993,-1.0000000000000009,0.0,1.3931160054319103,1.5655841274890614,0.9338249506202267,1.0510780251179241,-0.5666583990712293,7.227445818745792,-3.3742107513964004,0.0,84.2498876790606,False
9,-2,1,4.499999999999993,-1.0000000000000009,0.5,1.5177045280722723,1.7357629422000642,1.1661557292665603,1.750291253255165,-0.5666583990712293,7.227445818745792,-4.107641124727246,-0.5000000000000115,109.08902860266898,False
9,-2,2,4.499999999999993,-1.0000000000000009,1.0,1.6435515206382978,1.9076607348374408,1.4008332834547776,2.425339919560221,-0.5666583990712293,7.227445818745792,-4.841071498058048,-1.0000000000000009,140.98838840611756,False
9,-2,3,4.499999999999993,-1.0000000000000009,1.5,1.770676147646616,2.081303682730012,1.6378933508834737,3.089568552112154,-0.5666583990712293,7.227445818745792,-5.574501871388882,-1.4999999999999902,179.87997899990674,False
9,-2,4,4.499999999999993,-1.0000000000000009,2.0,1.8990979647264372,2.2567184974378263,1.8773723985920643,3.7469682697309548,-0.5666583990712293,7.227445818745792,-6.3079322447197494,-2.000000000000024,225.78316933712495,False
9,-2,5,4.499999999999993,-1.0000000000000009,2.5,2.0288369286481087,2.433932438450326,2.1193076416617718,4.399691186112431,-0.5666583990712293,7.227445818745792,-7.041362618050551,-2.499999999999991,278.75611446027744,False
9,-2,6,4.499999999999993,-1.0000000000000009,3.0,2.159913407661768,2.6129733273083264,2.363737062495086,5.049124588215204,-0.5666583990712293,7.227445818745792,-7.774792991381418,-3.000000000000025,338.88114810717815,False
9,-2,7,4.499999999999993,-1.0000000000000009,3.5000000000000004,2.2923481921574176,2.7938695621648413,2.6106994306945297,5.696254519601762,-0.5666583990712293,7.227445818745792,-8.508223364712231,-3.500000000000014,406.2581015307034,False
9,-2,8,4.499999999999993,-1.0000000000000009,4.0,2.426162505658236,2.9766501328011117,2.860234323562738,6.34182756735755,-0.5666583990712293,7.227445818745792,-9.241653738043066,-4.0000000000000036,481.00067484864115,False
9,-2,9,4.499999999999993,-1.0000000000000009,4.5,2.561378016159077,3.161344636114205,3.1123821472463122,6.986434972864752,-0.5666583990712293,7.227445818745792,-9.9750841113739,-4.500000000000015,563.2342661931979,False
9,-2,10,4.499999999999993,-1.0000000000000009,5.0,2.698016847823065,3.347983292093754,3.367184158547615,7.630561102054512,-0.5666583990712293,7.227445818745792,-10.708514484704734,-5.000000000000004,653.0945945665811,False
9,-2,11,4.499999999999993,-1.0000000000000009,5.5,2.836101593049639,3.5365969603058875,3.624682487428821,8.27461352125387,-0.5666583990712293,7.227445818745792,-11.44194485803557,-5.500000000000016,750.7267959497732,False
9,-2,12,4.499999999999993,-1.0000000000000009,6.0,2.975655324927562,3.727217156903262,3.88492016023429,8.918942734790303,-0.5666583990712293,7.227445818745792,-12.175375231366381,-6.000000000000005,856.2848214982772,False
9,-1,0,4.499999999999993,-0.5000000000000004,0.0,1.2031580986526484,1.3418763031743497,0.6873209024741922,1.3713697339339914,-0.10512305180021553,6.544657062395887,-3.055443482794684,0.0,60.705476275643164,False
9,-1,1,4.499999999999993,-0.5000000000000004,0.5,1.3267920589473847,1.5109309579641683,0.9184129673107444,2.070707951530948,-0.10512305180021553,6.544657062395887,-3.7888738561255075,-0.5000000000000004,83.39772378188289,False
9,-1,2,4.499999999999993,-0.5000000000000004,1.0,1.4516748471238905,1.681693235529652,1.1518392954284806,2.745964204738338,-0.10512305180021553,6.544657062395887,-4.522304229456342,-1.0000000000000009,113.01224743685324,False
9,-1,3,4.499999999999993,-0.5000000000000004,1.5,1.5778254808656356,1.8541891402785282,1.387635433983947,3.410440042143814,-0.10512305180021553,6.544657062395887,-5.255734602787198,-1.5000000000000124,149.51391942225567,False
9,-1,4,4.499999999999993,-0.5000000000000004,2.0,1.7052633659720928,2.0284452073207726,1.6258376555859044,4.068113976924415,-0.10512305180021553,6.544657062395887,-5.989164976118044,-2.000000000000024,192.93078373847652,False
9,-1,5,4.499999999999993,-0.5000000000000004,2.5,1.834008306310403,2.2044885160762586,1.8664829768966051,4.721131405302881,-0.10512305180021553,6.544657062395887,-6.722595349448879,-2.5000000000000244,243.3248235697634,False
9,-1,6,4.499999999999993,-0.5000000000000004,3.0,1.9640805140749007,2.382346704303467,2.1096091778084523,5.37087531825684,-0.10512305180021553,6.544657062395887,-7.45602572277968,-3.0000000000000027,300.78013890175316,False
9,-1,7,4.499999999999993,-0.5000000000000004,3.5000000000000004,2.0955006203654367,2.5620479825641027,2.355254821216773,6.018328719216082,-0.10512305180021553,6.544657062395887,-8.189456096110526,-3.500000000000014,365.3972115577551,False
9,-1,8,4.499999999999993,-0.5000000000000004,4.0,2.2282896860965073,2.743621149139952,2.6034592734106186,6.6642358952963665,-0.10512305180021553,6.544657062395887,-8.92288646944136,-4.000000000000014,437.2896983028112,False
9,-1,9,4.499999999999993,-0.5000000000000004,4.5,2.3624692132488523,2.927095605418173,2.854262725103868,7.3091862613434255,-0.10512305180021553,6.544657062395887,-9.656316842772195,-4.500000000000015,516.582479069767,False
9,-1,10,4.499999999999993,-0.5000000000000004,5.0,2.498061156476478,3.112501371762477,3.1077062131307343,7.953662677137574,-0.10512305180021553,6.544657062395887,-10.389747216103007,-5.000000000000004,603.4104055321629,False
9,-1,11,4.499999999999993,-0.5000000000000004,5.5,2.63508793508217,3.299869103888203,3.36383164282984,8.598071428589549,-0.10512305180021553,6.544657062395887,-11.123177589433864,-5.500000000000016,697.9174745481112,False
9,-1,12,4.499999999999993,-0.5000000000000004,6.0,2.773572445375155,3.4892301097599496,3.6226818111427637,9.242761903356334,-0.10512305180021553,6.544657062395887,-11.856607962764675,-6.000000000000005,800.2562763727183,False
9,0,0,4.499999999999993,0.0,0.0,1.015011185261866,1.1199419662927035,0.4422455795196234,1.690289252624133,0.356222093091052,5.867144257968904,-2.7391393490470706,0.0,44.52004396674102,False
9,0,1,4.499999999999993,0.0,0.5,1.1376996836802684,1.2878813731584948,0.6721061100699699,2.3897590565743476,0.356222093091052,5.867144257968904,-3.4725697223779273,-0.5000000000000115,65.13379602840145,False
9,0,2,4.499999999999993,0.0,1.0,1.261627459860476,1.4575171376694063,0.9042884641612348,3.0652284277941533,0.356222093091052,5.867144257968904,-4.20600009570874,-1.0000000000000009,92.53390181449095,False
9,0,3,4.499999999999993,0.0,1.5,1.38681338605266,1.6288750926829465,1.138827999512304,3.7299565425031656,0.356222093091052,5.867144257968904,-4.939430469039552,-1.4999999999999902,126.71775035094694,False
9,0,4,4.499999999999993,0.0,2.0,1.5132767196549657,1.801981598257868,1.3757607954281825,4.387909486295927,0.356222093091052,5.867144257968904,-5.67286084237042,-2.000000000000024,167.72197787127436,False
9,0,5,4.499999999999993,0.0,2.5,1.6410371130890888,1.9768635551720093,1.615123671302171,5.041226033367119,0.356222093091052,5.867144257968904,-6.406291215701243,-2.5000000000000133,215.6123652363045,False
9,0,6,4.499999999999993,0.0,3.0,1.7701146239813115,2.1535484188584695,1.8569542056903365,5.691284940390928,0.356222093091052,5.867144257968904,-7.139721589032066,-3.0000000000000027,270.4747706014452,False
9,0,7,4.499999999999993,0.0,3.5000000000000004,1.9005297256599663,2.332064213774837,2.101290755978874,6.339066214953681,0.356222093091052,5.867144257968904,-7.873151962362924,-3.500000000000014,332.41033050460675,False
9,0,8,4.499999999999993,0.0,4.0,2.0323033179811043,2.5124395482215736,2.348172478666272,6.985311878336664,0.356222093091052,5.867144257968904,-8.606582335693735,-4.0000000000000036,401.53267020358925,False
9,0,9,4.499999999999993,0.0,4.5,2.1654567384941092,2.694703629625872,2.5976393502823267,7.630609546564204,0.356222093091052,5.867144257968904,-9.34001270902457,-4.500000000000015,477.96616863783964,False
9,0,10,4.499999999999993,0.0,5.0,2.3000117739598647,2.8788862803081128,2.849732188968029,8.275440596703865,0.356222093091052,5.867144257968904,-10.073443082355416,-5.000000000000027,561.8448313817084,False
9,0,11,4.499999999999993,0.0,5.5,2.435990672234778,3.065017953748894,3.1044926767403447,8.920210054737332,0.356222093091052,5.867144257968904,-10.806873455686238,-5.500000000000016,653.3115406066755,False
9,0,12,4.499999999999993,0.0,6.0,2.5734161545338976,3.253129751375222,3.361963382467692,9.565266210057931,0.356222093091052,5.867144257968904,-11.540303829017073,-6.000000000000005,752.5175527874657,False
9,1,0,4.499999999999993,0.49999999999998934,0.0,0.828655551504287,0.899766811974706,0.19859396365232707,2.0078438308893887,0.8173784810462825,5.194864858774362,-2.425278486773874,-2.220446049250313e-14,35.57597942104871,False
9,1,1,4.499999999999993,0.49999999999998934,0.5,0.9504075894515462,1.0665998110298558,0.4272301142234425,2.707451674893857,0.8173784810462825,5.194864858774362,-3.1587088601046864,-0.5000000000000115,54.178474153292974,False
9,1,2,4.499999999999993,0.49999999999998934,1.0,1.0733894459639293,1.2351179918936528,0.6581757208609373,3.383139571593241,0.8173784810462825,5.194864858774362,-3.8921392334354987,-1.0000000000000009,79.43338729826131,False
9,1,3,4.499999999999993,0.49999999999998934,1.5,1.1976198492429342,1.405347017233205,0.8914659529465185,4.048124920337903,0.8173784810462825,5.194864858774362,-4.625569606766355,-1.5000000000000124,111.37028776779151,False
9,1,4,4.499999999999993,0.49999999999998934,2.0,1.3231179096982515,1.577313073443587,1.127136697604414,4.70636155379851,0.8173784810462825,5.194864858774362,-5.358999980097168,-2.0000000000000018,150.0343228345086,False
9,1,5,4.499999999999993,0.49999999999998934,2.5,1.4499031297479843,1.7510428840766312,1.3652245781049455,5.359981717756668,0.8173784810462825,5.194864858774362,-6.092430353428002,-2.500000000000002,195.4950412250285,False
9,1,6,4.499999999999993,0.49999999999998934,3.0,1.5779954139219483,1.9265637236852762,1.605766972837458,6.010359995066561,0.8173784810462825,5.194864858774362,-6.825860726758847,-3.0000000000000138,247.8400514312984,False
9,1,7,4.499999999999993,0.49999999999998934,3.5000000000000004,1.7074150792790566,2.103903432098153,1.8488020348728706,6.658473440892765,0.8173784810462825,5.194864858774362,-7.559291100089672,-3.500000000000003,307.1711488735539,False
9,1,8,4.499999999999993,0.49999999999998934,4.0,1.8381828661502952,2.2830904291403273,2.0943687121378396,7.305061844135907,0.8173784810462825,5.194864858774362,-8.292721473420517,-4.000000000000014,373.60193903357066,False
9,1,9,4.499999999999993,0.49999999999998934,4.5,1.970319949219157,2.464153729816454,2.3425067682223357,7.950711049149706,0.8173784810462825,5.194864858774362,-9.026151846751329,-4.5000000000000036,447.25631685441084,False
9,1,10,4.499999999999993,0.49999999999998934,5.0,2.103847948951887,2.6471229599733803,2.593256803844557,8.595900973238813,0.8173784810462825,5.194864858774362,-9.759582220082164,-5.000000000000004,528.2674627617106,False
9,1,11,4.499999999999993,0.49999999999998934,5.5,2.2387889433907793,2.8320283724600106,2.8466602789971764,9.241035402505048,0.8173784810462825,5.194864858774362,-10.493012593412999,-5.500000000000005,616.7771683424627,False
9,1,12,4.499999999999993,0.49999999999998934,6.0,2.3751654803237097,3.018900863802881,3.1027595358003532,9.886461546080705,0.8173784810462825,5.194864858774362,-11.226442966743855,-6.000000000000016,712.9353830314382,False
9,2,0,4.499999999999993,1.0000000000000009,0.0,0.6440716947200581,0.6813365941248373,-0.0436390669849962,2.324040680454642,1.2783475332600158,4.5277765339845955,-2.1138411333732066,0.0,33.75765101981145,False
9,2,1,4.499999999999993,1.0000000000000009,0.5,0.764896175598051,0.8470719538943072,0.18377983217588434,3.0237928781822854,1.2783475332600158,4.5277765339845955,-2.847271506704052,-0.5000000000000115,50.41498355106833,False
9,2,2,4.499999999999993,1.0000000000000009,1.0,0.8869411057778415,1.0144814082069131,0.4134958919343512,3.6997045868879086,1.2783475332600158,4.5277765339845955,-3.580701880034909,-1.000000000000023,73.59275370786216,False
9,2,3,4.499999999999993,1.0000000000000009,1.5,1.0102250707817895,1.1835904508881556,0.6455440944314716,4.3649520132087005,1.2783475332600158,4.5277765339845955,-4.314132253365721,-1.5000000000000124,103.35237963179785,False
9,2,4,4.499999999999993,1.0000000000000009,2.0,1.1347670354286326,1.3544250960457582,0.8799601357295905,5.023476908231883,1.2783475332600158,4.5277765339845955,-5.047562626696555,-2.0000000000000018,139.74744001598532,False
9,2,5,4.499999999999993,1.0000000000000009,2.5,1.2605863535590318,1.5270118914100905,1.1167804441179485,5.677405081154707,1.2783475332600158,4.5277765339845955,-5.78099300002739,-2.5000000000000133,182.8512222754772,False
9,2,6,4.499999999999993,1.0000000000000009,3.0,1.3877027780619193,1.7013779320874722,1.3560421989845473,6.328107000331262,1.2783475332600158,4.5277765339845955,-6.514423373358202,-3.0000000000000027,232.75307763951366,False
9,2,7,4.499999999999993,1.0000000000000009,3.5000000000000004,1.5161364712124952,1.8775508747407743,1.5977833502746064,6.97655681107936,1.2783475332600158,4.5277765339845955,-7.247853746689071,-3.500000000000014,289.55546459636855,False
9,2,8,4.499999999999993,1.0000000000000009,4.0,1.6459080153333916,2.0555589522133766,1.8420426385572952,7.623492102709228,1.2783475332600158,4.5277765339845955,-7.981284120019872,-4.0000000000000036,353.37198046643607,False
9,2,9,4.499999999999993,1.0000000000000009,4.5,1.7770384237906445,2.235430988612397,2.088859615722521,8.269496974505586,1.2783475332600158,4.5277765339845955,-8.714714493350739,-4.500000000000015,424.3260529843654,False
9,2,10,4.499999999999993,1.0000000000000009,5.0,1.909549152336909,2.41719641486825,2.3382746663315856,8.915049906484484,1.2783475332600158,4.5277765339845955,-9.448144866681563,-5.000000000000027,502.55005809997795,False
9,2,11,4.499999999999993,1.0000000000000009,5.5,2.0434621108148754,2.6008852847881903,2.5903290296455106,9.560553464491317,1.2783475332600158,4.5277765339845955,-10.181575240012386,-5.500000000000016,588.1847205864728,False
9,2,12,4.499999999999993,1.0000000000000009,6.0,2.1787996752341057,2.78652829162217,2.8450648223563912,10.20635379500774,1.2783475332600158,4.5277765339845955,-10.91500561334322,-6.000000000000005,681.3787092031547,False
9,3,0,4.499999999999993,1.4999999999999902,0.0,0.4612403221953859,0.4646371277897243,-0.2844587337454241,2.6388869749753407,1.7391306471528978,3.8658371734962005,-1.804807629290861,0.0,38.951379351750916,False
9,3,1,4.499999999999993,1.4999999999999902,0.5,0.5811460524576734,0.6292835455173118,-0.05824998366374401,3.3387897031405434,1.7391306471528978,3.8658371734962005,-2.538238002621729,-0.5000000000000226,53.72851853082717,False
9,3,2,4.499999999999993,1.4999999999999902,1.0,0.7022629517125151,0.7955930583734672,0.1702437032874482,4.014930392071192,1.7391306471528978,3.8658371734962005,-3.271668375952541,-1.000000000000012,74.89603707844036,False
9,3,3,4.499999999999993,1.4999999999999902,1.5,0.824609464157755,0.9635909926799247,0.401057123101084,4.68044462877879,1.7391306471528978,3.8658371734962005,-4.005098749283375,-1.5000000000000124,102.54687785078467,False
9,3,4,4.499999999999993,1.4999999999999902,2.0,0.9482044104034554,1.1333031916221759,0.6342257818924169,5.339262250869181,1.7391306471528978,3.8658371734962005,-4.73852912261421,-2.000000000000013,136.74297287481647,False
9,3,5,4.499999999999993,1.4999999999999902,2.5,1.0730669971234703,1.3047560285022908,0.8697859141072517,5.993502721041488,1.7391306471528978,3.8658371734962005,-5.471959495945022,-2.500000000000002,177.56131969000103,False
9,3,6,4.499999999999993,1.4999999999999902,3.0,1.1992168270055559,1.4779764204017942,1.1077745012933848,6.6445324513342285,1.7391306471528978,3.8658371734962005,-6.205389869275857,-3.0000000000000027,225.0930048871827,False
9,3,7,4.499999999999993,1.4999999999999902,3.5000000000000004,1.3266739090107615,1.652991842269158,1.3482292914555105,7.293322718967765,1.7391306471528978,3.8658371734962005,-6.9388202426067025,-3.500000000000014,279.4411542211312,False
9,3,8,4.499999999999993,1.4999999999999902,4.0,1.4554586689535243,1.8298303414476358,1.5911888190151824,7.940608945806327,1.7391306471528978,3.8658371734962005,-7.672250615937537,-4.000000000000014,340.7193683468769,False
9,3,9,4.499999999999993,1.4999999999999902,4.5,1.5855919604140234,2.0085205526594043,1.8366924253974626,8.58697351213169,1.7391306471528978,3.8658371734962005,-8.40568098926836,-4.5000000000000036,409.05062436958474,False
9,3,10,4.499999999999993,1.4999999999999902,5.0,1.7170950759951453,2.1890917134628762,2.084780280267978,9.232893482683192,1.7391306471528978,3.8658371734962005,-9.139111362599174,-4.999999999999993,484.5665141601523,False
9,3,11,4.499999999999993,1.4999999999999902,5.5,1.8499897589369152,2.3715736802007727,2.335493403444,9.878770222259492,1.7391306471528978,3.8658371734962005,-9.872541735930017,-5.500000000000005,567.406719119972,False
9,3,12,4.499999999999993,1.4999999999999902,6.0,1.984298215101471,2.5559969444571617,2.588873687504872,10.524948831920167,1.7391306471528978,3.8658371734962005,-10.605972109260852,-6.000000000000005,657.7186533250157,False
9,4,0,4.499999999999993,2.0000000000000018,0.0,0.28014234994180043,0.24965429140532125,-0.5238703533098521,2.952389849971282,2.1997291968262056,3.209004892504974,-1.4981584201558262,-1.1102230246251565e-14,51.04540982626696,False
9,4,1,4.499999999999993,2.0000000000000018,0.5,0.3991380401425132,0.4132203933721823,-0.2988646766933223,3.6524491513322266,2.1997291968262056,3.209004892504974,-2.2315887934866607,-0.5000000000000115,64.00621476339522,False
9,4,2,4.499999999999993,2.0000000000000018,1.0,0.5193357070119226,0.5784386781871986,-0.0715862154644975,4.328823872963916,2.1997291968262056,3.209004892504974,-2.9650191668175063,-1.000000000000023,83.22923192956232,False
9,4,3,4.499999999999993,2.0000000000000018,1.5,0.6407536547632514,0.7453343059952489,0.15799964130978617,4.99460954453832,2.1997291968262056,3.209004892504974,-3.6984495401483075,-1.5000000000000013,108.83861036508853,False
9,4,4,4.499999999999993,2.0000000000000018,2.0,0.763410561165101,0.9139329504135985,0.389928210908308,5.6537242551206734,2.1997291968262056,3.209004892504974,-4.431879913479153,-2.000000000000013,140.9045588341737,False
9,4,5,4.499999999999993,2.0000000000000018,2.5,0.8873254871197916,1.0842608116977681,0.6242355350668138,6.308281209297939,2.1997291968262056,3.209004892504974,-5.1653102868099765,-2.500000000000002,179.50775703058233,False
9,4,6,4.499999999999993,2.0000000000000018,3.0,1.012517886537942,1.2563446303147763,0.8609583986496416,6.959642819870071,2.1997291968262056,3.209004892504974,-5.898740660140822,-3.0000000000000138,224.74101974466527,False
9,4,7,4.499999999999993,2.0000000000000018,3.5000000000000004,1.1390076165199992,1.4302117009381665,1.100134348901699,7.608777536904765,2.1997291968262056,3.209004892504974,-6.632171033471657,-3.500000000000014,276.7081442039616,False
9,4,8,4.499999999999993,2.0000000000000018,4.0,1.2668149478560375,1.605889886880546,1.3418017153022377,8.256418646333863,2.1997291968262056,3.209004892504974,-7.365601406802491,-4.000000000000014,335.52274577358634,False
9,4,9,4.499999999999993,2.0000000000000018,4.5,1.3959605758552955,1.7834076349793948,1.5859996300420398,8.903146834981435,2.1997291968262056,3.209004892504974,-8.099031780133304,-4.5000000000000036,401.3073672993083,False
9,4,10,4.499999999999993,2.0000000000000018,5.0,1.5264656315176872,1.9627939909529712,1.8327680491475262,9.549437773871983,2.1997291968262056,3.209004892504974,-8.83246215346416,-5.000000000000016,474.19283669564896,False
9,4,11,4.499999999999993,2.0000000000000018,5.5,1.658351693060106,2.1440786152437274,2.0821477742752945,10.195691645563842,2.1997291968262056,3.209004892504974,-9.565892526794983,-5.500000000000016,554.3178151081996,False
9,4,12,4.499999999999993,2.0000000000000018,6.0,1.7916407978104232,2.327291799367365,2.3341804752022908,10.842252522552997,2.1997291968262056,3.209004892504974,-10.299322900125807,-6.000000000000005,641.828487553138,False
9,5,0,4.499999999999993,2.499999999999991,0.0,0.1007589014227539,0.03637402892434638,-0.7618793336729712,3.2645564027764085,2.660144533526476,2.5572380357563373,-1.19387405876481,0.0,69.92988542091686,False
9,5,1,4.499999999999993,2.499999999999991,0.5,0.2188531672590477,0.19886837077823794,-0.5380696820833863,3.964778189055518,2.660144533526476,2.5572380357563373,-1.9273044320956445,-0.5000000000000004,81.13712186018833,False
9,5,2,4.499999999999993,2.499999999999991,1.0,0.3381403044674297,0.3630040696205594,-0.3119993269423915,4.641391882621715,2.660144533526476,2.5572380357563373,-2.66073480542649,-1.000000000000012,98.48026366366506,False
9,5,3,4.499999999999993,2.499999999999991,1.5,0.4586384786017833,0.5288061207353756,-0.08363384129236318,5.307453507549953,2.660144533526476,2.5572380357563373,-3.3941651787573135,-1.5000000000000013,122.1143533585774,False
9,5,4,4.499999999999993,2.499999999999991,2.0,0.5803662259415837,0.696300029514646,0.14706190441532985,5.966869566220523,2.660144533526476,2.5572380357563373,-4.1275955520881595,-2.000000000000013,152.11780129923628,False
9,5,5,4.499999999999993,2.499999999999991,2.5,0.7033424629976914,0.8655118245377957,0.3801237603354102,6.6217470918348065,2.660144533526476,2.5572380357563373,-4.861025925419016,-2.5000000000000244,188.57494193879245,False
9,5,6,4.499999999999993,2.499999999999991,3.0,0.8275864963121188,1.0364680710560403,0.6155883158010689,7.273444553950181,2.660144533526476,2.5572380357563373,-5.594456298749828,-3.0000000000000138,231.58031130901932,False
9,5,7,4.499999999999993,2.499999999999991,3.5000000000000004,0.9531180325624389,1.2091958848957085,0.8534929184735973,7.922927615641484,2.660144533526476,2.5572380357563373,-6.327886672080663,-3.500000000000014,281.23838231961884,False
9,5,8,4.499999999999993,2.499999999999991,4.0,1.0799571889820307,1.383722946796201,1.0938756940906569,8.570927457807809,2.660144533526476,2.5572380357563373,-7.061317045411508,-4.000000000000026,337.66279629900833,False
9,5,9,4.499999999999993,2.499999999999991,4.5,1.208124504107602,1.5600775171982717,1.336775566834586,9.218023098853113,2.660144533526476,2.5572380357563373,-7.794747418742332,-4.500000000000015,400.9756779951015,False
9,5,10,4.499999999999993,2.499999999999991,5.0,1.337640948866059,1.7382884514993147,1.5822322803442423,9.864688837209945,2.660144533526476,2.5572380357563373,-8.528177792073144,-5.000000000000004,471.3071112159278,False
9,5,11,4.499999999999993,2.499999999999991,5.5,1.4685279380134948,1.9183852157929615,1.830286419393684,10.511323691611963,2.660144533526476,2.5572380357563373,-9.261608165404011,-5.500000000000027,548.7947596442432,False
9,5,12,4.499999999999993,2.499999999999991,6.0,1.6008073419390978,2.100397903111012,2.0809794322628026,11.158270722489206,2.660144533526476,2.5572380357563373,-9.995038538734812,-6.000000000000005,633.5836044950357,False
9,6,0,4.499999999999993,3.0000000000000027,0.0,-0.07692869375227063,-0.17521764816753604,-0.9984911701627575,3.575393692485318,3.120377986079692,1.9104951816232285,-0.8919352069861497,-1.1102230246251565e-14,95.49681957425099,False
9,6,1,4.499999999999993,3.0000000000000027,0.5,0.040272669595708965,-0.013786581072899873,-0.7758705227766394,4.275783747214845,3.120377986079692,1.9104951816232285,-1.6253655803169842,-0.5000000000000115,105.01217609599337,False
9,6,2,4.499999999999993,3.0000000000000027,1.0,0.15865788509872025,0.14927510286108503,-0.55100118198258,4.952641241143074,3.120377986079692,1.9104951816232285,-2.3587959536478187,-1.000000000000012,120.53896110725222,False
9,6,3,4.499999999999993,3.0000000000000027,1.5,0.27824498096216677,0.31399223536290877,-0.3238489037185377,5.618983234198094,3.120377986079692,1.9104951816232285,-3.092226326978653,-1.5000000000000124,142.2628036113906,False
9,6,4,4.499999999999993,3.0000000000000027,2.0,0.3990523533140111,0.48039015493109294,-0.09437874506403876,6.278704800918988,3.120377986079692,1.9104951816232285,-3.8256567003094655,-2.0000000000000018,170.270241815903,False
9,6,5,4.499999999999993,3.0000000000000027,2.5,0.5210987756386953,0.6484947198281743,0.13744495367922216,6.933906888228236,3.120377986079692,1.9104951816232285,-4.5590870736403115,-2.5000000000000133,204.64923809555668,False
9,6,6,4.499999999999993,3.0000000000000027,3.0,0.6444034085028166,0.8183323214767779,0.37165858746108227,7.585944077382312,3.120377986079692,1.9104951816232285,-5.292517446971146,-3.0000000000000138,245.4960429603454,False
9,6,7,4.499999999999993,3.0000000000000027,3.5000000000000004,0.7689858095831392,0.9899298982719962,0.6082993055308128,8.235779283856882,3.120377986079692,1.9104951816232285,-6.025947820301969,-3.500000000000003,292.91580921020835,False
9,6,8,4.499999999999993,3.0000000000000027,4.0,0.8948659440080498,1.163314949825489,0.8474050310804615,8.884141613819496,3.120377986079692,1.9104951816232285,-6.759378193632825,-4.000000000000026,347.02221526633696,False
9,6,9,4.499999999999993,3.0000000000000027,4.5,1.0220641950238085,1.338515551657038,1.0890144815049685,9.531608441796259,3.120377986079692,1.9104951816232285,-7.492808566963626,-4.5000000000000036,407.93698373215767,False
9,6,10,4.499999999999993,3.0000000000000027,5.0,1.1506013749976147,1.5155603703499665,1.3331671893023644,10.178652714324743,3.120377986079692,1.9104951816232285,-8.226238940294483,-5.000000000000016,475.78947388835127,False
9,6,11,4.499999999999993,3.0000000000000027,5.5,1.2804987367700833,1.6944786791877997,1.5799035236372994,10.825672304347567,3.120377986079692,1.9104951816232285,-8.959669313625307,-5.500000000000016,550.7163744275468,False
9,6,12,4.499999999999993,3.0000000000000027,6.0,1.4117779853699246,1.8753003742898622,1.8292647125928208,11.47300927637669,3.120377986079692,1.9104951816232285,-9.693099686956142,-6.000000000000016,632.861487661037,False
10,-6,0,5.000000000000004,-3.0000000000000027,0.0,2.3555215603273725,2.693428219205196,2.1685617070858254,-0.07038036581168416,-2.3771239086670115,10.667757136246813,-4.980357061833529,-2.220446049250313e-14,298.7683895138893,False
10,-6,1,5.000000000000004,-3.0000000000000027,0.5,2.484946291786305,2.8692745921660268,2.407097193051083,0.6316617445708106,-2.3771239086670115,10.667757136246813,-5.713787435164342,-0.5000000000000115,337.86605543731065,False
10,-6,2,5.000000000000004,-3.0000000000000027,1.0,2.6156783437650266,3.046897191116366,2.648042128369527,1.308998722117738,-2.3771239086670115,10.667757136246813,-6.447217808495187,-1.000000000000023,384.67602239334235,False
10,-6,3,5.000000000000004,-3.0000000000000027,1.5,2.7477376246978436,3.2263230651829398,2.8914332051632687,1.9752608894204382,-2.3771239086670115,10.667757136246813,-7.18064818182601,-1.5000000000000124,439.01264876420703,False
10,-6,4,5.000000000000004,-3.0000000000000027,2.0,2.881144449313644,3.4075798155155104,3.13730786437329,2.634523556418178,-2.3771239086670115,10.667757136246813,-7.914078555156823,-2.0000000000000018,500.8657524643496,False
10,-6,5,5.000000000000004,-3.0000000000000027,2.5,3.015919549053714,3.59069560944123,3.3857043149598196,3.28898383150773,-2.3771239086670115,10.667757136246813,-8.64750892848769,-2.5000000000000244,570.2819149073713,False
10,-6,6,5.000000000000004,-3.0000000000000027,3.0,3.1520840828117294,3.775699195056914,3.636661553696735,3.940057839426303,-2.3771239086670115,10.667757136246813,-9.380939301818502,-3.0000000000000138,647.3396687955166,False
10,-6,7,5.000000000000004,-3.0000000000000027,3.5000000000000004,3.2896596480076425,3.9626199162748286,3.8902193855811618,4.5887520622301725,-2.3771239086670115,10.667757136246813,-10.114369675149327,-3.500000000000003,732.1393272272293,False
10,-6,8,5.000000000000004,-3.0000000000000027,4.0,3.428668292007675,4.151487728338749,4.146418444881073,5.235828562452927,-2.3771239086670115,10.667757136246813,-10.847800048480172,-4.000000000000014,824.7977916793818,False
10,-6,9,5.000000000000004,-3.0000000000000027,4.5,3.5691325239030123,4.3423332138274375,4.405300216843799,5.881890873201856,-2.3771239086670115,10.667757136246813,-11.581230421810995,-4.5000000000000036,925.4455660832075,False
10,-6,10,5.000000000000004,-3.0000000000000027,5.0,3.7110753266603957,4.53518759916337,4.666907060090347,6.527433490347323,-2.3771239086670115,10.667757136246813,-12.314660795141819,-5.000000000000004,1034.2249109911925,False
10,-6,11,5.000000000000004,-3.0000000000000027,5.5,3.854520169658593,4.730082771645716,4.931282229720457,7.1728725808763105,-2.3771239086670115,10.667757136246813,-13.048091168472675,-5.500000000000016,1151.2886513781962,False
10,-6,12,5.000000000000004,-3.0000000000000027,6.0,3.9994910216248627,4.927051297026807,5.1984699011551445,7.818566134966565,-2.3771239086670115,10.667757136246813,-13.781521541803476,-5.999999999999995,1276.7993888825272,False
10,-5,0,5.000000000000004,-2.500000000000002,0.0,2.157295870054765,2.4618811331807935,1.9161577089740922,0.25677810487605424,-1.9146296406235774,9.961728222871912,-4.650739876170562,0.0,240.39733603053347,False
10,-5,1,5.000000000000004,-2.500000000000002,0.5,2.285724492517355,2.6365639529455196,2.1534248331397885,0.9589105047448143,-1.9146296406235774,9.961728222871912,-5.384170249501407,-0.5000000000000115,277.0233725973813,False
10,-5,2,5.000000000000004,-2.500000000000002,1.0,2.415450373792699,2.8130112456371705,2.3930885949233263,1.6364259211915533,-1.9146296406235774,9.961728222871912,-6.117600622832242,-1.000000000000012,321.2137526849985,False
10,-5,3,5.000000000000004,-2.500000000000002,1.5,2.5464932690911377,2.99124988140182,2.6351854913442496,2.3029085267081806,-1.9146296406235774,9.961728222871912,-6.851030996163077,-1.5000000000000124,372.8174929372644,False
10,-5,4,5.000000000000004,-2.500000000000002,2.0,2.678873336790577,3.171307278755914,2.8797527642592744,2.9624200958317415,-1.9146296406235774,9.961728222871912,-7.584461369493889,-2.0000000000000018,431.8335297164866,False
10,-5,5,5.000000000000004,-2.500000000000002,2.5,2.8126111487741134,3.353211418646973,3.1268284194606033,3.6171505209842802,-1.9146296406235774,9.961728222871912,-8.317891742824756,-2.5000000000000244,498.31244359206636,False
10,-5,6,5.000000000000004,-2.500000000000002,3.0,2.947727701087394,3.536990858949285,3.376451246365048,4.268511308612388,-1.9146296406235774,9.961728222871912,-9.05132211615559,-3.000000000000025,572.3345880606931,False
10,-5,7,5.000000000000004,-2.500000000000002,3.5000000000000004,3.0842444249272183,3.7226747494101597,3.628660838315112,4.9175056690005325,-1.9146296406235774,9.961728222871912,-9.784752489486404,-3.500000000000014,654.000917820926,False
10,-5,8,5.000000000000004,-2.500000000000002,4.0,3.2221831979737106,3.910292847063329,3.88349761351468,5.5648931859920925,-1.9146296406235774,9.961728222871912,-10.518182862817238,-4.000000000000014,743.4282420829584,False
10,-5,9,5.000000000000004,-2.500000000000002,4.5,3.361566356078294,4.09987553212649,4.1410028366220875,6.211275420855666,-1.9146296406235774,9.961728222871912,-11.25161323614805,-4.5000000000000036,840.7464699391272,False
10,-5,10,5.000000000000004,-2.500000000000002,5.0,3.50241670532081,4.291453824400837,4.401218641025362,6.85714524024319,-1.9146296406235774,9.961728222871912,-11.985043609478907,-5.000000000000016,946.0968972342807,False
10,-5,11,5.000000000000004,-2.500000000000002,5.5,3.6447575344494885,4.485059400191316,4.664188051824442,7.502917422969424,-1.9146296406235774,9.961728222871912,-12.71847398280974,-5.500000000000016,1059.6310959756033,False
10,-5,12,5.000000000000004,-2.500000000000002,6.0,3.7886126277178356,4.680724609766801,4.929955009546916,8.148948745550566,-1.9146296406235774,9.961728222871912,-13.451904356140554,-6.000000000000005,1181.5101793311408,False
10,-4,0,5.000000000000004,-2.0000000000000018,0.0,1.9609632936108123,2.2321612795752843,1.6651917075791778,0.5825348107207473,-1.4523321281330714,9.261135777291663,-4.323660763921455,-1.1102230246251565e-14,189.93740570477124,False
10,-4,1,5.000000000000004,-2.0000000000000018,0.5,2.0884053202118724,2.4056897282163647,1.9011976960594756,1.2847648168294645,-1.4523321281330714,9.261135777291663,-5.057091137252289,-0.5000000000000115,224.16543040370294,False
10,-4,2,5.000000000000004,-2.0000000000000018,1.0,2.2171346400109258,2.5809709894699937,2.139587583413316,1.9624648251994392,-1.4523321281330714,9.261135777291663,-5.790521510583135,-1.000000000000023,265.81201668837906,False
10,-4,3,5.000000000000004,-2.0000000000000018,1.5,2.347170856457681,2.758031755913992,2.38039767266921,2.6291735238872294,-1.4523321281330714,9.261135777291663,-6.523951883913959,-1.5000000000000124,314.76046383017103,False
10,-4,4,5.000000000000004,-2.0000000000000018,2.0,2.4785339730722553,2.9368992648727446,2.6236650077338552,3.288939347211417,-1.4523321281330714,9.261135777291663,-7.257382257244771,-2.0000000000000018,371.0187355977963,False
10,-4,5,5.000000000000004,-2.0000000000000018,2.5,2.6112444037033944,3.117601312384916,2.8694273923889013,3.943945076286748,-1.4523321281330714,9.261135777291663,-7.990812630575639,-2.5000000000000244,434.6413778026412,False
10,-4,6,5.000000000000004,-2.0000000000000018,3.0,2.7453229831039314,3.3001662676033994,3.1177234098754503,4.59559766696751,-1.4523321281330714,9.261135777291663,-8.724243003906473,-3.000000000000025,505.7105552338495,False
10,-4,7,5.000000000000004,-2.0000000000000018,3.5000000000000004,2.880790977835035,3.484623087642796,3.368592443087226,5.244897106446289,-1.4523321281330714,9.261135777291663,-9.457673377237285,-3.500000000000014,584.3278680028952,False
10,-4,8,5.000000000000004,-2.0000000000000018,4.0,3.017670097511255,3.6710013328909277,3.6220746953949776,5.8926005374624335,-1.4523321281330714,9.261135777291663,-10.191103750568132,-4.000000000000026,670.6100452461475,False
10,-4,9,5.000000000000004,-2.0000000000000018,4.5,3.1559825063987637,3.859331182801351,3.878211212124799,6.539307580030251,-1.4523321281330714,9.261135777291663,-10.924534123898955,-4.500000000000015,764.6864192352346,False
10,-4,10,5.000000000000004,-2.0000000000000018,5.0,3.2957508353798017,4.049643452184515,4.137043902714932,7.185509497514131,-1.4523321281330714,9.261135777291663,-11.65796449722979,-5.000000000000016,866.697343491942,False
10,-4,11,5.000000000000004,-2.0000000000000018,5.5,3.4369981942971526,4.241969608016177,4.398615563575858,7.831619703286319,-1.4523321281330714,9.261135777291663,-12.391394870560635,-5.500000000000027,976.7931629154824,False
10,-4,12,5.000000000000004,-2.0000000000000018,6.0,3.57974818469235,4.436341786782222,4.662969901679986,8.477993780685189,-1.4523321281330714,9.261135777291663,-13.124825243891447,-6.000000000000016,1095.133530967871,False
10,-3,0,5.000000000000004,-1.5000000000000013,0.0,1.7665033567393684,2.0042543098316434,1.4156593255996386,0.9068971163291861,-0.9902298139773391,8.565936888593463,-3.9990996916654753,-2.220446049250313e-14,147.26254605395866,False
10,-3,1,5.000000000000004,-1.5000000000000013,0.5,1.8929681977280066,2.1766374973182345,1.6504113825122013,1.6092318868779598,-0.9902298139773391,8.565936888593463,-4.732530064996288,-0.5000000000000115,179.1649490318804,False
10,-3,2,5.000000000000004,-1.5000000000000013,1.0,2.0207104613528983,2.35076192912288,1.8875346723228714,2.287122503445982,-0.9902298139773391,8.565936888593463,-5.465960438327122,-1.000000000000012,218.34227132164645,False
10,-3,3,5.000000000000004,-1.5000000000000013,1.5,2.149749600750628,2.526654121656491,2.127065305177295,2.9540628222929577,-0.9902298139773391,8.565936888593463,-6.199390811657956,-1.5000000000000124,264.71172647832225,False
10,-3,4,5.000000000000004,-1.5000000000000013,2.0,2.280105466060578,2.704341132481275,2.3690401281628914,3.6140881288922566,-0.9902298139773391,8.565936888593463,-6.93282118498878,-2.0000000000000018,318.2902164810784,False
10,-3,5,5.000000000000004,-1.5000000000000013,2.5,2.411798314604474,2.8838505741863085,2.6134967442047574,4.269374195666509,-0.9902298139773391,8.565936888593463,-7.666251558319603,-2.500000000000002,379.13621923172997,False
10,-3,6,5.000000000000004,-1.5000000000000013,3.0,2.5448488213807963,3.0652106286924274,2.860473531546026,4.921323494235708,-0.9902298139773391,8.565936888593463,-8.399681931650438,-3.0000000000000027,447.3337016135511,False
10,-3,7,5.000000000000004,-1.5000000000000013,3.5000000000000004,2.679278089885356,3.2484500620017176,3.1100096638338126,5.570932836403131,-0.9902298139773391,8.565936888593463,-9.133112304981294,-3.500000000000014,522.9849130200566,False
10,-3,8,5.000000000000004,-1.5000000000000013,4.0,2.8151076632701724,3.4335982394079645,3.362145130832961,6.218956960621513,-0.9902298139773391,8.565936888593463,-9.866542678312095,-3.9999999999999925,606.2065146093554,False
10,-3,9,5.000000000000004,-1.5000000000000013,4.5,2.95235953585275,3.6206851411849703,3.6169207597901987,6.8659935755968515,-0.9902298139773391,8.565936888593463,-10.599973051642952,-4.500000000000015,697.1272796480567,False
10,-3,10,5.000000000000004,-1.5000000000000013,5.0,3.0910561649888093,3.8097413787701537,3.8743782374733082,7.512532366780755,-0.9902298139773391,8.565936888593463,-11.33340342497381,-5.000000000000027,795.8866414392866,False
10,-3,11,5.000000000000004,-1.5000000000000013,5.5,3.2312204833220837,4.000798211462059,4.134560132909676,8.158985404333174,-0.9902298139773391,8.565936888593463,-12.066833798304621,-5.500000000000016,902.6337432930593,False
10,-3,12,5.000000000000004,-1.5000000000000013,6.0,3.3728759114248605,4.193887563650689,4.397509920850689,8.8057070984354,-0.9902298139773391,8.565936888593463,-12.800264171635456,-6.000000000000016,1017.5268073386158,False
10,-2,0,5.000000000000004,-1.0000000000000009,0.0,1.5738957969872986,1.7781459196545057,1.1675560617139646,1.2298723494980068,-0.5283211672504895,7.876088829706118,-3.6770367118102,0.0,112.24878231996504,False
10,-2,1,5.000000000000004,-1.0000000000000009,0.5,1.6993927607912518,1.9493928840748798,1.4010613685567497,1.9323188876896769,-0.5283211672504895,7.876088829706118,-4.410467085141034,-0.5000000000000115,141.89674367340706,False
10,-2,2,5.000000000000004,-1.0000000000000009,1.0,1.8261573706942424,2.1223696158126417,1.6369253148625917,2.610405995017273,-0.5283211672504895,7.876088829706118,-5.143897458471869,-1.0000000000000009,178.6780864708657,False
10,-2,3,5.000000000000004,-1.0000000000000009,1.5,1.954208930951573,2.297102456502037,1.8751838189989434,3.2775833358795747,-0.5283211672504895,7.876088829706118,-5.877327831802736,-1.5000000000000346,222.54357730578778,False
10,-2,4,5.000000000000004,-1.0000000000000009,2.0,2.0835671397829545,2.473618285361745,2.115873532361184,3.9378732345621392,-0.5283211672504895,7.876088829706118,-6.610758205133549,-2.000000000000024,273.5189689651785,False
10,-2,5,5.000000000000004,-1.0000000000000009,2.5,2.2142520994741455,2.6519445329789892,2.359031858168165,4.593444555409509,-0.5283211672504895,7.876088829706118,-7.344188578464383,-2.5000000000000133,331.66663902726924,False
10,-2,6,5.000000000000004,-1.0000000000000009,3.0,2.3462843267910314,2.832109195520122,2.6046969708391488,5.245695350859014,-0.5283211672504895,7.876088829706118,-8.077618951795218,-3.000000000000025,397.0723475615773,False
10,-2,7,5.000000000000004,-1.0000000000000009,3.5000000000000004,2.4796847637174046,3.014140849382918,2.852907835973012,5.895619304075339,-0.5283211672504895,7.876088829706118,-8.811049325126042,-3.500000000000014,469.8389971619939,False
10,-2,8,5.000000000000004,-1.0000000000000009,4.0,2.6144747885284314,3.1980686663067805,3.103704230952048,6.5439687852939965,-0.5283211672504895,7.876088829706118,-9.544479698456886,-4.000000000000026,550.0831930032131,False
10,-2,9,5.000000000000004,-1.0000000000000009,4.5,2.7506762272118346,3.383922428957603,3.3571267661926365,7.1913396212357705,-0.5283211672504895,7.876088829706118,-10.277910071787721,-4.500000000000015,637.9331669589963,False
10,-2,10,5.000000000000004,-1.0000000000000009,5.0,2.8883113652497903,3.5717325470047467,3.6132169070673346,7.838219944275293,-0.5283211672504895,7.876088829706118,-11.011340445118522,-5.000000000000004,733.527453938897,False
10,-2,11,5.000000000000004,-1.0000000000000009,5.5,3.0274029597749164,3.7615300737084745,3.8720169965227202,8.485020503104668,-0.5283211672504895,7.876088829706118,-11.744770818449378,-5.500000000000016,837.0140208436953,False
10,-2,12,5.000000000000004,-1.0000000000000009,6.0,3.1679742521141474,3.9533467230367103,4.133570278419119,9.132094554318982,-0.5283211672504895,7.876088829706118,-12.478201191780213,-6.0000000000000275,948.5496864553265,False
10,-1,0,5.000000000000004,-0.5000000000000004,0.0,1.3831205629005083,1.5538218519712599,0.920877295281769,1.551467801055062,-0.06660468285203391,7.191549063660929,-3.357451965514746,0.0,84.77419026045847,False
10,-1,1,5.000000000000004,-0.5000000000000004,0.5,1.507658857186442,1.723941559770109,1.1531430103334406,2.254032958557173,-0.06660468285203391,7.191549063660929,-4.090882338845569,-0.49999999999998934,112.23769718327287,False
10,-1,2,5.000000000000004,-0.5000000000000004,1.0,1.6334551140409215,1.8957796484558254,1.3877548437189635,2.932322308447821,-0.06660468285203391,7.191549063660929,-4.824312712176426,-1.000000000000023,146.69511748022248,False
10,-1,3,5.000000000000004,-0.5000000000000004,1.5,1.7605284902543261,2.0693622862652363,1.6247485231286996,3.599741950812363,-0.06660468285203391,7.191549063660929,-5.55774308550725,-1.5000000000000124,188.1304164505251,False
10,-1,4,5.000000000000004,-0.5000000000000004,2.0,1.8888985335719477,2.2447161754808818,1.8641605053895616,4.260301432781821,-0.06660468285203391,7.191549063660929,-6.2911734588380845,-2.0000000000000018,236.5781120293005,False
10,-1,5,5.000000000000004,-0.5000000000000004,2.5,2.0185851927184695,2.4218685661243744,2.106027995160792,4.916162809285329,-0.06660468285203391,7.191549063660929,-7.024603832168919,-2.5000000000000133,292.10444977093465,False
10,-1,6,5.000000000000004,-0.5000000000000004,3.0,2.1496088277324854,2.6008472700734755,2.3503889642080225,5.568719777355868,-0.06660468285203391,7.191549063660929,-7.758034205499742,-3.0000000000000027,354.7969743010728,False
10,-1,7,5.000000000000004,-0.5000000000000004,3.5000000000000004,2.2819902206222875,2.7816806756178982,2.5972821712764382,6.2189629373422095,-0.06660468285203391,7.191549063660929,-8.491464578830566,-3.499999999999992,424.7592453747456,False
10,-1,8,5.000000000000004,-0.5000000000000004,4.0,2.4157505863546924,2.9643977624700666,2.8467471825851796,6.867642326603196,-0.06660468285203391,7.191549063660929,-9.22489495216141,-4.0000000000000036,502.1078240741604,False
10,-1,9,5.000000000000004,-0.5000000000000004,4.5,2.5509115841890195,3.149028117247399,3.09882439296521,7.5153519185930495,-0.06660468285203391,7.191549063660929,-9.958325325492245,-4.500000000000015,586.9704182881699,False
10,-1,10,5.000000000000004,-0.5000000000000004,5.0,2.6874953293689607,3.335601949443434,3.35355504766503,8.162578316919777,-0.06660468285203391,7.191549063660929,-10.69175569882308,-5.000000000000004,679.4846860794273,False
10,-1,11,5.000000000000004,-0.5000000000000004,5.5,2.8255244051857256,3.524150107906099,3.61098126484844,8.809730970080043,-0.06660468285203391,7.191549063660929,-11.425186072153915,-5.500000000000016,779.7974427828711,False
10,-1,12,5.000000000000004,-0.5000000000000004,6.0,2.9650218754260713,3.71470409784177,3.871146058810404,9.457162000217668,-0.06660468285203391,7.191549063660929,-12.158616445484727,-6.000000000000005,888.0641314341404,False
10,0,0,5.000000000000004,0.0,0.0,1.1941578131360737,1.3312678997798755,0.6756182909264385,1.8716907247150916,0.3949211190105828,6.5122752495288205,-3.0403256854613203,-1.1102230246251565e-14,64.71886897430369,False
10,0,1,5.000000000000004,0.0,0.5,1.3177465458654003,1.5002692460099276,0.9066515486697901,2.5743812050299963,0.3949211190105828,6.5122752495288205,-3.773756058792177,-0.5000000000000226,90.06673275791093,False
10,0,2,5.000000000000004,0.0,1.0,1.4425836496324007,1.6709776765453377,1.1400184756832743,3.252878421407468,0.3949211190105828,6.5122752495288205,-4.507186432122989,-1.000000000000012,122.27107766915918,False
10,0,3,5.000000000000004,0.0,1.5,1.5686881351635291,1.843419187593781,1.3757546100776008,3.920545525082897,0.3949211190105828,6.5122752495288205,-5.240616805453824,-1.5000000000000124,161.34872011319584,False
10,0,4,5.000000000000004,0.0,2.0,1.6960794011592617,2.017620305897838,1.6138962152310588,4.5813794665308105,0.3949211190105828,6.5122752495288205,-5.974047178784659,-2.000000000000013,207.34285920768158,False
10,0,5,5.000000000000004,0.0,2.5,1.8247772442421206,2.1936081023383402,1.8544802983860909,5.2375355880243335,0.3949211190105828,6.5122752495288205,-6.70747755211546,-2.499999999999991,260.32357747370264,False
10,0,6,5.000000000000004,0.0,3.0,1.9548018692124525,2.371410205958646,2.09754462982108,5.890403293728963,0.3949211190105828,6.5122752495288205,-7.440907925446316,-3.0000000000000138,320.3801957285462,False
10,0,7,5.000000000000004,0.0,3.5000000000000004,2.0861738996228727,2.5510548184247526,2.3431277626180638,6.5409701460961145,0.3949211190105828,6.5122752495288205,-8.174338298777151,-3.500000000000014,387.61693488515635,False
10,0,8,5.000000000000004,0.0,4.0,2.218914388683407,2.732570728937378,2.5912690530483786,7.18998388423866,0.3949211190105828,6.5122752495288205,-8.907768672107974,-4.0000000000000036,462.15032371734753,False
10,0,9,5.000000000000004,0.0,4.5,2.353044830508982,2.915987329612441,2.842008681598368,7.838036656473979,0.3949211190105828,6.5122752495288205,-9.641199045438809,-4.5000000000000036,544.1075633321453,False
10,0,10,5.000000000000004,0.0,5.0,2.488587171722184,3.101334631347241,3.095387674659417,8.48561356144315,0.3949211190105828,6.5122752495288205,-10.374629418769633,-5.000000000000004,633.6254562146491,False
10,0,11,5.000000000000004,0.0,5.5,2.625563823424415,3.288643280190351,3.3514479269062925,9.133122768261615,0.3949211190105828,6.5122752495288205,-11.108059792100466,-5.500000000000005,730.8496906431571,False
10,0,12,5.000000000000004,0.0,6.0,2.7639976735490124,3.4779445742339155,3.6102322243898364,9.78091528333309,0.3949211190105828,6.5122752495288205,-11.841490165431324,-6.000000000000016,835.9343611268996,False
10,1,0,5.000000000000004,0.49999999999998934,0.0,1.0069879155187755,1.1104699088355596,0.43177420305145486,2.190548336951559,0.8562576932938493,5.838225248079909,-2.725638198497593,-2.220446049250313e-14,51.96491377856068,False
10,1,1,5.000000000000004,0.49999999999998934,0.5,1.1296360959987677,1.2783617174226714,0.6615821136195521,2.893370698697817,0.8562576932938493,5.838225248079909,-3.4590685718284053,-0.5000000000000115,75.26478666148874,False
10,1,2,5.000000000000004,0.49999999999998934,1.0,1.2535231469886639,1.447949402864207,0.8937113162135912,3.572081280409667,0.8562576932938493,5.838225248079909,-4.192498945159251,-1.000000000000023,105.28571089492084,False
10,1,3,5.000000000000004,0.49999999999998934,1.5,1.3786679345368313,1.6192587906959988,1.1281971604583274,4.240000888147333,0.8562576932938493,5.838225248079909,-4.925929318490086,-1.5000000000000124,142.07701294857787,False
10,1,4,5.000000000000004,0.49999999999998934,2.0,1.5050897097130367,1.7923162335056753,1.3650757173994388,4.901114052778066,0.8562576932938493,5.838225248079909,-5.659359691820908,-2.0000000000000018,185.6904908040952,False
10,1,5,5.000000000000004,0.49999999999998934,2.5,1.6328081184807886,1.9671486244467296,1.6043837980014908,5.557569498822068,0.8562576932938493,5.838225248079909,-6.392790065151743,-2.5000000000000133,236.2000336085139,False
10,1,6,5.000000000000004,0.49999999999998934,3.0,1.7618432118750305,2.1437834111706913,1.8461589722180038,6.210752398903208,0.8562576932938493,5.838225248079909,-7.126220438482567,-3.0000000000000027,293.696730260246,False
10,1,7,5.000000000000004,0.49999999999998934,3.5000000000000004,1.892215456496138,2.322248610192301,2.090439588654347,6.861647321613007,0.8562576932938493,5.838225248079909,-7.859650811813401,-3.500000000000014,358.28546685686786,False
10,1,8,5.000000000000004,0.49999999999998934,4.0,2.0239457453320506,2.502572821703708,2.337264794845267,7.510999741757929,0.8562576932938493,5.838225248079909,-8.593081185144236,-4.0000000000000036,430.082751538376,False
10,1,9,5.000000000000004,0.49999999999998934,4.5,2.157055408920189,2.6847852448539933,2.5866745581690664,8.159400010074581,0.8562576932938493,5.838225248079909,-9.32651155847507,-4.500000000000015,509.2152956277657,False
10,1,10,5.000000000000004,0.49999999999998934,5.0,2.2915662268618684,2.8689156935111146,2.838709687422586,8.80733174354007,0.8562576932938493,5.838225248079909,-10.059941931805906,-5.000000000000004,595.8190670257909,False
10,1,11,5.000000000000004,0.49999999999998934,5.5,2.427500439702407,3.0549946125244034,3.0934118550809133,9.455201852257389,0.8562576932938493,5.838225248079909,-10.79337230513675,-5.500000000000016,690.0386511315604,False
10,1,12,5.000000000000004,0.49999999999998934,6.0,2.564880761190186,3.2430530945059157,3.350823620267512,10.103360245189696,0.8562576932938493,5.838225248079909,-11.526802678467584,-6.0000000000000275,792.0268207700857,False
10,2,0,5.000000000000004,1.0000000000000009,0.0,0.8215914460088319,0.8914137802260746,0.189340080163114,2.5080478168908904,1.3174064706128474,5.169357127039587,-2.413369928090503,0.0,46.39638915282728,False
10,2,1,5.000000000000004,1.0000000000000009,0.5,0.943307985938524,1.0582048042473147,0.4179297288071482,3.211008476998445,1.3174064706128474,5.169357127039587,-3.1468003014213597,-0.5000000000000115,67.71478101575066,False
10,2,2,5.000000000000004,1.0000000000000009,1.0,1.0662539858675102,1.2266805860869534,0.6488283638011294,3.889937800546739,1.3174064706128474,5.169357127039587,-3.880230674752172,-1.0000000000000009,95.62076417515883,False
10,2,3,5.000000000000004,1.0000000000000009,1.5,1.1904481685368866,1.3968667819554081,0.8820711473737142,4.558114840594141,1.3174064706128474,5.169357127039587,-4.613661048082984,-1.4999999999999902,130.19584051364632,False
10,2,4,5.000000000000004,1.0000000000000009,2.0,1.3159096387845208,1.5687895716592681,1.1176939593501134,5.219511882084538,1.3174064706128474,5.169357127039587,-5.347091421413852,-2.000000000000024,171.50032615968195,False
10,2,5,5.000000000000004,1.0000000000000009,2.5,1.4426578933423861,1.7424756720267498,1.3557334155519074,5.8762711248768085,1.3174064706128474,5.169357127039587,-6.080521794744687,-2.5000000000000133,219.61188719288643,False
10,2,6,5.000000000000004,1.0000000000000009,3.0,1.5707128309369405,1.9179523507485419,1.5962268867661056,6.529773570198949,1.3174064706128474,5.169357127039587,-6.813952168075499,-3.0000000000000027,274.62337272513406,False
10,2,7,5.000000000000004,1.0000000000000009,3.5000000000000004,1.7000947627034524,2.0952474406487953,1.8392125183037344,7.181000835960516,1.3174064706128474,5.169357127039587,-7.547382541406367,-3.5000000000000364,336.64033808951535,False
10,2,8,5.000000000000004,1.0000000000000009,4.0,1.8308244229258586,2.2743893544021674,2.084729250169909,7.8306961659275975,1.3174064706128474,5.169357127039587,-8.28081291473719,-4.000000000000026,405.77928235479294,False
10,2,9,5.000000000000004,1.0000000000000009,4.5,1.962922980113968,2.4554070997131747,2.3328168378671355,8.47944814025372,1.3174064706128474,5.169357127039587,-9.014243288068002,-4.500000000000015,482.1664438521657,False
10,2,10,5.000000000000004,1.0000000000000009,5.0,2.0964120484303517,2.638330294974822,2.5835158738559127,9.127738917072081,1.3174064706128474,5.169357127039587,-9.747673661398847,-5.000000000000027,565.9369766164757,False
10,2,11,5.000000000000004,1.0000000000000009,5.5,2.231313699480242,2.823189185424424,2.8368678096964253,9.775974167408341,1.3174064706128474,5.169357127039587,-10.481104034729672,-5.500000000000016,657.2343870158145,False
10,2,12,5.000000000000004,1.0000000000000009,6.0,2.3676504744774785,3.0100146598149804,3.092914978896938,10.424502720685268,1.3174064706128474,5.169357127039587,-11.214534408060505,-6.000000000000005,756.2101526589911,False
10,3,0,5.000000000000004,1.4999999999999902,0.0,0.6379491876404297,0.6740854727926682,-0.051689130824866814,2.8241963062073383,1.7783688576976875,4.505629166154335,-2.1035013966914096,-2.220446049250313e-14,47.89930177141473,False
10,3,1,5.000000000000004,1.4999999999999902,0.5,0.7587429021511854,0.8397843947665018,0.1756893157539019,3.527301543029293,1.7783688576976875,4.505629166154335,-2.836931770022233,-0.5000000000000115,67.30159667535112,False
10,3,2,5.000000000000004,1.4999999999999902,1.0,0.8807567551923579,1.007157043224921,0.4053645143183182,4.206454865231679,1.7783688576976875,4.505629166154335,-3.5703621433530786,-1.000000000000023,93.15996039402728,False
10,3,3,5.000000000000004,1.4999999999999902,1.5,1.0040093275537398,1.1762289063884934,0.6373714407869324,4.874894153820164,1.7783688576976875,4.505629166154335,-4.303792516683924,-1.5000000000000346,125.5877417972589,False
10,3,4,5.000000000000004,1.4999999999999902,2.0,1.1285195792249292,1.347025992645584,0.8717457848725796,5.536579618215609,1.7783688576976875,4.505629166154335,-5.037222890014748,-2.000000000000024,164.65369600054285,False
10,3,5,5.000000000000004,1.4999999999999902,2.5,1.254306859118387,1.5195748438899204,1.1085239683847503,6.19364702494023,1.7783688576976875,4.505629166154335,-5.770653263345582,-2.5000000000000133,210.43923694955643,False
10,3,6,5.000000000000004,1.4999999999999902,3.0,1.3813909150932306,1.6939025492708037,1.3477431640980808,6.847473262819848,1.7783688576976875,4.505629166154335,-6.504083636676405,-3.000000000000025,263.03896633410017,False
10,3,7,5.000000000000004,1.4999999999999902,3.5000000000000004,1.5097919042906,1.8700367593706524,1.589441315207385,7.499037041422629,1.7783688576976875,4.505629166154335,-7.237514010007229,-3.500000000000014,322.559112792394,False
10,3,8,5.000000000000004,1.4999999999999902,4.0,1.639530403792111,2.0480057008257004,1.8336571553907666,8.149079406083647,1.7783688576976875,4.505629166154335,-7.970944383338063,-4.0000000000000036,389.1161777702887,False
10,3,9,5.000000000000004,1.4999999999999902,4.5,1.7706274216130247,2.2278381914059397,2.080430229502761,8.798187192827701,1.7783688576976875,4.505629166154335,-8.704374756668908,-4.500000000000015,462.83594319377517,False
10,3,10,5.000000000000004,1.4999999999999902,5.0,1.9031044080425608,2.409563655571234,2.3298009149211985,9.446841123293503,1.7783688576976875,4.505629166154335,-9.43780512999972,-5.000000000000004,543.8527696768114,False
10,3,11,5.000000000000004,1.4999999999999902,5.5,2.036983267344372,2.593212140521345,2.581810443571575,10.095445648943846,1.7783688576976875,4.505629166154335,-10.171235503330578,-5.500000000000016,632.3091080780488,False
10,3,12,5.000000000000004,1.4999999999999902,6.0,2.1722863698302453,2.7788143327581616,2.836500924654406,10.744348537172431,1.7783688576976875,4.505629166154335,-10.90466587666138,-6.000000000000005,728.3551668874087,False
10,4,0,5.000000000000004,2.0000000000000018,0.0,0.4560421293656941,0.45847100545008956,-0.29131858045697845,3.1390009090567217,2.239146237854439,3.846999861879552,-1.79601322792442,0.0,56.36157363581894,False
10,4,1,5.000000000000004,2.0000000000000018,0.5,0.5759217380559761,0.6230864376382816,-0.06514430196681298,3.842256865400695,2.239146237854439,3.846999861879552,-2.5294436012552324,-0.49999999999998934,73.91204620048482,False
10,4,2,5.000000000000004,2.0000000000000018,1.0,0.6970122518845434,0.7893646519697928,0.1633145651949719,4.521639325982707,2.239146237854439,3.846999861879552,-3.262873974586078,-1.0000000000000009,97.78897110282229,False
10,4,3,5.000000000000004,2.0000000000000018,1.5,0.8193321110311652,0.957330970000092,0.3940928117187992,5.190345569752108,2.239146237854439,3.846999861879552,-3.9963043479169125,-1.5000000000000124,128.13722184175748,False
10,4,4,5.000000000000004,2.0000000000000018,2.0,0.9429001320058111,1.127011230051117,0.6272259383092005,5.85232389780157,2.239146237854439,3.846999861879552,-4.729734721247758,-2.000000000000024,165.03391487468565,False
10,4,5,5.000000000000004,2.0000000000000018,2.5,1.0677355172981462,1.2984318004616358,0.8627501738902754,6.509703732917016,2.239146237854439,3.846999861879552,-5.4631650945785815,-2.5000000000000133,208.56418355385028,False
10,4,6,5.000000000000004,2.0000000000000018,3.0,1.1938578653254623,1.4716195932475251,1.100702494374256,7.163857909392246,2.239146237854439,3.846999861879552,-6.196595467909416,-3.0000000000000027,258.8243747333369,False
10,4,7,5.000000000000004,2.0000000000000018,3.5000000000000004,1.3212871806898396,1.646602078186632,1.341120642013488,7.815762269977733,2.239146237854439,3.846999861879552,-6.930025841240218,-3.499999999999992,315.9213944396727,False
10,4,8,5.000000000000004,2.0000000000000018,4.0,1.4500438847559276,1.8234072973438487,1.5840431453573167,8.466155693547472,2.239146237854439,3.846999861879552,-7.663456214571074,-4.0000000000000036,379.9717578278276,False
10,4,9,5.000000000000004,2.0000000000000018,4.5,1.5801488265609454,2.0020638800524573,1.8295093398356277,9.115623297921971,2.239146237854439,3.846999861879552,-8.396886587901909,-4.500000000000015,451.1008067995189,False
10,4,10,5.000000000000004,2.0000000000000018,5.0,1.7116232940691534,2.1826010583685216,2.077559388992661,9.764644390137601,2.239146237854439,3.846999861879552,-9.130316961232731,-5.000000000000004,529.44212872102,False
10,4,11,5.000000000000004,2.0000000000000018,5.5,1.844489025783802,2.365048683015969,2.3282343063947386,10.413622221198393,2.239146237854439,3.846999861879552,-9.863747334563577,-5.500000000000016,615.1371421391026,False
10,4,12,5.000000000000004,2.0000000000000018,6.0,1.97876822272946,2.549437239840524,2.5815759782372663,11.062903513603706,2.239146237854439,3.846999861879552,-10.597177707894389,-6.000000000000005,708.3348121551002,False
10,5,0,5.000000000000004,2.499999999999991,0.0,0.27585146488181556,0.24455645938344373,-0.5295535126835393,3.452468691988031,2.699739971427073,3.193427931856063,-1.4908861486765401,0.0,71.6730153245038,False
10,5,1,5.000000000000004,2.499999999999991,0.5,0.3948255928460459,0.4080969441039639,-0.30457639465682473,4.1558813780688375,2.699739971427073,3.193427931856063,-2.2243165220073746,-0.5000000000000004,87.43484694452516,False
10,5,2,5.000000000000004,2.499999999999991,1.0,0.5150014796786034,0.573289352912576,-0.07732678048842367,4.8354980021909855,2.699739971427073,3.193427931856063,-2.95774689533822,-1.000000000000012,109.39538943367307,False
10,5,3,5.000000000000004,2.499999999999991,1.5,0.6363974262759586,0.7401588420136496,0.15222993636188065,5.504475800551956,2.699739971427073,3.193427931856063,-3.6911772686690436,-1.5000000000000013,137.73072447572753,False
10,5,4,5.000000000000004,2.499999999999991,2.0,0.7590321070222589,0.9087310810035221,0.38412906869025876,6.166751329983344,2.699739971427073,3.193427931856063,-4.424607641999878,-2.0000000000000018,172.52625369829633,False
10,5,5,5.000000000000004,2.499999999999991,2.5,0.8829245793659596,1.0790322660343077,0.6184066536579047,6.82444775745199,2.699739971427073,3.193427931856063,-5.158038015330724,-2.5000000000000133,213.8708019886235,False
10,5,6,5.000000000000004,2.499999999999991,3.0,1.0080942936925963,1.2510891333850083,0.8550994714602744,7.478933919493658,2.699739971427073,3.193427931856063,-5.891468388661558,-3.0000000000000138,261.8624541635146,False
10,5,7,5.000000000000004,2.499999999999991,3.5000000000000004,1.1345611035044723,1.424928973454359,1.0942450645766322,8.131182832768257,2.699739971427073,3.193427931856063,-6.624898761992403,-3.5000000000000253,316.60879772967206,False
10,5,8,5.000000000000004,2.499999999999991,4.0,1.2623452759185527,1.6005796451910914,1.3358817576213156,8.781931241034613,2.699739971427073,3.193427931856063,-7.358329135323228,-4.000000000000014,378.226372765024,False
10,5,9,5.000000000000004,2.499999999999991,4.5,1.3914675024940537,1.7780695909774324,1.5800486778182854,9.431762569318014,2.699739971427073,3.193427931856063,-8.09175950865404,-4.5000000000000036,446.84009732249785,False
10,5,10,5.000000000000004,2.499999999999991,5.0,1.521948910401913,1.9574278519825794,1.8267857761225914,10.081154731498687,2.699739971427073,3.193427931856063,-8.825189881984885,-5.000000000000016,522.5828054236289,False
10,5,11,5.000000000000004,2.499999999999991,5.5,1.6538110739490075,2.1386840840036503,2.0761338490121295,10.730509796828102,2.699739971427073,3.193427931856063,-9.55862025531572,-5.500000000000016,605.5949061796763,False
10,5,12,5.000000000000004,2.499999999999991,6.0,1.7870760264700136,2.3218685738121803,2.3281345609749646,11.380173459678588,2.699739971427073,3.193427931856063,-10.292050628646543,-6.000000000000005,696.0241466702004,False
10,6,0,5.000000000000004,3.0000000000000027,0.0,0.09735859137526837,0.0323279801023757,-0.7663992609033499,3.76460668391283,3.1601513962301375,2.54487231906233,-1.1881009910360452,0.0,93.72529937184811,False
10,6,1,5.000000000000004,3.0000000000000027,0.5,0.21543577022639926,0.19480199005263987,-0.5426123225159285,4.468181980229358,3.1601513962301375,2.54487231906233,-1.9215313643668686,-0.49999999999998934,107.76059426873447,False
10,6,2,5.000000000000004,3.0000000000000027,1.0,0.3347056478538085,0.35891715161857074,-0.3165649100033807,5.148037680949313,3.1601513962301375,2.54487231906233,-2.654961737697714,-1.0000000000000009,127.86870313842991,False
10,6,3,5.000000000000004,3.0000000000000027,1.5,0.4551863871830153,0.5246984569567237,-0.08822259990188264,5.817291528386792,3.1601513962301375,2.54487231906233,-3.3883921110285486,-1.5000000000000124,154.25660517025736,False
10,6,4,5.000000000000004,3.0000000000000027,2.0,0.5768965218114985,0.6921714082677388,0.14244973377208758,6.479868496124785,3.1601513962301375,2.54487231906233,-4.121822484359383,-2.0000000000000018,187.017912423838,False
10,6,5,5.000000000000004,3.0000000000000027,2.5,0.6998549655130915,0.8613620308742354,0.37548793753502396,7.137885581585657,3.1601513962301375,2.54487231906233,-4.855252857690218,-2.5000000000000133,226.24511401936087,False
10,6,6,5.000000000000004,3.0000000000000027,3.0,0.8240810220363631,1.0322968867034932,0.6109285970068656,7.792707679251465,3.1601513962301375,2.54487231906233,-5.588683231021041,-3.0000000000000027,272.038025737453,False
10,6,7,5.000000000000004,3.0000000000000027,3.5000000000000004,0.9495943952075314,1.205003088189005,0.8488090560586969,8.445305019641403,3.1601513962301375,2.54487231906233,-6.322113604351864,-3.499999999999992,324.5049206609212,False
10,6,8,5.000000000000004,3.0000000000000027,4.0,1.0764151993492344,1.3795083126066476,1.0891674365590132,9.096412242137664,3.1601513962301375,2.54487231906233,-7.05554397768271,-4.0000000000000036,383.762374884671,False
10,6,9,5.000000000000004,3.0000000000000027,4.5,1.2045639700264648,1.5558408168611315,1.3320426587399514,9.746611103876312,3.1601513962301375,2.54487231906233,-7.788974351013545,-4.500000000000015,449.9348985831117,False
10,6,10,5.000000000000004,3.0000000000000027,5.0,1.3340616751318646,1.7340294527393496,1.577474462207007,10.39637814659411,3.1601513962301375,2.54487231906233,-8.52240472434438,-5.000000000000004,523.1545920674823,False
10,6,11,5.000000000000004,3.0000000000000027,5.5,1.4649297263230332,1.9141036826480218,1.8255034276155102,11.046114276107977,3.1601513962301375,2.54487231906233,-9.255835097675213,-5.500000000000016,603.5608775714248,False
10,6,12,5.000000000000004,3.0000000000000027,6.0,1.5971899908247518,2.096093595853593,2.0761709990389954,11.696164175074442,3.1601513962301375,2.54487231906233,-9.989265471006059,-6.0000000000000275,691.3003091598022,False
11,-6,0,5.499999999999994,-3.0000000000000027,0.0,2.539464689930593,2.9079445447954377,2.401902366094444,0.10199367281280569,-2.339685488254717,11.321736298907602,-5.285674262014483,0.0,347.5499500496116,False
11,-6,1,5.499999999999994,-3.0000000000000027,0.5,2.6698137587242154,3.0848688892416485,2.6416104181853752,0.8073020574556722,-2.339685488254717,11.321736298907602,-6.019104635345318,-0.5000000000000115,391.64513551581746,False
11,-6,2,5.499999999999994,-3.0000000000000027,1.0,2.8014794847783797,3.2635803482782277,2.8837397637317688,1.4877051814812692,-2.339685488254717,11.321736298907602,-6.752535008676174,-1.000000000000023,443.53238045063046,False
11,-6,3,5.499999999999994,-3.0000000000000027,1.5,2.934481918711268,3.4441061368481574,3.128327275222781,2.1569415093756206,-2.339685488254717,11.321736298907602,-7.485965382006999,-1.5000000000000124,503.043549471586,False
11,-6,4,5.499999999999994,-3.0000000000000027,2.0,3.06884152033734,3.626474025301474,3.3754105776473917,2.819118437867685,-2.339685488254717,11.321736298907602,-8.21939575533781,-2.0000000000000018,570.1745175599657,False
11,-6,5,5.499999999999994,-3.0000000000000027,2.5,3.204579169159577,3.8107123536363527,3.625028067789171,3.4764502985748402,-2.339685488254717,11.321736298907602,-8.95282612866868,-2.5000000000000355,644.9759516812653,False
11,-6,6,5.499999999999994,-3.0000000000000027,3.0,3.3417161751861824,3.9968500461808776,3.877218934117993,4.130364287312438,-2.339685488254717,11.321736298907602,-9.686256501999491,-3.000000000000025,727.5297562717462,False
11,-6,7,5.499999999999994,-3.0000000000000027,3.5000000000000004,3.480274290083518,4.184916626731039,4.132023177299937,4.7818747454273725,-2.339685488254717,11.321736298907602,-10.419686875330314,-3.500000000000014,817.9393066575869,False
11,-6,8,5.499999999999994,-3.0000000000000027,4.0,3.6202757186776955,4.374942234161922,4.389481631348385,5.4317496881643335,-2.339685488254717,11.321736298907602,-11.153117248661182,-4.000000000000026,916.3244291520929,False
11,-6,9,5.499999999999994,-3.0000000000000027,4.5,3.7617431308173854,4.5669576385292565,4.6496359854392155,6.080597371883845,-2.339685488254717,11.321736298907602,-11.886547621991983,-4.500000000000015,1022.8185014269732,False
11,-6,10,5.499999999999994,-3.0000000000000027,5.0,3.904699673611156,4.760994257679413,4.912528806415207,6.728916175768651,-2.339685488254717,11.321736298907602,-12.619977995322806,-5.000000000000004,1137.5666551645488,False
11,-6,11,5.499999999999994,-3.0000000000000027,5.5,4.049168984053536,4.957084174386711,5.178203562004713,7.37712555155603,-2.339685488254717,11.321736298907602,-13.353408368653641,-5.500000000000016,1260.724613630969,False
11,-6,12,5.499999999999994,-3.0000000000000027,6.0,4.195175202053825,5.155260154037705,5.446704644781331,8.025586333903423,-2.339685488254717,11.321736298907602,-14.086838741984476,-6.000000000000005,1392.457923630802,False
11,-5,0,5.499999999999994,-2.500000000000002,0.0,2.34042343069924,2.6758057975981577,2.1493715842492547,0.43045084359125685,-1.877008448940365,10.614027939522575,-4.9552730089332915,0.0,284.9992213777413,False
11,-5,1,5.499999999999994,-2.500000000000002,0.5,2.4697722921600382,2.8515636156765387,2.3878106374364383,1.1358426296036228,-1.877008448940365,10.614027939522575,-5.688703382264116,-0.5000000000000115,326.58369986790416,False
11,-5,2,5.499999999999994,-2.500000000000002,1.0,2.6004277077770146,3.0290967652506717,2.628658165908343,1.8164183969085812,-1.877008448940365,10.614027939522575,-6.42213375559495,-1.0000000000000009,375.81068874622554,False
11,-5,3,5.499999999999994,-2.500000000000002,1.5,2.7324095743139543,3.208432281825541,2.8719508469535526,2.485869834462151,-1.877008448940365,10.614027939522575,-7.155564128925773,-1.4999999999999902,432.5470690325516,False
11,-5,4,5.499999999999994,-2.500000000000002,2.0,2.865738194591061,3.3895977526511856,3.1177261063767894,3.1482906202133787,-1.877008448940365,10.614027939522575,-7.888994502256619,-2.0000000000000018,496.79792981498974,False
11,-5,5,5.499999999999994,-2.500000000000002,2.5,3.0004342878966526,3.5726213308699073,3.3660221376915436,3.805887771459049,-1.877008448940365,10.614027939522575,-8.622424875587454,-2.5000000000000133,568.6179797571399,False
11,-5,6,5.499999999999994,-2.500000000000002,3.0,3.136519000720872,3.757531750101206,3.6168779219064584,4.460083802103609,-1.877008448940365,10.614027939522575,-9.355855248918289,-3.0000000000000027,648.0909638941488,False
11,-5,7,5.499999999999994,-2.500000000000002,3.5000000000000004,3.2740139178230487,3.9443583394799644,3.8703332479266828,5.111889735960928,-1.877008448940365,10.614027939522575,-10.089285622249133,-3.500000000000014,735.3209065859099,False
11,-5,8,5.499999999999994,-2.500000000000002,4.0,3.412941073645037,4.13313103916475,4.126428733592979,5.762071074240005,-1.877008448940365,10.614027939522575,-10.822715995579957,-4.0000000000000036,830.427541578301,False
11,-5,9,5.499999999999994,-2.500000000000002,4.5,3.5533229640829833,4.323880416333154,4.385205847381424,6.41123407268871,-1.877008448940365,10.614027939522575,-11.556146368910802,-4.500000000000015,933.5436460833148,False
11,-5,10,5.499999999999994,-2.500000000000002,5.0,3.695182558630783,4.516637681682273,4.646706930788697,7.059875456862796,-1.877008448940365,10.614027939522575,-12.289576742241614,-5.000000000000004,1044.813377522022,False
11,-5,11,5.499999999999994,-2.500000000000002,5.5,3.8385433129092483,4.711434706453077,4.910975221427794,7.708413268919623,-1.877008448940365,10.614027939522575,-13.02300711557245,-5.500000000000016,1164.3911935599388,False
11,-5,12,5.499999999999994,-2.500000000000002,6.0,3.9834291815949383,4.908304039998041,5.178054876860916,8.357207110550814,-1.877008448940365,10.614027939522575,-13.756437488903284,-6.000000000000005,1292.4411373699916,False
11,-4,0,5.499999999999994,-2.0000000000000018,0.0,2.1432763133865054,2.4454901755013916,1.8982690949667647,0.757506086682902,-1.4145286887051745,9.91174407761497,-4.627404240794664,0.0,230.4203618562972,False
11,-4,1,5.499999999999994,-2.0000000000000018,0.5,2.271634485815582,2.6200906286446166,2.135446326599766,1.4629887052070467,-1.4145286887051745,9.91174407761497,-5.360834614125498,-0.5000000000000115,269.5681515063988,False
11,-4,2,5.499999999999994,-2.0000000000000018,1.0,2.4012892054409205,2.7964547227286864,2.3750192878452205,2.1437433681876117,-1.4145286887051745,9.91174407761497,-6.09426498745631,-1.0000000000000009,316.2110941721595,False
11,-4,3,5.499999999999994,-2.0000000000000018,1.5,2.532260216636051,2.9746093152298423,2.61702446189519,2.813415663836416,-1.4145286887051745,9.91174407761497,-6.8276953607871675,-1.5000000000000124,370.2507070439303,False
11,-4,4,5.499999999999994,-2.0000000000000018,2.0,2.6645676667209237,3.1545818117361235,2.8614990764966985,3.476085749171687,-1.4145286887051745,9.91174407761497,-7.56112573411799,-2.0000000000000018,431.7012009950623,False
11,-4,5,5.499999999999994,-2.0000000000000018,2.5,2.798232116293847,3.3364001800014362,3.108481123042833,4.13395343327605,-1.4145286887051745,9.91174407761497,-8.294556107448791,-2.499999999999991,500.62129185899965,False
11,-4,6,5.499999999999994,-2.0000000000000018,3.0,2.933274549882997,3.5200929644344403,3.3580093762544063,4.788436616783653,-1.4145286887051745,9.91174407761497,-9.02798648077966,-3.0000000000000027,577.0965554356422,False
11,-4,7,5.499999999999994,-2.0000000000000018,3.5000000000000004,3.0697163869290223,3.705689301037723,3.6101234144733265,5.440543055346514,-1.4145286887051745,9.91174407761497,-9.761416854110516,-3.500000000000014,661.2316687511568,False
11,-4,8,5.499999999999994,-2.0000000000000018,4.0,3.2075794931109405,3.8932189328139577,3.8648636405903822,6.091035774271525,-1.4145286887051745,9.91174407761497,-10.494847227441328,-4.0000000000000036,753.1462850903799,False
11,-4,9,5.499999999999994,-2.0000000000000018,4.5,3.3468861920277595,4.082712225655916,4.122271303630126,6.740519059736894,-1.4145286887051745,9.91174407761497,-11.228277600772163,-4.500000000000015,852.9725992008898,False
11,-4,10,5.499999999999994,-2.0000000000000018,5.0,3.4876592772489556,4.274200184738314,4.3823885210176545,7.389488010004452,-1.4145286887051745,9.91174407761497,-11.961707974103009,-5.000000000000027,960.8538166505426,False
11,-4,11,5.499999999999994,-2.0000000000000018,5.5,3.6299220247476227,4.467714471430051,4.645258301552141,8.038359280746388,-1.4145286887051745,9.91174407761497,-12.695138347433833,-5.500000000000016,1076.943155423134,False
11,-4,12,5.499999999999994,-2.0000000000000018,6.0,3.7736982057303248,4.663287420746165,4.910924569113584,8.687491261513891,-1.4145286887051745,9.91174407761497,-13.428568720764677,-6.0000000000000275,1201.4031839123911,False
11,-3,0,5.499999999999994,-1.5000000000000013,0.0,1.9480029593533177,2.2169834953114256,1.6485907004126277,1.0831667306768322,-0.952244640458455,9.214842247391353,-4.3020481319865915,0.0,183.68709000957224,False
11,-3,1,5.499999999999994,-1.5000000000000013,0.5,2.0753798586465533,2.390435673679825,1.8845132667463627,1.7887474524501012,-0.952244640458455,9.214842247391353,-5.035478505317426,-0.5000000000000115,220.47098335779896,False
11,-3,2,5.499999999999994,-1.5000000000000013,1.0,2.2040433932861814,2.565639894253974,2.1228188893056887,2.469687125189113,-0.952244640458455,9.214842247391353,-5.76890887864826,-1.0000000000000009,264.60482797538486,False
11,-3,3,5.499999999999994,-1.5000000000000013,1.5,2.334013156703879,2.7426228378796216,2.3635438582869317,3.139585897938235,-0.952244640458455,9.214842247391353,-6.502339251979105,-1.5000000000000124,316.024404383063,False
11,-3,4,5.499999999999994,-1.5000000000000013,2.0,2.465309142197264,2.9214117299096234,2.60672520450268,3.802510600770792,-0.952244640458455,9.214842247391353,-7.2357696253099295,-2.0000000000000018,374.752954793736,False
11,-3,5,5.499999999999994,-1.5000000000000013,2.5,2.597951753182887,3.1020343541655726,2.852400718371928,4.460653938579884,-0.952244640458455,9.214842247391353,-7.969199998640752,-2.5000000000000133,440.8531684610578,False
11,-3,6,5.499999999999994,-1.5000000000000013,3.0,2.7319618137663095,3.2845190673313818,3.1006089694975647,5.115429266010274,-0.952244640458455,9.214842247391353,-8.702630371971576,-3.0000000000000027,514.4124424297405,False
11,-3,7,5.499999999999994,-1.5000000000000013,3.5000000000000004,2.867360579640743,3.468894813794238,3.351389326852461,5.767841118931649,-0.952244640458455,9.214842247391353,-9.43606074530241,-3.499999999999992,595.5361100885848,False
11,-3,8,5.499999999999994,-1.5000000000000013,4.0,3.0041697493263686,3.65519114094941,3.604781979596494,6.418650084101829,-0.952244640458455,9.214842247391353,-10.169491118633278,-4.000000000000026,684.3437562761019,False
11,-3,9,5.499999999999994,-1.5000000000000013,4.5,3.142411475762641,3.843438214985789,3.860827958547258,7.068458508522979,-0.952244640458455,9.214842247391353,-10.90292149196409,-4.500000000000015,780.9670110726425,False
11,-3,10,5.499999999999994,-1.5000000000000013,5.0,3.282108378266652,4.033666837169925,4.11956915832909,7.7177598889309085,-0.952244640458455,9.214842247391353,-11.636351865294925,-5.000000000000004,885.5481503242708,False
11,-3,11,5.499999999999994,-1.5000000000000013,5.5,3.423283554871237,4.225908460647015,4.38104836022501,8.36696951709921,-0.952244640458455,9.214842247391353,-12.36978223862576,-5.500000000000016,998.2391779139715,False
11,-3,12,5.499999999999994,-1.5000000000000013,6.0,3.5659605950567217,4.420195207778116,4.645309255758123,9.016444590791783,-0.952244640458455,9.214842247391353,-13.103212611956605,-6.0000000000000275,1119.201215920137,False
11,-2,0,5.499999999999994,-1.0000000000000009,0.0,1.7545831984487226,1.9902716144233057,1.4003320766745875,1.407440068027488,-0.4901547635132508,8.52328015742485,-3.9791849383019273,0.0,144.6751889416063,False
11,-2,1,5.499999999999994,-1.0000000000000009,0.5,1.880988139144446,2.162584537108847,1.63500711223577,2.11312600697795,-0.4901547635132508,8.52328015742485,-4.712615311632762,-0.5000000000000115,179.1667700132634,False
11,-2,2,5.499999999999994,-1.0000000000000009,1.0,2.0086698974229544,2.3366379943669804,1.8720526027016071,2.794256668312145,-0.4901547635132508,8.52328015742485,-5.446045684963607,-1.000000000000023,220.86522081488587,False
11,-2,3,5.499999999999994,-1.0000000000000009,1.5,2.137647917206831,2.512458491800307,2.111504646370138,3.464387410603309,-0.4901547635132508,8.52328015742485,-6.179476058294442,-1.5000000000000124,269.74021955449996,False
11,-2,4,5.499999999999994,-1.0000000000000009,2.0,2.2679420392333896,2.690073075942151,2.3534000782393703,4.127571927197726,-0.4901547635132508,8.52328015742485,-6.912906431625276,-2.000000000000024,325.8239511617159,False
11,-2,5,5.499999999999994,-1.0000000000000009,2.5,2.399572511229459,2.8695093481264697,2.597776488897013,4.785995920794073,-0.4901547635132508,8.52328015742485,-7.646336804956089,-2.5000000000000133,389.18304531419284,False
11,-2,6,5.499999999999994,-1.0000000000000009,3.0,2.532559998400746,3.050795478786922,2.8446722439944283,5.44106826600399,-0.4901547635132508,8.52328015742485,-8.379767178286922,-3.0000000000000027,459.9067110821744,False
11,-2,7,5.499999999999994,-1.0000000000000009,3.5000000000000004,2.6669255942473824,3.233960222200327,3.094126504325989,6.0937903263278415,-0.4901547635132508,8.52328015742485,-9.113197551617757,-3.500000000000014,538.1009419698632,False
11,-2,8,5.499999999999994,-1.0000000000000009,4.0,2.8026908317174137,3.4190329316909462,3.3461792465360296,6.744920286567013,-0.4901547635132508,8.52328015742485,-9.846627924948592,-4.0000000000000036,623.8852662888181,False
11,-2,9,5.499999999999994,-1.0000000000000009,4.5,2.939877694710713,3.606043575312362,3.600871284476015,7.395058584310066,-0.4901547635132508,8.52328015742485,-10.580058298279438,-4.500000000000015,717.3907670501267,False
11,-2,10,5.499999999999994,-1.0000000000000009,5.0,3.0785086299460254,3.795022752024535,3.8582442912364123,8.044697139985434,-0.4901547635132508,8.52328015742485,-11.313488671610273,-5.000000000000027,818.7588122335121,False
11,-2,11,5.499999999999994,-1.0000000000000009,5.5,3.218606559204995,3.9860017083844514,4.11834082187788,8.69424990356007,-0.4901547635132508,8.52328015742485,-12.046919044941106,-5.500000000000016,928.1402168660137,False
11,-2,12,5.499999999999994,-1.0000000000000009,6.0,3.360194891966728,4.179012355769474,4.381204336887867,9.344072900906442,-0.4901547635132508,8.52328015742485,-12.78034941827192,-6.000000000000005,1045.6946847891033,False
11,-1,0,5.499999999999994,-0.5000000000000004,0.0,1.5629970682781602,1.7653404338387912,1.1534887784612702,1.7303333549082645,-0.028257543095011606,7.837015697055327,-3.6587949999264735,-2.220446049250313e-14,113.26247973700653,False
11,-1,1,5.499999999999994,-0.5000000000000004,0.5,1.688439264601166,1.93652304908421,1.3869233954384663,2.436131471654779,-0.028257543095011606,7.837015697055327,-4.392225373257263,-0.49999999999998934,145.53214099323066,False
11,-1,2,5.499999999999994,-0.5000000000000004,1.0,1.815148553816326,2.1094347816553505,1.6227159378396694,3.1174589681616904,-0.028257543095011606,7.837015697055327,-5.12565574658812,-1.000000000000023,184.86767587634426,False
11,-1,3,5.499999999999994,-0.5000000000000004,1.5,1.943144231754479,2.28410196328811,1.8609023131586466,3.7878270486652488,-0.028257543095011606,7.837015697055327,-5.859086119918954,-1.5000000000000124,231.27230164712947,False
11,-1,4,5.499999999999994,-0.5000000000000004,2.0,2.07244598803894,2.460551463100813,2.10151916169517,4.451276456327902,-0.028257543095011606,7.837015697055327,-6.592516493249779,-2.0000000000000018,284.7870591006516,False
11,-1,5,5.499999999999994,-0.5000000000000004,2.5,2.203073916182724,2.6388107013731235,2.344603875344892,5.109985991670007,-0.028257543095011606,7.837015697055327,-7.325946866580624,-2.5000000000000133,345.48248607153437,False
11,-1,6,5.499999999999994,-0.5000000000000004,3.0,2.3350485239981067,2.8189076637513413,2.590194616970387,5.76536011393447,-0.028257543095011606,7.837015697055327,-8.05937723991147,-3.000000000000025,413.4495947239236,False
11,-1,7,5.499999999999994,-0.5000000000000004,3.5000000000000004,2.468390744329696,3.000870915895132,2.838330340374368,6.418397060723535,-0.028257543095011606,7.837015697055327,-8.792807613242292,-3.500000000000014,488.7950424795764,False
11,-1,8,5.499999999999994,-0.5000000000000004,4.0,2.603121946123077,3.184729618582077,3.0890508108971595,7.0698526507353865,-0.028257543095011606,7.837015697055327,-9.526237986573127,-4.000000000000026,571.6383129437996,False
11,-1,9,5.499999999999994,-0.5000000000000004,4.5,2.7392639458410084,3.3705135432866964,3.3423966266610208,7.7203254412918865,-0.028257543095011606,7.837015697055327,-10.259668359903952,-4.500000000000015,662.1099594561424,False
11,-1,10,5.499999999999994,-0.5000000000000004,5.0,2.876839019240168,3.558253088251362,3.5984092404855508,8.370305801199173,-0.028257543095011606,7.837015697055327,-10.993098733234774,-5.000000000000004,760.3504637103059,False
11,-1,11,5.499999999999994,-0.5000000000000004,5.5,3.0158699135218625,3.747979295067505,3.857130982498708,9.020206360229821,-0.028257543095011606,7.837015697055327,-11.726529106565609,-5.500000000000016,866.5094767883509,False
11,-1,12,5.499999999999994,-0.5000000000000004,6.0,3.1563798598703787,3.939723865785949,4.118605083469445,9.67038199181589,-0.028257543095011606,7.837015697055327,-12.459959479896444,-6.000000000000005,980.7453119909136,False
11,0,0,5.499999999999994,0.0,0.0,1.3732248134311535,1.542175901081022,0.9080562436767137,2.0518538110231743,0.43344851017177444,7.156006942523607,-3.3408587443026216,0.0,89.32879488007717,False
11,0,1,5.499999999999994,0.0,0.5,1.4977133803328186,1.7122370865135905,1.140257531333383,2.75777091628282,0.43344851017177444,7.156006942523607,-4.074289117633489,-0.5000000000000115,119.44575402625472,False
11,0,2,5.499999999999994,0.0,1.0,1.623459407506217,1.8840160616980073,1.3748042865421362,3.439300965189429,0.43344851017177444,7.156006942523607,-4.807719490964302,-1.0000000000000009,156.48964199728218,False
11,0,3,5.499999999999994,0.0,1.5,1.750482044092544,2.0575389858690563,1.6117322270829515,4.109911631523699,0.43344851017177444,7.156006942523607,-5.541149864295136,-1.5000000000000124,200.49686329818113,False
11,0,4,5.499999999999994,0.0,2.0,1.8788008300317904,2.232832552123498,1.8510777996701144,4.77363089122278,0.43344851017177444,7.156006942523607,-6.2745802376260045,-2.000000000000024,251.51722946024344,False
11,0,5,5.499999999999994,0.0,2.5,2.008435706083228,2.409924001108749,2.092878198642784,5.432630740714428,0.43344851017177444,7.156006942523607,-7.008010610956783,-2.499999999999991,309.6251549137825,False
11,0,6,5.499999999999994,0.0,3.0,2.1394070241558314,2.5888411351350893,2.3371713852337326,6.088311287278003,0.43344851017177444,7.156006942523607,-7.741440984287651,-3.000000000000025,374.91344626041393,False
11,0,7,5.499999999999994,0.0,3.5000000000000004,2.271735557959742,2.769612332726462,2.5839961074370033,6.74166768817126,0.43344851017177444,7.156006942523607,-8.474871357618486,-3.500000000000014,447.4894286843474,False
11,0,8,5.499999999999994,0.0,4.0,2.4054425139907796,2.9522665636260714,2.833391920496581,7.393453431121744,0.43344851017177444,7.156006942523607,-9.20830173094932,-4.000000000000026,527.4725528035225,False
11,0,9,5.499999999999994,0.0,4.5,2.5405495428598543,3.136833404273326,3.0853992080384476,8.044265221733005,0.43344851017177444,7.156006942523607,-9.941732104280131,-4.500000000000015,614.9928594827111,False
11,0,10,5.499999999999994,0.0,5.0,2.6770787509801663,3.323343053769501,3.340059203870227,8.694591901355064,0.43344851017177444,7.156006942523607,-10.675162477610979,-5.000000000000027,710.1899654356952,False
11,0,11,5.499999999999994,0.0,5.5,2.81505271262556,3.511826350350289,3.597414014472716,9.344844800711272,0.43344851017177444,7.156006942523607,-11.408592850941801,-5.500000000000016,813.2123823787972,False
11,0,12,5.499999999999994,0.0,6.0,2.9544944823735655,3.7023147883840704,3.8575066422092794,9.99537765981322,0.43344851017177444,7.156006942523607,-12.142023224272613,-6.000000000000005,924.2170603888658,False
11,1,0,5.499999999999994,0.49999999999998934,0.0,1.1852468845978263,1.320764012952963,0.6640297979261689,2.3720086194899848,0.8949648607248673,6.480212162759402,-3.0253566888318706,0.0,72.75595170475722,False
11,1,1,5.499999999999994,0.49999999999998934,0.5,1.3087908387917846,1.489712575832125,0.8950048220363493,3.0780513773949414,0.8949648607248673,6.480212162759402,-3.758787062162716,-0.5000000000000115,100.78826835525672,False
11,1,2,5.499999999999994,0.49999999999998934,1.0,1.4335827117149784,1.660367689851483,1.1283129271981496,3.7597895694113426,0.8949648607248673,6.480212162759402,-4.492217435493551,-1.000000000000023,135.6105868165676,False
11,1,3,5.499999999999994,0.49999999999998934,1.5,1.5596415072059195,1.8327553430994514,1.3639896425646336,4.4306479507914,0.8949648607248673,6.480212162759402,-5.225647808824386,-1.5000000000000124,177.29215367862932,False
11,1,4,5.499999999999994,0.49999999999998934,2.0,1.6869866169365588,2.0069020540336435,1.6020712223736355,5.094641909708542,0.8949648607248673,6.480212162759402,-5.9590781821551975,-2.0000000000000018,225.89146775383935,False
11,1,5,5.499999999999994,0.49999999999998934,2.5,1.8156378303567422,2.182834885079965,1.842594664539654,5.753936734701504,0.8949648607248673,6.480212162759402,-6.692508555486043,-2.5000000000000133,281.4867891901598,False
11,1,6,5.499999999999994,0.49999999999998934,3.0,1.9456153449462166,2.3605814566525494,2.0855977298207984,6.4099282432625415,0.8949648607248673,6.480212162759402,-7.425938928816878,-3.000000000000025,344.17271063347914,False
11,1,7,5.499999999999994,0.49999999999998934,3.5000000000000004,2.0769397767853137,2.540169961609301,2.331118961581513,7.063608556964751,0.8949648607248673,6.480212162759402,-8.159369302147713,-3.500000000000014,414.05722891181483,False
11,1,8,5.499999999999994,0.49999999999998934,4.0,2.2096321714560663,2.721629180159341,2.579197706173092,7.715728866995031,0.8949648607248673,6.480212162759402,-8.892799675478557,-4.000000000000026,491.259773269902,False
11,1,9,5.499999999999994,0.49999999999998934,4.5,2.3437140152856917,2.904988495238708,2.8298741339541076,8.36688405520498,0.8949648607248673,6.480212162759402,-9.626230048809358,-4.500000000000015,575.9098890929756,False
11,1,10,5.499999999999994,0.49999999999998934,5.0,2.479207246945081,3.0902779083715415,3.0831892609749167,9.017561459149093,0.8949648607248673,6.480212162759402,-10.359660422140193,-5.000000000000004,668.1463491478044,False
11,1,11,5.499999999999994,0.49999999999998934,5.5,2.6161342694156877,3.277528056034884,3.339184971350445,9.668171131193892,0.8949648607248673,6.480212162759402,-11.09309079547105,-5.500000000000016,768.1165500348754,False
11,1,12,5.499999999999994,0.49999999999998934,6.0,2.75451796233811,3.466770226545707,3.597904040346994,10.319065696531071,0.8949648607248673,6.480212162759402,-11.826521168801873,-6.0000000000000275,875.9761055485137,False
11,2,0,5.499999999999994,1.0000000000000009,0.0,0.9990439376476729,1.1010908181595058,0.4214046588653042,2.6908049267015732,1.3562929485581465,5.8095898248458955,-2.7122694434255856,-1.1102230246251565e-14,63.42772589528597,False
11,2,1,5.499999999999994,1.0000000000000009,0.5,1.1216521986408767,1.2689354956376908,0.651160461171163,3.396979858029936,1.3562929485581465,5.8095898248458955,-3.44569981675642,-0.5000000000000115,89.44231809063687,False
11,2,2,5.499999999999994,1.0000000000000009,1.0,1.2454989269168437,1.4384755738984956,0.8832370291568803,4.078931660108864,1.3562929485581465,5.8095898248458955,-4.179130190087255,-1.000000000000012,122.1119699671895,False
11,2,3,5.499999999999994,1.0000000000000009,1.5,1.3706029823834287,1.6097368712279236,1.1176697044317785,4.750042769926899,1.3562929485581465,5.8095898248458955,-4.912560563418067,-1.5000000000000013,161.53843151840894,False
11,2,4,5.499999999999994,1.0000000000000009,2.0,1.4969836098445626,1.782745732815827,1.354494549862556,5.414316163943211,1.3562929485581465,5.8095898248458955,-5.6459909367489125,-2.000000000000013,207.78880701044667,False
11,2,5,5.499999999999994,1.0000000000000009,2.5,1.6246604488694028,1.9575290442661653,1.5937483680669773,6.073910517174008,1.3562929485581465,5.8095898248458955,-6.379421310079769,-2.5000000000000244,260.9451720923395,False
11,2,6,5.499999999999994,1.0000000000000009,3.0,1.7536535439666767,2.134114245525276,1.8354687204797049,6.730217418303774,1.3562929485581465,5.8095898248458955,-7.112851683410604,-3.000000000000025,321.103897312878,False
11,2,7,5.499999999999994,1.0000000000000009,3.5000000000000004,1.8839833550753082,2.3125293452430196,2.0796939470106746,7.3842259970082536,1.3562929485581465,5.8095898248458955,-7.846282056741394,-3.500000000000003,388.3736550556711,False
11,2,8,5.499999999999994,1.0000000000000009,4.0,2.0156707683829875,2.492802935582822,2.3264631863180285,8.036685181680326,1.3562929485581465,5.8095898248458955,-8.57971243007225,-4.000000000000014,462.8738646990973,False
11,2,9,5.499999999999994,1.0000000000000009,4.5,2.148737107484483,2.674964207496866,2.5758163967176007,8.688188057818525,1.3562929485581465,5.8095898248458955,-9.313142803403085,-4.500000000000015,544.7335929421101,False
11,2,10,5.499999999999994,1.0000000000000009,5.0,2.2832041448922924,2.8590429664836936,2.827794377752957,9.339220482351251,1.3562929485581465,5.8095898248458955,-10.046573176733887,-4.999999999999993,634.0907893654045,False
11,2,11,5.499999999999994,1.0000000000000009,5.5,2.4190941139128785,3.045069648846038,3.0824387924500654,9.990191249539503,1.3562929485581465,5.8095898248458955,-10.780003550064743,-5.500000000000016,731.0917593765299,False
11,2,12,5.499999999999994,1.0000000000000009,6.0,2.556429720901776,3.2330753384675615,3.339792190282248,10.641451887949005,1.3562929485581465,5.8095898248458955,-11.513433923395567,-6.000000000000005,835.8908070562063,False
11,3,0,5.499999999999994,1.4999999999999902,0.0,0.8145968326250974,0.8831424197973947,0.18017594047683994,3.008249842228583,1.8174341896793456,5.144098599190117,-2.401577712919134,0.0,61.229825055546016,False
11,3,1,5.499999999999994,1.4999999999999902,0.5,0.9362782237438166,1.0498918791933598,0.4087195381676789,3.714563327550402,1.8174341896793456,5.144098599190117,-3.1350080862499796,-0.5000000000000115,85.29248562923377,False
11,3,2,5.499999999999994,1.4999999999999902,1.0,1.059188719823334,1.2183256765630313,0.6395716570473109,4.396734085576459,1.8174341896793456,5.144098599190117,-3.868438459580814,-1.000000000000023,115.87721633239889,False
11,3,3,5.499999999999994,1.4999999999999902,1.5,1.1833470381980709,1.3884694617232407,0.872767452260742,5.0681028239159875,1.8174341896793456,5.144098599190117,-4.601868832911649,-1.5000000000000124,153.11793819260603,False
11,3,4,5.499999999999994,1.4999999999999902,2.0,1.3087722781888744,1.5603494079565294,1.108342796404932,5.732660280033519,1.8174341896793456,5.144098599190117,-5.3352992062424835,-2.000000000000024,197.09028068534593,False
11,3,5,5.499999999999994,1.4999999999999902,2.5,1.4354839308975325,1.7339922254332285,1.3463342979249615,6.392558607997567,1.8174341896793456,5.144098599190117,-6.068729579573318,-2.5000000000000133,247.88010538468586,False
11,3,6,5.499999999999994,1.4999999999999902,3.0,1.563501889304228,1.9094251750488733,1.5867793200792235,7.049185227495736,1.8174341896793456,5.144098599190117,-6.80215995290413,-3.0000000000000027,305.58555284177993,False
11,3,7,5.499999999999994,1.4999999999999902,3.5000000000000004,1.6928464586788594,2.0866760826916133,1.8297160004941249,7.703526319243936,1.8174341896793456,5.144098599190117,-7.535590326234976,-3.500000000000014,370.3159749324115,False
11,3,8,5.499999999999994,1.4999999999999902,4.0,1.8235383673178063,2.2657733539556246,2.0751832713300447,8.356328581920947,1.8174341896793456,5.144098599190117,-8.269020699565798,-4.0000000000000036,442.1907925656629,False
11,3,9,5.499999999999994,1.4999999999999902,4.5,1.9555987776179118,2.4467459893166508,2.323220880080462,9.008183331518715,1.8174341896793456,5.144098599190117,-9.002451072896633,-4.500000000000015,521.3386103452298,False
11,3,10,5.499999999999994,1.4999999999999902,5.0,2.0890492975001065,2.6296235997867345,2.573869411028257,9.659574967031226,1.8174341896793456,5.144098599190117,-9.735881446227479,-5.000000000000027,607.8965751560021,False
11,3,11,5.499999999999994,1.4999999999999902,5.5,2.2239119921958705,2.81443642306603,2.8271703073829038,10.310911044436422,1.8174341896793456,5.144098599190117,-10.46931181955829,-5.500000000000016,702.0099248109852,False
11,3,12,5.499999999999994,1.4999999999999902,6.0,2.3602093964096795,3.001215340210001,3.083165894124301,10.962542013472865,1.8174341896793456,5.144098599190117,-11.202742192889147,-6.0000000000000275,803.8316798772856,False
11,4,0,5.499999999999994,2.0000000000000018,0.0,0.6318866326910005,0.6669049777481506,-0.05966134277521351,3.3243504387246547,2.2783899765662863,4.483697364418537,-2.09326229935739,-1.1102230246251565e-14,66.0498623633832,False
11,4,1,5.499999999999994,2.0000000000000018,0.5,0.7526498821015082,0.8325678168323136,0.16767704243697557,4.0308087214661725,2.2783899765662863,4.483697364418537,-2.8266926726882247,-0.5000000000000115,88.2252751554017,False
11,4,2,5.499999999999994,2.0000000000000018,1.0,0.8746329623141452,0.9999040179274332,0.39731177497453474,4.7132036628759755,2.2783899765662863,4.483697364418537,-3.560123046019059,-1.000000000000012,116.79168938139439,False
11,4,3,5.499999999999994,2.0000000000000018,1.5,0.997854449432492,1.1689390637037056,0.6292778245936881,5.384834818961748,2.2783899765662863,4.483697364418537,-4.293553419349894,-1.5000000000000124,151.91487088473457,False
11,4,4,5.499999999999994,2.0000000000000018,2.0,1.1223332986642882,1.3396989568858764,0.8636108747191673,6.049680857663531,2.2783899765662863,4.483697364418537,-5.026983792680706,-2.0000000000000018,193.67889564542955,False
11,4,5,5.499999999999994,2.0000000000000018,2.5,1.2480888540420483,1.5122102335878518,1.1003473407433684,6.709887502928247,2.2783899765662863,4.483697364418537,-5.760414166011573,-2.5000000000000244,242.17338220684584,False
11,4,6,5.499999999999994,2.0000000000000018,3.0,1.3751408584443348,1.6864999770599631,1.3395243888915387,7.366838064117509,2.2783899765662863,4.483697364418537,-6.493844539342386,-3.0000000000000138,297.49823345226287,False
11,4,7,5.499999999999994,2.0000000000000018,3.5000000000000004,1.5035094639284985,1.8625958318633784,1.5811799556733452,8.021515815096247,2.2783899765662863,4.483697364418537,-7.227274912673243,-3.5000000000000253,359.76348470565176,False
11,4,8,5.499999999999994,2.0000000000000018,4.0,1.6332152423864543,2.0405260184876592,1.8253527679424897,8.674665257259662,2.2783899765662863,4.483697364418537,-7.960705286004077,-4.000000000000026,429.0885696918717,False
11,4,9,5.499999999999994,2.0000000000000018,4.5,1.7642791965350846,2.2203193484273855,2.0720823635861696,9.326875963401605,2.2783899765662863,4.483697364418537,-8.69413565933489,-4.500000000000015,505.6016473080351,False
11,4,10,5.499999999999994,2.0000000000000018,5.0,1.8967227712536894,2.4020052397349003,2.3214091128682,9.978630896807728,2.2783899765662863,4.483697364418537,-9.427566032665702,-5.000000000000004,589.4390819641968,False
11,4,11,5.499999999999994,2.0000000000000018,5.5,2.03056786528148,2.5856137330668325,2.5733742404495166,10.630336394579288,2.2783899765662863,4.483697364418537,-10.16099640599657,-5.500000000000027,680.7450671553171,False
11,4,12,5.499999999999994,2.0000000000000018,6.0,2.1658368432882993,2.771175508242718,2.828019848111485,11.282341845041422,2.2783899765662863,4.483697364418537,-10.894426779327393,-6.000000000000016,779.6713657693645,False
11,5,0,5.499999999999994,2.499999999999991,0.0,0.4508946030214761,0.4523647109119344,-0.29811227190786327,3.639113751834877,2.739161678637836,3.8283452119621586,-1.7873041041352566,0.0,77.77733032390978,False
11,5,1,5.499999999999994,2.499999999999991,0.5,0.5707483447452005,0.6169494582029478,-0.071972132570719,4.345722941263874,2.739161678637836,3.8283452119621586,-2.5207344774661133,-0.5000000000000115,98.12908623819028,False
11,5,2,5.499999999999994,2.499999999999991,1.0,0.6918127303247257,0.78319667768883,0.1564522505981214,5.028347177599457,2.739161678637836,3.8283452119621586,-3.2541648507969256,-1.0000000000000009,124.74266459850782,False
11,5,3,5.499999999999994,2.499999999999991,1.5,0.8141061959608925,0.951131686205009,0.38719566303769826,5.700245432185103,2.739161678637836,3.8283452119621586,-3.98759522412776,-1.5000000000000013,157.81535584101604,False
11,5,4,5.499999999999994,2.499999999999991,2.0,0.9376475541035462,1.1207803172570807,0.6202936000940129,6.365384469734603,2.739161678637836,3.8283452119621586,-4.721025597458606,-2.000000000000013,197.439605243058,False
11,5,5,5.499999999999994,2.499999999999991,2.5,1.0624560030989465,1.292168934268656,0.8557822852227004,7.025903673192291,2.739161678637836,3.8283452119621586,-5.45445597078944,-2.5000000000000133,243.70875996236842,False
11,5,6,5.499999999999994,2.499999999999991,3.0,1.1885511371355462,1.465324444239119,1.093698688754785,7.683182299153701,2.739161678637836,3.8283452119621586,-6.187886344120253,-3.0000000000000027,296.72447776438605,False
11,5,7,5.499999999999994,2.499999999999991,3.5000000000000004,1.3159529564989392,1.6402743118258512,1.3340805472457307,8.338200755932501,2.739161678637836,3.8283452119621586,-6.92131671745112,-3.5000000000000253,356.5974813915934,False
11,5,8,5.499999999999994,2.499999999999991,4.0,1.4446818781473665,1.8170465738665986,1.5769663834293124,8.991701379437988,2.739161678637836,3.8283452119621586,-7.654747090781944,-4.000000000000014,423.4472285556896,False
11,5,9,5.499999999999994,2.499999999999991,4.5,1.5747587466193536,1.9956698543580509,1.8223955267980485,9.644272025050405,2.739161678637836,3.8283452119621586,-8.388177464112756,-4.5000000000000036,497.4014486335585,False
11,5,10,5.499999999999994,2.499999999999991,5.0,1.7062048452857692,2.1761733799073033,2.0704081348338343,10.296394242120432,2.739161678637836,3.8283452119621586,-9.121607837443602,-5.000000000000016,578.5957435136221,False
11,5,11,5.499999999999994,2.499999999999991,5.5,1.8390419079592324,2.3585869956740058,2.3210452149123206,10.948473167872885,2.739161678637836,3.8283452119621586,-9.855038210774437,-5.500000000000016,667.1732853299345,False
11,5,12,5.499999999999994,2.499999999999991,6.0,1.9732921308739104,2.542941181821207,2.5743486469065324,11.600857146260534,2.739161678637836,3.8283452119621586,-10.588468584105259,-6.000000000000005,763.2846047639257,False
11,6,0,5.499999999999994,3.0000000000000027,0.0,0.271602209636182,0.23950789935154315,-0.5351820194333001,3.952546780139654,3.19975064267497,3.178001450422263,-1.4836841300360004,0.0,96.30357463643958,False
11,6,1,5.499999999999994,3.0000000000000027,0.5,0.3905549845589773,0.40302301442365907,-0.31023318536009814,4.659312854273923,3.19975064267497,3.178001450422263,-2.217114503366846,-0.5000000000000115,114.89418754039556,False
11,6,2,5.499999999999994,3.0000000000000027,1.0,0.5107093026628123,0.5681897973247974,-0.08301214084171504,5.342171383671612,3.19975064267497,3.178001450422263,-2.9505448766976805,-1.000000000000023,139.61930302280126,False
11,6,3,5.499999999999994,3.0000000000000027,1.5,0.6320834615595794,0.7350334003568937,0.1465157163113684,6.014341311367022,3.19975064267497,3.178001450422263,-3.683975250028493,-1.5000000000000124,170.70742173372065,False
11,6,4,5.499999999999994,3.0000000000000027,2.0,0.754696132281818,0.9035794891342319,0.3783856944558128,6.679777662049324,3.19975064267497,3.178001450422263,-4.4174056233593495,-2.000000000000024,208.2592824976977,False
11,6,5,5.499999999999994,3.0000000000000027,2.5,0.8785663688576195,1.073854255745177,0.6126338262222586,7.340613565114018,3.19975064267497,3.178001450422263,-5.150835996690162,-2.5000000000000133,252.37193331394965,False
11,6,6,5.499999999999994,3.0000000000000027,3.0,1.0037136181816342,1.2458844323211926,0.8492968871821716,7.998224280864541,3.19975064267497,3.178001450422263,-5.884266370020996,-3.0000000000000027,303.1487795906378,False
11,6,7,5.499999999999994,3.0000000000000027,3.5000000000000004,1.130157730192935,1.4196973050275175,1.0884124150950192,8.653587392575336,3.19975064267497,3.178001450422263,-6.617696743351842,-3.500000000000014,360.70123546865136,False
11,6,8,5.499999999999994,3.0000000000000027,4.0,1.257918968371019,1.5953207284911952,1.330018729756982,9.307443101849877,3.19975064267497,3.178001450422263,-7.351127116682665,-4.0000000000000036,425.14879370171843,False
11,6,9,5.499999999999994,3.0000000000000027,4.5,1.3870180205614535,1.7727831406822492,1.5741549534729893,9.960377571928646,3.19975064267497,3.178001450422263,-8.084557490013477,-4.499999999999993,496.61877013067067,False
11,6,10,5.499999999999994,3.0000000000000027,5.0,1.5174760101433538,1.9521135782647858,1.8208610321754803,10.612870959559718,3.19975064267497,3.178001450422263,-8.817987863344323,-5.000000000000004,575.2460238093056,False
11,6,11,5.499999999999994,3.0000000000000027,5.5,1.6493145075515137,2.1333416924354975,2.0701777572134485,11.26532722069773,3.19975064267497,3.178001450422263,-9.551418236675158,-5.500000000000016,661.1727281513224,False
11,6,12,5.499999999999994,3.0000000000000027,6.0,1.7825555421661476,2.3164977652676,2.3221467878369264,11.918093671600971,3.19975064267497,3.178001450422263,-10.284848610005993,-6.000000000000005,754.5482067458422,False
12,-6,0,6.000000000000005,-3.0000000000000027,0.0,2.723283479466987,3.121983011854368,2.634246855973071,0.273176352565363,-2.3024151854994845,11.974145703939376,-5.590258603976728,-2.220446049250313e-14,400.7448098063429,False
12,-6,1,6.000000000000005,-3.0000000000000027,0.5,2.854556260770841,3.2999829264867997,2.875122468314645,0.9817574318311761,-2.3024151854994845,11.974145703939376,-6.32368897730754,-0.5000000000000115,449.8714606699395,False
12,-6,2,6.000000000000005,-3.0000000000000027,1.0,2.9871550297646374,3.479780820054923,3.1184311676495713,1.6652321071447762,-2.3024151854994845,11.974145703939376,-7.0571193506383745,-1.0000000000000009,506.8702598265985,False
12,-6,3,6.000000000000005,-3.0000000000000027,1.5,3.121099979154307,3.661404072948593,3.364210006064028,2.3374475667475414,-2.3024151854994845,11.974145703939376,-7.79054972396922,-1.5000000000000124,571.5907272617985,False
12,-6,4,6.000000000000005,-3.0000000000000027,2.0,3.2564117137418247,3.844880624341196,3.6124967918092556,3.002543464753593,-2.3024151854994845,11.974145703939376,-8.523980097300043,-2.0000000000000018,644.0348406871695,False
12,-6,5,6.000000000000005,-3.0000000000000027,2.5,3.393111260991777,4.030238986517304,3.8633301086903273,3.662751447499102,-2.3024151854994845,11.974145703939376,-9.257410470630889,-2.5000000000000133,724.2573806343339,False
12,-6,6,6.000000000000005,-3.0000000000000027,3.0,3.5312200819247352,4.217508259643693,4.1167493360547205,4.319509841080249,-2.3024151854994845,11.974145703939376,-9.990840843961745,-3.000000000000025,812.3436448727235,False
12,-6,7,6.000000000000005,-3.0000000000000027,3.5000000000000004,3.6707600823492115,4.4067181469993555,4.372794669402136,4.973840888729586,-2.3024151854994845,11.974145703939376,-10.724271217292557,-3.500000000000014,908.4000897196502,False
12,-6,8,6.000000000000005,-3.0000000000000027,4.0,3.8117536244447745,4.597898970681635,4.631507141638619,5.626518591315199,-2.3024151854994845,11.974145703939376,-11.457701590623392,-4.000000000000026,1012.5494837646196,False
12,-6,9,6.000000000000005,-3.0000000000000027,4.5,3.954223538708895,4.791081687805626,4.892928644997985,6.278155955256959,-2.3024151854994845,11.974145703939376,-12.191131963954227,-4.500000000000015,1124.9280952892982,False
12,-6,10,6.000000000000005,-3.0000000000000027,5.0,4.098193136281042,4.986297907215126,5.157101953655873,6.929255265800349,-2.3024151854994845,11.974145703939376,-12.924562337285039,-5.000000000000004,1245.6839438263246,False
12,-6,11,6.000000000000005,-3.0000000000000027,5.5,4.243686221658188,5.1835799067242005,5.42407074706146,7.58023927939826,-2.3024151854994845,11.974145703939376,-13.657992710615874,-5.500000000000016,1374.9756677628482,False
12,-6,12,6.000000000000005,-3.0000000000000027,6.0,4.3907271058159445,5.3829606509089025,5.69387963401391,8.231471693202508,-2.3024151854994845,11.974145703939376,-14.39142308394672,-6.0000000000000275,1512.9717761799345,False
12,-5,0,6.000000000000005,-2.500000000000002,0.0,2.5234334952009108,2.8892620744256083,2.381599485069552,0.602926199831777,-1.8395557511724947,11.26478504387729,-5.259085956567722,-1.1102230246251565e-14,334.0093976003111,False
12,-5,1,6.000000000000005,-2.500000000000002,0.5,2.653702005227049,3.0660925371111647,2.6212055126327183,1.3115837185616375,-1.8395557511724947,11.26478504387729,-5.992516329898557,-0.5000000000000115,380.5863939867839,False
12,-5,2,6.000000000000005,-2.500000000000002,1.0,2.7852863587888024,3.244709166086479,2.8632318031005632,1.995225176580595,-1.8395557511724947,11.26478504387729,-6.725946703229379,-1.0000000000000009,434.8843955500304,False
12,-5,3,6.000000000000005,-2.500000000000002,1.5,2.9182065941126045,3.4251391618534077,3.1077152132685804,2.6676503556137154,-1.8395557511724947,11.26478504387729,-7.459377076560214,-1.5000000000000013,496.7882988885535,False
12,-5,4,6.000000000000005,-2.500000000000002,2.0,3.05248315836828,3.6074102800261354,3.354693352111787,3.332985005996192,-1.8395557511724947,11.26478504387729,-8.19280744989106,-2.000000000000013,566.3093921510215,False
12,-5,5,6.000000000000005,-2.500000000000002,2.5,3.188136918154777,3.7915508455647338,3.604204600071337,3.9934533605205935,-1.8395557511724947,11.26478504387729,-8.926237823221905,-2.5000000000000244,643.5065404897169,False
12,-5,6,6.000000000000005,-2.500000000000002,3.0,3.325189170310222,3.977589767449091,3.8562881289376962,4.6504889991717535,-1.8395557511724947,11.26478504387729,-9.65966819655274,-3.000000000000025,728.4669023318916,False
12,-5,7,6.000000000000005,-2.500000000000002,3.5000000000000004,3.463661653057942,4.165556553808935,4.110983922351863,5.305110801458701,-1.8395557511724947,11.26478504387729,-10.393098569883552,-3.500000000000014,821.2975906482253,False
12,-5,8,6.000000000000005,-2.500000000000002,4.0,3.603576557500948,4.355481327526678,4.368332796947455,5.9580902185242035,-1.8395557511724947,11.26478504387729,-11.126528943214387,-4.000000000000014,922.1212813035503,False
12,-5,9,6.000000000000005,-2.500000000000002,4.5,3.7449565394774007,4.547394842330482,4.628376424156605,6.610038227107773,-1.8395557511724947,11.26478504387729,-11.859959316545222,-4.500000000000015,1031.073636613513,False
12,-5,10,6.000000000000005,-2.500000000000002,5.0,3.8878247317904346,4.741328499395381,4.8911573527048,7.261455434158592,-1.8395557511724947,11.26478504387729,-12.593389689876055,-5.000000000000016,1148.3016923893092,False
12,-5,11,6.000000000000005,-2.500000000000002,5.5,4.0322047568263635,4.937314364471545,5.156719031819645,7.9127631649007935,-1.8395557511724947,11.26478504387729,-13.32682006320689,-5.500000000000016,1273.9628088615725,False
12,-5,12,6.000000000000005,-2.500000000000002,6.0,4.178120739575436,5.13538518555916,5.425105835180388,8.564323863987156,-1.8395557511724947,11.26478504387729,-14.060250436537736,-6.0000000000000275,1408.2239763821665,False
12,-4,0,6.000000000000005,-2.0000000000000018,0.0,2.325478576550016,2.6583600591853718,2.130370674637466,0.9312739916014223,-1.3768941236021792,10.560836666940032,-4.930440091699517,-1.1102230246251565e-14,275.30599468288074,False
12,-4,1,6.000000000000005,-2.0000000000000018,0.5,2.4547523382412226,2.8340302102365547,2.368714245866804,1.6400154959727686,-1.3768941236021792,10.560836666940032,-5.663870465030341,-0.5000000000000004,319.4077478076779,False
12,-4,2,6.000000000000005,-2.0000000000000018,1.0,2.585331895505072,3.011474807257958,2.609465327916638,2.323830088987111,-1.3768941236021792,10.560836666940032,-6.3973008383611525,-0.9999999999999898,371.08157079029127,False
12,-4,3,6.000000000000005,-2.0000000000000018,1.5,2.7172371335533185,3.1907208722694147,2.852660583388289,2.9964708298452436,-1.3768941236021792,10.560836666940032,-7.13073121169201,-1.5000000000000013,430.2473519731474,False
12,-4,4,6.000000000000005,-2.0000000000000018,2.0,2.850488343418384,3.3717959787605887,3.098337423099451,3.6620497656432383,-1.3768941236021792,10.560836666940032,-7.864161585022833,-2.0000000000000018,496.92559632673624,False
12,-4,5,6.000000000000005,-2.0000000000000018,2.5,2.9851062323589863,3.5547282658311588,3.346534025269193,4.322783823188425,-1.3768941236021792,10.560836666940032,-8.597591958353634,-2.49999999999998,571.1792184730332,False
12,-4,6,6.000000000000005,-2.0000000000000018,3.0,3.1211119345876503,3.7395464527684386,3.5972893552963683,4.980101905947043,-1.3768941236021792,10.560836666940032,-9.331022331684501,-3.0000000000000027,653.0972273247979,False
12,-4,7,6.000000000000005,-2.0000000000000018,3.5000000000000004,3.2585270223316254,3.9262798540781185,3.8506431861528077,5.635019579774214,-1.3768941236021792,10.560836666940032,-10.064452705015336,-3.500000000000003,742.7873959535159,False
12,-4,8,6.000000000000005,-2.0000000000000018,4.0,3.397373517239599,4.114958394984769,4.106636119414031,6.288305784773973,-1.3768941236021792,10.560836666940032,-10.797883078346171,-4.0000000000000036,840.3723195150881,False
12,-4,9,6.000000000000005,-2.0000000000000018,4.5,3.537673902146621,4.305612627419242,4.3653096069502295,6.940569499512961,-1.3768941236021792,10.560836666940032,-11.531313451677017,-4.500000000000015,945.9870723278596,False
12,-4,10,6.000000000000005,-2.0000000000000018,5.0,3.6794511332105486,4.498273746510923,4.626705973302602,7.592309679383957,-1.3768941236021792,10.560836666940032,-12.26474382500784,-5.000000000000004,1059.7777289096741,False
12,-4,11,6.000000000000005,-2.0000000000000018,5.5,3.822728652433882,4.692973607603573,4.890868438769813,8.24394624184741,-1.3768941236021792,10.560836666940032,-12.998174198338674,-5.500000000000005,1181.90039730965,False
12,-4,12,6.000000000000005,-2.0000000000000018,6.0,3.9675304005851233,4.889744743814228,5.157841143231357,8.895840400228504,-1.3768941236021792,10.560836666940032,-13.73160457166952,-6.000000000000016,1312.5205780881333,False
12,-3,0,6.000000000000005,-1.5000000000000013,0.0,2.129398441782188,2.429262948596861,1.8805564048161083,1.2582270203215895,-0.9144287258861628,9.862258552857494,-4.604301391757448,0.0,224.50810687521218,False
12,-3,1,6.000000000000005,-1.5000000000000013,0.5,2.2576868761630067,2.6037818578862892,2.1176446279558894,1.967059894245482,-0.9144287258861628,9.862258552857494,-5.337731765088294,-0.5000000000000115,266.2078042646611,False
12,-3,2,6.000000000000005,-1.5000000000000013,1.0,2.3872711533153455,2.7800635844412778,2.357127681632437,2.6510538346587564,-0.9144287258861628,9.862258552857494,-6.071162138419107,-1.0000000000000009,315.33280774321963,False
12,-3,3,6.000000000000005,-1.5000000000000013,1.5,2.5181710068854724,2.9581349731947815,2.5990420353462995,3.323915848836534,-0.9144287258861628,9.862258552857494,-6.804592511749929,-1.4999999999999902,371.83762002211256,False
12,-3,4,6.000000000000005,-1.5000000000000013,2.0,2.6504065732471327,3.138023416935576,2.8434249028735756,3.989744477258683,-0.9144287258861628,9.862258552857494,-7.538022885080775,-2.0000000000000018,435.75187118502157,False
12,-3,5,6.000000000000005,-1.5000000000000013,2.5,2.7839984018278807,3.3197568703557554,3.090314261349852,4.650749446194369,-0.9144287258861628,9.862258552857494,-8.27145325841161,-2.500000000000002,507.1424909678199,False
12,-3,6,6.000000000000005,-1.5000000000000013,3.0,2.9189674657548403,3.5033638645328544,3.339748870944448,5.308355050804714,-0.9144287258861628,9.862258552857494,-9.004883631742421,-2.9999999999999916,586.1003289213288,False
12,-3,7,6.000000000000005,-1.5000000000000013,3.5000000000000004,3.055335172831286,3.6888735218620408,3.5917682951462195,5.96357359235411,-0.9144287258861628,9.862258552857494,-9.738314005073278,-3.500000000000003,672.7338217366575,False
12,-3,8,6.000000000000005,-1.5000000000000013,4.0,3.1931233768564438,3.8763155714550637,3.846412921683451,6.6171715378019025,-0.9144287258861628,9.862258552857494,-10.471744378404091,-3.9999999999999925,767.1654957905339,False
12,-3,9,6.000000000000005,-1.5000000000000013,4.5,3.332354389300729,4.06572036502289,4.103723984100643,7.269755898389207,-0.9144287258861628,9.862258552857494,-11.205174751734926,-4.499999999999993,869.5298551790884,False
12,-3,10,6.000000000000005,-1.5000000000000013,5.0,3.473050991349674,4.257118893259854,4.3637435840169605,7.921824004118161,-0.9144287258861628,9.862258552857494,-11.938605125065793,-5.000000000000016,979.9720352819303,False
12,-3,11,6.000000000000005,-1.5000000000000013,5.5,3.6152364463303552,4.450542802748004,4.626514714091129,8.573794387632594,-0.9144287258861628,9.862258552857494,-12.672035498396628,-5.500000000000016,1098.6469176066041,False
12,-3,12,6.000000000000005,-1.5000000000000013,6.0,3.7589345125342453,4.646024413400918,4.892081281719274,9.226027051621255,-0.9144287258861628,9.862258552857494,-13.40546587172743,-5.999999999999995,1225.7185414735613,False
12,-2,0,6.000000000000005,-1.0000000000000009,0.0,1.935173014324798,2.2019567620489955,1.6321525276484283,1.5837925429983413,-0.4521580076169429,9.169008846282134,-4.280650316122692,0.0,181.49129117099662,False
12,-2,1,6.000000000000005,-1.0000000000000009,0.5,2.062485441532458,2.37533342919497,1.8679924900989242,2.2927240117541547,-0.4521580076169429,9.169008846282134,-5.014080689453515,-0.49999999999998934,220.860913538411,False
12,-2,2,6.000000000000005,-1.0000000000000009,1.0,2.191083852853332,2.550461375807073,2.106214674392354,2.9769033751831486,-0.4521580076169429,9.169008846282134,-5.7475110627843495,-1.0000000000000009,267.5112141936868,False
12,-2,3,6.000000000000005,-1.0000000000000009,1.5,2.3209878318018298,2.7273672711157326,2.346855358018707,3.649992246173306,-0.4521580076169429,9.169008846282134,-6.480941436115195,-1.5000000000000124,321.4309401382401,False
12,-2,4,6.000000000000005,-1.0000000000000009,2.0,2.452217361555914,2.906078328621431,2.589951558824921,4.316075851389911,-0.4521580076169429,9.169008846282134,-7.214371809446007,-2.0000000000000018,382.65875671297033,False
12,-2,5,6.000000000000005,-1.0000000000000009,2.5,2.5847928352049134,3.0866223200502585,2.8355410539983863,4.977356819953727,-0.4521580076169429,9.169008846282134,-7.947802182776864,-2.5000000000000133,451.26557518138037,False
12,-2,6,6.000000000000005,-1.0000000000000009,3.0,2.7187350663142262,3.269027589741247,3.0836623996375656,5.635254905590115,-0.4521580076169429,9.169008846282134,-8.681232556107698,-3.0000000000000027,527.3440761958831,False
12,-2,7,6.000000000000005,-1.0000000000000009,3.5000000000000004,2.8540652998184424,3.4533230694808403,3.3343549509310066,6.290779193054652,-0.4521580076169429,9.169008846282134,-9.4146629294385,-3.499999999999992,611.0033636497316,False
12,-2,8,6.000000000000005,-1.0000000000000009,4.0,2.990805223254994,3.639538293801042,3.587658882967115,6.944693713284744,-0.4521580076169429,9.169008846282134,-10.148093302769357,-4.0000000000000036,702.3659069804318,False
12,-2,9,6.000000000000005,-1.0000000000000009,4.5,3.128976978350578,3.8277034157581156,3.84361521219731,7.597603540401487,-0.4521580076169429,9.169008846282134,-10.88152367610019,-4.500000000000015,801.5656576420349,False
12,-2,10,6.000000000000005,-1.0000000000000009,5.0,3.268603172973472,4.017849223209474,4.102265818577299,8.250004404623112,-0.4521580076169429,9.169008846282134,-11.614954049431015,-5.000000000000004,908.7468337585173,False
12,-2,11,6.000000000000005,-1.0000000000000009,5.5,3.409706893465392,4.210007155607409,4.363653468411044,8.902313476221767,-0.4521580076169429,9.169008846282134,-12.34838442276186,-5.500000000000016,1024.063115602633,False
12,-2,12,6.000000000000005,-1.0000000000000009,6.0,3.552311717366802,4.404209321328723,4.627821837923868,9.554889567474344,-0.4521580076169429,9.169008846282134,-13.081814796092694,-6.000000000000005,1147.6771094234314,False
12,-1,0,6.000000000000005,-0.5000000000000004,0.0,1.7427824221461052,1.9764275589665037,1.3851547717797619,1.9079777809965615,0.009919555623327803,8.481045863412785,-3.959467404264727,-1.1102230246251565e-14,146.13312975304981,False
12,-1,1,6.000000000000005,-0.5000000000000004,0.5,1.8691280624583972,2.148670913534173,1.6197535394771478,2.6170149147705546,0.009919555623327803,8.481045863412785,-4.692897777595539,-0.5000000000000004,183.24346774616615,False
12,-1,2,6.000000000000005,-0.5000000000000004,1.0,1.9967499213597084,2.3226540999661704,1.8567219916967304,3.301385643063992,0.009919555623327803,8.481045863412785,-5.4263281509263965,-1.000000000000012,227.4919572610716,False
12,-1,3,6.000000000000005,-0.5000000000000004,1.5,2.1256674336508743,2.498403613163963,2.096096215004828,3.974706829178243,0.009919555623327803,8.481045863412785,-6.159758524257208,-1.5000000000000013,278.90122661606233,False
12,-1,4,6.000000000000005,-0.5000000000000004,2.0,2.255900430761332,2.675946488741338,2.3379130324283235,4.641050575040739,0.009919555623327803,8.481045863412785,-6.893188897588043,-2.0000000000000018,337.5188883538777,False
12,-1,5,6.000000000000005,-0.5000000000000004,2.5,2.38746915091908,2.855310316888726,2.5822100223382103,5.302612514005767,0.009919555623327803,8.481045863412785,-7.626619270918877,-2.500000000000002,403.41980242411046,False
12,-1,6,6.000000000000005,-0.5000000000000004,3.0,2.5203942496351663,3.0365232566665123,2.8290255379172846,5.960807923922218,0.009919555623327803,8.481045863412785,-8.36004964424969,-2.9999999999999916,476.698471341967,False
12,-1,7,6.000000000000005,-0.5000000000000004,3.5000000000000004,2.654696810514101,3.219614050742503,3.078398727232906,6.616642720163735,0.009919555623327803,8.481045863412785,-9.093480017580546,-3.500000000000003,557.464669841845,False
12,-1,8,6.000000000000005,-0.5000000000000004,4.0,2.7903983564021906,3.40461204059011,3.3303695539372513,7.270878534016489,0.009919555623327803,8.481045863412785,-9.826910390911381,-4.0000000000000036,645.8408221685501,False
12,-1,9,6.000000000000005,-0.5000000000000004,4.5,2.927520860885985,3.5915471821638842,3.584978818617551,7.924118532062341,0.009919555623327803,8.481045863412785,-10.560340764242193,-4.499999999999993,741.9603445181201,False
12,-1,10,6.000000000000005,-0.5000000000000004,5.0,3.0660867601538024,3.7804500620700066,3.842268180820807,8.576856869800142,0.009919555623327803,8.481045863412785,-11.293771137573039,-5.000000000000004,845.9665593696762,False
12,-1,11,6.000000000000005,-0.5000000000000004,5.5,3.2061189652339728,3.9713519142502705,4.1022801817775285,9.229509377086087,0.009919555623327803,8.481045863412785,-12.027201510903874,-5.500000000000005,958.0119707367304,False
12,-1,12,6.000000000000005,-0.5000000000000004,6.0,3.3476408746235196,4.164284637198412,4.365058267850818,9.882433695557413,0.009919555623327803,8.481045863412785,-12.760631884234709,-6.000000000000005,1078.257779585357,False
12,0,0,6.000000000000005,0.0,0.0,1.5522069970321435,1.7526614417586017,1.1395587470489577,2.2307899198963366,0.4718054627401491,7.798328098237861,-3.640733278655972,0.0,118.3132040019389,False
12,0,1,6.000000000000005,0.0,0.5,1.6775949718915995,1.9237803434759837,1.3729233638683003,2.939939637226252,0.4718054627401491,7.798328098237861,-4.374163651986807,-0.5000000000000115,153.23387481742847,False
12,0,2,6.000000000000005,0.0,1.0,1.804249491951665,2.096627718948091,1.6086451990393547,3.6245075414041095,0.4718054627401491,7.798328098237861,-5.107594025317641,-1.0000000000000009,195.15223712858148,False
12,0,3,6.000000000000005,0.0,1.5,1.9321898447026864,2.271229890110255,1.846760149288279,4.298066378521659,0.4718054627401491,7.798328098237861,-5.841024398648487,-1.5000000000000124,244.12444451741342,False
12,0,4,6.000000000000005,0.0,2.0,2.0614357112572868,2.447613716080216,2.087304843927501,4.964675311210054,0.4718054627401491,7.798328098237861,-6.574454771979288,-2.0000000000000018,300.20697042330534,False
12,0,5,6.000000000000005,0.0,2.5,2.1920071764432167,2.6258066069319073,2.330316663639953,5.626523076482548,0.4718054627401491,7.798328098237861,-7.3078851453101334,-2.5000000000000133,363.47859136133036,False
12,0,6,6.000000000000005,0.0,3.0,2.3239247392083993,2.8058365378954786,2.5758337598442926,6.285020540592812,0.4718054627401491,7.798328098237861,-8.041315518640967,-3.0000000000000027,434.0356227555613,False
12,0,7,6.000000000000005,0.0,3.5000000000000004,2.4572093233493684,2.987732063998566,2.8238950746621247,6.941170495728,0.4718054627401491,7.798328098237861,-8.774745891971813,-3.500000000000014,511.9885138701011,False
12,0,8,6.000000000000005,0.0,4.0,2.5918822885751425,3.171522335165217,3.0745403615093316,7.595732209162631,0.4718054627401491,7.798328098237861,-9.508176265302637,-4.0000000000000036,597.4596554068884,False
12,0,9,6.000000000000005,0.0,4.5,2.7279654419184785,3.357237111789119,3.327810206333992,8.249306968911796,0.4718054627401491,7.798328098237861,-10.241606638633483,-4.500000000000015,690.5819454909998,False
12,0,10,6.000000000000005,0.0,5.0,2.8654810495075234,3.5449067807985344,3.583746049525222,8.902387380291565,0.4718054627401491,7.798328098237861,-10.975037011964305,-5.000000000000004,791.4978322964246,False
12,0,11,6.000000000000005,0.0,5.5,3.004451848711259,3.7345623722313315,3.842390208517421,9.555387954223171,0.4718054627401491,7.798328098237861,-11.708467385295119,-5.499999999999994,900.3586682238528,False
12,0,12,6.000000000000005,0.0,6.0,3.144901060672489,3.9262355763389434,4.10378590111592,10.208665181037269,0.4718054627401491,7.798328098237861,-12.441897758625986,-6.0000000000000275,1017.3242763678605,False
12,1,0,6.000000000000005,0.49999999999998934,0.0,1.3634272738139164,1.5306445586585726,0.8953599489702702,2.5522361093249346,0.9335011876127508,7.12081422851103,-3.3244286475616724,0.0,97.91306852233014,False
12,1,1,6.000000000000005,0.49999999999998934,0.5,1.4878666068481565,1.7006477976468037,1.127497436151026,3.2615051804536055,0.9335011876127508,7.12081422851103,-4.057859020892485,-0.49999999999998934,130.71253238349314,False
12,1,2,6.000000000000005,0.49999999999998934,1.0,1.6135629028423415,1.8723682410692721,1.3619797464346217,3.9462759435705763,0.9335011876127508,7.12081422851103,-4.79128939422332,-1.0000000000000009,170.37126078287076,False
12,1,3,6.000000000000005,0.49999999999998934,1.5,1.7405353033643822,2.045832039247281,1.5988425877870749,4.62007764781458,0.9335011876127508,7.12081422851103,-5.524719767554154,-1.4999999999999902,216.97858325381722,False
12,1,4,6.000000000000005,0.49999999999998934,2.0,1.868803340626446,2.2210658761822213,1.838122396908437,5.2869566984168115,0.9335011876127508,7.12081422851103,-6.258150140885011,-2.0000000000000018,270.59974952865707,False
12,1,5,6.000000000000005,0.49999999999998934,2.5,1.998386947501446,2.398096983239567,2.079856357918225,5.949095033565177,0.9335011876127508,7.12081422851103,-6.991580514215833,-2.5000000000000133,331.31742126522226,False
12,1,6,6.000000000000005,0.49999999999998934,3.0,2.129306467849401,2.576953153256273,2.324082421618845,6.607899170954035,0.9335011876127508,7.12081422851103,-7.725010887546668,-3.0000000000000027,399.2297181151838,False
12,1,7,6.000000000000005,0.49999999999998934,3.5000000000000004,2.2615826671646797,2.7576627550866153,2.5708393253577877,7.264368824872003,0.9335011876127508,7.12081422851103,-8.458441260877503,-3.500000000000014,474.4477676039447,False
12,1,8,6.000000000000005,0.49999999999998934,4.0,2.395236743556156,2.9402547486026833,2.8201666135106995,7.919260933508543,0.9335011876127508,7.12081422851103,-9.191871634208336,-4.0000000000000036,557.0939384406192,False
12,1,9,6.000000000000005,0.49999999999998934,4.5,2.5302903390721667,3.124758700166047,3.072104658607616,8.573174934692718,0.9335011876127508,7.12081422851103,-9.925302007539171,-4.500000000000015,647.3006276686442,False
12,1,10,6.000000000000005,0.49999999999998934,5.0,2.6667655513830715,3.3112047985879745,3.3266946831266075,9.226601907580756,0.9335011876127508,7.12081422851103,-10.658732380870006,-5.000000000000004,745.2094302264471,False
12,1,11,6.000000000000005,0.49999999999998934,5.5,2.804684945834829,3.4996238715963743,3.5839787819791304,9.879955065179002,0.9335011876127508,7.12081422851103,-11.392162754200818,-5.499999999999994,850.9705712214028,False
12,1,12,6.000000000000005,0.49999999999998934,6.0,2.944071567887141,3.690047402828273,3.8439999457130614,10.533589765417318,0.9335011876127508,7.12081422851103,-12.125593127531653,-6.000000000000005,964.7425229142783,False
12,2,0,6.000000000000005,1.0000000000000009,0.0,1.176423989521519,1.3103631063962506,0.6525537630905132,2.8723234628216687,1.3950081795756075,6.448463121363046,-3.0105343076597624,0.0,84.8162251995599,False
12,2,1,6.000000000000005,1.0000000000000009,0.5,1.2999236075593141,1.4792594034133133,0.8834711186839317,3.5817185129628504,1.3950081795756075,6.448463121363046,-3.743964680990597,-0.5000000000000004,115.56180169334023,False
12,2,2,6.000000000000005,1.0000000000000009,1.0,1.4246706964863853,1.6498617236325785,1.1167209728187022,4.26669769289747,1.3950081795756075,6.448463121363046,-4.477395054321443,-1.000000000000012,153.03021577644864,False
12,2,3,6.000000000000005,1.0000000000000009,1.5,1.5506842533213412,1.8221960471027865,1.352338845777168,4.940747363242659,1.3950081795756075,6.448463121363046,-5.210825427652255,-1.5000000000000013,197.34363018822904,False
12,2,4,6.000000000000005,1.0000000000000009,2.0,1.6779836627770606,1.9962888840778126,1.5903609827454201,5.607901350266253,1.3950081795756075,6.448463121363046,-5.94425580098309,-2.0000000000000018,248.57598800462944,False
12,2,5,6.000000000000005,1.0000000000000009,2.5,1.8065887072015563,2.1721672886115426,1.8308243724005246,6.270334888984452,1.3950081795756075,6.448463121363046,-6.677686174313946,-2.5000000000000133,306.81380527926865,False
12,2,6,6.000000000000005,1.0000000000000009,3.0,1.9365195768263122,2.3498588725734626,2.0737667660727044,6.929450210353338,1.3950081795756075,6.448463121363046,-7.411116547644769,-3.0000000000000138,372.1569974710536,False
12,2,7,6.000000000000005,1.0000000000000009,3.5000000000000004,2.0677968803331783,2.529391820099752,2.3192266975031126,7.586243995166009,1.3950081795756075,6.448463121363046,-8.144546920975593,-3.500000000000003,444.7173741351047,False
12,2,8,6.000000000000005,1.0000000000000009,4.0,2.200441655751578,2.7107949024960942,2.5672435032192853,8.24147088675915,1.3950081795756075,6.448463121363046,-8.877977294306438,-4.000000000000014,524.6172934351501,False
12,2,9,6.000000000000005,1.0000000000000009,4.5,2.3344753816979313,2.8940974936086383,2.8178573435502785,8.895728500580091,1.3950081795756075,6.448463121363046,-9.611407667637273,-4.500000000000015,611.9886681239766,False
12,2,10,6.000000000000005,1.0000000000000009,5.0,2.4699199889700205,3.079329585680263,3.0711092243058067,9.549506413148933,1.3950081795756075,6.448463121363046,-10.344838040968106,-5.000000000000016,706.9722607049432,False
12,2,11,6.000000000000005,1.0000000000000009,5.5,2.606797872509542,3.2665218057103207,3.3270410191434063,10.203216560128503,1.3950081795756075,6.448463121363046,-11.078268414298941,-5.500000000000016,809.7171929869533,False
12,2,12,6.000000000000005,1.0000000000000009,6.0,2.7451319037462953,3.455705432336437,3.5856954926494877,10.857213185539605,1.3950081795756075,6.448463121363046,-11.811698787629755,-6.000000000000005,920.3806130641719,False
12,3,0,6.000000000000005,1.4999999999999902,0.0,0.9911780824621019,1.0918033327668164,0.41113546925952704,3.191059057722878,1.8563278638756842,5.781233838640265,-2.699031146533293,-1.1102230246251565e-14,78.9080973088613,False
12,3,1,6.000000000000005,1.4999999999999902,0.5,1.113746816544825,1.2596013394641337,0.6408396675975148,3.900586570241793,1.8563278638756842,5.781233838640265,-3.4324615198641273,-0.5000000000000115,107.66598157913701,False
12,3,2,6.000000000000005,1.4999999999999902,1.0,1.2375536186485903,1.4290942755220415,0.8728641103631585,4.585779602413775,1.8563278638756842,5.781233838640265,-4.16589189319494,-1.0000000000000009,143.01224403697708,False
12,3,3,6.000000000000005,1.4999999999999902,1.5,1.3626173426011219,1.600307952047525,1.1072441312279413,5.260082223227114,1.8563278638756842,5.781233838640265,-4.899322266525774,-1.5000000000000013,185.10154428105213,False
12,3,4,6.000000000000005,1.4999999999999902,2.0,1.4889572270021438,1.773268706904918,1.3440157849586964,5.927515855046939,1.8563278638756842,5.781233838640265,-5.632752639856609,-2.0000000000000018,234.01643739043632,False
12,3,5,6.000000000000005,1.4999999999999902,2.5,1.6165929050893313,1.948003418222377,1.583215865907206,6.5902491235541705,1.8563278638756842,5.781233838640265,-6.3661830131874435,-2.500000000000002,289.84726372192495,False
12,3,6,6.000000000000005,1.4999999999999902,3.0,1.745544414909389,2.124539518316315,1.824881927071681,7.249680033602668,1.8563278638756842,5.781233838640265,-7.099613386518278,-3.0000000000000027,352.6957263709461,False
12,3,7,6.000000000000005,1.4999999999999902,3.5000000000000004,1.8758322098052838,2.3029050080485227,2.0690522997507954,7.906802276030467,1.8563278638756842,5.781233838640265,-7.833043759849101,-3.500000000000003,422.6743207216982,False
12,3,8,6.000000000000005,1.4999999999999902,4.0,2.007477169231353,2.483128471632101,2.315766113812007,8.56236823287697,1.8563278638756842,5.781233838640265,-8.566474133179936,-4.0000000000000036,499.90540573473584,False
12,3,9,6.000000000000005,1.4999999999999902,4.5,2.1405006099079635,2.665239091902427,2.5650633185963665,9.21697372445156,1.8563278638756842,5.781233838640265,-9.29990450651077,-4.5000000000000036,584.5204264644947,False
12,3,10,6.000000000000005,1.4999999999999902,5.0,2.274924297328529,2.8492666660703323,2.816984704483716,9.871106847675271,1.8563278638756842,5.781233838640265,-10.033334879841627,-5.000000000000016,676.6593335117993,False
12,3,11,6.000000000000005,1.4999999999999902,5.5,2.41077045763185,3.0352416219754708,3.071571925142363,10.525178281002944,1.8563278638756842,5.781233838640265,-10.76676525317245,-5.500000000000016,776.470169059637,False
12,3,12,6.000000000000005,1.4999999999999902,6.0,2.5480617898533007,3.223195034858317,3.328867520488865,11.179541172635643,1.8563278638756842,5.781233838640265,-11.500195626503285,-6.000000000000016,884.1087833356271,False
12,4,0,6.000000000000005,2.0000000000000018,0.0,0.8076706912564707,0.8749515390609364,0.17110024578723682,3.5084499350395593,2.3174616421425265,5.119085641955512,-2.3899001450283786,-1.1102230246251565e-14,80.07600369142988,False
12,4,1,6.000000000000005,2.0000000000000018,0.5,0.9293172776446951,1.0416598382521958,0.3995982369720985,4.218116254550641,2.3174616421425265,5.119085641955512,-3.123330518359224,-0.5000000000000226,106.911282485354,False
12,4,2,6.000000000000005,2.0000000000000018,1.0,1.0521926174307805,1.2100520596575182,0.6304042886739802,4.903528454568895,2.3174616421425265,5.119085641955512,-3.8567608916900475,-1.000000000000012,140.20241573726653,False
12,4,3,6.000000000000005,2.0000000000000018,1.5,1.176315422595406,1.380153846762372,0.8635535490225721,5.5780888980851095,2.3174616421425265,5.119085641955512,-4.590191265020871,-1.5000000000000124,180.13622979403058,False
12,4,4,6.000000000000005,2.0000000000000018,2.0,1.3017047869963994,1.5519913663887164,1.0990818834563598,6.245806775328044,2.3174616421425265,5.119085641955512,-5.323621638351728,-2.000000000000024,226.8038119621113,False
12,4,5,6.000000000000005,2.0000000000000018,2.5,1.428380196160478,1.7255913221137842,1.3370258931151124,6.908844194706387,2.3174616421425265,5.119085641955512,-6.05705201168254,-2.5000000000000133,280.2992974426091,False
12,4,6,6.000000000000005,2.0000000000000018,3.0,1.5563615373778066,1.9009809681040657,1.5774229338012813,7.568594994451661,2.3174616421425265,5.119085641955512,-6.790482385013375,-3.0000000000000138,340.72616903560146,False
12,4,7,6.000000000000005,2.0000000000000018,3.5000000000000004,1.6856691101103327,2.078188123379221,1.820311135530811,8.226049918146593,2.3174616421425265,5.119085641955512,-7.5239127583442205,-3.5000000000000253,408.1976117791167,False
12,4,8,6.000000000000005,2.0000000000000018,4.0,1.8163236367254865,2.2572411865218136,2.0657294226950396,8.881959119429506,2.3174616421425265,5.119085641955512,-8.257343131675022,-4.0000000000000036,482.835996665147,False
12,4,9,6.000000000000005,2.0000000000000018,4.5,1.948346273566992,2.438169150849151,2.313717534855747,9.536916650168315,2.3174616421425265,5.119085641955512,-8.990773505005855,-4.5000000000000036,564.7723174430428,False
12,4,10,6.000000000000005,2.0000000000000018,5.0,2.0817586223752347,2.621001620064145,2.564316048197096,10.19140915024992,2.3174616421425265,5.119085641955512,-9.724203878336702,-5.000000000000016,654.1457330770285,False
12,4,11,6.000000000000005,2.0000000000000018,5.5,2.216582742070339,2.80576882440311,2.817566397658461,10.845846060632457,2.3174616421425265,5.119085641955512,-10.457634251667558,-5.500000000000027,751.1032294768733,False
12,4,12,6.000000000000005,2.0000000000000018,6.0,2.35284116091114,2.992501637298872,3.0735108997736624,11.500579451395065,2.3174616421425265,5.119085641955512,-11.19106462499837,-6.000000000000016,855.7993849398848,False
12,5,0,6.000000000000005,2.499999999999991,0.0,0.6258831537893028,0.6597940823681758,-0.06755682650920747,3.8245030993890428,2.7784108928308626,4.461977997409483,-2.083122379458524,0.0,88.20913301289428,False
12,5,1,6.000000000000005,2.499999999999991,0.5,0.7466162349641231,0.8254211883097273,0.1597418829053232,4.534314434773901,2.7784108928308626,4.461977997409483,-2.8165527527893586,-0.5000000000000115,113.18580057756138,False
12,5,2,6.000000000000005,2.499999999999991,1.0,0.8685688422114202,0.9927212953213971,0.3893365388795922,5.219951001016798,2.7784108928308626,4.461977997409483,-3.549983126120171,-1.0000000000000009,144.48770324248807,False
12,5,3,6.000000000000005,2.499999999999991,1.5,0.9917595469942198,1.161719880576828,0.6212621050667944,5.894774029751426,2.7784108928308626,4.461977997409483,-4.283413499451017,-1.5000000000000124,182.33351006902257,False
12,5,4,6.000000000000005,2.499999999999991,2.0,1.1162072997850019,1.3324429411920247,0.8555542586640708,6.562780647620059,2.7784108928308626,4.461977997409483,-5.016843872781873,-2.000000000000024,226.8227623373773,False
12,5,5,6.000000000000005,2.499999999999991,2.5,1.241931439783897,1.5049170075571106,1.0922494087085066,7.2261265360921145,2.7784108928308626,4.461977997409483,-5.750274246112674,-2.499999999999991,278.0533612479687,False
12,5,6,6.000000000000005,2.499999999999991,3.0,1.3689517049374293,1.6791691570806067,1.3313847149389713,7.88620142512888,2.7784108928308626,4.461977997409483,-6.48370461944352,-3.0000000000000027,336.13056160215655,False
12,5,7,6.000000000000005,2.499999999999991,3.5000000000000004,1.4972882422687073,1.8552270283608174,1.5729981072443389,8.54399315293708,2.7784108928308626,4.461977997409483,-7.2171349927743655,-3.500000000000014,401.1682419366288,False
12,5,8,6.000000000000005,2.499999999999991,4.0,1.6269616185305202,2.033118835800191,1.8171283057195786,9.2002496770073,2.7784108928308626,4.461977997409483,-7.950565366105189,-4.0000000000000036,473.28879639963003,False
12,5,9,6.000000000000005,2.499999999999991,4.5,1.7579928311929949,2.2128733846787263,2.063814841351619,9.855563306930627,2.7784108928308626,4.461977997409483,-8.683995739436035,-4.500000000000015,552.622783629611,False
12,5,10,6.000000000000005,2.499999999999991,5.0,1.8904033197782166,2.3945200867033503,2.313098077358738,10.510419247663716,2.7784108928308626,4.461977997409483,-9.417426112766847,-5.000000000000004,639.3085909548183,False
12,5,11,6.000000000000005,2.499999999999991,5.5,2.024214977554817,2.578088976050985,2.5650192312071995,11.16522572196712,2.7784108928308626,4.461977997409483,-10.15085648609767,-5.499999999999994,733.4921710471863,False
12,5,12,6.000000000000005,2.499999999999991,6.0,2.1594501636056416,2.7636107259235985,2.819620397330641,11.82033373911624,2.7784108928308626,4.461977997409483,-10.884286859428538,-6.0000000000000275,835.3268558496275,False
12,6,0,6.000000000000005,3.0000000000000027,0.0,0.4457970061250205,0.44631737778393354,-0.3048407603346237,4.139225518907974,3.2391769716599184,3.8098705801071997,-1.77867902371317,-1.1102230246251565e-14,103.19851812051309,False
12,6,1,6.000000000000005,3.0000000000000027,0.5,0.5656251317839395,0.6108717364662675,-0.07873443249710732,4.849187946255706,3.2391769716599184,3.8098705801071997,-2.512109397043971,-0.49999999999998934,126.3794919476411,False
12,6,2,6.000000000000005,3.0000000000000027,1.0,0.6866636425505279,0.7770882603878204,0.1496557976417956,5.535053962386294,3.2391769716599184,3.8098705801071997,-3.245539770374817,-1.0000000000000009,155.75695515180794,False
12,6,3,6.000000000000005,3.0000000000000027,1.5,0.808930970685301,0.9449922617095763,0.3803647103201746,6.210144231487247,3.2391769716599184,3.8098705801071997,-3.9789701437056846,-1.5000000000000235,191.58110139927538,False
12,6,4,6.000000000000005,3.0000000000000027,2.0,0.9324459246173672,1.1146095691672853,0.6134277955769096,6.878443982025173,3.2391769716599184,3.8098705801071997,-4.712400517036485,-2.0000000000000018,233.95984917121788,False
12,6,5,6.000000000000005,3.0000000000000027,2.5,1.0572276985897604,1.285966541316863,0.848881271451668,7.54210255717378,3.2391769716599184,3.8098705801071997,-5.44583089036732,-2.500000000000002,282.9948374170583,False
12,6,6,6.000000000000005,3.0000000000000027,3.0,1.1832958826031166,1.4590900801896345,1.086762102747818,8.202505635875923,3.2391769716599184,3.8098705801071997,-6.179261263698166,-3.0000000000000138,338.7930854546594,False
12,6,7,6.000000000000005,3.0000000000000027,3.5000000000000004,1.3106704726684126,1.6340076453719654,1.32710802037862,8.860638192041147,3.2391769716599184,3.8098705801071997,-6.912691637028989,-3.500000000000003,401.4691691792652,False
12,6,8,6.000000000000005,3.0000000000000027,4.0,1.4393718813802248,1.810747268524937,1.569957541318101,9.517246018639568,3.2391769716599184,3.8098705801071997,-7.646122010359813,-4.0000000000000036,471.145516908416,False
12,6,9,6.000000000000005,3.0000000000000027,4.5,1.5694209488220145,1.9893375683601444,1.8153499891784108,10.172919708631213,3.2391769716599184,3.8098705801071997,-8.379552383690669,-4.500000000000015,547.9522681647551,False
12,6,10,6.000000000000005,3.0000000000000027,5.0,1.7008389538158142,2.169807766088355,2.063325515437242,10.82814305369848,3.2391769716599184,3.8098705801071997,-9.11298275702148,-5.000000000000004,632.0270583773976,False
12,6,11,6.000000000000005,3.0000000000000027,5.5,1.8336476255291223,2.3521877013586656,2.313925121339028,11.483323077301954,3.2391769716599184,3.8098705801071997,-9.846413130352305,-5.499999999999994,723.5148297010603,False
12,6,12,6.000000000000005,3.0000000000000027,6.0,1.9678691554521455,2.5365078487063153,2.5671906804950906,12.13880974486148,3.2391769716599184,3.8098705801071997,-10.57984350368315,-6.000000000000005,822.5676929432439,False
