case,weighting,year,body,age,birth_year,raw_mass,share_within_13plus
fixed_body_split,fleet,2024,Car,13,2011,5200.266162204724,0.05028554750025327
fixed_body_split,fleet,2024,Car,14,2010,4650.029382677165,0.04496486643311558
fixed_body_split,fleet,2024,Car,15,2009,4295.250242519685,0.041534222164529844
fixed_body_split,fleet,2024,Car,16,2008,5050.494800000001,0.048837287985565234
fixed_body_split,fleet,2024,Car,17,2007,5123.368931496063,0.04954196645520173
fixed_body_split,fleet,2024,Car,18,2006,4619.374299212599,0.044668437825886725
fixed_body_split,fleet,2024,Car,19,2005,3937.662204724409,0.03807641641013107
fixed_body_split,fleet,2024,Car,20,2004,3284.39005511811,0.0317594036486741
fixed_body_split,fleet,2024,Car,21,2003,2799.7959968503947,0.02707347474132938
fixed_body_split,fleet,2024,Car,22,2002,2485.7039519685036,0.024036266654337193
fixed_body_split,fleet,2024,Car,23,2001,2126.4718110236226,0.020562562746950473
fixed_body_split,fleet,2024,Car,24,2000,1833.9863740157493,0.01773428629397058
fixed_body_split,fleet,2024,Car,25,1999,1481.2635299212598,0.014323526002497708
fixed_body_split,fleet,2024,Car,26,1998,1128.0166535433075,0.010907698422263112
fixed_body_split,fleet,2024,Car,27,1997,926.3128346456689,0.008957262300382091
fixed_body_split,fleet,2024,Car,28,1996,771.2097007874016,0.007457445606045553
fixed_body_split,fleet,2024,Car,29,1995,634.772522834646,0.006138125021532421
fixed_body_split,fleet,2024,Car,30,1994,534.2622322834645,0.005166210347912544
fixed_body_split,fleet,2024,Car,31,1993,406.1093267716536,0.003926997042977108
fixed_body_split,fleet,2024,Car,32,1992,312.35648031496083,0.0030204255201488925
fixed_body_split,fleet,2024,Car,33,1991,246.83897637795275,0.0023868841871557234
fixed_body_split,fleet,2024,Car,34,1990,228.794872440945,0.0022124012631433835
fixed_body_split,fleet,2024,Car,35,1989,170.19303070866135,0.001645733018843033
fixed_body_split,fleet,2024,Car,36,1988,126.10809763779528,0.0012194404163427285
fixed_body_split,fleet,2024,Car,37,1987,97.78395669291345,0.0009455515632606635
fixed_body_split,fleet,2024,Car,38,1986,82.52258188976379,0.0007979770807927142
fixed_body_split,fleet,2024,Car,39,1985,37.95172283464574,0.0003669856699236569
fixed_body_split,fleet,2024,Car,40,1984,0.0,0.0
fixed_body_split,fleet,2024,Car,41,1983,0.0,0.0
fixed_body_split,fleet,2024,Car,42,1982,0.0,0.0
fixed_body_split,fleet,2024,Car,43,1981,0.0,0.0
fixed_body_split,fleet,2024,Car,44,1980,0.0,0.0
fixed_body_split,fleet,2024,Car,45,1979,0.0,0.0
fixed_body_split,fleet,2024,SUV,13,2011,3289.0068771691085,0.03180404740676345
fixed_body_split,fleet,2024,SUV,14,2010,2763.5567898765576,0.026723048761809552
fixed_body_split,fleet,2024,SUV,15,2009,2173.6146102345656,0.021018424311546182
fixed_body_split,fleet,2024,SUV,16,2008,2604.115341763631,0.02518128142480991
fixed_body_split,fleet,2024,SUV,17,2007,3180.92244130223,0.030758892242721284
fixed_body_split,fleet,2024,SUV,18,2006,3000.626266072938,0.029015463810249904
fixed_body_split,fleet,2024,SUV,19,2005,2901.159024519475,0.02805363521458909
fixed_body_split,fleet,2024,SUV,20,2004,2669.3188372921477,0.025811786358463477
fixed_body_split,fleet,2024,SUV,21,2003,2327.1156356011497,0.022502748932949103
fixed_body_split,fleet,2024,SUV,22,2002,2020.7033495164544,0.019539802597902157
fixed_body_split,fleet,2024,SUV,23,2001,1808.6298262974385,0.017489093481725948
fixed_body_split,fleet,2024,SUV,24,2000,1580.4425890085113,0.015282567930583942
fixed_body_split,fleet,2024,SUV,25,1999,1359.087700556419,0.013142109844309404
fixed_body_split,fleet,2024,SUV,26,1998,1094.980902049329,0.010588249225021884
fixed_body_split,fleet,2024,SUV,27,1997,907.1719408601545,0.008772173634989488
fixed_body_split,fleet,2024,SUV,28,1996,773.7761609041203,0.007482262768875551
fixed_body_split,fleet,2024,SUV,29,1995,636.4352025236137,0.0061542028059898704
fixed_body_split,fleet,2024,SUV,30,1994,560.0532901108813,0.005415604787160342
fixed_body_split,fleet,2024,SUV,31,1993,441.15182767439427,0.004265851110962996
fixed_body_split,fleet,2024,SUV,32,1992,336.6789968048185,0.0032556194544835714
fixed_body_split,fleet,2024,SUV,33,1991,260.5161554719899,0.002519139809762373
fixed_body_split,fleet,2024,SUV,34,1990,101.70684778922093,0.0009834851459675257
fixed_body_split,fleet,2024,SUV,35,1989,0.0,0.0
fixed_body_split,fleet,2024,SUV,36,1988,0.0,0.0
fixed_body_split,fleet,2024,SUV,37,1987,0.0,0.0
fixed_body_split,fleet,2024,SUV,38,1986,0.0,0.0
fixed_body_split,fleet,2024,SUV,39,1985,0.0,0.0
fixed_body_split,fleet,2024,SUV,40,1984,0.0,0.0
fixed_body_split,fleet,2024,SUV,41,1983,0.0,0.0
fixed_body_split,fleet,2024,SUV,42,1982,0.0,0.0
fixed_body_split,fleet,2024,SUV,43,1981,0.0,0.0
fixed_body_split,fleet,2024,SUV,44,1980,0.0,0.0
fixed_body_split,fleet,2024,SUV,45,1979,0.0,0.0
fixed_body_split,fleet,2024,Pickup,13,2011,876.5323951379775,0.00847589527466312
fixed_body_split,fleet,2024,Pickup,14,2010,736.4980197959529,0.007121790501313548
fixed_body_split,fleet,2024,Pickup,15,2009,579.2762653192364,0.005601487163712797
fixed_body_split,fleet,2024,Pickup,16,2008,694.0062891252708,0.006710903851599706
fixed_body_split,fleet,2024,Pickup,17,2007,847.7274965817678,0.008197357590358483
fixed_body_split,fleet,2024,Pickup,18,2006,799.6779046502451,0.007732727519113055
fixed_body_split,fleet,2024,Pickup,19,2005,773.1695199819628,0.007476396670880711
fixed_body_split,fleet,2024,Pickup,20,2004,711.3832598162448,0.006878935728783666
fixed_body_split,fleet,2024,Pickup,21,2003,620.1848515416267,0.005997065119050005
fixed_body_split,fleet,2024,Pickup,22,2002,538.524853538615,0.005207429054208644
fixed_body_split,fleet,2024,Pickup,23,2001,482.00648182498975,0.0046609075538096055
fixed_body_split,fleet,2024,Pickup,24,2000,421.19374621498224,0.004072860402038263
fixed_body_split,fleet,2024,Pickup,25,1999,362.20185662750526,0.0035024204719553177
fixed_body_split,fleet,2024,Pickup,26,1998,291.8164262185253,0.002821807250678204
fixed_body_split,fleet,2024,Pickup,27,1997,241.76464927568907,0.0023378164455106457
fixed_body_split,fleet,2024,Pickup,28,1996,206.21418469082914,0.001994050468966834
fixed_body_split,fleet,2024,Pickup,29,1995,169.61231558697776,0.0016401176182222394
fixed_body_split,fleet,2024,Pickup,30,1994,149.2562557997214,0.0014432785374094799
fixed_body_split,fleet,2024,Pickup,31,1993,117.56857999146449,0.0011368649660023632
fixed_body_split,fleet,2024,Pickup,32,1992,89.72618741253108,0.0008676345245445213
fixed_body_split,fleet,2024,Pickup,33,1991,69.42851087150831,0.0006713599982007301
fixed_body_split,fleet,2024,Pickup,34,1990,27.10524794382661,0.0002621023983140839
fixed_body_split,fleet,2024,Pickup,35,1989,0.0,0.0
fixed_body_split,fleet,2024,Pickup,36,1988,0.0,0.0
fixed_body_split,fleet,2024,Pickup,37,1987,0.0,0.0
fixed_body_split,fleet,2024,Pickup,38,1986,0.0,0.0
fixed_body_split,fleet,2024,Pickup,39,1985,0.0,0.0
fixed_body_split,fleet,2024,Pickup,40,1984,0.0,0.0
fixed_body_split,fleet,2024,Pickup,41,1983,0.0,0.0
fixed_body_split,fleet,2024,Pickup,42,1982,0.0,0.0
fixed_body_split,fleet,2024,Pickup,43,1981,0.0,0.0
fixed_body_split,fleet,2024,Pickup,44,1980,0.0,0.0
fixed_body_split,fleet,2024,Pickup,45,1979,0.0,0.0
fixed_body_split,fleet,2024,Minivan,13,2011,377.95433551821054,0.0036547438340290518
fixed_body_split,fleet,2024,Minivan,14,2010,317.5725406459614,0.0030708637941443745
fixed_body_split,fleet,2024,Minivan,15,2009,249.77967403673497,0.0024153201531605644
fixed_body_split,fleet,2024,Minivan,16,2008,299.2504182466764,0.0028936924864695983
fixed_body_split,fleet,2024,Minivan,17,2007,365.5338746728724,0.003534640428870172
fixed_body_split,fleet,2024,Minivan,18,2006,344.81524328955527,0.0033342953522781066
fixed_body_split,fleet,2024,Minivan,19,2005,333.38502237754363,0.003223767371847646
fixed_body_split,fleet,2024,Minivan,20,2004,306.74324047122485,0.002966146598649838
fixed_body_split,fleet,2024,Minivan,21,2003,267.4191561693253,0.0025858904641775254
fixed_body_split,fleet,2024,Minivan,22,2002,232.20796436986157,0.0022454051885119845
fixed_body_split,fleet,2024,Minivan,23,2001,207.83765730068365,0.002009749128706894
fixed_body_split,fleet,2024,Minivan,24,2000,181.61565203765292,0.00175618751280549
fixed_body_split,fleet,2024,Minivan,25,1999,156.1787822155298,0.0015102180016688068
fixed_body_split,fleet,2024,Minivan,26,1998,125.82910121349258,0.00121674257598051
fixed_body_split,fleet,2024,Minivan,27,1997,104.24714234823291,0.0010080492930183518
fixed_body_split,fleet,2024,Minivan,28,1996,88.91804294008229,0.0008598199269856991
fixed_body_split,fleet,2024,Minivan,29,1995,73.13558562007297,0.0007072066794169289
fixed_body_split,fleet,2024,Minivan,30,1994,64.35820204208171,0.0006223311124609684
fixed_body_split,fleet,2024,Minivan,31,1993,50.694708803659005,0.0004902078293771658
fixed_body_split,fleet,2024,Minivan,32,1992,38.689273471458364,0.0003741176390237845
fixed_body_split,fleet,2024,Minivan,33,1991,29.937064320742117,0.000289485503811324
fixed_body_split,fleet,2024,Minivan,34,1990,11.687583975778447,0.00011301663046570592
fixed_body_split,fleet,2024,Minivan,35,1989,0.0,0.0
fixed_body_split,fleet,2024,Minivan,36,1988,0.0,0.0
fixed_body_split,fleet,2024,Minivan,37,1987,0.0,0.0
fixed_body_split,fleet,2024,Minivan,38,1986,0.0,0.0
fixed_body_split,fleet,2024,Minivan,39,1985,0.0,0.0
fixed_body_split,fleet,2024,Minivan,40,1984,0.0,0.0
fixed_body_split,fleet,2024,Minivan,41,1983,0.0,0.0
fixed_body_split,fleet,2024,Minivan,42,1982,0.0,0.0
fixed_body_split,fleet,2024,Minivan,43,1981,0.0,0.0
fixed_body_split,fleet,2024,Minivan,44,1980,0.0,0.0
fixed_body_split,fleet,2024,Minivan,45,1979,0.0,0.0
fixed_body_split,fleet,2025,Car,13,2012,6183.749675590551,0.05999947628525446
fixed_body_split,fleet,2025,Car,14,2011,5027.266182677165,0.04877838753691046
fixed_body_split,fleet,2025,Car,15,2010,4481.402138582677,0.04348199643332128
fixed_body_split,fleet,2025,Car,16,2009,4030.189051968505,0.03910398142460118
fixed_body_split,fleet,2025,Car,17,2008,4585.9853,0.044496742379145214
fixed_body_split,fleet,2025,Car,18,2007,4500.7594133858265,0.04366981554169872
fixed_body_split,fleet,2025,Car,19,2006,3989.890204724409,0.038712971138546166
fixed_body_split,fleet,2025,Car,20,2005,3362.25748031496,0.03262319766134634
fixed_body_split,fleet,2025,Car,21,2004,2772.7451858267723,0.026903297796604147
fixed_body_split,fleet,2025,Car,22,2003,2335.275329133858,0.022658630132295198
fixed_body_split,fleet,2025,Car,23,2002,2047.6202401574808,0.01986758010685531
fixed_body_split,fleet,2025,Car,24,2001,1745.0418897637805,0.01693173316749089
fixed_body_split,fleet,2025,Car,25,2000,1505.2718763779528,0.01460530082679556
fixed_body_split,fleet,2025,Car,26,1999,1205.1291834645674,0.011693086502089852
fixed_body_split,fleet,2025,Car,27,1998,911.3768503937005,0.00884287634377835
fixed_body_split,fleet,2025,Car,28,1997,747.4689763779528,0.007252516591863726
fixed_body_split,fleet,2025,Car,29,1996,624.3380472440948,0.0060578059955227245
fixed_body_split,fleet,2025,Car,30,1995,512.2570818897638,0.004970310612365354
fixed_body_split,fleet,2025,Car,31,1994,428.6415551181103,0.0041590087196936125
fixed_body_split,fleet,2025,Car,32,1993,323.9484803149608,0.0031431963100035246
fixed_body_split,fleet,2025,Car,33,1992,247.68640157480314,0.002403243203089099
fixed_body_split,fleet,2025,Car,34,1991,201.33811023622056,0.0019535365763787
fixed_body_split,fleet,2025,Car,35,1990,161.92876535433066,0.0015711569236265773
fixed_body_split,fleet,2025,Car,36,1989,116.9259220472441,0.0011345048643702012
fixed_body_split,fleet,2025,Car,37,1988,101.20195590551188,0.000981938899846272
fixed_body_split,fleet,2025,Car,38,1987,73.71899606299212,0.0007152781707050349
fixed_body_split,fleet,2025,Car,39,1986,39.42047165354338,0.0003824876132141366
fixed_body_split,fleet,2025,Car,40,1985,0.0,0.0
fixed_body_split,fleet,2025,Car,41,1984,0.0,0.0
fixed_body_split,fleet,2025,Car,42,1983,0.0,0.0
fixed_body_split,fleet,2025,Car,43,1982,0.0,0.0
fixed_body_split,fleet,2025,Car,44,1981,0.0,0.0
fixed_body_split,fleet,2025,Car,45,1980,0.0,0.0
fixed_body_split,fleet,2025,SUV,13,2012,3557.166253198805,0.03451435188167229
fixed_body_split,fleet,2025,SUV,14,2011,3095.2028026943244,0.030032028607396014
fixed_body_split,fleet,2025,SUV,15,2010,2589.09245464018,0.0251213583152813
fixed_body_split,fleet,2025,SUV,16,2009,2015.4168367091563,0.019555118017853024
fixed_body_split,fleet,2025,SUV,17,2008,2392.29880413892,0.023211915568439937
fixed_body_split,fleet,2025,SUV,18,2007,2906.484854179584,0.028200942507451213
fixed_body_split,fleet,2025,SUV,19,2006,2729.2667847520274,0.02648143704365318
fixed_body_split,fleet,2025,SUV,20,2005,2628.935798906488,0.02550794896251724
fixed_body_split,fleet,2025,SUV,21,2004,2409.3900304154217,0.023377747738152557
fixed_body_split,fleet,2025,SUV,22,2003,2092.0938883329172,0.020299097509565506
fixed_body_split,fleet,2025,SUV,23,2002,1815.9922412684095,0.017620147827828173
fixed_body_split,fleet,2025,SUV,24,2001,1620.3965395057453,0.015722328497312355
fixed_body_split,fleet,2025,SUV,25,2000,1411.7811788512483,0.013698182462789388
fixed_body_split,fleet,2025,SUV,26,1999,1211.0947831544368,0.011750969320104386
fixed_body_split,fleet,2025,SUV,27,1998,974.1721342266098,0.009452164290544832
fixed_body_split,fleet,2025,SUV,28,1997,806.7735182796911,0.007827934686403817
fixed_body_split,fleet,2025,SUV,29,1996,685.4321964730609,0.006650588231243009
fixed_body_split,fleet,2025,SUV,30,1995,561.9099229307416,0.005452080511669881
fixed_body_split,fleet,2025,SUV,31,1994,497.3778688767746,0.004825941089802034
fixed_body_split,fleet,2025,SUV,32,1993,389.19190146955793,0.003776237960409639
fixed_body_split,fleet,2025,SUV,33,1992,292.559263386667,0.002838634082309207
fixed_body_split,fleet,2025,SUV,34,1991,92.18021692769761,0.0008944030773682335
fixed_body_split,fleet,2025,SUV,35,1990,0.0,0.0
fixed_body_split,fleet,2025,SUV,36,1989,0.0,0.0
fixed_body_split,fleet,2025,SUV,37,1988,0.0,0.0
fixed_body_split,fleet,2025,SUV,38,1987,0.0,0.0
fixed_body_split,fleet,2025,SUV,39,1986,0.0,0.0
fixed_body_split,fleet,2025,SUV,40,1985,0.0,0.0
fixed_body_split,fleet,2025,SUV,41,1984,0.0,0.0
fixed_body_split,fleet,2025,SUV,42,1983,0.0,0.0
fixed_body_split,fleet,2025,SUV,43,1982,0.0,0.0
fixed_body_split,fleet,2025,SUV,44,1981,0.0,0.0
fixed_body_split,fleet,2025,SUV,45,1980,0.0,0.0
fixed_body_split,fleet,2025,Pickup,13,2012,947.997852319486,0.00919820135721829
fixed_body_split,fleet,2025,Pickup,14,2011,824.8828985175583,0.008003645765785244
fixed_body_split,fleet,2025,Pickup,15,2010,690.002634610708,0.0066949341231434265
fixed_body_split,fleet,2025,Pickup,16,2009,537.1159784872813,0.005211510669794571
fixed_body_split,fleet,2025,Pickup,17,2008,637.5564050150176,0.006186060628263943
fixed_body_split,fleet,2025,Pickup,18,2007,774.5888731187644,0.0075156546046752605
fixed_body_split,fleet,2025,Pickup,19,2006,727.3596076723007,0.007057400092318329
fixed_body_split,fleet,2025,Pickup,20,2005,700.6210319824136,0.006797961948445914
fixed_body_split,fleet,2025,Pickup,21,2004,642.1112794994644,0.006230255509678799
fixed_body_split,fleet,2025,Pickup,22,2003,557.5506939566942,0.00540978393286709
fixed_body_split,fleet,2025,Pickup,23,2002,483.96859241627544,0.00469583401768526
fixed_body_split,fleet,2025,Pickup,24,2001,431.8416205528759,0.0041900582058851995
fixed_body_split,fleet,2025,Pickup,25,2000,376.24486184544276,0.0036506158641663655
fixed_body_split,fleet,2025,Pickup,26,1999,322.7612013785662,0.0031316764202723177
fixed_body_split,fleet,2025,Pickup,27,1998,259.62044652983,0.0025190364490694055
fixed_body_split,fleet,2025,Pickup,28,1997,215.0081014486218,0.0020861733027335355
fixed_body_split,fleet,2025,Pickup,29,1996,182.67019417008228,0.0017724061545366457
fixed_body_split,fleet,2025,Pickup,30,1995,149.75105525538103,0.0014529994517653228
fixed_body_split,fleet,2025,Pickup,31,1994,132.55302617987388,0.0012861309994826934
fixed_body_split,fleet,2025,Pickup,32,1993,103.72106909579905,0.0010063812657326423
fixed_body_split,fleet,2025,Pickup,33,1992,77.96811664828043,0.0007565063935738471
fixed_body_split,fleet,2025,Pickup,34,1991,24.566365880486646,0.0002383617003255194
fixed_body_split,fleet,2025,Pickup,35,1990,0.0,0.0
fixed_body_split,fleet,2025,Pickup,36,1989,0.0,0.0
fixed_body_split,fleet,2025,Pickup,37,1988,0.0,0.0
fixed_body_split,fleet,2025,Pickup,38,1987,0.0,0.0
fixed_body_split,fleet,2025,Pickup,39,1986,0.0,0.0
fixed_body_split,fleet,2025,Pickup,40,1985,0.0,0.0
fixed_body_split,fleet,2025,Pickup,41,1984,0.0,0.0
fixed_body_split,fleet,2025,Pickup,42,1983,0.0,0.0
fixed_body_split,fleet,2025,Pickup,43,1982,0.0,0.0
fixed_body_split,fleet,2025,Pickup,44,1981,0.0,0.0
fixed_body_split,fleet,2025,Pickup,45,1980,0.0,0.0
fixed_body_split,fleet,2025,Minivan,13,2012,408.7697161377601,0.003966196915497795
fixed_body_split,fleet,2025,Minivan,14,2011,355.68345165436006,0.003451113311852354
fixed_body_split,fleet,2025,Minivan,15,2010,297.5240718046173,0.002886806456768267
fixed_body_split,fleet,2025,Minivan,16,2009,231.6004677880938,0.0022471651511958247
fixed_body_split,fleet,2025,Minivan,17,2008,274.9096425294113,0.002667383940627572
fixed_body_split,fleet,2025,Minivan,18,2007,333.9970370328617,0.003240695104768232
fixed_body_split,fleet,2025,Minivan,19,2006,313.6321244091572,0.003043099122375793
fixed_body_split,fleet,2025,Minivan,20,2005,302.102646818105,0.002931231298871174
fixed_body_split,fleet,2025,Minivan,21,2004,276.8736709768333,0.0026864404491275555
fixed_body_split,fleet,2025,Minivan,22,2003,240.41176711894158,0.0023326591270160847
fixed_body_split,fleet,2025,Minivan,23,2002,208.68370498683439,0.002024809163589057
fixed_body_split,fleet,2025,Minivan,24,2001,186.2069373026162,0.001806722345656921
fixed_body_split,fleet,2025,Minivan,25,2000,162.23402299757623,0.001574118767117607
fixed_body_split,fleet,2025,Minivan,26,1999,139.1722611448864,0.0013503558876403574
fixed_body_split,fleet,2025,Minivan,27,1998,111.94643107249551,0.001086190028497817
fixed_body_split,fleet,2025,Minivan,28,1997,92.70991530353417,0.0008995426167750108
fixed_body_split,fleet,2025,Minivan,29,1996,78.76604702746667,0.0007642485253506637
fixed_body_split,fleet,2025,Minivan,30,1995,64.5715559358065,0.0006265226993850475
fixed_body_split,fleet,2025,Minivan,31,1994,57.155892022514436,0.0005545702474833632
fixed_body_split,fleet,2025,Minivan,32,1993,44.72376373855556,0.00043394421549939623
fixed_body_split,fleet,2025,Minivan,33,1992,33.61927965568056,0.0003262000045685396
fixed_body_split,fleet,2025,Minivan,34,1991,10.59283666406305,0.00010277981573669186
fixed_body_split,fleet,2025,Minivan,35,1990,0.0,0.0
fixed_body_split,fleet,2025,Minivan,36,1989,0.0,0.0
fixed_body_split,fleet,2025,Minivan,37,1988,0.0,0.0
fixed_body_split,fleet,2025,Minivan,38,1987,0.0,0.0
fixed_body_split,fleet,2025,Minivan,39,1986,0.0,0.0
fixed_body_split,fleet,2025,Minivan,40,1985,0.0,0.0
fixed_body_split,fleet,2025,Minivan,41,1984,0.0,0.0
fixed_body_split,fleet,2025,Minivan,42,1983,0.0,0.0
fixed_body_split,fleet,2025,Minivan,43,1982,0.0,0.0
fixed_body_split,fleet,2025,Minivan,44,1981,0.0,0.0
fixed_body_split,fleet,2025,Minivan,45,1980,0.0,0.0
fixed_body_split,raw_claim_proxy,2024,Car,13,2011,2764.3894844683623,0.0817907340974985
fixed_body_split,raw_claim_proxy,2024,Car,14,2010,2258.528598035484,0.06682369219366435
fixed_body_split,raw_claim_proxy,2024,Car,15,2009,1906.1391663149263,0.05639745143759098
fixed_body_split,raw_claim_proxy,2024,Car,16,2008,2047.8413097173743,0.06059003081079177
fixed_body_split,raw_claim_proxy,2024,Car,17,2007,1898.0788007368008,0.056158967236492274
fixed_body_split,raw_claim_proxy,2024,Car,18,2006,1563.6444192456197,0.046263967373668266
fixed_body_split,raw_claim_proxy,2024,Car,19,2005,1217.838051926486,0.03603250151202591
fixed_body_split,raw_claim_proxy,2024,Car,20,2004,928.1155479531825,0.02746040397740547
fixed_body_split,raw_claim_proxy,2024,Car,21,2003,722.8862182127806,0.021388228680792643
fixed_body_split,raw_claim_proxy,2024,Car,22,2002,586.3935662375533,0.017349783929540376
fixed_body_split,raw_claim_proxy,2024,Car,23,2001,458.34833809677394,0.013561275375967243
fixed_body_split,raw_claim_proxy,2024,Car,24,2000,361.1838914144679,0.010686444796928402
fixed_body_split,raw_claim_proxy,2024,Car,25,1999,266.5390438732122,0.007886162274354031
fixed_body_split,raw_claim_proxy,2024,Car,26,1998,185.455728971491,0.005487128460149722
fixed_body_split,raw_claim_proxy,2024,Car,27,1997,139.1485422738584,0.004117025290799226
fixed_body_split,raw_claim_proxy,2024,Car,28,1996,105.84971679427797,0.0031318039984084573
fixed_body_split,raw_claim_proxy,2024,Car,29,1995,79.60339183666592,0.002355246933021764
fixed_body_split,raw_claim_proxy,2024,Car,30,1994,61.215889618958236,0.0018112109666518067
fixed_body_split,raw_claim_proxy,2024,Car,31,1993,42.5156567035776,0.0012579221531410232
fixed_body_split,raw_claim_proxy,2024,Car,32,1992,29.878079985624137,0.00088401077676576
fixed_body_split,raw_claim_proxy,2024,Car,33,1991,21.57307925397012,0.0006382884896789678
fixed_body_split,raw_claim_proxy,2024,Car,34,1990,18.27010008706852,0.0005405623580005366
fixed_body_split,raw_claim_proxy,2024,Car,35,1989,12.417456534403433,0.0003673986213878105
fixed_body_split,raw_claim_proxy,2024,Car,36,1988,8.406787849993172,0.0002487338898936338
fixed_body_split,raw_claim_proxy,2024,Car,37,1987,5.955948818929514,0.00017622025726995538
fixed_body_split,raw_claim_proxy,2024,Car,38,1986,4.592534157557456,0.0001358805415173616
fixed_body_split,raw_claim_proxy,2024,Car,39,1985,1.929777864731259,5.7096855956181466e-05
fixed_body_split,raw_claim_proxy,2024,Car,40,1984,0.0,0.0
fixed_body_split,raw_claim_proxy,2024,Car,41,1983,0.0,0.0
fixed_body_split,raw_claim_proxy,2024,Car,42,1982,0.0,0.0
fixed_body_split,raw_claim_proxy,2024,Car,43,1981,0.0,0.0
fixed_body_split,raw_claim_proxy,2024,Car,44,1980,0.0,0.0
fixed_body_split,raw_claim_proxy,2024,Car,45,1979,0.0,0.0
fixed_body_split,raw_claim_proxy,2024,SUV,13,2011,1748.3905134839656,0.05173009968038479
fixed_body_split,raw_claim_proxy,2024,SUV,14,2010,1342.2650758903117,0.03971395728688954
fixed_body_split,raw_claim_proxy,2024,SUV,15,2009,964.6031563022419,0.028539972644953605
fixed_body_split,raw_claim_proxy,2024,SUV,16,2008,1055.899507535844,0.03124118230798176
fixed_body_split,raw_claim_proxy,2024,SUV,17,2007,1178.4514317341334,0.03486715900249476
fixed_body_split,raw_claim_proxy,2024,SUV,18,2006,1015.703039259351,0.03005187860568764
fixed_body_split,raw_claim_proxy,2024,SUV,19,2005,897.2689050144212,0.026547736068422336
fixed_body_split,raw_claim_proxy,2024,SUV,20,2004,754.3063624475816,0.022317864926644553
fixed_body_split,raw_claim_proxy,2024,SUV,21,2003,600.8437125619034,0.017777324289654343
fixed_body_split,raw_claim_proxy,2024,SUV,22,2002,476.6969302570176,0.0141041601000171
fixed_body_split,raw_claim_proxy,2024,SUV,23,2001,389.8393906837822,0.011534282749697308
fixed_body_split,raw_claim_proxy,2024,SUV,24,2000,311.25116987938355,0.009209071954647478
fixed_body_split,raw_claim_proxy,2024,SUV,25,1999,244.5546851919096,0.00723570514980298
fixed_body_split,raw_claim_proxy,2024,SUV,26,1998,180.02436467718576,0.005326429226095299
fixed_body_split,raw_claim_proxy,2024,SUV,27,1997,136.27324208535146,0.004031953011914514
fixed_body_split,raw_claim_proxy,2024,SUV,28,1996,106.2019673899864,0.003142226131386153
fixed_body_split,raw_claim_proxy,2024,SUV,29,1995,79.81189951149203,0.002361416105594879
fixed_body_split,raw_claim_proxy,2024,SUV,30,1994,64.17103496466487,0.0018986456456462665
fixed_body_split,raw_claim_proxy,2024,SUV,31,1993,46.18426227405109,0.0013664661714166914
fixed_body_split,raw_claim_proxy,2024,SUV,32,1992,32.20462077774364,0.0009528467640115391
fixed_body_split,raw_claim_proxy,2024,SUV,33,1991,22.76842884136519,0.0006736556189512698
fixed_body_split,raw_claim_proxy,2024,SUV,34,1990,8.121660546081227,0.0002402977517773424
fixed_body_split,raw_claim_proxy,2024,SUV,35,1989,0.0,0.0
fixed_body_split,raw_claim_proxy,2024,SUV,36,1988,0.0,0.0
fixed_body_split,raw_claim_proxy,2024,SUV,37,1987,0.0,0.0
fixed_body_split,raw_claim_proxy,2024,SUV,38,1986,0.0,0.0
fixed_body_split,raw_claim_proxy,2024,SUV,39,1985,0.0,0.0
fixed_body_split,raw_claim_proxy,2024,SUV,40,1984,0.0,0.0
fixed_body_split,raw_claim_proxy,2024,SUV,41,1983,0.0,0.0
fixed_body_split,raw_claim_proxy,2024,SUV,42,1982,0.0,0.0
fixed_body_split,raw_claim_proxy,2024,SUV,43,1981,0.0,0.0
fixed_body_split,raw_claim_proxy,2024,SUV,44,1980,0.0,0.0
fixed_body_split,raw_claim_proxy,2024,SUV,45,1979,0.0,0.0
fixed_body_split,raw_claim_proxy,2024,Pickup,13,2011,465.95248403362405,0.013786261284014526
fixed_body_split,raw_claim_proxy,2024,Pickup,14,2010,357.7185654573202,0.01058391526716616
fixed_body_split,raw_claim_proxy,2024,Pickup,15,2009,257.0702788189349,0.007606007379706463
fixed_body_split,raw_claim_proxy,2024,Pickup,16,2008,281.4010912503838,0.00832588966154037
fixed_body_split,raw_claim_proxy,2024,Pickup,17,2007,314.0616285061627,0.009292225748831123
fixed_body_split,raw_claim_proxy,2024,Pickup,18,2006,270.68858503488815,0.008008935863129469
fixed_body_split,raw_claim_proxy,2024,Pickup,19,2005,239.12545390359878,0.007075069025569766
fixed_body_split,raw_claim_proxy,2024,Pickup,20,2004,201.02541199703276,0.00594779285331114
fixed_body_split,raw_claim_proxy,2024,Pickup,21,2003,160.12705298104515,0.004737722121203724
fixed_body_split,raw_claim_proxy,2024,Pickup,22,2002,127.04148019074553,0.0037588103934030905
fixed_body_split,raw_claim_proxy,2024,Pickup,23,2001,103.89362734604465,0.0030739286545648082
fixed_body_split,raw_claim_proxy,2024,Pickup,24,2000,82.94957828081371,0.0024542514500160762
fixed_body_split,raw_claim_proxy,2024,Pickup,25,1999,65.17472050346736,0.001928341959238447
fixed_body_split,raw_claim_proxy,2024,Pickup,26,1998,47.97715342252627,0.001419512923335911
fixed_body_split,raw_claim_proxy,2024,Pickup,27,1997,36.31731879536261,0.0010745302647889535
fixed_body_split,raw_claim_proxy,2024,Pickup,28,1996,28.30321380319931,0.0008374147880711265
fixed_body_split,raw_claim_proxy,2024,Pickup,29,1995,21.270163928490543,0.0006293260525913004
fixed_body_split,raw_claim_proxy,2024,Pickup,30,1994,17.101816164177187,0.0005059960278128191
fixed_body_split,raw_claim_proxy,2024,Pickup,31,1993,12.308275275969606,0.0003641682461721745
fixed_body_split,raw_claim_proxy,2024,Pickup,32,1992,8.582649547124833,0.0002539371571571094
fixed_body_split,raw_claim_proxy,2024,Pickup,33,1991,6.067869789019085,0.0001795316930701428
fixed_body_split,raw_claim_proxy,2024,Pickup,34,1990,2.16445232157177,6.404023213625998e-05
fixed_body_split,raw_claim_proxy,2024,Pickup,35,1989,0.0,0.0
fixed_body_split,raw_claim_proxy,2024,Pickup,36,1988,0.0,0.0
fixed_body_split,raw_claim_proxy,2024,Pickup,37,1987,0.0,0.0
fixed_body_split,raw_claim_proxy,2024,Pickup,38,1986,0.0,0.0
fixed_body_split,raw_claim_proxy,2024,Pickup,39,1985,0.0,0.0
fixed_body_split,raw_claim_proxy,2024,Pickup,40,1984,0.0,0.0
fixed_body_split,raw_claim_proxy,2024,Pickup,41,1983,0.0,0.0
fixed_body_split,raw_claim_proxy,2024,Pickup,42,1982,0.0,0.0
fixed_body_split,raw_claim_proxy,2024,Pickup,43,1981,0.0,0.0
fixed_body_split,raw_claim_proxy,2024,Pickup,44,1980,0.0,0.0
fixed_body_split,raw_claim_proxy,2024,Pickup,45,1979,0.0,0.0
fixed_body_split,raw_claim_proxy,2024,Minivan,13,2011,200.91529128055353,0.005944534682098009
fixed_body_split,raw_claim_proxy,2024,Minivan,14,2010,154.24561996783535,0.004563706583089996
fixed_body_split,raw_claim_proxy,2024,Minivan,15,2009,110.84681747238479,0.0032796545582220527
fixed_body_split,raw_claim_proxy,2024,Minivan,16,2008,121.33808521805541,0.003590062514609151
fixed_body_split,raw_claim_proxy,2024,Minivan,17,2007,135.4210691723821,0.004006739543073971
fixed_body_split,raw_claim_proxy,2024,Minivan,18,2006,116.71893116183253,0.0034533943630007807
fixed_body_split,raw_claim_proxy,2024,Minivan,19,2005,103.10914067402885,0.003050717836713569
fixed_body_split,raw_claim_proxy,2024,Minivan,20,2004,86.68068223725267,0.0025646446248222352
fixed_body_split,raw_claim_proxy,2024,Minivan,21,2003,69.04561000100112,0.0020428710063905967
fixed_body_split,raw_claim_proxy,2024,Minivan,22,2002,54.779353843715974,0.0016207714540361954
fixed_body_split,raw_claim_proxy,2024,Minivan,23,2001,44.79816958957888,0.0013254554749040917
fixed_body_split,raw_claim_proxy,2024,Minivan,24,2000,35.76724935044261,0.001058255212392253
fixed_body_split,raw_claim_proxy,2024,Minivan,25,1999,28.10286113452262,0.0008314868998551101
fixed_body_split,raw_claim_proxy,2024,Minivan,26,1998,20.68739642989665,0.0006120835540989708
fixed_body_split,raw_claim_proxy,2024,Minivan,27,1997,15.659761315431586,0.0004633295637163378
fixed_body_split,raw_claim_proxy,2024,Minivan,28,1996,12.204138061929978,0.00036108711045268753
fixed_body_split,raw_claim_proxy,2024,Minivan,29,1995,9.171538574670235,0.0002713607749705607
fixed_body_split,raw_claim_proxy,2024,Minivan,30,1994,7.374177612076402,0.00021818177346057338
fixed_body_split,raw_claim_proxy,2024,Minivan,31,1993,5.307237963032767,0.00015702667495497434
fixed_body_split,raw_claim_proxy,2024,Minivan,32,1992,3.700775492796947,0.00010949583840719398
fixed_body_split,raw_claim_proxy,2024,Minivan,33,1991,2.6164209182008897,7.741274838804322e-05
fixed_body_split,raw_claim_proxy,2024,Minivan,34,1990,0.9332959551731486,2.7613678077102925e-05
fixed_body_split,raw_claim_proxy,2024,Minivan,35,1989,0.0,0.0
fixed_body_split,raw_claim_proxy,2024,Minivan,36,1988,0.0,0.0
fixed_body_split,raw_claim_proxy,2024,Minivan,37,1987,0.0,0.0
fixed_body_split,raw_claim_proxy,2024,Minivan,38,1986,0.0,0.0
fixed_body_split,raw_claim_proxy,2024,Minivan,39,1985,0.0,0.0
fixed_body_split,raw_claim_proxy,2024,Minivan,40,1984,0.0,0.0
fixed_body_split,raw_claim_proxy,2024,Minivan,41,1983,0.0,0.0
fixed_body_split,raw_claim_proxy,2024,Minivan,42,1982,0.0,0.0
fixed_body_split,raw_claim_proxy,2024,Minivan,43,1981,0.0,0.0
fixed_body_split,raw_claim_proxy,2024,Minivan,44,1980,0.0,0.0
fixed_body_split,raw_claim_proxy,2024,Minivan,45,1979,0.0,0.0
fixed_body_split,raw_claim_proxy,2025,Car,13,2012,3287.195702025337,0.0970753009565973
fixed_body_split,raw_claim_proxy,2025,Car,14,2011,2441.7532684440976,0.07210825119110564
fixed_body_split,raw_claim_proxy,2025,Car,15,2010,1988.7493519699774,0.058730437543093185
fixed_body_split,raw_claim_proxy,2025,Car,16,2009,1634.134466704491,0.04825818403849457
fixed_body_split,raw_claim_proxy,2025,Car,17,2008,1698.9917366498921,0.05017350626749783
fixed_body_split,raw_claim_proxy,2025,Car,18,2007,1523.4936342585481,0.04499081176091438
fixed_body_split,raw_claim_proxy,2025,Car,19,2006,1233.9910997170514,0.03644141336306478
fixed_body_split,raw_claim_proxy,2025,Car,20,2005,950.1196238368183,0.02805830768514957
fixed_body_split,raw_claim_proxy,2025,Car,21,2004,715.9019027474922,0.021141544028484432
fixed_body_split,raw_claim_proxy,2025,Car,22,2003,550.9064855904975,0.01626900791294192
fixed_body_split,raw_claim_proxy,2025,Car,23,2002,441.3523514697899,0.013033727295406862
fixed_body_split,raw_claim_proxy,2025,Car,24,2001,343.6672318595572,0.010148954606241474
fixed_body_split,raw_claim_proxy,2025,Car,25,2000,270.8591135841596,0.007998833154904387
fixed_body_split,raw_claim_proxy,2025,Car,26,1999,198.13369822350623,0.005851154031638559
fixed_body_split,raw_claim_proxy,2025,Car,27,1998,136.9048937370423,0.004042985257545192
fixed_body_split,raw_claim_proxy,2025,Car,28,1997,102.59126587922147,0.003029657773222214
fixed_body_split,raw_claim_proxy,2025,Car,29,1996,78.29486063979628,0.0023121523173324243
fixed_body_split,raw_claim_proxy,2025,Car,30,1995,58.69453441892484,0.0017333283776545198
fixed_body_split,raw_claim_proxy,2025,Car,31,1994,44.874559644221506,0.0013252059742210024
fixed_body_split,raw_claim_proxy,2025,Car,32,1993,30.986898675231984,0.0009150847066258866
fixed_body_split,raw_claim_proxy,2025,Car,33,1992,21.647141993986803,0.0006392691565706688
fixed_body_split,raw_claim_proxy,2025,Car,34,1991,16.077578077307855,0.0004747924589784041
fixed_body_split,raw_claim_proxy,2025,Car,35,1990,11.814487332909831,0.000348897667633081
fixed_body_split,raw_claim_proxy,2025,Car,36,1989,7.794673294012315,0.00023018716391250772
fixed_body_split,raw_claim_proxy,2025,Car,37,1988,6.16413663482358,0.00018203522795871363
fixed_body_split,raw_claim_proxy,2025,Car,38,1987,4.102598340080898,0.0001211552352426141
fixed_body_split,raw_claim_proxy,2025,Car,39,1986,2.004461139899241,5.919442772805837e-05
fixed_body_split,raw_claim_proxy,2025,Car,40,1985,0.0,0.0
fixed_body_split,raw_claim_proxy,2025,Car,41,1984,0.0,0.0
fixed_body_split,raw_claim_proxy,2025,Car,42,1983,0.0,0.0
fixed_body_split,raw_claim_proxy,2025,Car,43,1982,0.0,0.0
fixed_body_split,raw_claim_proxy,2025,Car,44,1981,0.0,0.0
fixed_body_split,raw_claim_proxy,2025,Car,45,1980,0.0,0.0
fixed_body_split,raw_claim_proxy,2025,SUV,13,2012,1890.9403246159034,0.05584200569195066
fixed_body_split,raw_claim_proxy,2025,SUV,14,2011,1503.34620952008,0.04439583126772922
fixed_body_split,raw_claim_proxy,2025,SUV,15,2010,1148.9832383095386,0.03393101712327698
fixed_body_split,raw_claim_proxy,2025,SUV,16,2009,817.1979217784613,0.024132951423875563
fixed_body_split,raw_claim_proxy,2025,SUV,17,2008,886.2862905010714,0.02617322367849536
fixed_body_split,raw_claim_proxy,2025,SUV,18,2007,983.836452186717,0.029054010879015307
fixed_body_split,raw_claim_proxy,2025,SUV,19,2006,844.1061654151466,0.024927587973088396
fixed_body_split,raw_claim_proxy,2025,SUV,20,2005,742.8947684619905,0.02193867958122973
fixed_body_split,raw_claim_proxy,2025,SUV,21,2004,622.0863410212412,0.018371044577120202
fixed_body_split,raw_claim_proxy,2025,SUV,22,2003,493.53841800500686,0.014574851881182484
fixed_body_split,raw_claim_proxy,2025,SUV,23,2002,391.4263153958003,0.011559344442427849
fixed_body_split,raw_claim_proxy,2025,SUV,24,2001,319.1196707158287,0.009424032179411302
fixed_body_split,raw_claim_proxy,2025,SUV,25,2000,254.03636690441644,0.007502034866975717
fixed_body_split,raw_claim_proxy,2025,SUV,26,1999,199.1144945936321,0.005880118264814102
fixed_body_split,raw_claim_proxy,2025,SUV,27,1998,146.33785405046052,0.0043215532359507725
fixed_body_split,raw_claim_proxy,2025,SUV,28,1997,110.7309054072308,0.0032700322530175244
fixed_body_split,raw_claim_proxy,2025,SUV,29,1996,85.95634774746681,0.002538406314407793
fixed_body_split,raw_claim_proxy,2025,SUV,30,1995,64.38376838075855,0.0019013390922941209
fixed_body_split,raw_claim_proxy,2025,SUV,31,1994,52.07057639681373,0.0015377140069846756
fixed_body_split,raw_claim_proxy,2025,SUV,32,1993,37.227678933183455,0.0010993833236420147
fixed_body_split,raw_claim_proxy,2025,SUV,33,1992,25.56891244703529,0.0007550843016129332
fixed_body_split,raw_claim_proxy,2025,SUV,34,1991,7.360924531870454,0.00021737798081503354
fixed_body_split,raw_claim_proxy,2025,SUV,35,1990,0.0,0.0
fixed_body_split,raw_claim_proxy,2025,SUV,36,1989,0.0,0.0
fixed_body_split,raw_claim_proxy,2025,SUV,37,1988,0.0,0.0
fixed_body_split,raw_claim_proxy,2025,SUV,38,1987,0.0,0.0
fixed_body_split,raw_claim_proxy,2025,SUV,39,1986,0.0,0.0
fixed_body_split,raw_claim_proxy,2025,SUV,40,1985,0.0,0.0
fixed_body_split,raw_claim_proxy,2025,SUV,41,1984,0.0,0.0
fixed_body_split,raw_claim_proxy,2025,SUV,42,1983,0.0,0.0
fixed_body_split,raw_claim_proxy,2025,SUV,43,1982,0.0,0.0
fixed_body_split,raw_claim_proxy,2025,SUV,44,1981,0.0,0.0
fixed_body_split,raw_claim_proxy,2025,SUV,45,1980,0.0,0.0
fixed_body_split,raw_claim_proxy,2025,Pickup,13,2012,503.9425314991039,0.01488209931643673
fixed_body_split,raw_claim_proxy,2025,Pickup,14,2011,400.6472783317572,0.011831651853746903
fixed_body_split,raw_claim_proxy,2025,Pickup,15,2010,306.2082468844491,0.009042740504736408
fixed_body_split,raw_claim_proxy,2025,Pickup,16,2009,217.78624321235276,0.006431520061619648
fixed_body_split,raw_claim_proxy,2025,Pickup,17,2008,236.19854685725372,0.0069752601001369045
fixed_body_split,raw_claim_proxy,2025,Pickup,18,2007,262.1960227099074,0.007743000454309702
fixed_body_split,raw_claim_proxy,2025,Pickup,19,2006,224.9573888270195,0.006643293616299842
fixed_body_split,raw_claim_proxy,2025,Pickup,20,2005,197.98418034806102,0.0058467385681027885
fixed_body_split,raw_claim_proxy,2025,Pickup,21,2004,165.78829137240902,0.0048959507552716434
fixed_body_split,raw_claim_proxy,2025,Pickup,22,2003,131.52979844143212,0.0038842514793371403
fixed_body_split,raw_claim_proxy,2025,Pickup,23,2002,104.31654860181477,0.0030806076875907963
fixed_body_split,raw_claim_proxy,2025,Pickup,24,2001,85.04656261130887,0.0025115391382783177
fixed_body_split,raw_claim_proxy,2025,Pickup,25,2000,67.70162345374425,0.0019993198056243357
fixed_body_split,raw_claim_proxy,2025,Pickup,26,1999,53.06474305796063,0.0015670730827988682
fixed_body_split,raw_claim_proxy,2025,Pickup,27,1998,38.999574795844005,0.0011517097865981277
fixed_body_split,raw_claim_proxy,2025,Pickup,28,1997,29.510192394592067,0.0008714755882124943
fixed_body_split,raw_claim_proxy,2025,Pickup,29,1996,22.907681918029056,0.0006764945923482873
fixed_body_split,raw_claim_proxy,2025,Pickup,30,1995,17.15851039976206,0.0005067138412226386
fixed_body_split,raw_claim_proxy,2025,Pickup,31,1994,13.876999577634951,0.00040980642239933884
fixed_body_split,raw_claim_proxy,2025,Pickup,32,1993,9.92131296752322,0.0002929896877187765
fixed_body_split,raw_claim_proxy,2025,Pickup,33,1992,6.814208940652435,0.00020123273563767653
fixed_body_split,raw_claim_proxy,2025,Pickup,34,1991,1.961713383799216,5.7932029116964916e-05
fixed_body_split,raw_claim_proxy,2025,Pickup,35,1990,0.0,0.0
fixed_body_split,raw_claim_proxy,2025,Pickup,36,1989,0.0,0.0
fixed_body_split,raw_claim_proxy,2025,Pickup,37,1988,0.0,0.0
fixed_body_split,raw_claim_proxy,2025,Pickup,38,1987,0.0,0.0
fixed_body_split,raw_claim_proxy,2025,Pickup,39,1986,0.0,0.0
fixed_body_split,raw_claim_proxy,2025,Pickup,40,1985,0.0,0.0
fixed_body_split,raw_claim_proxy,2025,Pickup,41,1984,0.0,0.0
fixed_body_split,raw_claim_proxy,2025,Pickup,42,1983,0.0,0.0
fixed_body_split,raw_claim_proxy,2025,Pickup,43,1982,0.0,0.0
fixed_body_split,raw_claim_proxy,2025,Pickup,44,1981,0.0,0.0
fixed_body_split,raw_claim_proxy,2025,Pickup,45,1980,0.0,0.0
fixed_body_split,raw_claim_proxy,2025,Minivan,13,2012,217.296320921632,0.006417051998830518
fixed_body_split,raw_claim_proxy,2025,Minivan,14,2011,172.75616588617058,0.005101721441523896
fixed_body_split,raw_claim_proxy,2025,Minivan,15,2010,132.03474865659734,0.00389916333690469
fixed_body_split,raw_claim_proxy,2025,Minivan,16,2009,93.90782964202369,0.002773224246753427
fixed_body_split,raw_claim_proxy,2025,Minivan,17,2008,101.84707983753144,0.0030076809606094912
fixed_body_split,raw_claim_proxy,2025,Minivan,18,2007,113.05700061803348,0.003338724966537211
fixed_body_split,raw_claim_proxy,2025,Minivan,19,2006,96.99997499880658,0.002864539449230207
fixed_body_split,raw_claim_proxy,2025,Minivan,20,2005,85.36932547118228,0.002521070758723221
fixed_body_split,raw_claim_proxy,2025,Minivan,21,2004,71.48669444498371,0.002111098032089608
fixed_body_split,raw_claim_proxy,2025,Minivan,22,2003,56.71468373162671,0.0016748607296224371
fixed_body_split,raw_claim_proxy,2025,Minivan,23,2002,44.98053013105775,0.0013283354249244718
fixed_body_split,raw_claim_proxy,2025,Minivan,24,2001,36.67145360304144,0.0010829572431108343
fixed_body_split,raw_claim_proxy,2025,Minivan,25,2000,29.192443140605317,0.0008620920262783833
fixed_body_split,raw_claim_proxy,2025,Minivan,26,1999,22.881127740588532,0.0006757104118490535
fixed_body_split,raw_claim_proxy,2025,Minivan,27,1998,16.81633041655659,0.0004966088070652477
fixed_body_split,raw_claim_proxy,2025,Minivan,28,1997,12.724578371980066,0.0003757738774861214
fixed_body_split,raw_claim_proxy,2025,Minivan,29,1996,9.877624313278583,0.000291699503122656
fixed_body_split,raw_claim_proxy,2025,Minivan,30,1995,7.398623750356118,0.00021849128933453226
fixed_body_split,raw_claim_proxy,2025,Minivan,31,1994,5.983660368338008,0.00017670552158503605
fixed_body_split,raw_claim_proxy,2025,Minivan,32,1993,4.277997334620104,0.00012633500296130732
fixed_body_split,raw_claim_proxy,2025,Minivan,33,1992,2.9382368826666467,8.677007866945686e-05
fixed_body_split,raw_claim_proxy,2025,Minivan,34,1991,0.8458764131978271,2.4979865766030745e-05
fixed_body_split,raw_claim_proxy,2025,Minivan,35,1990,0.0,0.0
fixed_body_split,raw_claim_proxy,2025,Minivan,36,1989,0.0,0.0
fixed_body_split,raw_claim_proxy,2025,Minivan,37,1988,0.0,0.0
fixed_body_split,raw_claim_proxy,2025,Minivan,38,1987,0.0,0.0
fixed_body_split,raw_claim_proxy,2025,Minivan,39,1986,0.0,0.0
fixed_body_split,raw_claim_proxy,2025,Minivan,40,1985,0.0,0.0
fixed_body_split,raw_claim_proxy,2025,Minivan,41,1984,0.0,0.0
fixed_body_split,raw_claim_proxy,2025,Minivan,42,1983,0.0,0.0
fixed_body_split,raw_claim_proxy,2025,Minivan,43,1982,0.0,0.0
fixed_body_split,raw_claim_proxy,2025,Minivan,44,1981,0.0,0.0
fixed_body_split,raw_claim_proxy,2025,Minivan,45,1980,0.0,0.0
fixed_body_split,calibrated_claim_proxy,2024,Car,13,2011,0.013059933785028715,0.0817907340974985
fixed_body_split,calibrated_claim_proxy,2024,Car,14,2010,0.010670071676824428,0.06682369219366437
fixed_body_split,calibrated_claim_proxy,2024,Car,15,2009,0.009005261898509325,0.056397451437590986
fixed_body_split,calibrated_claim_proxy,2024,Car,16,2008,0.009674711923706667,0.06059003081079178
fixed_body_split,calibrated_claim_proxy,2024,Car,17,2007,0.008967181938603208,0.05615896723649228
fixed_body_split,calibrated_claim_proxy,2024,Car,18,2006,0.0073871980389929705,0.04626396737366827
fixed_body_split,calibrated_claim_proxy,2024,Car,19,2005,0.005753488937940683,0.03603250151202591
fixed_body_split,calibrated_claim_proxy,2024,Car,20,2004,0.0043847394403814625,0.02746040397740547
fixed_body_split,calibrated_claim_proxy,2024,Car,21,2003,0.003415164974766341,0.021388228680792643
fixed_body_split,calibrated_claim_proxy,2024,Car,22,2002,0.0027703263921589204,0.017349783929540376
fixed_body_split,calibrated_claim_proxy,2024,Car,23,2001,0.002165396366776091,0.013561275375967243
fixed_body_split,calibrated_claim_proxy,2024,Car,24,2000,0.001706357853187651,0.010686444796928402
fixed_body_split,calibrated_claim_proxy,2024,Car,25,1999,0.0012592227989821289,0.007886162274354033
fixed_body_split,calibrated_claim_proxy,2024,Car,26,1998,0.0008761571240340983,0.005487128460149723
fixed_body_split,calibrated_claim_proxy,2024,Car,27,1997,0.0006573859286436082,0.0041170252907992266
fixed_body_split,calibrated_claim_proxy,2024,Car,28,1996,0.0005000707390417414,0.0031318039984084577
fixed_body_split,calibrated_claim_proxy,2024,Car,29,1995,0.000376074005595665,0.002355246933021764
fixed_body_split,calibrated_claim_proxy,2024,Car,30,1994,0.00028920507385339503,0.001811210966651807
fixed_body_split,calibrated_claim_proxy,2024,Car,31,1993,0.0002008586939341942,0.0012579221531410232
fixed_body_split,calibrated_claim_proxy,2024,Car,32,1992,0.00014115440260079195,0.00088401077676576
fixed_body_split,calibrated_claim_proxy,2024,Car,33,1991,0.00010191870146337584,0.0006382884896789679
fixed_body_split,calibrated_claim_proxy,2024,Car,34,1990,8.631428339731591e-05,0.0005405623580005366
fixed_body_split,calibrated_claim_proxy,2024,Car,35,1989,5.866436731471259e-05,0.0003673986213878105
fixed_body_split,calibrated_claim_proxy,2024,Car,36,1988,3.971657875366632e-05,0.00024873388989363383
fixed_body_split,calibrated_claim_proxy,2024,Car,37,1987,2.8137965955690444e-05,0.0001762202572699554
fixed_body_split,calibrated_claim_proxy,2024,Car,38,1986,2.1696722672462993e-05,0.0001358805415173616
fixed_body_split,calibrated_claim_proxy,2024,Car,39,1985,9.116939300632324e-06,5.709685595618147e-05
fixed_body_split,calibrated_claim_proxy,2024,Car,40,1984,0.0,0.0
fixed_body_split,calibrated_claim_proxy,2024,Car,41,1983,0.0,0.0
fixed_body_split,calibrated_claim_proxy,2024,Car,42,1982,0.0,0.0
fixed_body_split,calibrated_claim_proxy,2024,Car,43,1981,0.0,0.0
fixed_body_split,calibrated_claim_proxy,2024,Car,44,1980,0.0,0.0
fixed_body_split,calibrated_claim_proxy,2024,Car,45,1979,0.0,0.0
fixed_body_split,calibrated_claim_proxy,2024,SUV,13,2011,0.008260002602659399,0.05173009968038479
fixed_body_split,calibrated_claim_proxy,2024,SUV,14,2010,0.006341325313084564,0.03971395728688954
fixed_body_split,calibrated_claim_proxy,2024,SUV,15,2009,0.004557119545171371,0.028539972644953605
fixed_body_split,calibrated_claim_proxy,2024,SUV,16,2008,0.00498843514256624,0.031241182307981764
fixed_body_split,calibrated_claim_proxy,2024,SUV,17,2007,0.005567412896696037,0.03486715900249476
fixed_body_split,calibrated_claim_proxy,2024,SUV,18,2006,0.004798533098359918,0.030051878605687646
fixed_body_split,calibrated_claim_proxy,2024,SUV,19,2005,0.004239009210783182,0.026547736068422333
fixed_body_split,calibrated_claim_proxy,2024,SUV,20,2004,0.003563604623205197,0.022317864926644553
fixed_body_split,calibrated_claim_proxy,2024,SUV,21,2003,0.0028385938903679447,0.017777324289654346
fixed_body_split,calibrated_claim_proxy,2024,SUV,22,2002,0.0022520814739245736,0.014104160100017102
fixed_body_split,calibrated_claim_proxy,2024,SUV,23,2001,0.0018417363608606231,0.011534282749697308
fixed_body_split,calibrated_claim_proxy,2024,SUV,24,2000,0.0014704583749779471,0.009209071954647478
fixed_body_split,calibrated_claim_proxy,2024,SUV,25,1999,0.0011553610709957955,0.007235705149802981
fixed_body_split,calibrated_claim_proxy,2024,SUV,26,1998,0.0008504974771411652,0.0053264292260953
fixed_body_split,calibrated_claim_proxy,2024,SUV,27,1997,0.0006438020142621647,0.004031953011914514
fixed_body_split,calibrated_claim_proxy,2024,SUV,28,1996,0.0005017348929106285,0.0031422261313861534
fixed_body_split,calibrated_claim_proxy,2024,SUV,29,1995,0.0003770590680994109,0.002361416105594879
fixed_body_split,calibrated_claim_proxy,2024,SUV,30,1994,0.00030316620442378086,0.0018986456456462667
fixed_body_split,calibrated_claim_proxy,2024,SUV,31,1993,0.00021819045782020302,0.0013664661714166916
fixed_body_split,calibrated_claim_proxy,2024,SUV,32,1992,0.00015214578744868087,0.0009528467640115392
fixed_body_split,calibrated_claim_proxy,2024,SUV,33,1991,0.00010756594710262166,0.0006736556189512698
fixed_body_split,calibrated_claim_proxy,2024,SUV,34,1990,3.836953857343285e-05,0.00024029775177734244
fixed_body_split,calibrated_claim_proxy,2024,SUV,35,1989,0.0,0.0
fixed_body_split,calibrated_claim_proxy,2024,SUV,36,1988,0.0,0.0
fixed_body_split,calibrated_claim_proxy,2024,SUV,37,1987,0.0,0.0
fixed_body_split,calibrated_claim_proxy,2024,SUV,38,1986,0.0,0.0
fixed_body_split,calibrated_claim_proxy,2024,SUV,39,1985,0.0,0.0
fixed_body_split,calibrated_claim_proxy,2024,SUV,40,1984,0.0,0.0
fixed_body_split,calibrated_claim_proxy,2024,SUV,41,1983,0.0,0.0
fixed_body_split,calibrated_claim_proxy,2024,SUV,42,1982,0.0,0.0
fixed_body_split,calibrated_claim_proxy,2024,SUV,43,1981,0.0,0.0
fixed_body_split,calibrated_claim_proxy,2024,SUV,44,1980,0.0,0.0
fixed_body_split,calibrated_claim_proxy,2024,SUV,45,1979,0.0,0.0
fixed_body_split,calibrated_claim_proxy,2024,Pickup,13,2011,0.0022013209870168082,0.013786261284014532
fixed_body_split,calibrated_claim_proxy,2024,Pickup,14,2010,0.0016899864526313388,0.010583915267166162
fixed_body_split,calibrated_claim_proxy,2024,Pickup,15,2009,0.0012144890719405369,0.007606007379706465
fixed_body_split,calibrated_claim_proxy,2024,Pickup,16,2008,0.0013294362604883135,0.008325889661540372
fixed_body_split,calibrated_claim_proxy,2024,Pickup,17,2007,0.001483735955354201,0.009292225748831127
fixed_body_split,calibrated_claim_proxy,2024,Pickup,18,2006,0.0012788266692450637,0.00800893586312947
fixed_body_split,calibrated_claim_proxy,2024,Pickup,19,2005,0.0011297115011622662,0.0070750690255697675
fixed_body_split,calibrated_claim_proxy,2024,Pickup,20,2004,0.0009497137015387935,0.005947792853311141
fixed_body_split,calibrated_claim_proxy,2024,Pickup,21,2003,0.0007564956822740977,0.004737722121203726
fixed_body_split,calibrated_claim_proxy,2024,Pickup,22,2002,0.0006001879722684072,0.003758810393403091
fixed_body_split,calibrated_claim_proxy,2024,Pickup,23,2001,0.000490829494703687,0.003073928654564809
fixed_body_split,calibrated_claim_proxy,2024,Pickup,24,2000,0.0003918825498107488,0.0024542514500160767
fixed_body_split,calibrated_claim_proxy,2024,Pickup,25,1999,0.0003079079626859211,0.0019283419592384474
fixed_body_split,calibrated_claim_proxy,2024,Pickup,26,1998,0.00022666069684202202,0.0014195129233359111
fixed_body_split,calibrated_claim_proxy,2024,Pickup,27,1997,0.00017157559793294853,0.0010745302647889538
fixed_body_split,calibrated_claim_proxy,2024,Pickup,28,1996,0.00013371418906420174,0.0008374147880711266
fixed_body_split,calibrated_claim_proxy,2024,Pickup,29,1995,0.000100487624505711,0.0006293260525913005
fixed_body_split,calibrated_claim_proxy,2024,Pickup,30,1994,8.079490533543304e-05,0.0005059960278128193
fixed_body_split,calibrated_claim_proxy,2024,Pickup,31,1993,5.814855721858712e-05,0.00036416824617217455
fixed_body_split,calibrated_claim_proxy,2024,Pickup,32,1992,4.0547410346958964e-05,0.00025393715715710946
fixed_body_split,calibrated_claim_proxy,2024,Pickup,33,1991,2.86667193989872e-05,0.00017953169307014283
fixed_body_split,calibrated_claim_proxy,2024,Pickup,34,1990,1.0225622749398979e-05,6.404023213625999e-05
fixed_body_split,calibrated_claim_proxy,2024,Pickup,35,1989,0.0,0.0
fixed_body_split,calibrated_claim_proxy,2024,Pickup,36,1988,0.0,0.0
fixed_body_split,calibrated_claim_proxy,2024,Pickup,37,1987,0.0,0.0
fixed_body_split,calibrated_claim_proxy,2024,Pickup,38,1986,0.0,0.0
fixed_body_split,calibrated_claim_proxy,2024,Pickup,39,1985,0.0,0.0
fixed_body_split,calibrated_claim_proxy,2024,Pickup,40,1984,0.0,0.0
fixed_body_split,calibrated_claim_proxy,2024,Pickup,41,1983,0.0,0.0
fixed_body_split,calibrated_claim_proxy,2024,Pickup,42,1982,0.0,0.0
fixed_body_split,calibrated_claim_proxy,2024,Pickup,43,1981,0.0,0.0
fixed_body_split,calibrated_claim_proxy,2024,Pickup,44,1980,0.0,0.0
fixed_body_split,calibrated_claim_proxy,2024,Pickup,45,1979,0.0,0.0
fixed_body_split,calibrated_claim_proxy,2024,Minivan,13,2011,0.0009491934531173393,0.005944534682098009
fixed_body_split,calibrated_claim_proxy,2024,Minivan,14,2010,0.0007287097548043387,0.004563706583089996
fixed_body_split,calibrated_claim_proxy,2024,Minivan,15,2009,0.0005236787741394975,0.003279654558222053
fixed_body_split,calibrated_claim_proxy,2024,Minivan,16,2008,0.0005732431581922085,0.0035900625146091515
fixed_body_split,calibrated_claim_proxy,2024,Minivan,17,2007,0.0006397760541435544,0.004006739543073971
fixed_body_split,calibrated_claim_proxy,2024,Minivan,18,2006,0.0005514206738946605,0.0034533943630007807
fixed_body_split,calibrated_claim_proxy,2024,Minivan,19,2005,0.0004871233078406102,0.003050717836713569
fixed_body_split,calibrated_claim_proxy,2024,Minivan,20,2004,0.0004095095777277366,0.0025646446248222352
fixed_body_split,calibrated_claim_proxy,2024,Minivan,21,2003,0.00032619538593470264,0.0020428710063905967
fixed_body_split,calibrated_claim_proxy,2024,Minivan,22,2002,0.00025879664859279947,0.0016207714540361954
fixed_body_split,calibrated_claim_proxy,2024,Minivan,23,2001,0.00021164207569792002,0.0013254554749040917
fixed_body_split,calibrated_claim_proxy,2024,Minivan,24,2000,0.00016897687927619443,0.001058255212392253
fixed_body_split,calibrated_claim_proxy,2024,Minivan,25,1999,0.00013276765363521366,0.0008314868998551102
fixed_body_split,calibrated_claim_proxy,2024,Minivan,26,1998,9.773442891353243e-05,0.0006120835540989708
fixed_body_split,calibrated_claim_proxy,2024,Minivan,27,1997,7.398213855824386e-05,0.0004633295637163378
fixed_body_split,calibrated_claim_proxy,2024,Minivan,28,1996,5.7656576935940196e-05,0.0003610871104526876
fixed_body_split,calibrated_claim_proxy,2024,Minivan,29,1995,4.332952616301299e-05,0.0002713607749705607
fixed_body_split,calibrated_claim_proxy,2024,Minivan,30,1994,3.483817019050782e-05,0.00021818177346057338
fixed_body_split,calibrated_claim_proxy,2024,Minivan,31,1993,2.5073231094253165e-05,0.00015702667495497437
fixed_body_split,calibrated_claim_proxy,2024,Minivan,32,1992,1.7483745745936434e-05,0.00010949583840719399
fixed_body_split,calibrated_claim_proxy,2024,Minivan,33,1991,1.2360879006902734e-05,7.741274838804322e-05
fixed_body_split,calibrated_claim_proxy,2024,Minivan,34,1990,4.409213479098642e-06,2.761367807710293e-05
fixed_body_split,calibrated_claim_proxy,2024,Minivan,35,1989,0.0,0.0
fixed_body_split,calibrated_claim_proxy,2024,Minivan,36,1988,0.0,0.0
fixed_body_split,calibrated_claim_proxy,2024,Minivan,37,1987,0.0,0.0
fixed_body_split,calibrated_claim_proxy,2024,Minivan,38,1986,0.0,0.0
fixed_body_split,calibrated_claim_proxy,2024,Minivan,39,1985,0.0,0.0
fixed_body_split,calibrated_claim_proxy,2024,Minivan,40,1984,0.0,0.0
fixed_body_split,calibrated_claim_proxy,2024,Minivan,41,1983,0.0,0.0
fixed_body_split,calibrated_claim_proxy,2024,Minivan,42,1982,0.0,0.0
fixed_body_split,calibrated_claim_proxy,2024,Minivan,43,1981,0.0,0.0
fixed_body_split,calibrated_claim_proxy,2024,Minivan,44,1980,0.0,0.0
fixed_body_split,calibrated_claim_proxy,2024,Minivan,45,1979,0.0,0.0
fixed_body_split,calibrated_claim_proxy,2025,Car,13,2012,0.015529851509017058,0.09707530095659728
fixed_body_split,calibrated_claim_proxy,2025,Car,14,2011,0.01153568850714615,0.07210825119110563
fixed_body_split,calibrated_claim_proxy,2025,Car,15,2010,0.009395541039956493,0.05873043754309317
fixed_body_split,calibrated_claim_proxy,2025,Car,16,2009,0.00772021744797594,0.048258184038494564
fixed_body_split,calibrated_claim_proxy,2025,Car,17,2008,0.008026625664229002,0.05017350626749782
fixed_body_split,calibrated_claim_proxy,2025,Car,18,2007,0.007197511818475125,0.04499081176091437
fixed_body_split,calibrated_claim_proxy,2025,Car,19,2006,0.005829801532731123,0.03644141336306477
fixed_body_split,calibrated_claim_proxy,2025,Car,20,2005,0.004488694319263625,0.028058307685149567
fixed_body_split,calibrated_claim_proxy,2025,Car,21,2004,0.003382168648444415,0.021141544028484425
fixed_body_split,calibrated_claim_proxy,2025,Car,22,2003,0.0026026731269159246,0.016269007912941915
fixed_body_split,calibrated_claim_proxy,2025,Car,23,2002,0.0020851014368442715,0.01303372729540686
fixed_body_split,calibrated_claim_proxy,2025,Car,24,2001,0.0016236030839312417,0.010148954606241472
fixed_body_split,calibrated_claim_proxy,2025,Car,25,2000,0.00127963230519993,0.007998833154904385
fixed_body_split,calibrated_claim_proxy,2025,Car,26,1999,0.0009360522436944133,0.005851154031638558
fixed_body_split,calibrated_claim_proxy,2025,Car,27,1998,0.0006467861555319224,0.004042985257545191
fixed_body_split,calibrated_claim_proxy,2025,Car,28,1997,0.00048467668786642795,0.0030296577732222135
fixed_body_split,calibrated_claim_proxy,2025,Car,29,1996,0.0003698920508158564,0.002312152317332424
fixed_body_split,calibrated_claim_proxy,2025,Car,30,1995,0.0002772933182393677,0.0017333283776545193
fixed_body_split,calibrated_claim_proxy,2025,Car,31,1994,0.00021200296878519034,0.0013252059742210021
fixed_body_split,calibrated_claim_proxy,2025,Car,32,1993,0.00014639284629595228,0.0009150847066258864
fixed_body_split,calibrated_claim_proxy,2025,Car,33,1992,0.00010226859950993916,0.0006392691565706687
fixed_body_split,calibrated_claim_proxy,2025,Car,34,1991,7.595604971477128e-05,0.000474792458978404
fixed_body_split,calibrated_claim_proxy,2025,Car,35,1990,5.5815731878149814e-05,0.0003488976676330809
fixed_body_split,calibrated_claim_proxy,2025,Car,36,1989,3.682473749364226e-05,0.00023018716391250764
fixed_body_split,calibrated_claim_proxy,2025,Car,37,1988,2.9121517335010332e-05,0.0001820352279587136
fixed_body_split,calibrated_claim_proxy,2025,Car,38,1987,1.9382096108041557e-05,0.00012115523524261409
fixed_body_split,calibrated_claim_proxy,2025,Car,39,1986,9.469768970265692e-06,5.919442772805836e-05
fixed_body_split,calibrated_claim_proxy,2025,Car,40,1985,0.0,0.0
fixed_body_split,calibrated_claim_proxy,2025,Car,41,1984,0.0,0.0
fixed_body_split,calibrated_claim_proxy,2025,Car,42,1983,0.0,0.0
fixed_body_split,calibrated_claim_proxy,2025,Car,43,1982,0.0,0.0
fixed_body_split,calibrated_claim_proxy,2025,Car,44,1981,0.0,0.0
fixed_body_split,calibrated_claim_proxy,2025,Car,45,1980,0.0,0.0
fixed_body_split,calibrated_claim_proxy,2025,SUV,13,2012,0.008933457303927549,0.05584200569195064
fixed_body_split,calibrated_claim_proxy,2025,SUV,14,2011,0.007102328402931983,0.044395831267729204
fixed_body_split,calibrated_claim_proxy,2025,SUV,15,2010,0.005428194940235159,0.03393101712327698
fixed_body_split,calibrated_claim_proxy,2025,SUV,16,2009,0.0038607261413969264,0.024132951423875556
fixed_body_split,calibrated_claim_proxy,2025,SUV,17,2008,0.004187123534348399,0.026173223678495356
fixed_body_split,calibrated_claim_proxy,2025,SUV,18,2007,0.0046479842992627855,0.029054010879015303
fixed_body_split,calibrated_claim_proxy,2025,SUV,19,2006,0.003987850008037634,0.02492758797308839
fixed_body_split,calibrated_claim_proxy,2025,SUV,20,2005,0.0035096922991022443,0.021938679581229727
fixed_body_split,calibrated_claim_proxy,2025,SUV,21,2004,0.0029389514277763434,0.018371044577120202
fixed_body_split,calibrated_claim_proxy,2025,SUV,22,2003,0.002331646497618191,0.014574851881182483
fixed_body_split,calibrated_claim_proxy,2025,SUV,23,2002,0.00184923354306929,0.011559344442427845
fixed_body_split,calibrated_claim_proxy,2025,SUV,24,2001,0.0015076318993632709,0.0094240321794113
fixed_body_split,calibrated_claim_proxy,2025,SUV,25,2000,0.0012001558208064834,0.0075020348669757155
fixed_body_split,calibrated_claim_proxy,2025,SUV,26,1999,0.0009406858655926328,0.005880118264814101
fixed_body_split,calibrated_claim_proxy,2025,SUV,27,1998,0.0006913507285713608,0.004321553235950772
fixed_body_split,calibrated_claim_proxy,2025,SUV,28,1997,0.0005231311653802027,0.0032700322530175236
fixed_body_split,calibrated_claim_proxy,2025,SUV,29,1996,0.00040608757061623326,0.002538406314407793
fixed_body_split,calibrated_claim_proxy,2025,SUV,30,1995,0.0003041712307934933,0.0019013390922941206
fixed_body_split,calibrated_claim_proxy,2025,SUV,31,1994,0.0002459994453427929,0.0015377140069846751
fixed_body_split,calibrated_claim_proxy,2025,SUV,32,1993,0.00017587645466361876,0.0010993833236420144
fixed_body_split,calibrated_claim_proxy,2025,SUV,33,1992,0.00012079640202281314,0.0007550843016129331
fixed_body_split,calibrated_claim_proxy,2025,SUV,34,1991,3.47755580474253e-05,0.0002173779808150335
fixed_body_split,calibrated_claim_proxy,2025,SUV,35,1990,0.0,0.0
fixed_body_split,calibrated_claim_proxy,2025,SUV,36,1989,0.0,0.0
fixed_body_split,calibrated_claim_proxy,2025,SUV,37,1988,0.0,0.0
fixed_body_split,calibrated_claim_proxy,2025,SUV,38,1987,0.0,0.0
fixed_body_split,calibrated_claim_proxy,2025,SUV,39,1986,0.0,0.0
fixed_body_split,calibrated_claim_proxy,2025,SUV,40,1985,0.0,0.0
fixed_body_split,calibrated_claim_proxy,2025,SUV,41,1984,0.0,0.0
fixed_body_split,calibrated_claim_proxy,2025,SUV,42,1983,0.0,0.0
fixed_body_split,calibrated_claim_proxy,2025,SUV,43,1982,0.0,0.0
fixed_body_split,calibrated_claim_proxy,2025,SUV,44,1981,0.0,0.0
fixed_body_split,calibrated_claim_proxy,2025,SUV,45,1980,0.0,0.0
fixed_body_split,calibrated_claim_proxy,2025,Pickup,13,2012,0.002380799134787538,0.01488209931643673
fixed_body_split,calibrated_claim_proxy,2025,Pickup,14,2011,0.001892796567040553,0.011831651853746903
fixed_body_split,calibrated_claim_proxy,2025,Pickup,15,2010,0.0014466338593780742,0.009042740504736408
fixed_body_split,calibrated_claim_proxy,2025,Pickup,16,2009,0.001028897675824609,0.006431520061619648
fixed_body_split,calibrated_claim_proxy,2025,Pickup,17,2008,0.0011158837781026294,0.006975260100136904
fixed_body_split,calibrated_claim_proxy,2025,Pickup,18,2007,0.001238704862150718,0.007743000454309702
fixed_body_split,calibrated_claim_proxy,2025,Pickup,19,2006,0.0010627766525088075,0.006643293616299842
fixed_body_split,calibrated_claim_proxy,2025,Pickup,20,2005,0.0009353458694428966,0.0058467385681027885
fixed_body_split,calibrated_claim_proxy,2025,Pickup,21,2004,0.0007832413340528642,0.0048959507552716434
fixed_body_split,calibrated_claim_proxy,2025,Pickup,22,2003,0.0006213923428860216,0.0038842514793371403
fixed_body_split,calibrated_claim_proxy,2025,Pickup,23,2002,0.000492827521258075,0.0030806076875907963
fixed_body_split,calibrated_claim_proxy,2025,Pickup,24,2001,0.00040178943039265657,0.0025115391382783173
fixed_body_split,calibrated_claim_proxy,2025,Pickup,25,2000,0.000319845927794393,0.0019993198056243357
fixed_body_split,calibrated_claim_proxy,2025,Pickup,26,1999,0.00025069623312859896,0.0015670730827988682
fixed_body_split,calibrated_claim_proxy,2025,Pickup,27,1998,0.00018424750468038715,0.0011517097865981277
fixed_body_split,calibrated_claim_proxy,2025,Pickup,28,1997,0.0001394163741477802,0.0008714755882124941
fixed_body_split,calibrated_claim_proxy,2025,Pickup,29,1996,0.00010822382688794485,0.0006764945923482874
fixed_body_split,calibrated_claim_proxy,2025,Pickup,30,1995,8.106274854887721e-05,0.0005067138412226386
fixed_body_split,calibrated_claim_proxy,2025,Pickup,31,1994,6.555975438230912e-05,0.00040980642239933884
fixed_body_split,calibrated_claim_proxy,2025,Pickup,32,1993,4.687172019152677e-05,0.0002929896877187765
fixed_body_split,calibrated_claim_proxy,2025,Pickup,33,1992,3.219268415766902e-05,0.00020123273563767653
fixed_body_split,calibrated_claim_proxy,2025,Pickup,34,1991,9.267813758360287e-06,5.7932029116964916e-05
fixed_body_split,calibrated_claim_proxy,2025,Pickup,35,1990,0.0,0.0
fixed_body_split,calibrated_claim_proxy,2025,Pickup,36,1989,0.0,0.0
fixed_body_split,calibrated_claim_proxy,2025,Pickup,37,1988,0.0,0.0
fixed_body_split,calibrated_claim_proxy,2025,Pickup,38,1987,0.0,0.0
fixed_body_split,calibrated_claim_proxy,2025,Pickup,39,1986,0.0,0.0
fixed_body_split,calibrated_claim_proxy,2025,Pickup,40,1985,0.0,0.0
fixed_body_split,calibrated_claim_proxy,2025,Pickup,41,1984,0.0,0.0
fixed_body_split,calibrated_claim_proxy,2025,Pickup,42,1983,0.0,0.0
fixed_body_split,calibrated_claim_proxy,2025,Pickup,43,1982,0.0,0.0
fixed_body_split,calibrated_claim_proxy,2025,Pickup,44,1981,0.0,0.0
fixed_body_split,calibrated_claim_proxy,2025,Pickup,45,1980,0.0,0.0
fixed_body_split,calibrated_claim_proxy,2025,Minivan,13,2012,0.0010265831131652688,0.0064170519988305166
fixed_body_split,calibrated_claim_proxy,2025,Minivan,14,2011,0.0008161599876229908,0.005101721441523895
fixed_body_split,calibrated_claim_proxy,2025,Minivan,15,2010,0.0006237779026676099,0.003899163336904689
fixed_body_split,calibrated_claim_proxy,2025,Minivan,16,2009,0.0004436531262729966,0.0027732242467534266
fixed_body_split,calibrated_claim_proxy,2025,Minivan,17,2008,0.00048116089514517056,0.003007680960609491
fixed_body_split,calibrated_claim_proxy,2025,Minivan,18,2007,0.0005341204451475572,0.00333872496653721
fixed_body_split,calibrated_claim_proxy,2025,Minivan,19,2006,0.00045826149236618294,0.0028645394492302066
fixed_body_split,calibrated_claim_proxy,2025,Minivan,20,2005,0.0004033142739799645,0.0025210707587232204
fixed_body_split,calibrated_claim_proxy,2025,Minivan,21,2004,0.0003377279146833451,0.0021110980320896075
fixed_body_split,calibrated_claim_proxy,2025,Minivan,22,2003,0.00026793981757470653,0.0016748607296224367
fixed_body_split,calibrated_claim_proxy,2025,Minivan,23,2002,0.0002125036100837571,0.0013283354249244716
fixed_body_split,calibrated_claim_proxy,2025,Minivan,24,2001,0.00017324865347206293,0.001082957243110834
fixed_body_split,calibrated_claim_proxy,2025,Minivan,25,2000,0.0001379152165718942,0.0008620920262783831
fixed_body_split,calibrated_claim_proxy,2025,Minivan,26,1999,0.00010809837575269864,0.0006757104118490533
fixed_body_split,calibrated_claim_proxy,2025,Minivan,27,1998,7.944617174291921e-05,0.0004966088070652476
fixed_body_split,calibrated_claim_proxy,2025,Minivan,28,1997,6.011531729307953e-05,0.0003757738774861213
fixed_body_split,calibrated_claim_proxy,2025,Minivan,29,1996,4.666531985076519e-05,0.0002916995031226559
fixed_body_split,calibrated_claim_proxy,2025,Minivan,30,1995,3.4953662218323196e-05,0.0002184912893345322
fixed_body_split,calibrated_claim_proxy,2025,Minivan,31,1994,2.8268884917142463e-05,0.00017670552158503602
fixed_body_split,calibrated_claim_proxy,2025,Minivan,32,1993,2.0210741733961084e-05,0.00012633500296130732
fixed_body_split,calibrated_claim_proxy,2025,Minivan,33,1992,1.3881249132205908e-05,8.677007866945685e-05
fixed_body_split,calibrated_claim_proxy,2025,Minivan,34,1991,3.996213271953518e-06,2.497986576603074e-05
fixed_body_split,calibrated_claim_proxy,2025,Minivan,35,1990,0.0,0.0
fixed_body_split,calibrated_claim_proxy,2025,Minivan,36,1989,0.0,0.0
fixed_body_split,calibrated_claim_proxy,2025,Minivan,37,1988,0.0,0.0
fixed_body_split,calibrated_claim_proxy,2025,Minivan,38,1987,0.0,0.0
fixed_body_split,calibrated_claim_proxy,2025,Minivan,39,1986,0.0,0.0
fixed_body_split,calibrated_claim_proxy,2025,Minivan,40,1985,0.0,0.0
fixed_body_split,calibrated_claim_proxy,2025,Minivan,41,1984,0.0,0.0
fixed_body_split,calibrated_claim_proxy,2025,Minivan,42,1983,0.0,0.0
fixed_body_split,calibrated_claim_proxy,2025,Minivan,43,1982,0.0,0.0
fixed_body_split,calibrated_claim_proxy,2025,Minivan,44,1981,0.0,0.0
fixed_body_split,calibrated_claim_proxy,2025,Minivan,45,1980,0.0,0.0
vintage_body_split,fleet,2024,Car,13,2011,5200.266162204724,0.05028554750025327
vintage_body_split,fleet,2024,Car,14,2010,4650.029382677165,0.04496486643311558
vintage_body_split,fleet,2024,Car,15,2009,4295.250242519685,0.041534222164529844
vintage_body_split,fleet,2024,Car,16,2008,5050.494800000001,0.048837287985565234
vintage_body_split,fleet,2024,Car,17,2007,5123.368931496063,0.04954196645520173
vintage_body_split,fleet,2024,Car,18,2006,4619.374299212599,0.044668437825886725
vintage_body_split,fleet,2024,Car,19,2005,3937.662204724409,0.03807641641013107
vintage_body_split,fleet,2024,Car,20,2004,3284.39005511811,0.0317594036486741
vintage_body_split,fleet,2024,Car,21,2003,2799.7959968503947,0.02707347474132938
vintage_body_split,fleet,2024,Car,22,2002,2485.7039519685036,0.024036266654337193
vintage_body_split,fleet,2024,Car,23,2001,2126.4718110236226,0.020562562746950473
vintage_body_split,fleet,2024,Car,24,2000,1833.9863740157493,0.01773428629397058
vintage_body_split,fleet,2024,Car,25,1999,1481.2635299212598,0.014323526002497708
vintage_body_split,fleet,2024,Car,26,1998,1128.0166535433075,0.010907698422263112
vintage_body_split,fleet,2024,Car,27,1997,926.3128346456689,0.008957262300382091
vintage_body_split,fleet,2024,Car,28,1996,771.2097007874016,0.007457445606045553
vintage_body_split,fleet,2024,Car,29,1995,634.772522834646,0.006138125021532421
vintage_body_split,fleet,2024,Car,30,1994,534.2622322834645,0.005166210347912544
vintage_body_split,fleet,2024,Car,31,1993,406.1093267716536,0.003926997042977108
vintage_body_split,fleet,2024,Car,32,1992,312.35648031496083,0.0030204255201488925
vintage_body_split,fleet,2024,Car,33,1991,246.83897637795275,0.0023868841871557234
vintage_body_split,fleet,2024,Car,34,1990,228.794872440945,0.0022124012631433835
vintage_body_split,fleet,2024,Car,35,1989,170.19303070866135,0.001645733018843033
vintage_body_split,fleet,2024,Car,36,1988,126.10809763779528,0.0012194404163427285
vintage_body_split,fleet,2024,Car,37,1987,97.78395669291345,0.0009455515632606635
vintage_body_split,fleet,2024,Car,38,1986,82.52258188976379,0.0007979770807927142
vintage_body_split,fleet,2024,Car,39,1985,37.95172283464574,0.0003669856699236569
vintage_body_split,fleet,2024,Car,40,1984,0.0,0.0
vintage_body_split,fleet,2024,Car,41,1983,0.0,0.0
vintage_body_split,fleet,2024,Car,42,1982,0.0,0.0
vintage_body_split,fleet,2024,Car,43,1981,0.0,0.0
vintage_body_split,fleet,2024,Car,44,1980,0.0,0.0
vintage_body_split,fleet,2024,Car,45,1979,0.0,0.0
vintage_body_split,fleet,2024,SUV,13,2011,3095.6406985254603,0.029934234620679973
vintage_body_split,fleet,2024,SUV,14,2010,2431.683933722899,0.023513903738916295
vintage_body_split,fleet,2024,SUV,15,2009,1894.869106733859,0.018323010303963126
vintage_body_split,fleet,2024,SUV,16,2008,2184.7195910448804,0.021125807284380353
vintage_body_split,fleet,2024,SUV,17,2007,2585.9342385392765,0.025005473744726153
vintage_body_split,fleet,2024,SUV,18,2006,2190.080721447054,0.021177648357334062
vintage_body_split,fleet,2024,SUV,19,2005,2081.109610109354,0.02012391921647714
vintage_body_split,fleet,2024,SUV,20,2004,2126.8305913288386,0.020566032081695534
vintage_body_split,fleet,2024,SUV,21,2003,1697.5313466992664,0.016414793109632828
vintage_body_split,fleet,2024,SUV,22,2002,1497.0062517160413,0.014475755015379453
vintage_body_split,fleet,2024,SUV,23,2001,1196.9424601229584,0.011574197369171795
vintage_body_split,fleet,2024,SUV,24,2000,921.5179852047788,0.008910897052566733
vintage_body_split,fleet,2024,SUV,25,1999,777.1878130485271,0.007515252771812089
vintage_body_split,fleet,2024,SUV,26,1998,602.1109450870061,0.005822294010573967
vintage_body_split,fleet,2024,SUV,27,1997,501.42025764787724,0.004848634934649511
vintage_body_split,fleet,2024,SUV,28,1996,384.42462222532765,0.0037173102295562097
vintage_body_split,fleet,2024,SUV,29,1995,277.7714642552547,0.00268599524030913
vintage_body_split,fleet,2024,SUV,30,1994,219.9269841974657,0.0021266505339335236
vintage_body_split,fleet,2024,SUV,31,1993,168.01343680568453,0.0016246567759507005
vintage_body_split,fleet,2024,SUV,32,1992,114.8104181267424,0.0011101940851020926
vintage_body_split,fleet,2024,SUV,33,1991,97.33235341176118,0.0009411846486571953
vintage_body_split,fleet,2024,SUV,34,1990,26.151206446181707,0.0002528770053148348
vintage_body_split,fleet,2024,SUV,35,1989,0.0,0.0
vintage_body_split,fleet,2024,SUV,36,1988,0.0,0.0
vintage_body_split,fleet,2024,SUV,37,1987,0.0,0.0
vintage_body_split,fleet,2024,SUV,38,1986,0.0,0.0
vintage_body_split,fleet,2024,SUV,39,1985,0.0,0.0
vintage_body_split,fleet,2024,SUV,40,1984,0.0,0.0
vintage_body_split,fleet,2024,SUV,41,1983,0.0,0.0
vintage_body_split,fleet,2024,SUV,42,1982,0.0,0.0
vintage_body_split,fleet,2024,SUV,43,1981,0.0,0.0
vintage_body_split,fleet,2024,SUV,44,1980,0.0,0.0
vintage_body_split,fleet,2024,SUV,45,1979,0.0,0.0
vintage_body_split,fleet,2024,Pickup,13,2011,1070.6844333601005,0.010353307167778677
vintage_body_split,fleet,2024,Pickup,14,2010,963.7389349292645,0.009319165303970294
vintage_body_split,fleet,2024,Pickup,15,2009,807.4408839398737,0.007807793996796306
vintage_body_split,fleet,2024,Pickup,16,2008,980.7830096997093,0.009483978143300754
vintage_body_split,fleet,2024,Pickup,17,2007,1290.7510814059613,0.012481308223563099
vintage_body_split,fleet,2024,Pickup,18,2006,1275.3739516729643,0.01233261441376811
vintage_body_split,fleet,2024,Pickup,19,2005,1172.0842102233714,0.011333822998493644
vintage_body_split,fleet,2024,Pickup,20,2004,1130.5390822036436,0.010932089809599633
vintage_body_split,fleet,2024,Pickup,21,2003,1012.8063626403049,0.009793637646330686
vintage_body_split,fleet,2024,Pickup,22,2002,850.3094066309465,0.008222324150986279
vintage_body_split,fleet,2024,Pickup,23,2001,873.9217173120303,0.00845065053531138
vintage_body_split,fleet,2024,Pickup,24,2000,765.9136158864108,0.007406233510251357
vintage_body_split,fleet,2024,Pickup,25,1999,698.5847102867649,0.006755176280666081
vintage_body_split,fleet,2024,Pickup,26,1998,563.2261375988176,0.005446285596197631
vintage_body_split,fleet,2024,Pickup,27,1997,492.7948752460811,0.004765229189069465
vintage_body_split,fleet,2024,Pickup,28,1996,397.79784344257365,0.0038466266394812953
vintage_body_split,fleet,2024,Pickup,29,1995,347.2890218580039,0.003358216302827317
vintage_body_split,fleet,2024,Pickup,30,1994,361.63669800481665,0.003496955499609684
vintage_body_split,fleet,2024,Pickup,31,1993,256.6490467241777,0.0024817456313566445
vintage_body_split,fleet,2024,Pickup,32,1992,210.54148084634014,0.002035894568785632
vintage_body_split,fleet,2024,Pickup,33,1991,170.6861506487269,0.001650501391344754
vintage_body_split,fleet,2024,Pickup,34,1990,67.7374236540264,0.0006550075185488607
vintage_body_split,fleet,2024,Pickup,35,1989,0.0,0.0
vintage_body_split,fleet,2024,Pickup,36,1988,0.0,0.0
vintage_body_split,fleet,2024,Pickup,37,1987,0.0,0.0
vintage_body_split,fleet,2024,Pickup,38,1986,0.0,0.0
vintage_body_split,fleet,2024,Pickup,39,1985,0.0,0.0
vintage_body_split,fleet,2024,Pickup,40,1984,0.0,0.0
vintage_body_split,fleet,2024,Pickup,41,1983,0.0,0.0
vintage_body_split,fleet,2024,Pickup,42,1982,0.0,0.0
vintage_body_split,fleet,2024,Pickup,43,1981,0.0,0.0
vintage_body_split,fleet,2024,Pickup,44,1980,0.0,0.0
vintage_body_split,fleet,2024,Pickup,45,1979,0.0,0.0
vintage_body_split,fleet,2024,Minivan,13,2011,377.1684759397345,0.003647144726996955
vintage_body_split,fleet,2024,Minivan,14,2010,422.20448166630786,0.004082634014380882
vintage_body_split,fleet,2024,Minivan,15,2009,300.36055891680405,0.0029044273276601115
vintage_body_split,fleet,2024,Minivan,16,2008,431.8694483909885,0.004176092335198108
vintage_body_split,fleet,2024,Minivan,17,2007,517.4984926116314,0.00500410829366068
vintage_body_split,fleet,2024,Minivan,18,2006,679.6647408927198,0.0065722239105388885
vintage_body_split,fleet,2024,Minivan,19,2005,754.5197465462558,0.007296057042346657
vintage_body_split,fleet,2024,Minivan,20,2004,430.0756640471353,0.004158746794601817
vintage_body_split,fleet,2024,Minivan,21,2003,504.38193397252985,0.004877273760213114
vintage_body_split,fleet,2024,Minivan,22,2002,444.12050907794327,0.004294557674257055
vintage_body_split,fleet,2024,Minivan,23,2001,427.6097879881226,0.004134902259759267
vintage_body_split,fleet,2024,Minivan,24,2000,495.82038616995663,0.004794485282609603
vintage_body_split,fleet,2024,Minivan,25,1999,401.6958160641619,0.003884319265455359
vintage_body_split,fleet,2024,Minivan,26,1998,347.2893467955232,0.0033582194449090015
vintage_body_split,fleet,2024,Minivan,27,1997,258.968599590118,0.0025041752497995087
vintage_body_split,fleet,2024,Minivan,28,1996,286.6859228671303,0.0027721962957905784
vintage_body_split,fleet,2024,Minivan,29,1995,254.1226176174058,0.002457315560492591
vintage_body_split,fleet,2024,Minivan,30,1994,192.1040657504021,0.0018576084034875838
vintage_body_split,fleet,2024,Minivan,31,1993,184.75263293965543,0.0017865214990351787
vintage_body_split,fleet,2024,Minivan,32,1992,139.74255871572538,0.0013512829641641523
vintage_body_split,fleet,2024,Minivan,33,1991,91.8632266037522,0.0008882992717724771
vintage_body_split,fleet,2024,Minivan,34,1990,46.61104960861785,0.0004507196508836197
vintage_body_split,fleet,2024,Minivan,35,1989,0.0,0.0
vintage_body_split,fleet,2024,Minivan,36,1988,0.0,0.0
vintage_body_split,fleet,2024,Minivan,37,1987,0.0,0.0
vintage_body_split,fleet,2024,Minivan,38,1986,0.0,0.0
vintage_body_split,fleet,2024,Minivan,39,1985,0.0,0.0
vintage_body_split,fleet,2024,Minivan,40,1984,0.0,0.0
vintage_body_split,fleet,2024,Minivan,41,1983,0.0,0.0
vintage_body_split,fleet,2024,Minivan,42,1982,0.0,0.0
vintage_body_split,fleet,2024,Minivan,43,1981,0.0,0.0
vintage_body_split,fleet,2024,Minivan,44,1980,0.0,0.0
vintage_body_split,fleet,2024,Minivan,45,1979,0.0,0.0
vintage_body_split,fleet,2025,Car,13,2012,6183.749675590551,0.05999947628525446
vintage_body_split,fleet,2025,Car,14,2011,5027.266182677165,0.04877838753691046
vintage_body_split,fleet,2025,Car,15,2010,4481.402138582677,0.04348199643332128
vintage_body_split,fleet,2025,Car,16,2009,4030.189051968505,0.03910398142460118
vintage_body_split,fleet,2025,Car,17,2008,4585.9853,0.044496742379145214
vintage_body_split,fleet,2025,Car,18,2007,4500.7594133858265,0.04366981554169872
vintage_body_split,fleet,2025,Car,19,2006,3989.890204724409,0.038712971138546166
vintage_body_split,fleet,2025,Car,20,2005,3362.25748031496,0.03262319766134634
vintage_body_split,fleet,2025,Car,21,2004,2772.7451858267723,0.026903297796604147
vintage_body_split,fleet,2025,Car,22,2003,2335.275329133858,0.022658630132295198
vintage_body_split,fleet,2025,Car,23,2002,2047.6202401574808,0.01986758010685531
vintage_body_split,fleet,2025,Car,24,2001,1745.0418897637805,0.01693173316749089
vintage_body_split,fleet,2025,Car,25,2000,1505.2718763779528,0.01460530082679556
vintage_body_split,fleet,2025,Car,26,1999,1205.1291834645674,0.011693086502089852
vintage_body_split,fleet,2025,Car,27,1998,911.3768503937005,0.00884287634377835
vintage_body_split,fleet,2025,Car,28,1997,747.4689763779528,0.007252516591863726
vintage_body_split,fleet,2025,Car,29,1996,624.3380472440948,0.0060578059955227245
vintage_body_split,fleet,2025,Car,30,1995,512.2570818897638,0.004970310612365354
vintage_body_split,fleet,2025,Car,31,1994,428.6415551181103,0.0041590087196936125
vintage_body_split,fleet,2025,Car,32,1993,323.9484803149608,0.0031431963100035246
vintage_body_split,fleet,2025,Car,33,1992,247.68640157480314,0.002403243203089099
vintage_body_split,fleet,2025,Car,34,1991,201.33811023622056,0.0019535365763787
vintage_body_split,fleet,2025,Car,35,1990,161.92876535433066,0.0015711569236265773
vintage_body_split,fleet,2025,Car,36,1989,116.9259220472441,0.0011345048643702012
vintage_body_split,fleet,2025,Car,37,1988,101.20195590551188,0.000981938899846272
vintage_body_split,fleet,2025,Car,38,1987,73.71899606299212,0.0007152781707050349
vintage_body_split,fleet,2025,Car,39,1986,39.42047165354338,0.0003824876132141366
vintage_body_split,fleet,2025,Car,40,1985,0.0,0.0
vintage_body_split,fleet,2025,Car,41,1984,0.0,0.0
vintage_body_split,fleet,2025,Car,42,1983,0.0,0.0
vintage_body_split,fleet,2025,Car,43,1982,0.0,0.0
vintage_body_split,fleet,2025,Car,44,1981,0.0,0.0
vintage_body_split,fleet,2025,Car,45,1980,0.0,0.0
vintage_body_split,fleet,2025,SUV,13,2012,3275.7012333629614,0.03178336264880743
vintage_body_split,fleet,2025,SUV,14,2011,2913.230687573892,0.028266395750547988
vintage_body_split,fleet,2025,SUV,15,2010,2278.170851395072,0.02210455874557741
vintage_body_split,fleet,2025,SUV,16,2009,1756.95870053953,0.017047359194261962
vintage_body_split,fleet,2025,SUV,17,2008,2007.0163487827313,0.019473610048971995
vintage_body_split,fleet,2025,SUV,18,2007,2362.829913935869,0.02292598582166023
vintage_body_split,fleet,2025,SUV,19,2006,1992.02234432014,0.019328126731831038
vintage_body_split,fleet,2025,SUV,20,2005,1885.833733768177,0.01829780348868194
vintage_body_split,fleet,2025,SUV,21,2004,1919.7273669744818,0.01862666548156146
vintage_body_split,fleet,2025,SUV,22,2003,1526.0930317997156,0.014807323626310057
vintage_body_split,fleet,2025,SUV,23,2002,1345.349251238274,0.013053609012293474
vintage_body_split,fleet,2025,SUV,24,2001,1072.3705825095528,0.010404960858662469
vintage_body_split,fleet,2025,SUV,25,2000,823.1755816585525,0.007987080069764643
vintage_body_split,fleet,2025,SUV,26,1999,692.5587697754339,0.006719735704585714
vintage_body_split,fleet,2025,SUV,27,1998,535.6803057649906,0.005197580673275713
vintage_body_split,fleet,2025,SUV,28,1997,445.92713594704094,0.004326726666155155
vintage_body_split,fleet,2025,SUV,29,1996,340.53389921233736,0.0033041207490606605
vintage_body_split,fleet,2025,SUV,30,1995,245.24498559024676,0.0023795547150110554
vintage_body_split,fleet,2025,SUV,31,1994,195.31501133932235,0.0018950958570115026
vintage_body_split,fleet,2025,SUV,32,1993,148.2244090148086,0.0014381867604837258
vintage_body_split,fleet,2025,SUV,33,1992,99.76521159633643,0.000967998505970591
vintage_body_split,fleet,2025,SUV,34,1991,34.439773745794184,0.00033416106675323464
vintage_body_split,fleet,2025,SUV,35,1990,0.0,0.0
vintage_body_split,fleet,2025,SUV,36,1989,0.0,0.0
vintage_body_split,fleet,2025,SUV,37,1988,0.0,0.0
vintage_body_split,fleet,2025,SUV,38,1987,0.0,0.0
vintage_body_split,fleet,2025,SUV,39,1986,0.0,0.0
vintage_body_split,fleet,2025,SUV,40,1985,0.0,0.0
vintage_body_split,fleet,2025,SUV,41,1984,0.0,0.0
vintage_body_split,fleet,2025,SUV,42,1983,0.0,0.0
vintage_body_split,fleet,2025,SUV,43,1982,0.0,0.0
vintage_body_split,fleet,2025,SUV,44,1981,0.0,0.0
vintage_body_split,fleet,2025,SUV,45,1980,0.0,0.0
vintage_body_split,fleet,2025,Pickup,13,2012,1100.809444233661,0.010680896480107609
vintage_body_split,fleet,2025,Pickup,14,2011,1007.5945665974888,0.009776454331965462
vintage_body_split,fleet,2025,Pickup,15,2010,902.8977489475719,0.008760605606308909
vintage_body_split,fleet,2025,Pickup,16,2009,748.6745554972747,0.007264214043988167
vintage_body_split,fleet,2025,Pickup,17,2008,901.0069498823893,0.008742259625371255
vintage_body_split,fleet,2025,Pickup,18,2007,1179.3901102117122,0.011443346296509551
vintage_body_split,fleet,2025,Pickup,19,2006,1160.0364243276767,0.011255562010574567
vintage_body_split,fleet,2025,Pickup,20,2005,1062.1045291026837,0.010305351744412583
vintage_body_split,fleet,2025,Pickup,21,2004,1020.4511936160052,0.009901199175850523
vintage_body_split,fleet,2025,Pickup,22,2003,910.5202891205339,0.008834565330155161
vintage_body_split,fleet,2025,Pickup,23,2002,764.1672319140034,0.007414535858425435
vintage_body_split,fleet,2025,Pickup,24,2001,782.9682480855247,0.00759695771944848
vintage_body_split,fleet,2025,Pickup,25,2000,684.1769736240105,0.006638409097624196
vintage_body_split,fleet,2025,Pickup,26,1999,622.5148663131713,0.006040116097521117
vintage_body_split,fleet,2025,Pickup,27,1998,501.0856422152761,0.004861916746994734
vintage_body_split,fleet,2025,Pickup,28,1997,438.25634081617886,0.00425229873574265
vintage_body_split,fleet,2025,Pickup,29,1996,352.38026623163984,0.0034190632765447116
vintage_body_split,fleet,2025,Pickup,30,1995,306.6221772980622,0.002975083245679933
vintage_body_split,fleet,2025,Pickup,31,1994,321.16602712155856,0.003116198817680806
vintage_body_split,fleet,2025,Pickup,32,1993,226.42030303149028,0.0021969032245699118
vintage_body_split,fleet,2025,Pickup,33,1992,182.95130118987504,0.001775133670178854
vintage_body_split,fleet,2025,Pickup,34,1991,60.39505060577708,0.0005859990453481612
vintage_body_split,fleet,2025,Pickup,35,1990,0.0,0.0
vintage_body_split,fleet,2025,Pickup,36,1989,0.0,0.0
vintage_body_split,fleet,2025,Pickup,37,1988,0.0,0.0
vintage_body_split,fleet,2025,Pickup,38,1987,0.0,0.0
vintage_body_split,fleet,2025,Pickup,39,1986,0.0,0.0
vintage_body_split,fleet,2025,Pickup,40,1985,0.0,0.0
vintage_body_split,fleet,2025,Pickup,41,1984,0.0,0.0
vintage_body_split,fleet,2025,Pickup,42,1983,0.0,0.0
vintage_body_split,fleet,2025,Pickup,43,1982,0.0,0.0
vintage_body_split,fleet,2025,Pickup,44,1981,0.0,0.0
vintage_body_split,fleet,2025,Pickup,45,1980,0.0,0.0
vintage_body_split,fleet,2025,Minivan,13,2012,537.4231440594289,0.005214491025473338
vintage_body_split,fleet,2025,Minivan,14,2011,354.943898694861,0.003443937602520149
vintage_body_split,fleet,2025,Minivan,15,2010,395.5505607128608,0.0038379345433066704
vintage_body_split,fleet,2025,Minivan,16,2009,278.5000269477269,0.0027022206005932908
vintage_body_split,fleet,2025,Minivan,17,2008,396.74155301822805,0.003849490462988199
vintage_body_split,fleet,2025,Minivan,18,2007,472.85074018362786,0.0045879600987249166
vintage_body_split,fleet,2025,Minivan,19,2006,618.1997481856686,0.005998247515941697
vintage_body_split,fleet,2025,Minivan,20,2005,683.7212148361451,0.006633986976739796
vintage_body_split,fleet,2025,Minivan,21,2004,388.19642030123254,0.003766579039546926
vintage_body_split,fleet,2025,Minivan,22,2003,453.4430284883026,0.004399651612983453
vintage_body_split,fleet,2025,Minivan,23,2002,399.12805551924174,0.003872646138383581
vintage_body_split,fleet,2025,Minivan,24,2001,383.10626676615954,0.0037171904707435244
vintage_body_split,fleet,2025,Minivan,25,2000,442.9075084117041,0.00429742792668452
vintage_body_split,fleet,2025,Minivan,26,1999,357.95460958928396,0.0034731498259102296
vintage_body_split,fleet,2025,Minivan,27,1998,308.97306384866863,0.0029978933478416064
vintage_body_split,fleet,2025,Minivan,28,1997,230.30805826862715,0.002234625204014559
vintage_body_split,fleet,2025,Minivan,29,1996,253.95427222663264,0.0024640588855249458
vintage_body_split,fleet,2025,Minivan,30,1995,224.36537123362015,0.002176964702129262
vintage_body_split,fleet,2025,Minivan,31,1994,170.605748618282,0.0016553476620757822
vintage_body_split,fleet,2025,Minivan,32,1993,162.99202225761357,0.0015814734565880388
vintage_body_split,fleet,2025,Minivan,33,1992,121.43014690441647,0.001178208304302148
vintage_body_split,fleet,2025,Minivan,34,1991,32.50459512067602,0.00031538448132904865
vintage_body_split,fleet,2025,Minivan,35,1990,0.0,0.0
vintage_body_split,fleet,2025,Minivan,36,1989,0.0,0.0
vintage_body_split,fleet,2025,Minivan,37,1988,0.0,0.0
vintage_body_split,fleet,2025,Minivan,38,1987,0.0,0.0
vintage_body_split,fleet,2025,Minivan,39,1986,0.0,0.0
vintage_body_split,fleet,2025,Minivan,40,1985,0.0,0.0
vintage_body_split,fleet,2025,Minivan,41,1984,0.0,0.0
vintage_body_split,fleet,2025,Minivan,42,1983,0.0,0.0
vintage_body_split,fleet,2025,Minivan,43,1982,0.0,0.0
vintage_body_split,fleet,2025,Minivan,44,1981,0.0,0.0
vintage_body_split,fleet,2025,Minivan,45,1980,0.0,0.0
vintage_body_split,raw_claim_proxy,2024,Car,13,2011,2764.3894844683623,0.0817907340974985
vintage_body_split,raw_claim_proxy,2024,Car,14,2010,2258.528598035484,0.06682369219366435
vintage_body_split,raw_claim_proxy,2024,Car,15,2009,1906.1391663149263,0.05639745143759098
vintage_body_split,raw_claim_proxy,2024,Car,16,2008,2047.8413097173743,0.06059003081079177
vintage_body_split,raw_claim_proxy,2024,Car,17,2007,1898.0788007368008,0.056158967236492274
vintage_body_split,raw_claim_proxy,2024,Car,18,2006,1563.6444192456197,0.046263967373668266
vintage_body_split,raw_claim_proxy,2024,Car,19,2005,1217.838051926486,0.03603250151202591
vintage_body_split,raw_claim_proxy,2024,Car,20,2004,928.1155479531825,0.02746040397740547
vintage_body_split,raw_claim_proxy,2024,Car,21,2003,722.8862182127806,0.021388228680792643
vintage_body_split,raw_claim_proxy,2024,Car,22,2002,586.3935662375533,0.017349783929540376
vintage_body_split,raw_claim_proxy,2024,Car,23,2001,458.34833809677394,0.013561275375967243
vintage_body_split,raw_claim_proxy,2024,Car,24,2000,361.1838914144679,0.010686444796928402
vintage_body_split,raw_claim_proxy,2024,Car,25,1999,266.5390438732122,0.007886162274354031
vintage_body_split,raw_claim_proxy,2024,Car,26,1998,185.455728971491,0.005487128460149722
vintage_body_split,raw_claim_proxy,2024,Car,27,1997,139.1485422738584,0.004117025290799226
vintage_body_split,raw_claim_proxy,2024,Car,28,1996,105.84971679427797,0.0031318039984084573
vintage_body_split,raw_claim_proxy,2024,Car,29,1995,79.60339183666592,0.002355246933021764
vintage_body_split,raw_claim_proxy,2024,Car,30,1994,61.215889618958236,0.0018112109666518067
vintage_body_split,raw_claim_proxy,2024,Car,31,1993,42.5156567035776,0.0012579221531410232
vintage_body_split,raw_claim_proxy,2024,Car,32,1992,29.878079985624137,0.00088401077676576
vintage_body_split,raw_claim_proxy,2024,Car,33,1991,21.57307925397012,0.0006382884896789678
vintage_body_split,raw_claim_proxy,2024,Car,34,1990,18.27010008706852,0.0005405623580005366
vintage_body_split,raw_claim_proxy,2024,Car,35,1989,12.417456534403433,0.0003673986213878105
vintage_body_split,raw_claim_proxy,2024,Car,36,1988,8.406787849993172,0.0002487338898936338
vintage_body_split,raw_claim_proxy,2024,Car,37,1987,5.955948818929514,0.00017622025726995538
vintage_body_split,raw_claim_proxy,2024,Car,38,1986,4.592534157557456,0.0001358805415173616
vintage_body_split,raw_claim_proxy,2024,Car,39,1985,1.929777864731259,5.7096855956181466e-05
vintage_body_split,raw_claim_proxy,2024,Car,40,1984,0.0,0.0
vintage_body_split,raw_claim_proxy,2024,Car,41,1983,0.0,0.0
vintage_body_split,raw_claim_proxy,2024,Car,42,1982,0.0,0.0
vintage_body_split,raw_claim_proxy,2024,Car,43,1981,0.0,0.0
vintage_body_split,raw_claim_proxy,2024,Car,44,1980,0.0,0.0
vintage_body_split,raw_claim_proxy,2024,Car,45,1979,0.0,0.0
vintage_body_split,raw_claim_proxy,2024,SUV,13,2011,1645.599730431487,0.048688801176120004
vintage_body_split,raw_claim_proxy,2024,SUV,14,2010,1181.0737639973063,0.03494474665143408
vintage_body_split,raw_claim_proxy,2024,SUV,15,2009,840.901930143837,0.024879991244683444
vintage_body_split,raw_claim_proxy,2024,SUV,16,2008,885.845685593133,0.026209754207518372
vintage_body_split,raw_claim_proxy,2024,SUV,17,2007,958.0233287704306,0.028345293520653115
vintage_body_split,raw_claim_proxy,2024,SUV,18,2006,741.3357905142772,0.021934101131401564
vintage_body_split,raw_claim_proxy,2024,SUV,19,2005,643.6444625392763,0.019043681574053457
vintage_body_split,raw_claim_proxy,2024,SUV,20,2004,601.007951719599,0.017782183677722104
vintage_body_split,raw_claim_proxy,2024,SUV,21,2003,438.289795718517,0.01296779789558284
vintage_body_split,raw_claim_proxy,2024,SUV,22,2002,353.1534131120072,0.010448844878681493
vintage_body_split,raw_claim_proxy,2024,SUV,23,2001,257.99382082132274,0.007633332464962928
vintage_body_split,raw_claim_proxy,2024,SUV,24,2000,181.48305604686232,0.005369587919404566
vintage_body_split,raw_claim_proxy,2024,SUV,25,1999,139.847429181544,0.004137703445434056
vintage_body_split,raw_claim_proxy,2024,SUV,26,1998,98.99226566563895,0.0029289107501884186
vintage_body_split,raw_claim_proxy,2024,SUV,27,1997,75.32217552072848,0.0022285774360937456
vintage_body_split,raw_claim_proxy,2024,SUV,28,1996,52.762870267000864,0.0015611092128933568
vintage_body_split,raw_claim_proxy,2024,SUV,29,1995,34.83381828093935,0.001030637536651178
vintage_body_split,raw_claim_proxy,2024,SUV,30,1994,25.199284499899534,0.0007455779981650725
vintage_body_split,raw_claim_proxy,2024,SUV,31,1993,17.589356190371806,0.000520421005504427
vintage_body_split,raw_claim_proxy,2024,SUV,32,1992,10.982051188804679,0.0003249288979267642
vintage_body_split,raw_claim_proxy,2024,SUV,33,1991,8.50659245528657,0.0002516868355545554
vintage_body_split,raw_claim_proxy,2024,SUV,34,1990,2.088268648995418,6.178616535541284e-05
vintage_body_split,raw_claim_proxy,2024,SUV,35,1989,0.0,0.0
vintage_body_split,raw_claim_proxy,2024,SUV,36,1988,0.0,0.0
vintage_body_split,raw_claim_proxy,2024,SUV,37,1987,0.0,0.0
vintage_body_split,raw_claim_proxy,2024,SUV,38,1986,0.0,0.0
vintage_body_split,raw_claim_proxy,2024,SUV,39,1985,0.0,0.0
vintage_body_split,raw_claim_proxy,2024,SUV,40,1984,0.0,0.0
vintage_body_split,raw_claim_proxy,2024,SUV,41,1983,0.0,0.0
vintage_body_split,raw_claim_proxy,2024,SUV,42,1982,0.0,0.0
vintage_body_split,raw_claim_proxy,2024,SUV,43,1981,0.0,0.0
vintage_body_split,raw_claim_proxy,2024,SUV,44,1980,0.0,0.0
vintage_body_split,raw_claim_proxy,2024,SUV,45,1979,0.0,0.0
vintage_body_split,raw_claim_proxy,2024,Pickup,13,2011,569.161019156332,0.016839919930975118
vintage_body_split,raw_claim_proxy,2024,Pickup,14,2010,468.08993372959037,0.013849502582215017
vintage_body_split,raw_claim_proxy,2024,Pickup,15,2009,358.32480215608405,0.010601852155186943
vintage_body_split,raw_claim_proxy,2024,Pickup,16,2008,397.6814238343539,0.011766307090625348
vintage_body_split,raw_claim_proxy,2024,Pickup,17,2007,478.19067832176444,0.01414835602517844
vintage_body_split,raw_claim_proxy,2024,Pickup,18,2006,431.71027780203747,0.012773127931954325
vintage_body_split,raw_claim_proxy,2024,Pickup,19,2005,362.50157506136986,0.01072543145687408
vintage_body_split,raw_claim_proxy,2024,Pickup,20,2004,319.4720730952249,0.009452306025948203
vintage_body_split,raw_claim_proxy,2024,Pickup,21,2003,261.49896710135687,0.007737040169312788
vintage_body_split,raw_claim_proxy,2024,Pickup,22,2002,200.59346366038062,0.005935012681868053
vintage_body_split,raw_claim_proxy,2024,Pickup,23,2001,188.3686229368963,0.00557331303620793
vintage_body_split,raw_claim_proxy,2024,Pickup,24,2000,150.83844907061683,0.004462897702704341
vintage_body_split,raw_claim_proxy,2024,Pickup,25,1999,125.70356117130436,0.0037192250240555636
vintage_body_split,raw_claim_proxy,2024,Pickup,26,1998,92.59926579636775,0.002739759346115029
vintage_body_split,raw_claim_proxy,2024,Pickup,27,1997,74.0264907985972,0.0021902416642434154
vintage_body_split,raw_claim_proxy,2024,Pickup,28,1996,54.59836543391519,0.0016154165013481186
vintage_body_split,raw_claim_proxy,2024,Pickup,29,1995,43.55163951344591,0.0012885740547661714
vintage_body_split,raw_claim_proxy,2024,Pickup,30,1994,41.436416144575304,0.0012259903728746948
vintage_body_split,raw_claim_proxy,2024,Pickup,31,1993,26.86863375083464,0.0007949694827826426
vintage_body_split,raw_claim_proxy,2024,Pickup,32,1992,20.139089794697643,0.0005958606584269158
vintage_body_split,raw_claim_proxy,2024,Pickup,33,1991,14.917521979437925,0.00044136872914217625
vintage_body_split,raw_claim_proxy,2024,Pickup,34,1990,5.409078868752437,0.00016003986918348875
vintage_body_split,raw_claim_proxy,2024,Pickup,35,1989,0.0,0.0
vintage_body_split,raw_claim_proxy,2024,Pickup,36,1988,0.0,0.0
vintage_body_split,raw_claim_proxy,2024,Pickup,37,1987,0.0,0.0
vintage_body_split,raw_claim_proxy,2024,Pickup,38,1986,0.0,0.0
vintage_body_split,raw_claim_proxy,2024,Pickup,39,1985,0.0,0.0
vintage_body_split,raw_claim_proxy,2024,Pickup,40,1984,0.0,0.0
vintage_body_split,raw_claim_proxy,2024,Pickup,41,1983,0.0,0.0
vintage_body_split,raw_claim_proxy,2024,Pickup,42,1982,0.0,0.0
vintage_body_split,raw_claim_proxy,2024,Pickup,43,1981,0.0,0.0
vintage_body_split,raw_claim_proxy,2024,Pickup,44,1980,0.0,0.0
vintage_body_split,raw_claim_proxy,2024,Pickup,45,1979,0.0,0.0
vintage_body_split,raw_claim_proxy,2024,Minivan,13,2011,200.49753921032354,0.005932174539402185
vintage_body_split,raw_claim_proxy,2024,Minivan,14,2010,205.0655635885703,0.006067329903496593
vintage_body_split,raw_claim_proxy,2024,Minivan,15,2009,133.29352029364057,0.003943791183011733
vintage_body_split,raw_claim_proxy,2024,Minivan,16,2008,175.11157457679624,0.005181073185987565
vintage_body_split,raw_claim_proxy,2024,Minivan,17,2007,191.720122320483,0.005672474748568295
vintage_body_split,raw_claim_proxy,2024,Minivan,18,2006,230.0644871397571,0.006806979768461998
vintage_body_split,raw_claim_proxy,2024,Minivan,19,2005,233.3574619914024,0.006904409899778125
vintage_body_split,raw_claim_proxy,2024,Minivan,20,2004,121.53243186704316,0.0035958127011076193
vintage_body_split,raw_claim_proxy,2024,Minivan,21,2003,130.22761272407564,0.0038530793523530297
vintage_body_split,raw_claim_proxy,2024,Minivan,22,2002,104.7708875190913,0.003099884386906839
vintage_body_split,raw_claim_proxy,2024,Minivan,23,2001,92.16874386118658,0.002727021377995347
vintage_body_split,raw_claim_proxy,2024,Minivan,24,2000,97.64649239316064,0.002889092994946898
vintage_body_split,raw_claim_proxy,2024,Minivan,25,1999,72.28127647705124,0.002138605539406917
vintage_body_split,raw_claim_proxy,2024,Minivan,26,1998,57.09738306760198,0.0016893556072267335
vintage_body_split,raw_claim_proxy,2024,Minivan,27,1997,38.90165587681996,0.0011509937400826435
vintage_body_split,raw_claim_proxy,2024,Minivan,28,1996,39.348083554199604,0.0011642023156684912
vintage_body_split,raw_claim_proxy,2024,Minivan,29,1995,31.86814422026755,0.0009428913417393908
vintage_body_split,raw_claim_proxy,2024,Minivan,30,1994,22.01132809644362,0.0006512550758798917
vintage_body_split,raw_claim_proxy,2024,Minivan,31,1993,19.34178557184701,0.0005722706042567704
vintage_body_split,raw_claim_proxy,2024,Minivan,32,1992,13.366904834163098,0.0003954902032221624
vintage_body_split,raw_claim_proxy,2024,Minivan,33,1991,8.028605113860662,0.00023754449571272398
vintage_body_split,raw_claim_proxy,2024,Minivan,34,1990,3.7220613050782876,0.00011012562745180367
vintage_body_split,raw_claim_proxy,2024,Minivan,35,1989,0.0,0.0
vintage_body_split,raw_claim_proxy,2024,Minivan,36,1988,0.0,0.0
vintage_body_split,raw_claim_proxy,2024,Minivan,37,1987,0.0,0.0
vintage_body_split,raw_claim_proxy,2024,Minivan,38,1986,0.0,0.0
vintage_body_split,raw_claim_proxy,2024,Minivan,39,1985,0.0,0.0
vintage_body_split,raw_claim_proxy,2024,Minivan,40,1984,0.0,0.0
vintage_body_split,raw_claim_proxy,2024,Minivan,41,1983,0.0,0.0
vintage_body_split,raw_claim_proxy,2024,Minivan,42,1982,0.0,0.0
vintage_body_split,raw_claim_proxy,2024,Minivan,43,1981,0.0,0.0
vintage_body_split,raw_claim_proxy,2024,Minivan,44,1980,0.0,0.0
vintage_body_split,raw_claim_proxy,2024,Minivan,45,1979,0.0,0.0
vintage_body_split,raw_claim_proxy,2025,Car,13,2012,3287.195702025337,0.0970753009565973
vintage_body_split,raw_claim_proxy,2025,Car,14,2011,2441.7532684440976,0.07210825119110564
vintage_body_split,raw_claim_proxy,2025,Car,15,2010,1988.7493519699774,0.058730437543093185
vintage_body_split,raw_claim_proxy,2025,Car,16,2009,1634.134466704491,0.04825818403849457
vintage_body_split,raw_claim_proxy,2025,Car,17,2008,1698.9917366498921,0.05017350626749783
vintage_body_split,raw_claim_proxy,2025,Car,18,2007,1523.4936342585481,0.04499081176091438
vintage_body_split,raw_claim_proxy,2025,Car,19,2006,1233.9910997170514,0.03644141336306478
vintage_body_split,raw_claim_proxy,2025,Car,20,2005,950.1196238368183,0.02805830768514957
vintage_body_split,raw_claim_proxy,2025,Car,21,2004,715.9019027474922,0.021141544028484432
vintage_body_split,raw_claim_proxy,2025,Car,22,2003,550.9064855904975,0.01626900791294192
vintage_body_split,raw_claim_proxy,2025,Car,23,2002,441.3523514697899,0.013033727295406862
vintage_body_split,raw_claim_proxy,2025,Car,24,2001,343.6672318595572,0.010148954606241474
vintage_body_split,raw_claim_proxy,2025,Car,25,2000,270.8591135841596,0.007998833154904387
vintage_body_split,raw_claim_proxy,2025,Car,26,1999,198.13369822350623,0.005851154031638559
vintage_body_split,raw_claim_proxy,2025,Car,27,1998,136.9048937370423,0.004042985257545192
vintage_body_split,raw_claim_proxy,2025,Car,28,1997,102.59126587922147,0.003029657773222214
vintage_body_split,raw_claim_proxy,2025,Car,29,1996,78.29486063979628,0.0023121523173324243
vintage_body_split,raw_claim_proxy,2025,Car,30,1995,58.69453441892484,0.0017333283776545198
vintage_body_split,raw_claim_proxy,2025,Car,31,1994,44.874559644221506,0.0013252059742210024
vintage_body_split,raw_claim_proxy,2025,Car,32,1993,30.986898675231984,0.0009150847066258866
vintage_body_split,raw_claim_proxy,2025,Car,33,1992,21.647141993986803,0.0006392691565706688
vintage_body_split,raw_claim_proxy,2025,Car,34,1991,16.077578077307855,0.0004747924589784041
vintage_body_split,raw_claim_proxy,2025,Car,35,1990,11.814487332909831,0.000348897667633081
vintage_body_split,raw_claim_proxy,2025,Car,36,1989,7.794673294012315,0.00023018716391250772
vintage_body_split,raw_claim_proxy,2025,Car,37,1988,6.16413663482358,0.00018203522795871363
vintage_body_split,raw_claim_proxy,2025,Car,38,1987,4.102598340080898,0.0001211552352426141
vintage_body_split,raw_claim_proxy,2025,Car,39,1986,2.004461139899241,5.919442772805837e-05
vintage_body_split,raw_claim_proxy,2025,Car,40,1985,0.0,0.0
vintage_body_split,raw_claim_proxy,2025,Car,41,1984,0.0,0.0
vintage_body_split,raw_claim_proxy,2025,Car,42,1983,0.0,0.0
vintage_body_split,raw_claim_proxy,2025,Car,43,1982,0.0,0.0
vintage_body_split,raw_claim_proxy,2025,Car,44,1981,0.0,0.0
vintage_body_split,raw_claim_proxy,2025,Car,45,1980,0.0,0.0
vintage_body_split,raw_claim_proxy,2025,SUV,13,2012,1741.3174174780104,0.0514234404293279
vintage_body_split,raw_claim_proxy,2025,SUV,14,2011,1414.961988212669,0.04178572658855082
vintage_body_split,raw_claim_proxy,2025,SUV,15,2010,1011.0029549416332,0.02985627416660931
vintage_body_split,raw_claim_proxy,2025,SUV,16,2009,712.4000219606614,0.02103812878883616
vintage_body_split,raw_claim_proxy,2025,SUV,17,2008,743.5488709270608,0.02195799610492013
vintage_body_split,raw_claim_proxy,2025,SUV,18,2007,799.8108768068873,0.023619488650022002
vintage_body_split,raw_claim_proxy,2025,SUV,19,2006,616.0916008209648,0.018194011853227346
vintage_body_split,raw_claim_proxy,2025,SUV,20,2005,532.9061347136206,0.01573743339256257
vintage_body_split,raw_claim_proxy,2025,SUV,21,2004,495.65913297714997,0.014637479440605585
vintage_body_split,raw_claim_proxy,2025,SUV,22,2003,360.0151718062096,0.010631731214085016
vintage_body_split,raw_claim_proxy,2025,SUV,23,2002,289.9820210492092,0.008563558277960215
vintage_body_split,raw_claim_proxy,2025,SUV,24,2001,211.19185263143828,0.006236778857171977
vintage_body_split,raw_claim_proxy,2025,SUV,25,2000,148.12248330093507,0.004374255732939018
vintage_body_split,raw_claim_proxy,2025,SUV,26,1999,113.86267312707808,0.0033625175570543417
vintage_body_split,raw_claim_proxy,2025,SUV,27,1998,80.46863962597013,0.002376346928309172
vintage_body_split,raw_claim_proxy,2025,SUV,28,1997,61.20418480561837,0.0018074417218749477
vintage_body_split,raw_claim_proxy,2025,SUV,29,1996,42.70451608651112,0.0012611216754602474
vintage_body_split,raw_claim_proxy,2025,SUV,30,1995,28.100226930377758,0.0008298374156836481
vintage_body_split,raw_claim_proxy,2025,SUV,31,1994,20.447562820508974,0.0006038439735750599
vintage_body_split,raw_claim_proxy,2025,SUV,32,1993,14.17822592923551,0.0004187020408499426
vintage_body_split,raw_claim_proxy,2025,SUV,33,1992,8.719217880977647,0.00025749020643357046
vintage_body_split,raw_claim_proxy,2025,SUV,34,1991,2.750140799042881,8.12153488688295e-05
vintage_body_split,raw_claim_proxy,2025,SUV,35,1990,0.0,0.0
vintage_body_split,raw_claim_proxy,2025,SUV,36,1989,0.0,0.0
vintage_body_split,raw_claim_proxy,2025,SUV,37,1988,0.0,0.0
vintage_body_split,raw_claim_proxy,2025,SUV,38,1987,0.0,0.0
vintage_body_split,raw_claim_proxy,2025,SUV,39,1986,0.0,0.0
vintage_body_split,raw_claim_proxy,2025,SUV,40,1985,0.0,0.0
vintage_body_split,raw_claim_proxy,2025,SUV,41,1984,0.0,0.0
vintage_body_split,raw_claim_proxy,2025,SUV,42,1983,0.0,0.0
vintage_body_split,raw_claim_proxy,2025,SUV,43,1982,0.0,0.0
vintage_body_split,raw_claim_proxy,2025,SUV,44,1981,0.0,0.0
vintage_body_split,raw_claim_proxy,2025,SUV,45,1980,0.0,0.0
vintage_body_split,raw_claim_proxy,2025,Pickup,13,2012,585.1750577998963,0.017281004843496022
vintage_body_split,raw_claim_proxy,2025,Pickup,14,2011,489.39070199496626,0.014452364260591745
vintage_body_split,raw_claim_proxy,2025,Pickup,15,2010,400.6864944466995,0.011832809958254654
vintage_body_split,raw_claim_proxy,2025,Pickup,16,2009,303.5676192125991,0.008964759225495497
vintage_body_split,raw_claim_proxy,2025,Pickup,17,2008,333.80032040536696,0.00985757146822585
vintage_body_split,raw_claim_proxy,2025,Pickup,18,2007,399.2200338172134,0.011789503407670928
vintage_body_split,raw_claim_proxy,2025,Pickup,19,2006,358.77544230990213,0.010595120338168906
vintage_body_split,raw_claim_proxy,2025,Pickup,20,2005,300.13357441378724,0.008863347273618793
vintage_body_split,raw_claim_proxy,2025,Pickup,21,2004,263.472804823504,0.007780705543744147
vintage_body_split,raw_claim_proxy,2025,Pickup,22,2003,214.79759850170737,0.006343261372135633
vintage_body_split,raw_claim_proxy,2025,Pickup,23,2002,164.71169707497458,0.004864157480728478
vintage_body_split,raw_claim_proxy,2025,Pickup,24,2001,154.19717545571567,0.004553649545355076
vintage_body_split,raw_claim_proxy,2025,Pickup,25,2000,123.11102832559816,0.0036356338986511306
vintage_body_split,raw_claim_proxy,2025,Pickup,26,1999,102.34684742025136,0.0030224397680851146
vintage_body_split,raw_claim_proxy,2025,Pickup,27,1998,75.27191037495125,0.0022228805387900477
vintage_body_split,raw_claim_proxy,2025,Pickup,28,1997,60.1513563837771,0.0017763502855351733
vintage_body_split,raw_claim_proxy,2025,Pickup,29,1996,44.1901049577297,0.0013049931086951052
vintage_body_split,raw_claim_proxy,2025,Pickup,30,1995,35.13283969180869,0.0010375199092773478
vintage_body_split,raw_claim_proxy,2025,Pickup,31,1994,33.622927753219884,0.0009929301832180936
vintage_body_split,raw_claim_proxy,2025,Pickup,32,1993,21.65795925707292,0.0006395886048678798
vintage_body_split,raw_claim_proxy,2025,Pickup,33,1992,15.989463974047885,0.00047219033124770276
vintage_body_split,raw_claim_proxy,2025,Pickup,34,1991,4.822763760214617,0.00014242268666174966
vintage_body_split,raw_claim_proxy,2025,Pickup,35,1990,0.0,0.0
vintage_body_split,raw_claim_proxy,2025,Pickup,36,1989,0.0,0.0
vintage_body_split,raw_claim_proxy,2025,Pickup,37,1988,0.0,0.0
vintage_body_split,raw_claim_proxy,2025,Pickup,38,1987,0.0,0.0
vintage_body_split,raw_claim_proxy,2025,Pickup,39,1986,0.0,0.0
vintage_body_split,raw_claim_proxy,2025,Pickup,40,1985,0.0,0.0
vintage_body_split,raw_claim_proxy,2025,Pickup,41,1984,0.0,0.0
vintage_body_split,raw_claim_proxy,2025,Pickup,42,1983,0.0,0.0
vintage_body_split,raw_claim_proxy,2025,Pickup,43,1982,0.0,0.0
vintage_body_split,raw_claim_proxy,2025,Pickup,44,1981,0.0,0.0
vintage_body_split,raw_claim_proxy,2025,Pickup,45,1980,0.0,0.0
vintage_body_split,raw_claim_proxy,2025,Minivan,13,2012,285.68670175873274,0.008436711734393984
vintage_body_split,raw_claim_proxy,2025,Minivan,14,2011,172.39696353037195,0.005091113713857427
vintage_body_split,raw_claim_proxy,2025,Minivan,15,2010,175.53678446225211,0.00518383684005411
vintage_body_split,raw_claim_proxy,2025,Minivan,16,2009,112.92435345957726,0.003334807717916984
vintage_body_split,raw_claim_proxy,2025,Minivan,17,2008,146.98272586342884,0.004340597166095776
vintage_body_split,raw_claim_proxy,2025,Minivan,18,2007,160.05856489055682,0.004726744242169278
vintage_body_split,raw_claim_proxy,2025,Minivan,19,2006,191.19648611010572,0.005646288847222193
vintage_body_split,raw_claim_proxy,2025,Minivan,20,2005,193.20856515382565,0.005705708241874367
vintage_body_split,raw_claim_proxy,2025,Minivan,21,2004,100.22938903797994,0.002959908380131723
vintage_body_split,raw_claim_proxy,2025,Minivan,22,2003,106.97012987014851,0.003158971503921407
vintage_body_split,raw_claim_proxy,2025,Minivan,23,2002,86.02967600448908,0.0025405717962544245
vintage_body_split,raw_claim_proxy,2025,Minivan,24,2001,75.448658843025,0.002228100158273398
vintage_body_split,raw_claim_proxy,2025,Minivan,25,2000,79.69692187223274,0.002353557067288287
vintage_body_split,raw_claim_proxy,2025,Minivan,26,1999,58.850844844851785,0.0017379444343225674
vintage_body_split,raw_claim_proxy,2025,Minivan,27,1998,46.41320926193974,0.001370644362514928
vintage_body_split,raw_claim_proxy,2025,Minivan,28,1997,31.610134984407456,0.0009334897113060191
vintage_body_split,raw_claim_proxy,2025,Minivan,29,1996,31.847032934533615,0.0009404856257233837
vintage_body_split,raw_claim_proxy,2025,Minivan,30,1995,25.70783590869028,0.0007591868978902956
vintage_body_split,raw_claim_proxy,2025,Minivan,31,1994,17.86074576905783,0.0005274517941758968
vintage_body_split,raw_claim_proxy,2025,Minivan,32,1993,15.590804049018336,0.0004604173686042758
vintage_body_split,raw_claim_proxy,2025,Minivan,33,1992,10.612676415328837,0.00031340657823879334
vintage_body_split,raw_claim_proxy,2025,Minivan,34,1991,2.5956097696099976,7.665184016744998e-05
vintage_body_split,raw_claim_proxy,2025,Minivan,35,1990,0.0,0.0
vintage_body_split,raw_claim_proxy,2025,Minivan,36,1989,0.0,0.0
vintage_body_split,raw_claim_proxy,2025,Minivan,37,1988,0.0,0.0
vintage_body_split,raw_claim_proxy,2025,Minivan,38,1987,0.0,0.0
vintage_body_split,raw_claim_proxy,2025,Minivan,39,1986,0.0,0.0
vintage_body_split,raw_claim_proxy,2025,Minivan,40,1985,0.0,0.0
vintage_body_split,raw_claim_proxy,2025,Minivan,41,1984,0.0,0.0
vintage_body_split,raw_claim_proxy,2025,Minivan,42,1983,0.0,0.0
vintage_body_split,raw_claim_proxy,2025,Minivan,43,1982,0.0,0.0
vintage_body_split,raw_claim_proxy,2025,Minivan,44,1981,0.0,0.0
vintage_body_split,raw_claim_proxy,2025,Minivan,45,1980,0.0,0.0
vintage_body_split,calibrated_claim_proxy,2024,Car,13,2011,0.013059933785028715,0.0817907340974985
vintage_body_split,calibrated_claim_proxy,2024,Car,14,2010,0.010670071676824428,0.06682369219366437
vintage_body_split,calibrated_claim_proxy,2024,Car,15,2009,0.009005261898509325,0.056397451437590986
vintage_body_split,calibrated_claim_proxy,2024,Car,16,2008,0.009674711923706667,0.06059003081079178
vintage_body_split,calibrated_claim_proxy,2024,Car,17,2007,0.008967181938603208,0.05615896723649228
vintage_body_split,calibrated_claim_proxy,2024,Car,18,2006,0.0073871980389929705,0.04626396737366827
vintage_body_split,calibrated_claim_proxy,2024,Car,19,2005,0.005753488937940683,0.03603250151202591
vintage_body_split,calibrated_claim_proxy,2024,Car,20,2004,0.0043847394403814625,0.02746040397740547
vintage_body_split,calibrated_claim_proxy,2024,Car,21,2003,0.003415164974766341,0.021388228680792643
vintage_body_split,calibrated_claim_proxy,2024,Car,22,2002,0.0027703263921589204,0.017349783929540376
vintage_body_split,calibrated_claim_proxy,2024,Car,23,2001,0.002165396366776091,0.013561275375967243
vintage_body_split,calibrated_claim_proxy,2024,Car,24,2000,0.001706357853187651,0.010686444796928402
vintage_body_split,calibrated_claim_proxy,2024,Car,25,1999,0.0012592227989821289,0.007886162274354033
vintage_body_split,calibrated_claim_proxy,2024,Car,26,1998,0.0008761571240340983,0.005487128460149723
vintage_body_split,calibrated_claim_proxy,2024,Car,27,1997,0.0006573859286436082,0.0041170252907992266
vintage_body_split,calibrated_claim_proxy,2024,Car,28,1996,0.0005000707390417414,0.0031318039984084577
vintage_body_split,calibrated_claim_proxy,2024,Car,29,1995,0.000376074005595665,0.002355246933021764
vintage_body_split,calibrated_claim_proxy,2024,Car,30,1994,0.00028920507385339503,0.001811210966651807
vintage_body_split,calibrated_claim_proxy,2024,Car,31,1993,0.0002008586939341942,0.0012579221531410232
vintage_body_split,calibrated_claim_proxy,2024,Car,32,1992,0.00014115440260079195,0.00088401077676576
vintage_body_split,calibrated_claim_proxy,2024,Car,33,1991,0.00010191870146337584,0.0006382884896789679
vintage_body_split,calibrated_claim_proxy,2024,Car,34,1990,8.631428339731591e-05,0.0005405623580005366
vintage_body_split,calibrated_claim_proxy,2024,Car,35,1989,5.866436731471259e-05,0.0003673986213878105
vintage_body_split,calibrated_claim_proxy,2024,Car,36,1988,3.971657875366632e-05,0.00024873388989363383
vintage_body_split,calibrated_claim_proxy,2024,Car,37,1987,2.8137965955690444e-05,0.0001762202572699554
vintage_body_split,calibrated_claim_proxy,2024,Car,38,1986,2.1696722672462993e-05,0.0001358805415173616
vintage_body_split,calibrated_claim_proxy,2024,Car,39,1985,9.116939300632324e-06,5.709685595618147e-05
vintage_body_split,calibrated_claim_proxy,2024,Car,40,1984,0.0,0.0
vintage_body_split,calibrated_claim_proxy,2024,Car,41,1983,0.0,0.0
vintage_body_split,calibrated_claim_proxy,2024,Car,42,1982,0.0,0.0
vintage_body_split,calibrated_claim_proxy,2024,Car,43,1981,0.0,0.0
vintage_body_split,calibrated_claim_proxy,2024,Car,44,1980,0.0,0.0
vintage_body_split,calibrated_claim_proxy,2024,Car,45,1979,0.0,0.0
vintage_body_split,calibrated_claim_proxy,2024,SUV,13,2011,0.0077743833265338435,0.048688801176120004
vintage_body_split,calibrated_claim_proxy,2024,SUV,14,2010,0.005579801702944868,0.034944746651434086
vintage_body_split,calibrated_claim_proxy,2024,SUV,15,2009,0.003972712090349091,0.024879991244683444
vintage_body_split,calibrated_claim_proxy,2024,SUV,16,2008,0.004185041964093786,0.026209754207518376
vintage_body_split,calibrated_claim_proxy,2024,SUV,17,2007,0.004526034160002178,0.028345293520653115
vintage_body_split,calibrated_claim_proxy,2024,SUV,18,2006,0.0035023271470917016,0.021934101131401568
vintage_body_split,calibrated_claim_proxy,2024,SUV,19,2005,0.0030407994637123097,0.019043681574053457
vintage_body_split,calibrated_claim_proxy,2024,SUV,20,2004,0.002839369813057733,0.017782183677722104
vintage_body_split,calibrated_claim_proxy,2024,SUV,21,2003,0.0020706328623003064,0.01296779789558284
vintage_body_split,calibrated_claim_proxy,2024,SUV,22,2002,0.0016684190911277106,0.010448844878681494
vintage_body_split,calibrated_claim_proxy,2024,SUV,23,2001,0.0012188522043669347,0.007633332464962928
vintage_body_split,calibrated_claim_proxy,2024,SUV,24,2000,0.0008573888406077833,0.005369587919404566
vintage_body_split,calibrated_claim_proxy,2024,SUV,25,1999,0.0006606877125596879,0.004137703445434056
vintage_body_split,calibrated_claim_proxy,2024,SUV,26,1998,0.0004676737638046143,0.0029289107501884186
vintage_body_split,calibrated_claim_proxy,2024,SUV,27,1997,0.0003558480562785844,0.0022285774360937456
vintage_body_split,calibrated_claim_proxy,2024,SUV,28,1996,0.0002492700814652437,0.001561109212893357
vintage_body_split,calibrated_claim_proxy,2024,SUV,29,1995,0.00016456702747018323,0.001030637536651178
vintage_body_split,calibrated_claim_proxy,2024,SUV,30,1994,0.0001190501515245345,0.0007455779981650725
vintage_body_split,calibrated_claim_proxy,2024,SUV,31,1993,8.309821335169739e-05,0.0005204210055044271
vintage_body_split,calibrated_claim_proxy,2024,SUV,32,1992,5.188301509444063e-05,0.00032492889792676424
vintage_body_split,calibrated_claim_proxy,2024,SUV,33,1991,4.018809029134799e-05,0.00025168683555455544
vintage_body_split,calibrated_claim_proxy,2024,SUV,34,1990,9.865704682521072e-06,6.178616535541284e-05
vintage_body_split,calibrated_claim_proxy,2024,SUV,35,1989,0.0,0.0
vintage_body_split,calibrated_claim_proxy,2024,SUV,36,1988,0.0,0.0
vintage_body_split,calibrated_claim_proxy,2024,SUV,37,1987,0.0,0.0
vintage_body_split,calibrated_claim_proxy,2024,SUV,38,1986,0.0,0.0
vintage_body_split,calibrated_claim_proxy,2024,SUV,39,1985,0.0,0.0
vintage_body_split,calibrated_claim_proxy,2024,SUV,40,1984,0.0,0.0
vintage_body_split,calibrated_claim_proxy,2024,SUV,41,1983,0.0,0.0
vintage_body_split,calibrated_claim_proxy,2024,SUV,42,1982,0.0,0.0
vintage_body_split,calibrated_claim_proxy,2024,SUV,43,1981,0.0,0.0
vintage_body_split,calibrated_claim_proxy,2024,SUV,44,1980,0.0,0.0
vintage_body_split,calibrated_claim_proxy,2024,SUV,45,1979,0.0,0.0
vintage_body_split,calibrated_claim_proxy,2024,Pickup,13,2011,0.0026889138686731354,0.01683991993097512
vintage_body_split,calibrated_claim_proxy,2024,Pickup,14,2010,0.0022114190400064427,0.013849502582215019
vintage_body_split,calibrated_claim_proxy,2024,Pickup,15,2009,0.0016928505248571934,0.010601852155186945
vintage_body_split,calibrated_claim_proxy,2024,Pickup,16,2008,0.001878784842726833,0.011766307090625351
vintage_body_split,calibrated_claim_proxy,2024,Pickup,17,2007,0.0022591384573658418,0.014148356025178443
vintage_body_split,calibrated_claim_proxy,2024,Pickup,18,2006,0.0020395489398612235,0.01277312793195433
vintage_body_split,calibrated_claim_proxy,2024,Pickup,19,2005,0.0017125830473127348,0.010725431456874084
vintage_body_split,calibrated_claim_proxy,2024,Pickup,20,2004,0.0015092967703108924,0.009452306025948206
vintage_body_split,calibrated_claim_proxy,2024,Pickup,21,2003,0.001235411729926297,0.00773704016931279
vintage_body_split,calibrated_claim_proxy,2024,Pickup,22,2002,0.0009476730279264371,0.005935012681868055
vintage_body_split,calibrated_claim_proxy,2024,Pickup,23,2001,0.000889918644443846,0.0055733130362079315
vintage_body_split,calibrated_claim_proxy,2024,Pickup,24,2000,0.0007126130989018483,0.004462897702704342
vintage_body_split,calibrated_claim_proxy,2024,Pickup,25,1999,0.0005938671792318961,0.0037192250240555644
vintage_body_split,calibrated_claim_proxy,2024,Pickup,26,1998,0.00043747101724900874,0.0027397593461150295
vintage_body_split,calibrated_claim_proxy,2024,Pickup,27,1997,0.00034972679269674073,0.002190241664243416
vintage_body_split,calibrated_claim_proxy,2024,Pickup,28,1996,0.00025794159663245305,0.001615416501348119
vintage_body_split,calibrated_claim_proxy,2024,Pickup,29,1995,0.00020575303569584733,0.0012885740547661716
vintage_body_split,calibrated_claim_proxy,2024,Pickup,30,1994,0.00019575998757683085,0.0012259903728746952
vintage_body_split,calibrated_claim_proxy,2024,Pickup,31,1993,0.00012693673581513155,0.0007949694827826428
vintage_body_split,calibrated_claim_proxy,2024,Pickup,32,1992,9.514403838071355e-05,0.0005958606584269159
vintage_body_split,calibrated_claim_proxy,2024,Pickup,33,1991,7.047554274922923e-05,0.00044136872914217636
vintage_body_split,calibrated_claim_proxy,2024,Pickup,34,1990,2.555436282072623e-05,0.00016003986918348878
vintage_body_split,calibrated_claim_proxy,2024,Pickup,35,1989,0.0,0.0
vintage_body_split,calibrated_claim_proxy,2024,Pickup,36,1988,0.0,0.0
vintage_body_split,calibrated_claim_proxy,2024,Pickup,37,1987,0.0,0.0
vintage_body_split,calibrated_claim_proxy,2024,Pickup,38,1986,0.0,0.0
vintage_body_split,calibrated_claim_proxy,2024,Pickup,39,1985,0.0,0.0
vintage_body_split,calibrated_claim_proxy,2024,Pickup,40,1984,0.0,0.0
vintage_body_split,calibrated_claim_proxy,2024,Pickup,41,1983,0.0,0.0
vintage_body_split,calibrated_claim_proxy,2024,Pickup,42,1982,0.0,0.0
vintage_body_split,calibrated_claim_proxy,2024,Pickup,43,1981,0.0,0.0
vintage_body_split,calibrated_claim_proxy,2024,Pickup,44,1980,0.0,0.0
vintage_body_split,calibrated_claim_proxy,2024,Pickup,45,1979,0.0,0.0
vintage_body_split,calibrated_claim_proxy,2024,Minivan,13,2011,0.0009472198475865645,0.005932174539402185
vintage_body_split,calibrated_claim_proxy,2024,Minivan,14,2010,0.0009688007775689303,0.006067329903496593
vintage_body_split,calibrated_claim_proxy,2024,Minivan,15,2009,0.0006297247760451211,0.003943791183011733
vintage_body_split,calibrated_claim_proxy,2024,Minivan,16,2008,0.0008272877544261437,0.005181073185987565
vintage_body_split,calibrated_claim_proxy,2024,Minivan,17,2007,0.0009057522888257716,0.005672474748568296
vintage_body_split,calibrated_claim_proxy,2024,Minivan,18,2006,0.0010869043545467174,0.006806979768461999
vintage_body_split,calibrated_claim_proxy,2024,Minivan,19,2005,0.0011024615087610132,0.006904409899778125
vintage_body_split,calibrated_claim_proxy,2024,Minivan,20,2004,0.0005741613191031015,0.0035958127011076198
vintage_body_split,calibrated_claim_proxy,2024,Minivan,21,2003,0.0006152403663501404,0.0038530793523530306
vintage_body_split,calibrated_claim_proxy,2024,Minivan,22,2002,0.0004949739757316328,0.0030998843869068393
vintage_body_split,calibrated_claim_proxy,2024,Minivan,23,2001,0.00043543708245144893,0.002727021377995347
vintage_body_split,calibrated_claim_proxy,2024,Minivan,24,2000,0.00046131586455525856,0.002889092994946898
vintage_body_split,calibrated_claim_proxy,2024,Minivan,25,1999,0.0003414817955253463,0.002138605539406917
vintage_body_split,calibrated_claim_proxy,2024,Minivan,26,1998,0.00026974782184309665,0.0016893556072267335
vintage_body_split,calibrated_claim_proxy,2024,Minivan,27,1997,0.00018378490177803177,0.0011509937400826435
vintage_body_split,calibrated_claim_proxy,2024,Minivan,28,1996,0.0001858939808130736,0.0011642023156684912
vintage_body_split,calibrated_claim_proxy,2024,Minivan,29,1995,0.00015055615560210435,0.0009428913417393909
vintage_body_split,calibrated_claim_proxy,2024,Minivan,30,1994,0.00010398914084835639,0.0006512550758798918
vintage_body_split,calibrated_claim_proxy,2024,Minivan,31,1993,9.137729696621433e-05,0.0005722706042567704
vintage_body_split,calibrated_claim_proxy,2024,Minivan,32,1992,6.314989006642208e-05,0.0003954902032221624
vintage_body_split,calibrated_claim_proxy,2024,Minivan,33,1991,3.792991246793436e-05,0.000237544495712724
vintage_body_split,calibrated_claim_proxy,2024,Minivan,34,1990,1.758430729868316e-05,0.00011012562745180368
vintage_body_split,calibrated_claim_proxy,2024,Minivan,35,1989,0.0,0.0
vintage_body_split,calibrated_claim_proxy,2024,Minivan,36,1988,0.0,0.0
vintage_body_split,calibrated_claim_proxy,2024,Minivan,37,1987,0.0,0.0
vintage_body_split,calibrated_claim_proxy,2024,Minivan,38,1986,0.0,0.0
vintage_body_split,calibrated_claim_proxy,2024,Minivan,39,1985,0.0,0.0
vintage_body_split,calibrated_claim_proxy,2024,Minivan,40,1984,0.0,0.0
vintage_body_split,calibrated_claim_proxy,2024,Minivan,41,1983,0.0,0.0
vintage_body_split,calibrated_claim_proxy,2024,Minivan,42,1982,0.0,0.0
vintage_body_split,calibrated_claim_proxy,2024,Minivan,43,1981,0.0,0.0
vintage_body_split,calibrated_claim_proxy,2024,Minivan,44,1980,0.0,0.0
vintage_body_split,calibrated_claim_proxy,2024,Minivan,45,1979,0.0,0.0
vintage_body_split,calibrated_claim_proxy,2025,Car,13,2012,0.015529851509017058,0.09707530095659729
vintage_body_split,calibrated_claim_proxy,2025,Car,14,2011,0.01153568850714615,0.07210825119110564
vintage_body_split,calibrated_claim_proxy,2025,Car,15,2010,0.009395541039956493,0.05873043754309318
vintage_body_split,calibrated_claim_proxy,2025,Car,16,2009,0.00772021744797594,0.04825818403849457
vintage_body_split,calibrated_claim_proxy,2025,Car,17,2008,0.008026625664229002,0.050173506267497836
vintage_body_split,calibrated_claim_proxy,2025,Car,18,2007,0.007197511818475125,0.04499081176091438
vintage_body_split,calibrated_claim_proxy,2025,Car,19,2006,0.005829801532731123,0.03644141336306478
vintage_body_split,calibrated_claim_proxy,2025,Car,20,2005,0.004488694319263625,0.02805830768514957
vintage_body_split,calibrated_claim_proxy,2025,Car,21,2004,0.003382168648444415,0.02114154402848443
vintage_body_split,calibrated_claim_proxy,2025,Car,22,2003,0.0026026731269159246,0.01626900791294192
vintage_body_split,calibrated_claim_proxy,2025,Car,23,2002,0.0020851014368442715,0.013033727295406864
vintage_body_split,calibrated_claim_proxy,2025,Car,24,2001,0.0016236030839312417,0.010148954606241474
vintage_body_split,calibrated_claim_proxy,2025,Car,25,2000,0.00127963230519993,0.007998833154904387
vintage_body_split,calibrated_claim_proxy,2025,Car,26,1999,0.0009360522436944133,0.00585115403163856
vintage_body_split,calibrated_claim_proxy,2025,Car,27,1998,0.0006467861555319224,0.004042985257545192
vintage_body_split,calibrated_claim_proxy,2025,Car,28,1997,0.00048467668786642795,0.003029657773222214
vintage_body_split,calibrated_claim_proxy,2025,Car,29,1996,0.0003698920508158564,0.0023121523173324243
vintage_body_split,calibrated_claim_proxy,2025,Car,30,1995,0.0002772933182393677,0.0017333283776545195
vintage_body_split,calibrated_claim_proxy,2025,Car,31,1994,0.00021200296878519034,0.0013252059742210024
vintage_body_split,calibrated_claim_proxy,2025,Car,32,1993,0.00014639284629595228,0.0009150847066258866
vintage_body_split,calibrated_claim_proxy,2025,Car,33,1992,0.00010226859950993916,0.0006392691565706688
vintage_body_split,calibrated_claim_proxy,2025,Car,34,1991,7.595604971477128e-05,0.0004747924589784041
vintage_body_split,calibrated_claim_proxy,2025,Car,35,1990,5.5815731878149814e-05,0.00034889766763308096
vintage_body_split,calibrated_claim_proxy,2025,Car,36,1989,3.682473749364226e-05,0.0002301871639125077
vintage_body_split,calibrated_claim_proxy,2025,Car,37,1988,2.9121517335010332e-05,0.00018203522795871363
vintage_body_split,calibrated_claim_proxy,2025,Car,38,1987,1.9382096108041557e-05,0.0001211552352426141
vintage_body_split,calibrated_claim_proxy,2025,Car,39,1986,9.469768970265692e-06,5.919442772805837e-05
vintage_body_split,calibrated_claim_proxy,2025,Car,40,1985,0.0,0.0
vintage_body_split,calibrated_claim_proxy,2025,Car,41,1984,0.0,0.0
vintage_body_split,calibrated_claim_proxy,2025,Car,42,1983,0.0,0.0
vintage_body_split,calibrated_claim_proxy,2025,Car,43,1982,0.0,0.0
vintage_body_split,calibrated_claim_proxy,2025,Car,44,1981,0.0,0.0
vintage_body_split,calibrated_claim_proxy,2025,Car,45,1980,0.0,0.0
vintage_body_split,calibrated_claim_proxy,2025,SUV,13,2012,0.008226586846300923,0.0514234404293279
vintage_body_split,calibrated_claim_proxy,2025,SUV,14,2011,0.006684770716360873,0.04178572658855082
vintage_body_split,calibrated_claim_proxy,2025,SUV,15,2010,0.004776328271464748,0.02985627416660931
vintage_body_split,calibrated_claim_proxy,2025,SUV,16,2009,0.003365624550206439,0.02103812878883616
vintage_body_split,calibrated_claim_proxy,2025,SUV,17,2008,0.0035127825057936087,0.02195799610492013
vintage_body_split,calibrated_claim_proxy,2025,SUV,18,2007,0.003778583716343627,0.023619488650022002
vintage_body_split,calibrated_claim_proxy,2025,SUV,19,2006,0.0029106301978939642,0.018194011853227342
vintage_body_split,calibrated_claim_proxy,2025,SUV,20,2005,0.002517633232255601,0.01573743339256257
vintage_body_split,calibrated_claim_proxy,2025,SUV,21,2004,0.0023416654899739062,0.014637479440605585
vintage_body_split,calibrated_claim_proxy,2025,SUV,22,2003,0.0017008364167971299,0.010631731214085016
vintage_body_split,calibrated_claim_proxy,2025,SUV,23,2002,0.0013699755461484134,0.008563558277960216
vintage_body_split,calibrated_claim_proxy,2025,SUV,24,2001,0.0009977434897653593,0.006236778857171977
vintage_body_split,calibrated_claim_proxy,2025,SUV,25,2000,0.0006997819355242787,0.004374255732939017
vintage_body_split,calibrated_claim_proxy,2025,SUV,26,1999,0.0005379267212456462,0.003362517557054342
vintage_body_split,calibrated_claim_proxy,2025,SUV,27,1998,0.00038016173596052295,0.002376346928309172
vintage_body_split,calibrated_claim_proxy,2025,SUV,28,1997,0.00028914977625946203,0.0018074417218749477
vintage_body_split,calibrated_claim_proxy,2025,SUV,29,1996,0.00020175093109891035,0.0012611216754602474
vintage_body_split,calibrated_claim_proxy,2025,SUV,30,1995,0.00013275520874208213,0.0008298374156836481
vintage_body_split,calibrated_claim_proxy,2025,SUV,31,1994,9.660137184048765e-05,0.0006038439735750599
vintage_body_split,calibrated_claim_proxy,2025,SUV,32,1993,6.698285204214036e-05,0.00041870204084994264
vintage_body_split,calibrated_claim_proxy,2025,SUV,33,1992,4.119260647697985e-05,0.00025749020643357046
vintage_body_split,calibrated_claim_proxy,2025,SUV,34,1991,1.2992618057912108e-05,8.12153488688295e-05
vintage_body_split,calibrated_claim_proxy,2025,SUV,35,1990,0.0,0.0
vintage_body_split,calibrated_claim_proxy,2025,SUV,36,1989,0.0,0.0
vintage_body_split,calibrated_claim_proxy,2025,SUV,37,1988,0.0,0.0
vintage_body_split,calibrated_claim_proxy,2025,SUV,38,1987,0.0,0.0
vintage_body_split,calibrated_claim_proxy,2025,SUV,39,1986,0.0,0.0
vintage_body_split,calibrated_claim_proxy,2025,SUV,40,1985,0.0,0.0
vintage_body_split,calibrated_claim_proxy,2025,SUV,41,1984,0.0,0.0
vintage_body_split,calibrated_claim_proxy,2025,SUV,42,1983,0.0,0.0
vintage_body_split,calibrated_claim_proxy,2025,SUV,43,1982,0.0,0.0
vintage_body_split,calibrated_claim_proxy,2025,SUV,44,1981,0.0,0.0
vintage_body_split,calibrated_claim_proxy,2025,SUV,45,1980,0.0,0.0
vintage_body_split,calibrated_claim_proxy,2025,Pickup,13,2012,0.002764569736086501,0.017281004843496026
vintage_body_split,calibrated_claim_proxy,2025,Pickup,14,2011,0.0023120512500039965,0.014452364260591747
vintage_body_split,calibrated_claim_proxy,2025,Pickup,15,2010,0.0018929818375559163,0.011832809958254656
vintage_body_split,calibrated_claim_proxy,2025,Pickup,16,2009,0.0014341586192792976,0.008964759225495498
vintage_body_split,calibrated_claim_proxy,2025,Pickup,17,2008,0.0015769883753388135,0.009857571468225851
vintage_body_split,calibrated_claim_proxy,2025,Pickup,18,2007,0.0018860537694139108,0.01178950340767093
vintage_body_split,calibrated_claim_proxy,2025,Pickup,19,2006,0.0016949795050905526,0.010595120338168907
vintage_body_split,calibrated_claim_proxy,2025,Pickup,20,2005,0.0014179350017538785,0.008863347273618795
vintage_body_split,calibrated_claim_proxy,2025,Pickup,21,2004,0.0012447368232600938,0.007780705543744148
vintage_body_split,calibrated_claim_proxy,2025,Pickup,22,2003,0.0010147782826467292,0.006343261372135634
vintage_body_split,calibrated_claim_proxy,2025,Pickup,23,2002,0.0007781551295520764,0.004864157480728479
vintage_body_split,calibrated_claim_proxy,2025,Pickup,24,2001,0.0007284808861430718,0.004553649545355077
vintage_body_split,calibrated_claim_proxy,2025,Pickup,25,2000,0.0005816191557566706,0.003635633898651131
vintage_body_split,calibrated_claim_proxy,2025,Pickup,26,1999,0.0004835219703753064,0.003022439768085115
vintage_body_split,calibrated_claim_proxy,2025,Pickup,27,1998,0.00035561058631306995,0.002222880538790048
vintage_body_split,calibrated_claim_proxy,2025,Pickup,28,1997,0.00028417584998984756,0.0017763502855351735
vintage_body_split,calibrated_claim_proxy,2025,Pickup,29,1996,0.00020876936768279193,0.0013049931086951054
vintage_body_split,calibrated_claim_proxy,2025,Pickup,30,1995,0.00016597970822598875,0.001037519909277348
vintage_body_split,calibrated_claim_proxy,2025,Pickup,31,1994,0.0001588463610439123,0.0009929301832180938
vintage_body_split,calibrated_claim_proxy,2025,Pickup,32,1993,0.00010231970400893748,0.00063958860486788
vintage_body_split,calibrated_claim_proxy,2025,Pickup,33,1992,7.553976815945214e-05,0.0004721903312477028
vintage_body_split,calibrated_claim_proxy,2025,Pickup,34,1991,2.2784407089926426e-05,0.0001424226866617497
vintage_body_split,calibrated_claim_proxy,2025,Pickup,35,1990,0.0,0.0
vintage_body_split,calibrated_claim_proxy,2025,Pickup,36,1989,0.0,0.0
vintage_body_split,calibrated_claim_proxy,2025,Pickup,37,1988,0.0,0.0
vintage_body_split,calibrated_claim_proxy,2025,Pickup,38,1987,0.0,0.0
vintage_body_split,calibrated_claim_proxy,2025,Pickup,39,1986,0.0,0.0
vintage_body_split,calibrated_claim_proxy,2025,Pickup,40,1985,0.0,0.0
vintage_body_split,calibrated_claim_proxy,2025,Pickup,41,1984,0.0,0.0
vintage_body_split,calibrated_claim_proxy,2025,Pickup,42,1983,0.0,0.0
vintage_body_split,calibrated_claim_proxy,2025,Pickup,43,1982,0.0,0.0
vintage_body_split,calibrated_claim_proxy,2025,Pickup,44,1981,0.0,0.0
vintage_body_split,calibrated_claim_proxy,2025,Pickup,45,1980,0.0,0.0
vintage_body_split,calibrated_claim_proxy,2025,Minivan,13,2012,0.0013496829694929326,0.008436711734393986
vintage_body_split,calibrated_claim_proxy,2025,Minivan,14,2011,0.000814462991230654,0.005091113713857427
vintage_body_split,calibrated_claim_proxy,2025,Minivan,15,2010,0.0008292965932601771,0.00518383684005411
vintage_body_split,calibrated_claim_proxy,2025,Minivan,16,2009,0.0005334937740087963,0.0033348077179169836
vintage_body_split,calibrated_claim_proxy,2025,Minivan,17,2008,0.0006943973264637765,0.004340597166095776
vintage_body_split,calibrated_claim_proxy,2025,Minivan,18,2007,0.0007561721208035212,0.004726744242169279
vintage_body_split,calibrated_claim_proxy,2025,Minivan,19,2006,0.0009032784499281078,0.005646288847222193
vintage_body_split,calibrated_claim_proxy,2025,Minivan,20,2005,0.0009127842085156245,0.005705708241874367
vintage_body_split,calibrated_claim_proxy,2025,Minivan,21,2004,0.0004735183632785527,0.002959908380131723
vintage_body_split,calibrated_claim_proxy,2025,Minivan,22,2003,0.0005053639586350591,0.003158971503921407
vintage_body_split,calibrated_claim_proxy,2025,Minivan,23,2002,0.00040643399871063274,0.002540571796254424
vintage_body_split,calibrated_claim_proxy,2025,Minivan,24,2001,0.0003564456073195589,0.002228100158273398
vintage_body_split,calibrated_claim_proxy,2025,Minivan,25,2000,0.0003765158738918211,0.002353557067288287
vintage_body_split,calibrated_claim_proxy,2025,Minivan,26,1999,0.00027803178285297774,0.0017379444343225674
vintage_body_split,calibrated_claim_proxy,2025,Minivan,27,1998,0.00021927208272107425,0.001370644362514928
vintage_body_split,calibrated_claim_proxy,2025,Minivan,28,1997,0.00014933723057175294,0.0009334897113060191
vintage_body_split,calibrated_claim_proxy,2025,Minivan,29,1996,0.00015045641857324097,0.0009404856257233836
vintage_body_split,calibrated_claim_proxy,2025,Minivan,30,1995,0.00012145272459262282,0.0007591868978902956
vintage_body_split,calibrated_claim_proxy,2025,Minivan,31,1994,8.438035175784457e-05,0.0005274517941758968
vintage_body_split,calibrated_claim_proxy,2025,Minivan,32,1993,7.365636053802873e-05,0.00046041736860427576
vintage_body_split,calibrated_claim_proxy,2025,Minivan,33,1992,5.013796067625606e-05,0.00031340657823879334
vintage_body_split,calibrated_claim_proxy,2025,Minivan,34,1991,1.226255992990056e-05,7.665184016744998e-05
vintage_body_split,calibrated_claim_proxy,2025,Minivan,35,1990,0.0,0.0
vintage_body_split,calibrated_claim_proxy,2025,Minivan,36,1989,0.0,0.0
vintage_body_split,calibrated_claim_proxy,2025,Minivan,37,1988,0.0,0.0
vintage_body_split,calibrated_claim_proxy,2025,Minivan,38,1987,0.0,0.0
vintage_body_split,calibrated_claim_proxy,2025,Minivan,39,1986,0.0,0.0
vintage_body_split,calibrated_claim_proxy,2025,Minivan,40,1985,0.0,0.0
vintage_body_split,calibrated_claim_proxy,2025,Minivan,41,1984,0.0,0.0
vintage_body_split,calibrated_claim_proxy,2025,Minivan,42,1983,0.0,0.0
vintage_body_split,calibrated_claim_proxy,2025,Minivan,43,1982,0.0,0.0
vintage_body_split,calibrated_claim_proxy,2025,Minivan,44,1981,0.0,0.0
vintage_body_split,calibrated_claim_proxy,2025,Minivan,45,1980,0.0,0.0
